# Blender 5.1.1
# www.blender.org
mtllib paulownia_mall.mtl
g Atomic0_meshId0_name.008
v 1177.655273 719.847107 1.999943
v 1403.961304 946.089355 2.000184
v 820.018799 1077.584351 1.999918
v 1046.324829 1303.826538 1.999642
v 942.477295 1373.225952 1.999986
v 352.836761 1271.097412 1.999874
v 475.295288 1566.738892 1.999669
v -1790.873413 -186.789810 2.000221
v -1477.763794 -252.837173 2.000019
v -1684.206543 318.884247 1.999853
v -1371.097046 252.836929 1.999980
v -1177.583984 720.018738 1.999949
v -1666.738525 375.295563 2.000404
v -1473.225342 842.477417 1.999993
v -1046.293091 1303.858398 1.999726
v -820.018921 1077.584351 1.999918
v -1403.858154 946.292664 2.000058
v -942.470703 1373.228882 1.999877
v -685.954956 1137.445190 1.999909
v -684.422974 1133.746460 1.999910
v -489.962158 1218.627930 1.999897
v -488.428223 1214.924683 1.999898
v -352.799988 1271.100098 1.999890
v -475.251801 1566.744385 1.999836
v 266.102753 2051.462891 350.000183
v -352.837189 2051.462402 349.999786
v -352.813782 1440.000122 349.999725
v 266.101562 1440.000122 349.999847
vn -0.7072 -0.7070 -0.0000
vn -0.0000 -0.0000 1.0000
vn -0.3827 -0.9239 -0.0000
vn 0.7071 -0.7071 -0.0000
vn 0.3827 -0.9239 -0.0000
vn 0.9239 -0.3827 -0.0000
vn -0.9239 -0.3827 -0.0000
vn 0.9785 -0.2064 -0.0000
vn -0.2625 -0.2625 0.9285
vn -0.1821 0.1820 0.9663
vn -0.4418 -0.4419 0.7808
vn 0.2625 -0.2625 0.9286
vt 1.848223 -0.726095
vt -0.848441 -0.726095
vt -0.848441 -2.429137
vt 1.848223 -2.429137
vt -0.849516 -2.423589
vt 1.849117 -2.423589
vt 1.067200 -0.738195
vt -0.064856 -0.736483
vt 1.849117 -0.718033
vt 1.067232 -0.716831
vt -0.064823 -0.715093
vt -0.849516 -0.713890
vt -1.105307 -1.995363
vt 2.030568 -1.995363
vt 2.030575 1.102752
vt -1.105425 1.102749
s 1
usemtl f008_001_fl02t.007
f 2/1/1 4/2/1 3/3/2 1/4/2
f 5/1/3 7/2/3 6/3/2 3/4/2
f 16/2/2 15/3/4 17/4/4 12/1/2
f 24/5/5 18/6/5 19/7/2 21/8/2
f 12/2/2 14/3/6 13/4/6 11/1/2
f 18/6/5 16/9/2 19/7/2
s 0
f 19/7/2 16/9/2 20/10/2
s 1
f 22/11/2 23/12/7 21/8/2
f 23/12/7 24/5/5 21/8/2
f 9/1/2 11/2/2 10/3/8 8/4/8
f 27/13/9 28/14/10 25/15/11 26/16/12
g Atomic0.001_meshId1_name.007
v 1131.015869 788.063538 19.999939
v 1120.884155 776.719116 19.999929
v 1131.015625 788.063354 271.785614
v 1120.883911 776.719055 273.154327
v 886.850464 1032.228882 271.785553
v 876.718689 1020.884521 273.154297
v 886.850586 1032.229004 19.999920
v 876.718689 1020.884399 19.999920
v 770.427856 1167.398315 19.999836
v 745.936218 1108.270142 19.999905
v 770.427856 1167.398560 273.154205
v 745.936218 1108.270386 273.154297
v 451.410492 1299.539551 273.154205
v 426.918854 1240.411377 273.154297
vn -0.7071 0.7071 -0.0000
vn -0.0000 -0.0000 -1.0000
vn -0.7458 0.6661 -0.0000
vn 0.7071 -0.7071 -0.0000
vn 0.7355 -0.6773 -0.0180
vn 0.7458 -0.6661 -0.0000
vn 0.0002 -0.0001 -1.0000
vn -0.7544 -0.1533 -0.6382
vn -0.9239 0.3827 -0.0000
vn 0.9239 -0.3826 -0.0000
vt 0.819444 -0.397467
vt 0.819444 -0.179500
vt 0.868056 -0.179500
vt 0.868056 -0.397467
vt 0.881944 -0.165611
vt 0.881944 -0.395687
vt 0.930556 -0.068389
s 1
usemtl f008_001_fl03t.007
f 30/17/13 32/18/14 31/18/15 29/17/15
f 34/19/16 36/20/17 35/20/18 33/19/18
f 40/21/19 39/21/20 37/22/21 38/22/21
f 42/23/22 41/23/14 39/21/20 40/21/19
g Atomic0.002_meshId2_name.007
v 1460.958374 -173.167557 273.154358
v 1536.367065 -157.260834 273.154388
v 1460.999878 -173.199997 20.000006
v 1536.367065 -157.260834 0.000019
v 1461.000000 -173.199982 0.000013
v 1387.902466 173.167786 273.154358
v 1387.899902 173.199997 19.999983
v 1463.476685 189.109421 273.154419
v 1463.476685 189.109390 0.000021
v 1387.900024 173.199982 -0.000013
v 1363.198975 336.358185 273.154327
v 1385.986450 345.797241 349.999908
v 1385.986694 345.797211 -0.000044
v 1340.689087 327.034302 273.154327
v 1363.198853 336.358246 349.999908
v 1340.699951 327.000000 -0.000028
v 1231.067993 655.380127 349.999939
v 1231.068115 655.380066 273.154327
v 1253.887451 664.832275 349.999939
v 1253.887451 664.832214 -0.000022
v 1208.599976 646.100037 -0.000054
v 1208.552979 646.053955 273.154327
v 266.102753 2051.462891 566.699951
v 266.102844 1727.655640 566.653442
v 266.102753 2051.462891 350.000183
v -352.837189 2051.462402 349.999786
v -352.837128 1727.655029 349.953217
v -352.837006 1727.655029 566.653076
v -352.837189 2051.462402 566.699524
v 266.102814 1727.655518 349.953613
v 1403.961304 946.089355 2.000184
v 1177.655273 719.847107 1.999943
v 1403.961304 946.089233 399.999786
v 1046.325439 1303.826538 399.999359
v 1046.324951 1303.826538 1.999642
v 820.018799 1077.584351 1.999918
v 820.018799 1077.586304 399.999664
v 942.477234 1373.225952 399.999664
v 942.477295 1373.225952 1.999986
v 475.295746 1566.738770 399.999451
v 352.835541 1271.100952 399.999603
v 475.295288 1566.739014 1.999669
v 352.836761 1271.097412 1.999874
v 1177.655029 719.847107 399.999512
v -352.817902 1271.100342 399.999603
v -475.252075 1566.744507 399.999512
v -352.799988 1271.100098 1.999890
v -475.251801 1566.744507 1.999836
v -942.470703 1373.228882 1.999877
v -942.470581 1373.228882 399.999664
v -820.018799 1077.586304 399.999664
v -820.018921 1077.584351 1.999918
v -1046.293457 1303.858276 399.999512
v -1403.858154 946.292725 399.999908
v -1046.293213 1303.858398 1.999726
v -1403.858154 946.292664 2.000058
v -1177.583984 720.018738 1.999949
v -1177.583984 720.018799 399.999847
v -1473.225342 842.477417 1.999993
v -1473.225708 842.477417 399.999847
v -1666.738281 375.295746 400.000275
v -1371.096924 252.836960 399.999847
v -1371.097046 252.836929 1.999980
v -1666.738525 375.295563 2.000404
v -1684.206543 318.884247 1.999853
v -1684.206909 318.884125 399.999603
v -1790.873413 -186.789856 400.000061
v -1790.873413 -186.789825 2.000221
v -1477.787720 -252.836990 400.001404
v -1477.763794 -252.837173 2.000019
vn -0.2069 0.9784 -0.0000
vn -0.2067 0.9784 -0.0001
vn -0.0000 -0.0000 -1.0000
vn 0.2060 -0.9786 -0.0000
vn 0.2059 -0.9786 -0.0000
vn 0.2057 -0.9786 0.0001
vn 0.2056 -0.9786 0.0001
vn 0.2066 -0.9784 -0.0002
vn -0.3828 0.9238 -0.0000
vn -0.3827 0.9239 -0.0000
vn -0.3831 0.9237 -0.0001
vn -0.0000 -0.0001 -1.0000
vn 0.3826 -0.9239 -0.0001
vn 0.3867 -0.9222 -0.0000
vn 0.3822 -0.9241 -0.0000
vn 0.3824 -0.9240 -0.0001
vn 0.3827 -0.9239 -0.0000
vn 0.3827 -0.9239 -0.0001
vn 0.0002 0.0002 -1.0000
vn -0.5040 -0.5043 0.7012
vn -1.0000 -0.0000 -0.0000
vn -0.4914 0.0009 -0.8710
vn -0.6752 -0.3990 -0.6204
vn 0.7877 -0.3820 -0.4834
vn 0.6593 -0.6591 0.3618
vn 0.2593 -0.0000 -0.9658
vn 0.3716 -0.0000 0.9284
vn -0.9094 0.4159 -0.0000
vn 0.0232 0.0340 0.9992
vn -0.7072 -0.7070 -0.0000
vn -0.7070 0.7072 -0.0000
vn -0.0000 -0.0000 1.0000
vn -0.3827 -0.9239 -0.0000
vn -0.3708 -0.8951 -0.2477
vn -0.2797 -0.6753 -0.6825
vn 0.7071 -0.7071 -0.0000
vn -0.0232 0.0340 0.9992
vn -0.7323 -0.6810 -0.0000
vn 0.9785 -0.2064 -0.0000
vn 0.2064 0.9785 -0.0000
vn -0.0001 -0.0000 1.0000
vn -0.4363 -0.8998 -0.0000
vn 0.9239 -0.3827 -0.0000
vn -0.0000 0.0001 1.0000
vn 0.3824 0.9240 -0.0004
vn -0.0769 0.0234 0.9968
vn -0.9239 -0.3826 -0.0000
vn 0.3826 -0.9239 -0.0000
vt 0.581184 -1.961156
vt 0.418655 -1.994913
vt 0.581183 -1.994913
vt 0.418655 -1.533866
vt 0.581255 -1.533866
vt 0.418495 -1.961156
vt 0.418495 -1.994913
vt 0.581443 -1.994913
vt 0.581443 -1.533866
vt 0.418486 -1.533866
vt 0.499488 -1.631483
vt 0.539510 -1.529808
vt 0.539510 -1.992899
vt 0.499488 -1.529808
vt 0.458387 -1.631483
vt 0.458387 -1.992899
vt 0.497887 -1.631484
vt 0.497887 -1.529808
vt 0.458387 -1.631484
vt 1.154753 -1.985026
vt -0.166409 -1.985129
vt -0.166409 -1.506173
vt 1.154753 -1.506070
vt 1.756835 -1.985078
vt 1.756835 -1.506121
vt -0.768493 -1.506122
vt -0.768493 -1.985079
vt 1.154750 -1.985027
vt 1.154750 -1.506070
vt -0.166411 -1.506174
vt -0.166411 -1.985130
vt 0.783845 -1.610662
vt 0.215680 -1.610629
vt 0.215664 -1.907863
vt 0.783829 -1.907895
vt -0.348043 -1.508684
vt -0.348043 -1.988445
vt 1.348040 -1.988445
vt 1.348042 -1.508684
vt -0.348042 -1.508684
vt -0.348043 -1.988445
vt 1.348041 -1.988445
vt 1.348042 -1.988445
vt 1.348041 -1.508684
vt -0.348042 -1.508684
vt -0.348027 -1.508684
vt -0.348042 -1.988445
vt 1.348042 -1.988445
vt 1.348043 -1.508684
vt -0.827187 -1.508684
vt -0.827187 -1.988445
vt 1.827185 -1.988445
vt 1.827185 -1.508684
vt -0.348042 -1.988445
vt 1.348042 -1.988445
vt -0.348043 -1.508684
vt 1.348041 -1.508684
vt -0.347918 -1.508684
vt 1.348042 -1.988445
vt 1.348042 -1.508684
vt -0.348042 -1.508684
vt -0.348043 -1.988445
vt -0.348043 -1.508684
vt -0.348042 -1.988445
vt 1.348041 -1.988445
vt 1.348041 -1.508684
vt -0.348043 -1.508684
vt -0.348043 -1.988445
vt -0.348042 -1.988445
vt 1.348004 -1.508684
vt -0.348043 -1.508684
vt -0.348042 -1.988445
vt 1.348041 -1.988445
vt -0.348043 -1.508684
vt -0.348043 -1.988445
s 0
usemtl f008_001_gsft.007
f 45/24/23 46/25/23 47/26/23
f 44/27/24 46/25/24 45/24/24 43/28/25
f 49/29/26 52/30/26 51/31/26
f 49/29/27 51/31/28 50/32/29 48/33/30
s 1
f 53/34/31 54/35/32 55/36/33
f 53/34/31 57/37/32 54/35/32
f 56/38/34 53/34/31 55/36/33 58/39/33
s 0
f 61/35/35 60/40/35 63/39/36
f 63/39/36 62/36/37 61/35/37
f 61/35/38 59/41/38 60/40/39
f 60/40/40 64/42/41 63/39/36
s 1
f 67/43/42 72/44/43 66/45/44 65/46/45
f 67/47/42 65/48/45 71/49/46 68/50/47
f 68/51/47 71/52/46 70/53/48 69/54/49
f 71/55/46 65/56/45 66/57/44 70/58/48
f 79/59/50 78/60/51 77/61/52 76/62/52
f 86/62/53 75/63/52 73/64/52 74/65/54
f 81/60/55 78/66/51 79/67/50 80/68/55
f 83/69/56 85/70/54 84/71/57 82/72/55
s 0
f 76/73/52 77/74/52 73/75/52 75/76/52
f 82/73/55 84/74/55 81/75/55 80/76/55
s 1
f 97/77/58 94/78/59 93/67/60 95/79/58
f 110/66/61 109/80/61 111/81/62 112/60/63
s 0
f 110/74/61 107/75/61 108/76/61 109/73/61
s 1
f 91/82/39 92/83/39 93/84/60 94/85/59
f 100/83/64 102/86/65 101/87/65 99/88/66
s 0
f 106/74/65 101/75/65 102/76/65 103/73/65
s 1
f 106/66/65 103/89/65 104/90/67 105/91/68
f 90/92/39 89/66/69 87/93/69 88/90/70
s 0
f 91/74/39 90/75/39 88/76/39 92/73/39
f 98/74/58 97/75/58 95/76/58 96/73/58
s 1
f 108/94/61 107/95/61 105/96/68 104/62/67
f 98/66/58 96/62/58 100/97/64 99/98/66
g Atomic0.003_meshId3_name.007
v 352.837738 1270.410278 23.826773
v 352.838745 1262.727661 23.825949
v 352.838715 1270.410400 -0.907416
v 352.838745 1262.727661 11.459312
v 352.836761 1255.045166 -0.907354
v 352.836731 1255.045044 11.459344
v 352.856659 1270.410278 412.364502
v 266.103241 1270.410522 412.363983
v 266.083344 1270.410522 23.827860
v 352.856140 1262.727783 412.363983
v 258.537872 1262.727661 412.363983
v 352.856140 1262.727783 424.728363
v 258.537872 1262.727661 424.728363
v 258.518402 1262.727905 11.463696
v 258.518402 1262.727905 23.828165
v 352.854187 1255.045166 424.728363
v 250.874237 1255.045044 424.728363
v 352.834808 1255.045166 437.094086
v 250.874268 1255.045410 437.094086
v 250.874237 1255.045166 11.463757
v 250.874237 1255.045044 -0.900773
v 226.348312 1270.410522 581.996887
v 352.836853 1270.409790 699.999634
v 283.073242 1270.410400 437.094604
v 352.836823 1270.409790 437.099854
v 266.083862 1270.410278 437.093414
v 215.264648 1270.410645 567.193054
v 266.103210 1368.592163 412.363617
v 266.083344 1368.592163 23.828432
v 266.081787 1368.408936 437.086884
v 215.264648 1368.409058 567.192871
v 82.223763 1270.411133 647.603027
v 82.223755 1368.409912 647.602783
v -82.186920 1368.409912 647.602539
v -82.186920 1270.411133 647.602844
v -215.227829 1368.409058 567.192627
v -215.227814 1270.410645 567.192810
v -266.044922 1368.408936 437.086578
v -266.047089 1270.410278 437.093140
v 258.537903 1368.592163 412.363922
v 250.874268 1368.592163 437.094055
v 258.537903 1368.592163 424.728363
v 250.874237 1368.592041 424.728363
v 85.673904 1270.411011 667.259216
v -352.800018 1270.409790 699.999451
v -85.637054 1270.411011 667.258972
v -226.311508 1270.410522 581.996643
v -283.036377 1270.410278 437.094360
v -352.799988 1270.409912 437.099609
v -250.796646 1255.045166 437.094086
v -250.796631 1255.045044 424.728607
v -250.796631 1368.591919 437.094055
v -250.796631 1368.592041 424.728607
v -250.796631 1368.592041 11.465672
v -250.796631 1255.045044 11.463525
v -250.796631 1368.591919 -0.897731
v -250.796631 1255.045166 -0.901006
v -258.479767 1262.727661 424.728607
v -258.479797 1368.592041 424.728607
v -258.479767 1262.727661 11.463462
v -258.479797 1368.592041 11.465637
v -258.479767 1262.727661 412.364227
v -258.479797 1368.592041 412.364166
v -258.479797 1368.592041 23.829041
v -258.479767 1262.727661 23.827934
v -266.045471 1270.410645 412.364227
v -266.045471 1368.592163 412.363861
v -266.045471 1270.410645 23.827869
v -266.045471 1368.592163 23.828428
v -352.797882 1255.045044 437.094055
v -352.798950 1270.410278 23.826773
v -352.797974 1270.410278 -0.907660
v -352.797943 1262.727661 23.825703
v -352.797943 1262.727661 11.459067
v -352.795959 1255.045044 11.459100
v -352.795959 1255.045044 -0.907598
v -352.796967 1255.045166 424.728607
v -352.798950 1262.727783 424.728607
v -352.798950 1262.727783 412.364227
v -352.799438 1270.410400 412.364746
vn 0.1300 0.7289 0.6722
vn -0.9964 0.0602 -0.0603
vn -0.0000 -1.0000 0.0001
vn 1.0000 -0.0000 -0.0000
vn -0.0001 -1.0000 -0.0000
vn -0.0003 -1.0000 -0.0000
vn 0.9066 -0.4221 -0.0000
vn -1.0000 -0.0000 0.0001
vn -0.0000 -1.0000 -0.0000
vn -0.0244 0.9684 -0.2482
vn 0.6123 0.5001 0.6123
vn 0.2007 -0.4529 -0.8687
vn 0.0083 -0.9961 0.0881
vn 0.1569 -0.9751 0.1570
vn -0.9972 -0.0000 -0.0747
vn -0.9973 0.0521 0.0519
vn -0.0016 -0.9990 0.0436
vn -0.4867 0.2385 0.8404
vn 0.0001 -1.0000 -0.0000
vn 0.0002 -1.0000 0.0001
vn 0.9052 -0.4249 -0.0001
vn -0.7853 -0.6191 -0.0000
vn -0.9354 -0.0834 -0.3436
vn 0.0001 -0.9986 0.0531
vn -0.2838 0.3580 -0.8895
vn 0.9969 0.0059 0.0787
vn 0.8870 -0.0000 -0.4619
vn 0.9654 -0.2605 -0.0137
vn 0.8030 -0.3350 -0.4929
vn 0.2681 0.0573 -0.9617
vn -0.0001 -1.0000 0.0001
vn 0.0001 -1.0000 0.0001
vn 0.9924 0.0871 -0.0874
vn 1.0000 -0.0001 -0.0002
vn 0.9579 -0.1453 0.2478
vn -0.0000 -0.9239 0.3827
vn 0.9999 0.0104 -0.0000
vn -0.0096 -0.9974 0.0720
vn 0.9973 0.0521 0.0522
vn -0.1569 -0.9751 0.1570
vn -0.6695 -0.1045 -0.7354
vn -0.9470 -0.3187 0.0398
vn -1.0000 -0.0001 -0.0000
vn -0.2573 -0.9315 0.2572
vn -0.9294 0.3691 -0.0000
vn -0.3685 -0.9296 -0.0000
vn -0.0531 -0.0001 -0.9986
vn -0.1314 -0.9899 -0.0527
vn 0.0001 -1.0000 -0.0001
vn 0.0003 -0.9991 0.0435
vn 0.9989 -0.0000 0.0476
vn 0.9972 -0.0000 -0.0747
vn 0.3350 -0.7205 -0.6072
vn 0.2477 -0.9579 0.1453
vn -0.1569 -0.9750 -0.1571
vn 0.9972 -0.0003 0.0747
vn 0.8114 -0.0000 -0.5845
vn -1.0000 -0.0000 -0.0000
vn -0.1155 -0.0000 -0.9933
vn -0.5842 -0.0000 -0.8116
vn -0.0246 -0.9994 0.0246
vn 0.0002 -1.0000 -0.0000
vn 1.0000 -0.0000 -0.0001
vn 0.9973 0.0521 -0.0519
vn 0.0834 0.3436 -0.9354
vn -0.4014 0.1251 -0.9073
vn -0.9578 0.0165 -0.2871
vn 0.2478 -0.9685 -0.0261
vn -1.0000 0.0001 -0.0003
vn 0.1794 -0.9838 -0.0000
vn -0.0004 -1.0000 -0.0000
vn 0.0003 -1.0000 -0.0000
vn 0.1793 -0.9838 -0.0000
vn 0.9999 0.0102 -0.0000
vn -0.0001 -0.5845 0.8114
vn 0.0001 -0.9239 0.3827
vn 0.9999 0.0103 -0.0000
vn 0.9579 -0.1452 0.2477
vn 0.0003 -1.0000 -0.0001
vn 0.0001 -0.9456 -0.3254
vn 1.0000 -0.0001 -0.0000
vn -0.0000 -1.0000 -0.0001
vn -0.9294 0.3692 -0.0000
vn -0.0000 -0.0475 -0.9989
vn -0.3684 -0.9297 -0.0001
vn -0.3684 -0.9297 -0.0000
vn -0.0003 -1.0000 0.0001
vn 1.0000 -0.0000 0.0001
vt 0.907762 -1.721454
vt 0.890363 -1.703264
vt 0.907762 -1.837926
vt 0.890568 -1.837861
vt 0.873073 -1.837861
vt 0.873073 -1.708375
vt 0.890568 -1.708375
vt 0.907762 -1.713977
vt 0.890363 -1.837926
vt 0.271458 -1.700807
vt 0.271458 -1.841775
vt 0.856061 -1.841775
vt 0.856061 -1.700807
vt 0.873084 -1.712584
vt 0.855649 -1.703985
vt 0.873084 -1.837926
vt 0.907762 -1.713676
vt 0.273502 -1.666783
vt 0.273502 -1.584245
vt 0.558307 -1.584244
vt 0.558307 -1.666783
vt 0.843422 -1.666782
vt 0.843422 -1.584243
vt 0.855649 -1.704119
vt 0.873084 -1.711532
vt 0.855649 -1.837926
vt 0.890363 -1.703249
vt 0.907762 -1.723380
vt 0.907762 -1.724346
vt 0.890363 -1.706709
vt 0.890363 -1.704119
vt 0.907762 -1.711532
vt 0.855649 -1.702442
vt 0.873084 -1.713122
vt 0.558307 -1.699165
vt 0.843422 -1.699163
vt 0.856099 -1.824693
vt 0.864666 -1.831346
vt 0.873233 -1.824693
vt 0.611358 -1.146403
vt 0.561916 -1.581669
vt 0.561916 -1.581669
vt 0.873084 -1.713255
vt 0.855649 -1.701545
vt 0.273502 -1.699165
vt 0.558307 -1.584245
vt 0.890363 -1.703985
vt 0.907762 -1.712584
vt 0.273502 -1.666784
vt 0.907762 -1.745767
vt 0.890363 -1.703886
vt 0.890363 -1.703690
vt 0.907762 -1.745807
vt 0.864666 -1.837998
vt 0.856099 -1.837998
vt 0.864666 -1.831346
vt 0.864666 -1.837998
vt 0.856099 -1.837998
vt 0.856099 -1.824693
vt 0.873232 -1.831346
vt 0.958928 -1.581669
vt 0.958935 -1.468144
vt 0.740115 -1.375836
vt 0.958927 -1.581669
vt 0.611358 -1.147433
vt 0.873232 -1.831346
s 1
usemtl f008_001_hasirat.007
f 138/99/71 131/100/72 137/101/73
s 0
f 167/102/74 169/103/74 168/104/74 166/105/74
f 126/106/75 118/107/76 116/101/77
s 1
f 141/108/78 121/109/79 120/110/80 140/111/81
f 152/103/82 123/104/83 125/105/84 154/102/85
f 125/112/84 129/113/86 154/114/85
f 129/103/86 128/104/87 130/105/88 131/102/72
s 0
f 121/115/89 114/107/90 113/101/91
f 180/108/92 178/111/93 192/110/94 183/109/79
f 114/105/79 127/102/79 126/103/79 116/104/79
s 1
f 151/116/95 150/117/96 148/118/97 149/119/98
f 147/120/99 149/119/98 148/118/97 146/121/100
f 123/122/83 120/123/80 122/124/101
f 161/101/102 162/125/103 151/126/95
f 164/107/104 151/127/95 162/128/103
s 0
f 177/129/105 181/101/106 180/130/107
f 120/111/79 121/108/79 113/109/79 119/110/108
s 1
f 163/131/109 170/132/110 165/124/74
s 0
f 185/102/79 186/103/79 172/104/79 177/105/79
s 1
f 134/133/79 156/134/79 144/120/111 139/119/112
f 184/135/113 186/136/114 183/137/79
s 0
f 156/138/79 135/139/79 157/140/79
f 178/141/115 174/142/116 192/114/117
f 165/104/74 164/105/74 162/102/74 163/103/74
s 1
f 151/116/95 149/119/98 159/133/79 160/143/118
f 162/105/103 182/102/119 189/103/120 163/104/109
f 175/104/121 171/105/122 170/102/110 174/103/123
s 0
f 118/105/79 132/102/79 133/103/79 117/104/79
s 1
f 177/102/124 172/103/125 173/104/126 176/105/127
s 0
f 123/103/79 122/104/79 124/105/79 125/102/79
f 155/103/128 129/104/128 131/105/128 153/102/128
s 1
f 144/120/111 145/121/129 143/144/130 139/119/112
f 158/134/79 147/120/99 144/120/111 156/134/79
f 187/102/131 188/103/132 169/104/133 167/105/134
f 167/145/134 173/101/126 172/146/125
f 145/121/129 144/120/111 147/120/99 146/121/100
f 181/108/74 179/111/74 178/110/135 180/109/136
f 138/147/71 139/119/112 143/144/130 142/117/137
f 137/101/73 136/148/138 138/99/71
f 138/99/71 142/101/137 153/107/139
f 131/100/72 130/107/88 137/101/73
f 138/99/71 153/107/139 131/100/72
s 0
f 126/106/132 132/149/140 118/107/141
s 1
f 125/112/84 124/114/76 128/124/87
f 129/113/86 155/124/113 154/114/85
f 125/112/84 128/124/87 129/113/86
s 0
f 121/115/142 127/150/143 114/107/102
s 1
f 123/122/83 152/124/82 140/114/81
f 120/123/80 119/114/101 122/124/101
f 123/122/83 140/114/81 120/123/80
f 151/126/95 160/151/118 161/101/102
f 161/101/102 182/107/119 162/125/103
f 164/107/104 150/101/96 151/127/95
s 0
f 180/130/144 183/101/102 185/107/73
f 177/129/105 176/107/145 181/101/146
f 180/130/147 185/107/101 177/129/148
s 1
f 163/131/109 189/124/120 190/114/79
f 170/132/110 171/114/122 165/124/74
f 163/131/109 190/114/79 170/132/110
f 136/143/138 134/133/79 139/119/112 138/147/71
f 149/119/98 147/120/99 158/134/79 159/133/79
f 187/152/131 186/136/114 184/135/113 188/153/132
f 116/154/89 118/155/149 117/156/150 115/157/151
f 186/136/114 185/158/152 183/137/79
s 0
f 161/159/79 160/160/79 159/161/79
f 157/140/79 161/159/79 159/161/79
f 136/160/79 137/162/79 135/139/79
f 134/161/79 136/160/79 135/139/79
f 157/140/79 159/161/79 158/163/79
f 156/138/79 134/161/79 135/139/79
f 157/140/79 158/163/79 156/138/79
f 178/141/153 179/114/74 175/124/154
f 174/142/155 191/124/102 192/114/117
f 178/141/153 175/124/154 174/142/156
s 1
f 113/137/152 114/164/157 116/154/89
f 115/157/151 113/137/152 116/154/89
f 172/146/125 186/101/114 187/107/131
f 167/145/134 166/107/158 173/101/126
f 172/146/125 187/107/131 167/145/134
s 0
f 190/102/79 191/103/79 174/104/79 170/105/79
g Atomic0.004_meshId4_name.007
v 266.100983 1440.000000 332.879211
v 266.101562 1440.000122 349.999847
v -0.000050 1439.999878 332.879883
v -0.000080 1440.000000 349.999786
v 266.099915 1413.999878 332.879852
v 0.000000 1413.999878 332.879913
v 266.099915 1413.999878 315.359863
v 0.000000 1413.999878 315.359894
v 266.099915 1387.999878 315.359863
v 0.000000 1387.999878 315.359894
v 266.099915 1387.999878 297.839874
v 0.000000 1387.999878 297.839874
v 266.099915 1361.999878 297.839874
v 0.000000 1361.999878 297.839874
v 266.099915 1361.999878 280.319855
v 0.000000 1361.999878 280.319916
v 266.099915 1335.999878 280.319855
v 0.000000 1335.999878 280.319916
v 266.099915 1335.999878 262.799896
v 0.000000 1335.999878 262.799896
v 266.099915 1309.999878 262.799896
v 0.000000 1309.999878 262.799896
v 266.099915 1309.999878 245.279877
v 0.000000 1309.999878 245.279907
v 266.099915 1283.999878 245.279877
v 0.000000 1283.999878 245.279907
v 266.099915 1283.999878 227.759888
v 0.000000 1283.999878 227.759903
v 266.099915 1257.999756 227.759888
v 0.000000 1257.999756 227.759903
v 266.099915 1257.999756 210.239899
v 0.000000 1257.999756 210.239929
v 266.099915 1231.999878 210.239899
v 0.000000 1231.999878 210.239929
v 266.099915 1231.999878 192.719910
v 0.000000 1231.999878 192.719925
v 266.099915 1205.999878 192.719910
v 0.000000 1205.999878 192.719925
v 266.099915 1205.999878 175.199905
v 0.000000 1205.999878 175.199905
v 266.099915 1179.999878 175.199905
v 0.000000 1179.999878 175.199905
v 266.099915 1179.999878 157.679886
v 0.000000 1179.999878 157.679901
v 266.099915 1153.999878 157.679886
v 0.000000 1153.999878 157.679901
v 266.099915 1153.999878 140.159882
v 0.000000 1153.999878 140.159912
v 266.099915 1127.999878 140.159882
v 0.000000 1127.999878 140.159912
v 266.099915 1127.999878 122.639900
v 0.000000 1127.999878 122.639915
v 266.099915 1101.999878 122.639900
v 0.000000 1101.999878 122.639915
v 266.099915 1101.999878 105.119911
v 0.000000 1101.999878 105.119926
v 266.099915 1075.999878 105.119911
v 0.000000 1075.999878 105.119926
v 266.099915 1075.999878 87.599915
v 0.000000 1075.999878 87.599915
v 266.099915 1049.999878 87.599922
v 0.000000 1049.999878 87.599922
v 266.099915 1049.999878 70.079910
v 0.000000 1049.999878 70.079926
v 266.099915 1023.999939 70.079910
v 0.000000 1023.999939 70.079926
v 266.099915 1023.999939 52.559914
v 0.000000 1023.999939 52.559929
v 266.099915 997.999939 52.559914
v 0.000000 997.999939 52.559929
v 266.099915 997.999939 35.039928
v 0.000000 997.999939 35.039925
v 266.099915 972.000122 35.019932
v 0.000000 971.999939 35.019924
v 266.099915 972.000122 17.519928
v 0.000000 971.999939 17.519928
v 266.099915 946.000122 17.519930
v 0.000000 945.999939 17.519930
v 266.099854 946.000061 -0.000085
v 0.000003 945.999939 -0.000077
vn 0.0001 -0.4080 0.9130
vn -0.0000 -0.8354 0.5496
vn -0.0000 -0.3498 0.9368
vn -0.0000 -0.8551 0.5185
vn -0.0005 -0.4084 0.9128
vn -0.0003 -0.8355 0.5495
vn -0.0000 -0.8551 0.5184
vn -0.0000 -0.3502 0.9367
vn -0.0000 -0.4080 0.9130
vn -0.0000 -0.8715 0.4904
vn -0.0000 -0.6247 0.7808
vn -0.0002 -0.4080 0.9130
vn 0.0001 -0.8354 0.5496
vn -0.0001 -0.4080 0.9130
vn -0.0002 -0.8354 0.5496
vn -0.0001 -0.8354 0.5496
vn -0.0000 -0.3497 0.9369
vn -0.0000 -1.0000 -0.0000
vn -0.0000 -0.3715 0.9284
vn -0.0456 -0.7324 0.6793
vt -0.214346 -1.985073
vt 3.315721 -1.985073
vt 3.315721 -1.494709
vt -0.214346 -1.494709
vt 3.315721 -1.015915
vt -0.214346 -1.015915
vt -0.214345 -1.985073
vt 3.315723 -1.985073
vt 3.315723 -1.494709
vt -0.214345 -1.494709
vt 3.315737 -1.015915
vt 3.315723 -1.015915
vt -0.214345 -1.015915
vt 3.315737 -1.985073
vt 3.315745 -1.494709
s 1
usemtl f008_001_kaidant.007
f 256/165/159 255/166/160 253/167/161 254/168/162
f 264/165/163 263/166/164 261/167/161 262/168/162
f 266/168/165 265/167/166 263/169/164 264/170/163
f 204/171/167 203/172/160 201/173/161 202/174/162
f 195/170/168 198/174/162 197/173/161 193/175/169
f 226/174/162 225/173/161 223/176/160 224/177/167
f 218/174/162 217/173/161 215/176/160 216/177/167
f 206/174/162 205/173/161 203/176/160 204/177/167
f 244/165/170 243/166/171 241/167/161 242/168/162
f 260/165/172 259/166/160 257/167/161 258/168/162
f 242/168/162 241/167/161 239/169/160 240/170/159
f 212/171/167 211/172/173 209/173/161 210/174/162
f 238/168/162 237/167/161 235/169/160 236/170/170
f 202/174/162 201/173/161 199/176/160 200/177/167
f 208/171/167 207/172/174 205/173/161 206/174/162
f 250/168/162 249/167/161 247/169/171 248/170/167
f 254/168/162 253/167/161 251/169/174 252/170/167
f 248/165/167 247/166/171 245/167/161 246/168/162
f 216/171/167 215/172/160 213/173/161 214/174/162
f 230/168/162 229/167/161 227/176/160 228/177/172
f 246/168/162 245/167/161 243/169/171 244/170/170
f 236/165/170 235/166/160 233/167/161 234/168/162
f 270/168/162 269/167/175 267/169/160 268/170/167
f 220/171/172 219/172/160 217/173/161 218/174/162
f 228/171/172 227/172/160 225/173/161 226/174/162
f 240/165/159 239/166/160 237/167/161 238/168/162
f 224/171/167 223/172/160 221/173/161 222/174/162
f 210/174/162 209/173/161 207/176/174 208/177/167
f 234/168/162 233/167/161 231/169/174 232/170/167
f 232/165/167 231/166/174 229/167/161 230/168/162
f 214/174/162 213/173/161 211/176/173 212/177/167
f 262/168/162 261/167/161 259/169/160 260/170/172
f 200/171/167 199/172/160 197/173/161 198/174/162
f 222/174/162 221/173/161 219/176/160 220/177/172
f 258/168/162 257/167/161 255/169/160 256/170/159
f 252/165/167 251/166/174 249/167/161 250/168/162
f 270/168/162 272/165/176 271/166/176 269/167/175
f 196/168/177 195/165/168 193/178/169 194/179/178
f 268/165/167 267/166/160 265/167/166 266/168/165
g Atomic0.005_meshId5_name.007
v 1405.799805 -312.687927 878.510803
v 1405.799805 -312.687958 1378.506348
v 1099.734619 668.053650 878.510803
v 1099.734619 668.053772 1378.506592
v -1405.799561 -312.688354 1378.506714
v -1405.799805 -312.688202 878.510803
v -334.576508 1179.296387 1378.506958
v -334.576477 1179.296387 878.510925
vn -0.7208 -0.6926 -0.0292
vn 0.3479 -0.9375 -0.0000
vn 0.2982 -0.9544 0.0112
vn -0.7604 -0.6495 -0.0001
vn 0.8123 -0.5832 -0.0000
vn -0.9546 -0.2979 -0.0000
vn -0.9542 -0.2978 -0.0282
vt -0.106480 -1.008575
vt 0.630756 -1.008575
vt 0.630756 -1.998061
vt -0.106480 -1.998061
vt 1.530969 -1.008575
vt 1.530969 -1.998062
vt -0.578230 -1.998062
vt -0.578230 -1.008575
s 1
usemtl f008_001_skyt.007
f 276/180/179 279/181/180 280/182/181 275/183/182
f 280/182/181 279/181/180 277/184/183 278/185/183
f 276/180/179 275/183/182 273/186/184 274/187/185
g Atomic0.006_meshId6_name.007
v 2771.646973 -811.206482 399.090729
v 2771.646240 -811.206421 412.100647
v 1465.531128 -263.106964 412.397034
v 1465.528198 -263.103271 400.003326
v -1427.923096 -294.248291 699.999939
v -1477.799683 -252.836731 699.999878
v -2759.013184 -860.759949 699.089294
v -2783.915039 -800.936035 699.089478
v -1309.216431 233.607697 700.000000
v -1199.085571 668.109680 699.999878
v -1123.698853 684.027283 699.999939
v -1177.584106 720.018799 699.999878
v 768.109497 1099.085938 699.999695
v 774.232361 1113.868042 699.999695
v 404.745911 1249.595947 699.999634
v 410.868805 1264.378052 699.999390
v 1137.854492 759.748535 699.999939
v 1149.168213 771.062134 699.999939
v 859.748047 1037.854858 699.999695
v 871.061707 1049.168457 699.999695
v 1349.595703 304.746185 700.000000
v 1364.377686 310.869110 700.000000
v 1199.085449 668.109863 699.999939
v 1213.867554 674.232788 699.999939
v 2777.764160 -806.050964 425.109985
v 1471.648682 -257.951447 424.790314
v 2783.915527 -800.936401 -0.910429
v 2783.915039 -800.936462 20.000032
v 1993.654663 -470.662689 -0.455182
v 1993.654663 -470.662659 20.000040
v 2783.915527 -800.936401 399.089539
v 1477.799805 -252.836823 400.001801
v 2783.915283 -800.936218 438.119385
v 1477.799805 -252.836792 437.183716
v 2759.013184 -860.760071 742.973511
v 2759.013184 -860.760132 699.089294
v 1427.923096 -294.248199 699.999939
v 1427.922852 -294.248230 743.884216
v 1477.799683 -252.836655 699.999939
v 2783.915039 -800.936035 699.089478
v 2753.370605 -874.008179 742.973511
v 1416.859863 -303.466064 743.884155
v 1416.859863 -303.466156 797.768494
v 2753.370605 -874.008240 796.857727
v 2747.699707 -887.244995 877.600220
v 2747.699707 -887.244995 796.857788
v 1405.799805 -312.687927 878.510864
v 1405.799805 -312.687927 797.768494
v 1477.799805 -252.836807 0.000019
v 1477.799805 -252.836823 20.000019
v 1481.567261 -193.348282 700.000000
v 1481.567505 -193.348419 437.180084
v 1465.911865 -196.650650 700.000000
v 1465.911865 -196.650787 437.180115
v 1465.911865 -196.650848 20.000015
v 1465.911865 -196.650772 300.000000
v 1465.911987 -196.650772 0.000015
v 1465.911865 -196.650742 399.999969
v 1454.953247 -198.962433 20.000013
v 1454.953125 -198.962402 300.000000
v 1454.953125 -198.962433 0.000010
v 1461.000000 -173.199982 0.000013
v 1455.479004 -174.323395 0.000013
v 1460.999878 -173.199982 20.000006
v 1455.479004 -174.323380 20.000002
v 1460.958374 -173.167557 273.154358
v 1455.479126 -174.323380 273.154419
v 1309.216187 233.607941 700.000000
v 1382.949097 196.651108 700.000061
v 1371.097046 252.837067 700.000000
v 1457.955933 -186.064972 286.577209
v 1457.955933 -186.065033 20.000011
v 1457.955811 -186.065002 0.000011
v 1452.476440 -187.220795 286.577209
v 1452.476440 -187.220840 20.000017
v 1452.476440 -187.220810 0.000008
v 1382.949097 196.651138 399.999969
v 1382.949097 196.651047 300.000000
v 1398.604370 199.953461 700.000000
v 1398.604248 199.953476 437.180054
v 1382.949097 196.651123 437.180115
v 1371.990112 194.339417 300.000000
v 1382.423096 172.011993 273.154419
v 1387.902588 173.167786 273.154358
v 1379.946289 183.753601 286.577209
v 1379.946533 183.753601 19.999990
v 1382.423096 172.011963 19.999979
v 1363.455078 250.470642 424.786591
v 1371.097046 252.837067 437.180084
v 1374.467041 182.597778 286.577209
v 1309.216064 233.607925 743.884216
v 1355.812988 248.104187 412.393463
v 1387.899902 173.199997 19.999983
v 1387.900024 173.199982 -0.000013
v 1382.423096 172.011978 -0.000016
v 1379.946411 183.753601 -0.000017
v 1295.484497 229.270676 743.884216
v 1382.949097 196.651062 19.999983
v 1371.990112 194.339432 19.999983
v 1382.948975 196.651047 -0.000015
v 1371.990234 194.339401 -0.000020
v 1349.595581 304.746216 437.180084
v 1349.595581 304.746124 299.999969
v 1349.595581 304.746185 19.999977
v 1349.595703 304.746155 -0.000023
v 1374.466919 182.597778 19.999987
v 1374.466919 182.597778 -0.000020
v 1295.484497 229.270721 797.768433
v 1371.096924 252.837082 399.999939
v 1355.812988 248.104187 400.000092
v 1281.758423 224.917343 797.768494
v 1281.758301 224.917389 878.510681
v 1364.377808 310.869141 437.180054
v 1349.595581 304.746216 399.999969
v 1334.814331 298.621002 399.999939
v 1199.085449 668.110046 437.180054
v 1170.932129 715.574463 424.786560
v 1177.583984 720.019104 437.180054
v 1123.698853 684.027344 700.000000
v 1177.583984 720.019043 699.999939
v 1213.867676 674.232971 437.179993
v 1199.085449 668.109924 399.999908
v 1177.583984 720.018982 399.999908
v 1199.085449 668.109863 299.999939
v 1137.854492 759.748474 299.999939
v 1137.854736 759.748474 399.999969
v 1339.248291 300.460083 19.999975
v 1339.248047 300.460083 299.999969
v 1339.248291 300.460022 -0.000028
v 1340.699951 327.000000 -0.000028
v 1335.237427 324.776215 -0.000023
v 1340.700073 327.000061 19.999964
v 1335.237427 324.776215 19.999964
v 1340.689087 327.034302 273.154327
v 1335.237549 324.776215 273.154358
v 1339.829712 313.689697 286.577179
v 1339.829712 313.689667 19.999975
v 1339.829834 313.689636 -0.000024
v 1334.656128 311.546631 286.577148
v 1334.656128 311.546600 19.999966
v 1334.656006 311.546570 -0.000024
v 1203.096191 643.793701 273.154327
v 1208.552979 646.053955 273.154327
v 1198.503906 654.880371 286.577148
v 1198.503906 654.880310 19.999954
v 1203.096191 643.793762 19.999949
v 1193.330200 652.737244 286.577148
v 1188.738159 663.823792 299.999939
v 1123.698730 684.027405 743.884338
v 1111.717407 676.039124 743.884216
v 1184.299072 661.997437 399.999817
v 1164.280396 711.130005 399.999817
v 1164.280396 711.129944 412.393219
v 1111.717041 676.039124 797.768616
v 1099.734497 668.053711 797.768616
v 1099.734619 668.053650 878.510803
v 1208.599976 646.100037 -0.000054
v 1208.599976 646.099976 19.999941
v 1203.096191 643.793762 -0.000055
v 1198.504028 654.880310 -0.000054
v 1193.330322 652.737244 -0.000056
v 1193.330322 652.737305 19.999949
v 1199.085449 668.109863 19.999949
v 1199.085693 668.109802 -0.000050
v 1188.738159 663.823853 19.999949
v 1188.738037 663.823792 -0.000055
v 1137.854736 759.748413 -0.000057
v 1137.854736 759.748474 19.999943
v 1137.854614 759.748596 437.180054
v 784.017700 1023.705322 700.000061
v 820.018555 1077.584351 699.999695
v 1149.168457 771.062378 437.180023
v 871.061829 1049.168579 437.179962
v 859.748169 1037.854980 437.180023
v 1129.935059 751.828796 299.999939
v 859.748169 1037.854980 299.999908
v 851.828552 1029.935425 299.999908
v 1121.449707 760.314087 286.577148
v 860.313904 1021.450195 286.577118
v 859.748169 1037.854980 399.999878
v 820.018738 1077.586426 399.999664
v 809.916870 1065.279785 399.999725
v 809.916870 1065.279785 412.393066
v 814.967712 1071.434082 424.786499
v 1129.935303 751.828857 -0.000066
v 1129.935059 751.829041 19.999941
v 1120.884155 776.719116 19.999929
v 1131.015869 788.063538 19.999939
v 1131.015869 788.063354 -0.000059
v 1125.409546 764.273926 286.577148
v 864.273621 1025.410034 286.577118
v 1116.924316 772.759216 273.154358
v 1120.884033 776.719116 273.154327
v 872.758911 1016.924805 273.154266
v 876.718689 1020.884521 273.154297
v 820.018555 1077.588135 437.179901
v 1121.449951 760.314087 -0.000066
v 1121.449829 760.314148 19.999943
v 1125.409668 764.274048 19.999941
v 1125.409668 764.273926 -0.000062
v 1116.924316 772.759216 19.999945
v 1116.924316 772.759216 -0.000064
v 864.273804 1025.410156 19.999926
v 872.758972 1016.924744 19.999922
v 784.017700 1023.705261 743.884338
v 776.017456 1011.732300 743.884216
v 776.017334 1011.732422 797.768555
v 768.017212 999.759277 797.768555
v 768.017273 999.759216 878.510803
v 876.718689 1020.884399 19.999920
v 886.850586 1032.228882 -0.000078
v 886.850586 1032.229004 19.999920
v 859.748230 1037.854980 19.999920
v 768.109436 1099.085815 299.999786
v 768.109436 1099.085815 19.999920
v 768.109436 1099.086060 437.179779
v 872.758972 1016.924622 -0.000079
v 774.232483 1113.868164 437.179749
v 410.868866 1264.378052 437.179718
v 404.745941 1249.596191 437.179688
v 763.823364 1088.738403 299.999908
v 404.745850 1249.595947 299.999786
v 400.459747 1239.248291 299.999908
v 752.736755 1093.330566 286.577118
v 754.879822 1098.504272 286.577118
v 411.546326 1234.656128 286.577118
v 413.689362 1239.829956 286.577118
v 743.793274 1103.096680 273.154266
v 745.936218 1108.270386 273.154297
v 424.775848 1235.237793 273.154327
v 426.918884 1240.411377 273.154297
v 404.745941 1249.596191 399.999634
v 768.109497 1099.085938 399.999695
v 864.273743 1025.409912 -0.000080
v 860.313965 1021.450134 19.999922
v 860.313965 1021.450134 -0.000082
v 851.828735 1029.935547 19.999920
v 851.828735 1029.935425 -0.000082
v 859.748230 1037.854858 -0.000078
v 768.109558 1099.085815 -0.000083
v 352.835541 1271.100952 399.999603
v 346.710388 1256.322632 399.999634
v 340.194946 1207.542480 700.000000
v 352.836853 1271.097412 699.999634
v 763.823486 1088.738281 -0.000079
v 763.823364 1088.738281 19.999916
v 770.427917 1167.398315 -0.000164
v 770.427856 1167.398315 19.999836
v 745.936218 1108.270142 19.999905
v 743.793213 1103.096558 19.999905
v 743.793213 1103.096436 -0.000080
v 752.736938 1093.330444 -0.000080
v 752.736877 1093.330566 19.999910
v 754.879822 1098.504395 19.999916
v 754.879883 1098.504272 -0.000082
v 340.194946 1207.542480 743.884338
v 337.385651 1193.419434 743.884216
v 337.385590 1193.419556 797.768555
v 334.576294 1179.296387 797.768616
v 334.576263 1179.296387 878.510864
v 413.689423 1239.830078 19.999907
v 424.775970 1235.237793 19.999907
v 400.459930 1239.248535 19.999899
v 411.546478 1234.656250 19.999907
v 349.772217 1263.713379 424.786346
v 352.834167 1271.104370 437.179779
v 346.710388 1256.322632 412.392975
v 426.918945 1240.411621 -0.000094
v 426.918915 1240.411621 19.999903
v 424.775970 1235.237915 -0.000103
v 413.689423 1239.829956 -0.000100
v 411.546509 1234.656250 -0.000107
v 400.459930 1239.248413 -0.000101
v 404.745880 1249.596191 19.999905
v 404.745850 1249.595947 -0.000094
v 352.836761 1271.097412 -0.000126
v 352.836761 1271.097534 19.999905
v -340.195068 1207.542480 699.999878
v -352.818420 1271.098877 699.999634
v -337.385742 1193.419556 797.768433
v -337.385803 1193.419434 743.884094
v -334.576477 1179.296387 878.510925
v -334.576447 1179.296387 797.768433
v -340.195099 1207.542480 743.884094
v -346.710541 1256.322510 412.392914
v -346.710541 1256.322510 399.999542
v -398.627899 1234.812012 399.999481
v -404.746063 1249.595703 699.999512
v -410.868896 1264.377808 699.999268
v -410.868958 1264.378052 437.179657
v -774.232605 1113.868164 437.179688
v -774.232544 1113.867920 699.999634
v -352.817932 1271.100342 399.999603
v -404.746063 1249.595947 399.999512
v -349.772339 1263.713135 424.786194
v -352.834290 1271.104126 437.179718
v -404.746063 1249.595825 437.179657
v -768.109619 1099.085815 437.179657
v -814.967773 1071.433716 424.786469
v -820.018677 1077.587891 437.179840
v -404.745941 1249.595947 299.999634
v -352.836884 1271.097290 19.999853
v -404.745911 1249.596191 19.999825
v -352.836884 1271.097168 -0.000177
v -404.745941 1249.595581 -0.000143
v -400.459991 1239.248535 19.999819
v -400.459778 1239.248169 299.999786
v -400.460022 1239.248169 -0.000148
v -411.546356 1234.655884 286.577026
v -411.546631 1234.656128 19.999859
v -411.546631 1234.656128 -0.000154
v -413.689423 1239.829590 286.577057
v -413.689545 1239.829956 19.999859
v -413.689575 1239.829712 -0.000148
v -424.775970 1235.237427 273.154205
v -424.776093 1235.237671 19.999859
v -424.776093 1235.237671 -0.000150
v -426.918945 1240.411133 273.154205
v -426.919037 1240.411499 19.999853
v -426.919006 1240.411499 -0.000141
v -809.916931 1065.279785 412.393036
v -768.109619 1099.085815 699.999512
v -820.018677 1077.584106 699.999573
v -859.748108 1037.854614 699.999512
v -859.748230 1037.854614 437.179901
v -768.109497 1099.085815 19.999853
v -768.109619 1099.085693 -0.000118
v -859.748230 1037.854980 19.999853
v -859.748413 1037.854736 -0.000108
v -784.017761 1023.705261 700.000000
v -768.017517 999.759033 797.768433
v -768.017273 999.759216 878.510864
v -776.017517 1011.732056 797.768433
v -776.017517 1011.732056 743.884155
v -784.017700 1023.705261 743.884155
v -752.736877 1093.330444 286.577057
v -763.823425 1088.738281 299.999786
v -754.879883 1098.504272 286.577057
v -743.793274 1103.096680 273.154205
v -745.936340 1108.270142 273.154236
v -761.997070 1084.299683 399.999573
v -743.793396 1103.096191 19.999868
v -745.936401 1108.269897 19.999866
v -743.793396 1103.096191 -0.000115
v -745.936340 1108.269897 -0.000121
v -754.880005 1098.504395 19.999880
v -754.880005 1098.504150 -0.000117
v -752.737000 1093.330444 19.999874
v -752.737000 1093.330322 -0.000115
v -763.823364 1088.738281 19.999849
v -763.823608 1088.738159 -0.000113
v -768.109497 1099.085938 299.999695
v -809.916931 1065.279785 399.999664
v -768.109741 1099.085815 399.999603
v -820.018738 1077.586426 399.999664
v -859.748230 1037.854980 299.999786
v -859.748230 1037.854614 399.999786
v -1137.854492 759.748291 699.999878
v -1137.854736 759.748352 399.999908
v -1164.280518 711.129822 399.999786
v -1177.583984 720.018799 399.999878
v -1137.854614 759.748535 437.180054
v -1170.932251 715.574463 424.786560
v -1177.584106 720.019043 437.179962
v -851.828735 1029.935547 19.999859
v -851.828735 1029.935425 299.999786
v -851.828796 1029.935181 -0.000111
v -860.313965 1021.450073 286.577057
v -860.314087 1021.450012 19.999891
v -860.314087 1021.449951 -0.000111
v -864.273804 1025.409668 286.577057
v -864.273865 1025.409790 19.999895
v -864.273865 1025.409668 -0.000109
v -871.061829 1049.168335 699.999573
v -871.061951 1049.168335 437.179901
v -872.758972 1016.924683 273.154205
v -872.759094 1016.924622 19.999891
v -872.759094 1016.924438 -0.000107
v -876.700073 1020.900024 19.999891
v -876.700012 1020.899963 -0.000096
v -876.701355 1020.901489 273.154205
v -1099.734497 668.053406 797.768433
v -1099.734619 668.053406 878.510864
v -1111.717407 676.039124 797.768433
v -1111.717407 676.039124 743.884155
v -1123.698730 684.027161 743.884155
v -920.985168 1065.097168 -0.000091
v -920.985229 1065.097168 19.999882
v -920.969421 1065.116089 273.154144
v -1121.449707 760.313904 286.577118
v -1129.935059 751.828674 299.999878
v -1137.854492 759.748474 299.999908
v -1125.409668 764.273682 286.577118
v -1149.168457 771.062195 437.180054
v -1116.924316 772.759155 273.154297
v -1149.168335 771.062012 699.999878
v -1120.884033 776.718811 273.154297
v -1199.085449 668.109802 299.999908
v -1199.085449 668.109802 341.799896
v -1199.085571 668.109802 399.999908
v -1116.924316 772.759094 19.999939
v -1120.899902 776.700134 19.999918
v -1116.924316 772.758972 -0.000070
v -1120.899902 776.700073 -0.000069
v -1125.409668 764.273865 19.999931
v -1125.409668 764.273682 -0.000068
v -1121.450073 760.313904 19.999935
v -1121.450073 760.313843 -0.000072
v -1129.935059 751.828857 19.999905
v -1129.935303 751.828552 -0.000071
v -1137.854736 759.748474 19.999905
v -1137.854858 759.748169 -0.000063
v -1165.185303 820.897339 19.999907
v -1165.169434 820.916138 273.154236
v -1165.185303 820.897278 -0.000073
v -1164.280518 711.129883 412.393219
v -1199.085449 668.109802 19.999918
v -1199.085571 668.109863 437.179962
v -1199.085693 668.109558 -0.000048
v -1355.813110 248.104004 412.393463
v -1355.812988 248.104004 400.000092
v -1349.595581 304.746002 400.000000
v -1281.758667 224.917206 797.768494
v -1281.758301 224.917206 878.510925
v -1295.484619 229.270599 797.768433
v -1295.484497 229.270554 743.884216
v -1309.216187 233.607758 743.884216
v -1349.595703 304.746033 437.180084
v -1363.455078 250.470413 424.786591
v -1371.097168 252.836914 437.180084
v -1188.738037 663.823608 368.679749
v -1193.330200 652.737061 355.256989
v -1188.738281 663.823853 19.999918
v -1193.330444 652.737061 19.999949
v -1188.738281 663.823608 -0.000052
v -1193.330444 652.737000 -0.000052
v -1188.738037 663.823608 299.999878
v -1198.503906 654.880127 355.256989
v -1198.504150 654.880127 19.999954
v -1198.504150 654.880066 -0.000050
v -1203.096191 643.793518 341.834167
v -1203.096313 643.793640 19.999950
v -1203.096436 643.793579 -0.000050
v -1213.867676 674.232666 699.999878
v -1213.867798 674.232849 437.179962
v -1208.552979 646.053894 19.999947
v -1208.552979 646.053772 341.834167
v -1231.068237 655.379883 -0.000049
v -1231.068237 655.379883 19.999945
v -1334.656128 311.546417 355.257050
v -1339.248047 300.459991 368.679840
v -1339.829712 313.689453 355.257050
v -1335.237549 324.776001 341.834198
v -1340.689087 327.034088 341.799896
v -1349.595459 304.746063 341.799957
v -1349.595703 304.746033 700.000061
v -1364.377686 310.868927 700.000000
v -1405.800049 -312.688019 797.768372
v -1405.799805 -312.688232 878.510864
v -1416.859619 -303.466217 797.768311
v -1364.377808 310.868958 437.180054
v -1371.097168 252.836914 700.000000
v -1416.859741 -303.466095 743.884094
v -1334.656128 311.546356 19.999996
v -1339.248535 300.459930 19.999975
v -1334.656128 311.546356 0.000010
v -1339.248413 300.459778 0.000007
v -1339.829956 313.689423 20.000006
v -1339.829834 313.689423 0.000009
v -1335.237549 324.775970 19.999994
v -1335.237549 324.775970 0.000010
v -1340.689087 327.034119 19.999994
v -1363.198975 336.358002 -0.000008
v -1363.198975 336.358002 20.000006
v -1349.595459 304.746033 368.679810
v -1349.595581 304.746063 19.999977
v -1349.595703 304.745911 0.000011
v -1427.923096 -294.248230 743.884155
v -1371.096802 252.836960 399.999847
v -1382.949097 196.651001 300.000000
v -1382.949097 196.650970 19.999992
v -1382.949097 196.650894 437.180115
v -1465.911987 -196.651001 437.180115
v -1471.648682 -257.951630 424.790375
v -1477.799805 -252.836868 437.183777
v -1371.990112 194.339355 299.999969
v -1374.466919 182.597580 286.577209
v -1371.990112 194.339325 19.999994
v -1374.466919 182.597519 20.000031
v -1371.990356 194.339157 0.000024
v -1374.466919 182.597519 0.000025
v -1382.948975 196.650803 0.000029
v -1379.946533 183.753418 286.577209
v -1379.946533 183.753357 20.000036
v -1379.946533 183.753357 0.000028
v -1382.948975 196.650879 399.999969
v -1382.949097 196.650940 700.000061
v -1465.911865 -196.650833 700.000000
v -1465.911865 -196.651062 400.000000
v -1465.528198 -263.103363 400.003357
v -1477.787720 -252.836990 400.001404
v -1465.531494 -263.107147 412.397034
v -1382.423096 172.011780 273.154419
v -1382.423096 172.011719 20.000023
v -1382.423096 172.011749 0.000030
v -1387.902588 173.167633 273.154358
v -1387.902588 173.167603 20.000006
v -1387.902466 173.167648 -0.000016
v -1398.604492 199.953308 700.000000
v -1398.604248 199.953262 437.180054
v -1397.598877 127.200798 0.000005
v -1397.598877 127.200821 19.999987
v -1452.476440 -187.221024 286.577271
v -1454.953125 -198.962494 300.000031
v -1409.340332 129.677567 0.000005
v -1409.340332 129.677536 19.999987
v -1481.567505 -193.348633 437.180084
v -1481.567383 -193.348480 700.000000
v -1457.955933 -186.065201 286.577271
v -1455.479248 -174.323608 273.154419
v -1465.911865 -196.650848 300.000031
v -1460.958496 -173.167831 273.154358
v -2759.012939 -860.759949 742.973511
v -1451.262451 -127.201096 0.000025
v -1451.262451 -127.201126 20.000006
v -1460.958496 -173.167877 0.000009
v -1460.958496 -173.167862 20.000044
v -1452.476440 -187.221100 20.000093
v -1454.953247 -198.962555 20.000055
v -1452.476562 -187.221069 0.000086
v -1454.953491 -198.962692 0.000088
v -1457.955933 -186.065277 20.000088
v -1457.955933 -186.065247 0.000088
v -1463.003906 -124.724304 20.000006
v -1463.003906 -124.724319 0.000024
v -1455.479126 -174.323639 20.000076
v -1455.479248 -174.323654 0.000089
v -1465.911865 -196.650986 20.000061
v -1465.912109 -196.651031 0.000093
v -1477.799805 -252.836945 20.000071
v -1477.799805 -252.836929 0.000072
v -2783.915527 -800.936401 -0.910359
v -1993.654663 -470.662689 -0.455141
v -2783.915039 -800.936462 20.000101
v -1993.654663 -470.662659 20.000080
v -2771.646240 -811.206360 412.100647
v -2771.646973 -811.206482 399.090729
v -2783.915527 -800.936401 399.089569
v -2777.764160 -806.050903 425.109985
v -2783.915283 -800.936157 438.119415
v -2753.370361 -874.008179 796.857727
v -2747.699463 -887.244995 796.857788
v -2747.699463 -887.244995 877.600220
v -2753.370361 -874.008118 742.973511
v 266.111755 1722.071655 369.976532
v 266.111816 1722.071411 349.976868
v 266.101624 1367.267090 369.999817
v 163.493271 1722.054932 369.953461
v 163.493271 1722.054932 349.953613
v 163.493271 1726.592041 349.953552
v 163.493256 1726.592041 369.953461
v 266.101562 1367.267090 349.999817
v 286.099823 1270.400024 19.999926
v 286.099792 946.000122 20.009922
v 286.099823 1270.400024 -0.000119
v 286.099823 946.000122 -0.000095
v 266.099823 946.000061 20.014912
v 266.099854 946.000061 -0.000085
v 266.102081 1367.267212 566.652954
v 258.099976 1367.267456 566.653076
v 266.111633 1722.071411 566.630066
v 258.100098 1716.398682 566.653442
v 266.102814 1727.655518 566.653442
v -352.836884 1722.054932 566.653259
v -352.837006 1727.655029 566.653076
v -344.799988 1716.398315 566.653320
v -352.813721 1367.267212 566.653015
v -344.799988 1367.267456 566.652954
v -344.799988 1367.267456 580.396301
v -344.799957 1716.398315 580.396667
v -336.800018 1710.765869 580.396667
v 250.100021 1710.760620 580.396790
v 258.099976 1716.398682 580.396790
v 250.099960 1710.760620 594.140076
v -336.800018 1710.765869 594.140015
v -328.800018 1705.158081 594.140015
v -336.799988 1367.300171 594.139648
v -336.799988 1367.300171 580.396240
v -328.799988 1367.267456 594.139709
v -328.799988 1367.267456 607.883057
v -328.799988 1705.158081 607.883423
v 242.099976 1705.142456 607.883362
v 242.100067 1705.142456 594.140015
v 242.100098 1367.267456 607.883423
v 242.099884 1367.267456 594.140137
v 250.100098 1367.267456 594.139893
v 250.099915 1367.267456 580.396545
v 258.100098 1367.267456 580.396362
v -0.000070 1439.999878 299.999756
v -352.810822 1440.000000 299.999603
v -352.813782 1440.000122 349.999725
v -352.813782 1440.000244 369.999786
v -0.000080 1440.000000 349.999786
v -352.836853 1722.055054 369.999756
v -352.836884 1722.054932 349.999817
v -0.001179 1722.054810 369.999664
v -0.001173 1722.054810 349.999817
v -0.000587 1727.642090 349.976532
v -0.001179 1727.629028 369.999634
v -0.000124 1439.999878 -0.000192
v -0.000337 2012.412964 -0.000011
v -0.000083 1440.000122 19.999914
v -0.000328 2012.413330 19.999855
v -352.836914 2012.412964 0.000233
v -352.836853 2012.412842 19.999844
v -352.808136 1440.000244 19.999887
v -352.807800 1440.000000 -0.000039
v -0.000055 946.000061 20.014929
v 0.000003 945.999939 -0.000077
v -19.999992 946.000061 20.009935
v -19.999949 946.000061 -0.000082
v -19.999985 1440.000122 -0.000119
v -19.999983 1440.000122 19.999941
vn -0.9247 -0.3807 -0.0019
vn 0.0334 -0.0813 -0.9961
vn -0.3841 0.9233 -0.0002
vn -0.9231 -0.3845 -0.0000
vn -0.9785 -0.2064 -0.0000
vn -0.9784 -0.2064 0.0139
vn 0.9430 0.1805 -0.2797
vn 0.7427 0.2350 -0.6271
vn 0.6036 -0.7940 -0.0723
vn 0.5544 -0.8296 -0.0658
vn 0.9785 -0.2064 -0.0000
vn 0.9239 -0.3827 -0.0000
vn -0.9239 -0.3827 -0.0000
vn 0.7660 -0.6428 -0.0000
vn 0.4859 -0.8687 0.0966
vn 0.8696 -0.4938 -0.0029
vn 0.8697 -0.4936 -0.0000
vn -0.5299 -0.7346 -0.4238
vn -0.4051 0.8847 -0.2305
vn -0.6270 -0.6945 -0.3530
vn -0.6239 -0.7815 -0.0000
vn -0.7071 -0.7071 -0.0000
vn 0.3870 -0.9221 -0.0001
vn 0.2718 -0.6664 0.6943
vn 0.1518 -0.8417 0.5181
vn 0.3550 -0.8670 -0.3497
vn -0.0000 -0.0000 -1.0000
vn -0.6048 -0.3316 -0.7241
vn -0.7500 0.1117 -0.6519
vn 0.5988 -0.2480 -0.7615
vn 0.8857 -0.3668 -0.2847
vn 0.9239 -0.3827 0.0001
vn -0.6028 -0.5543 -0.5739
vn -0.9555 -0.2948 0.0069
vn -0.9680 -0.2510 -0.0000
vn 0.2635 -0.6158 -0.7425
vn 0.3896 -0.9210 -0.0006
vn -0.0497 0.3365 -0.9404
vn 0.2792 -0.9597 0.0333
vn -0.5999 0.7304 0.3266
vn -0.5155 -0.3310 -0.7904
vn -0.5228 -0.5743 -0.6299
vn -0.9002 0.4354 0.0056
vn -0.6874 -0.7263 -0.0000
vn -0.7000 -0.7141 0.0003
vn 0.7313 -0.6819 -0.0170
vn 0.7411 -0.6711 -0.0196
vn 0.3827 -0.9239 -0.0000
vn 0.8209 -0.4690 -0.3260
vn -0.4881 -0.5385 -0.6868
vn -0.2369 -0.9702 -0.0514
vn 0.7031 -0.4938 -0.5117
vn 0.2652 -0.4786 -0.8370
vn -0.1697 -0.8550 -0.4901
vn -0.9532 -0.3023 -0.0000
vn -0.8676 -0.4973 -0.0000
vn 0.4789 -0.3955 0.7838
vn 0.5147 -0.7241 0.4591
vn 0.8729 -0.4197 0.2488
vn 0.7961 -0.4204 0.4352
vn -0.9747 0.1137 -0.1923
vn -0.7507 0.3382 -0.5675
vn -0.8314 -0.5555 0.0144
vn -0.1656 -0.8327 -0.5284
vn -0.6177 0.2839 -0.7334
vn 0.7404 -0.6239 -0.2502
vn 0.5986 -0.4303 -0.6756
vn -0.2231 -0.9748 -0.0000
vn 0.1667 -0.9860 -0.0000
vn 0.8314 -0.5555 0.0144
vn 0.2367 0.4858 -0.8414
vn 0.1208 -0.5501 -0.8263
vn 0.8709 -0.4913 -0.0095
vn -0.0434 -0.9099 0.4126
vn -0.5092 -0.5341 0.6749
vn -0.6905 -0.6306 0.3545
vn 0.8357 0.1181 -0.5363
vn -0.8160 -0.5261 -0.2393
vn -0.2610 -0.3905 -0.8828
vn -0.3704 -0.9137 0.1674
vn 0.9763 -0.2166 -0.0000
vn -0.3827 -0.9239 -0.0000
vn -0.3826 -0.9238 -0.0139
vn 0.4617 -0.8870 -0.0000
vn 0.3669 -0.8857 0.2846
vn 0.1161 -0.9875 0.1067
vn 0.3856 -0.9227 -0.0000
vn -0.9384 0.3456 0.0007
vn -0.3620 -0.8493 -0.3842
vn 0.0147 0.0357 -0.9993
vn -0.3937 -0.9193 0.0004
vn -0.4393 -0.7668 -0.4680
vn -0.3272 -0.0557 -0.9433
vn -0.7071 -0.7071 -0.0001
vn -0.6966 -0.6967 0.1712
vn 0.6572 -0.7177 0.2302
vn 0.5014 -0.0363 0.8645
vn -0.0198 -0.7413 -0.6709
vn 0.5029 -0.8644 -0.0000
vn -0.3827 -0.9239 0.0001
vn -0.3770 -0.9102 0.1713
vn -0.6772 0.7324 0.0708
vn -0.3344 -0.9410 -0.0513
vn 0.7203 0.3500 0.5990
vn 0.0302 0.7284 0.6845
vn -0.6362 -0.7678 -0.0765
vn -0.5542 -0.8298 -0.0658
vn 0.7071 -0.7071 -0.0000
vn -0.6165 -0.0001 0.7873
vn -0.1306 -0.0552 -0.9899
vn 0.0596 -0.1278 -0.9900
vn -0.2049 0.1034 -0.9733
vn -0.3918 -0.7233 -0.5686
vn -0.5768 -0.8161 0.0361
vn -0.9239 0.3827 -0.0000
vn -0.2706 -0.6532 0.7072
vn -0.3870 -0.9221 -0.0001
vn -0.1429 -0.9560 -0.2561
vn 0.0844 -0.9408 0.3282
vn 0.5556 -0.8315 -0.0000
vn 0.4988 -0.8667 -0.0000
vn 0.9783 -0.2070 -0.0000
vn 0.9783 -0.2070 -0.0004
vn 0.0173 -0.9995 -0.0260
vn 0.5351 -0.2688 -0.8009
vn -0.7475 -0.6363 0.1907
vn -0.4748 -0.8495 0.2302
vn -0.8807 -0.3648 -0.3022
vn -0.7487 -0.6629 -0.0005
vn 0.1429 -0.9897 0.0035
vn 0.9555 -0.2948 0.0069
vn 0.3996 -0.8502 0.3429
vn -0.7227 0.4810 -0.4963
vn -0.0684 -0.0624 0.9957
vn 0.9903 0.0171 0.1381
vn -0.0297 -0.8145 0.5793
vn -0.2323 -0.7560 -0.6120
vn 0.8547 -0.3540 -0.3797
vn 0.3616 -0.1498 -0.9202
vn 0.9068 -0.1913 0.3757
vn 0.3947 -0.0839 0.9150
vn 0.7638 -0.4748 0.4372
vn 0.9175 -0.3045 0.2560
vn 0.7942 -0.1152 0.5966
vn 0.9532 -0.3023 -0.0000
vn 0.3295 0.0664 -0.9418
vn -0.7070 -0.7070 0.0139
vn 0.6932 -0.4965 -0.5224
vn -0.0000 -0.9992 -0.0409
vn 0.2481 -0.5990 -0.7613
vn 0.3668 -0.8857 -0.2847
vn 0.3827 -0.9239 0.0001
vn -0.0001 0.0005 -1.0000
vn -0.9446 -0.3219 0.0638
vn -0.9784 -0.2064 -0.0139
vn -0.4134 -0.9100 0.0331
vn 0.1728 0.3474 0.9217
vn -0.6099 -0.7925 -0.0000
vn -0.7931 -0.6092 -0.0000
vn -0.8678 -0.4970 -0.0000
vn 0.9054 -0.1910 0.3791
vn 0.3852 -0.0812 0.9193
vn 0.9821 -0.1883 -0.0000
vn 0.6277 -0.2087 -0.7500
vn 0.4818 -0.5637 -0.6709
vn 0.5212 0.3547 0.7762
vn -0.4506 -0.8570 -0.2501
vn 0.1291 -0.9916 -0.0000
vn 0.4551 0.0923 -0.8856
vn -0.7367 -0.5961 0.3194
vn -0.8023 0.3300 0.4975
vn 0.0840 0.0153 0.9963
vn -0.8599 -0.2692 0.4338
vn -0.0204 -0.7179 -0.6959
vn -0.6609 0.5799 -0.4765
vn -0.5859 -0.7202 0.3716
vn -0.9238 -0.3827 -0.0139
vn 0.8712 -0.3609 0.3327
vn 0.4855 -0.2011 0.8508
vn 0.9446 -0.3282 -0.0000
vn 0.7929 -0.6094 -0.0000
vn -0.9706 -0.2375 -0.0403
vn -0.8030 -0.5715 0.1691
vn 0.1937 -0.9133 -0.3583
vn -0.9850 -0.1677 0.0392
vn -0.9789 -0.2045 -0.0000
vn 0.2046 -0.9788 -0.0000
vn 0.8288 -0.4157 0.3744
vn 0.7939 -0.4726 0.3826
vn 0.9764 -0.2160 -0.0000
vn -0.9780 -0.2088 -0.0000
vn -0.2081 0.9781 -0.0003
vn -0.2069 0.9784 -0.0000
vn -0.9239 -0.3826 -0.0001
vn -0.3771 0.9262 -0.0000
vn -0.9820 -0.0084 0.1885
vn 0.2232 -0.8803 -0.4187
vn -0.2118 -0.9230 0.3211
vn 0.5765 0.6345 -0.5148
vn -0.3387 -0.7502 0.5679
vn 0.2783 -0.2782 0.9193
vn 0.6543 -0.6544 0.3791
vn 0.7071 -0.7072 -0.0000
vn 0.5142 -0.1085 0.8508
vn 0.9227 -0.1946 0.3328
vn -0.7312 -0.4500 0.5127
vn -0.7949 -0.2738 0.5415
vn 0.8401 -0.4720 0.2673
vn 0.4160 -0.8277 0.3765
vn -0.1163 -0.9540 0.2762
vn 0.0363 -0.0375 -0.9986
vn 0.4012 -0.7123 -0.5760
vn 0.6270 -0.6944 -0.3531
vn 0.3882 -0.9211 -0.0305
vn 0.3165 -0.5587 0.7666
vn 0.5339 -0.3083 0.7873
vn -0.6801 -0.7331 -0.0000
vn 0.5989 -0.0255 -0.8005
vn 0.8531 -0.5217 -0.0000
vn 0.9826 -0.1776 -0.0547
vn 0.1361 0.9882 -0.0705
vn 0.0564 -0.0860 -0.9947
vn 0.0004 0.0003 -1.0000
vn 0.7562 -0.2718 -0.5952
vn -0.1755 -0.8822 -0.4369
vn -0.6491 0.2604 -0.7148
vn 0.9463 -0.3234 -0.0000
vn 0.8528 0.0066 -0.5222
vn 0.5607 -0.7246 0.4008
vn -0.0001 -0.0003 -1.0000
vn 0.9453 -0.3192 0.0672
vn -0.9446 -0.3282 -0.0000
vn 0.6085 -0.7772 0.1603
vn 0.5184 -0.8148 -0.2597
vn 0.3808 -0.9233 0.0503
vn -0.8359 -0.4645 0.2925
vn -0.9543 0.2956 -0.0438
vn -0.9463 -0.3234 -0.0000
vn 0.7040 0.7102 -0.0000
vn 0.7049 0.7094 -0.0001
vn 0.7061 -0.7081 0.0001
vn 0.7071 -0.7071 0.0001
vn -0.2507 -0.5502 0.7965
vn -0.0065 -0.0151 -0.9999
vn -0.3936 -0.9193 -0.0000
vn -0.2064 -0.9785 -0.0000
vn 0.9227 -0.1946 0.3327
vn -0.6740 -0.6740 -0.3023
vn -0.4380 -0.8990 -0.0001
vn 0.8547 -0.3540 0.3797
vn 0.3616 -0.1498 0.9202
vn -0.0900 -0.0889 -0.9920
vn 0.6779 -0.7341 0.0393
vn -0.7357 0.6773 0.0058
vn -0.7040 0.7070 0.0683
vn -0.7090 -0.7052 0.0003
vn -0.7184 0.6954 -0.0163
vn 0.2721 -0.6580 0.7022
vn -0.0081 -0.9556 0.2946
vn 0.2098 -0.8824 0.4210
vn -0.2936 -0.6370 0.7128
vn -0.7101 -0.7041 -0.0000
vn 0.7071 -0.7071 -0.0001
vn -0.7088 -0.7054 -0.0025
vn -0.8190 0.2038 -0.5364
vn -0.0411 0.8563 -0.5148
vn 0.7933 0.6088 -0.0000
vn 0.3855 -0.9227 -0.0000
vn -0.9244 -0.3814 -0.0000
vn 0.3865 -0.9223 -0.0000
vn 0.0109 -0.0519 -0.9986
vn -0.9690 -0.2440 0.0388
vn -0.2706 -0.6533 -0.7071
vn -0.6744 0.2165 -0.7059
vn 0.0484 -0.0200 -0.9986
vn -0.7071 -0.7071 0.0001
vn -0.6966 -0.6967 -0.1713
vn 0.6367 0.5544 -0.5360
vn -0.9970 0.0633 -0.0448
vn -0.7953 -0.6062 -0.0000
vn 0.6445 0.7157 0.2690
vn 0.8972 -0.3318 0.2914
vn -0.0419 -0.1020 -0.9939
vn -0.9416 -0.3325 -0.0532
vn 0.5194 -0.6765 -0.5220
vn -0.4200 -0.9066 0.0410
vn -0.3827 -0.9239 -0.0001
vn 0.9226 -0.3822 0.0524
vn 0.8004 0.2685 -0.5360
vn 0.3819 -0.9220 0.0641
vn 0.9056 -0.1910 -0.3788
vn 0.9785 -0.2064 0.0001
vn 0.3857 -0.0814 -0.9190
vn 0.0005 0.0004 -1.0000
vn 0.7953 -0.6062 -0.0000
vn 0.8305 -0.1935 -0.5224
vn -0.0265 -0.9102 0.4133
vn 0.7057 -0.7057 0.0641
vn -0.3819 -0.9242 -0.0000
vn -0.9239 0.3826 -0.0000
vn -0.8020 -0.5749 -0.1620
vn -0.9238 -0.3819 0.0271
vn -0.9244 -0.3812 0.0126
vn -0.2236 -0.8898 -0.3977
vn -1.0000 -0.0029 -0.0000
vn -0.7132 0.7010 -0.0000
vn -0.9982 -0.0596 -0.0000
vn -0.9236 -0.3826 0.0264
vn -0.9239 -0.3827 -0.0001
vn -0.1811 -0.2710 0.9454
vn -0.5556 -0.8315 -0.0000
vn -0.6234 -0.7775 -0.0832
vn 0.3824 -0.9231 -0.0409
vn 0.9426 -0.3291 -0.0566
vn 0.9674 -0.1874 0.1707
vn 0.2892 -0.6880 0.6656
vn 0.2922 -0.6957 0.6562
vn 0.8271 -0.3878 0.4068
vn 0.3827 0.9239 -0.0000
vn 0.8676 -0.4973 -0.0000
vn 0.6668 -0.6668 0.3327
vn 0.3716 -0.3716 0.8508
vn 0.6779 -0.6779 0.2846
vn -0.8450 -0.3261 -0.4238
vn -0.7094 -0.7029 0.0522
vn -0.7065 -0.7077 -0.0000
vn -0.9238 -0.3827 0.0139
vn -0.9102 -0.3770 -0.1712
vn -0.3648 -0.8807 -0.3022
vn -0.0606 -0.9982 -0.0000
vn 0.3541 -0.8549 0.3791
vn 0.3827 -0.9239 -0.0001
vn 0.1507 -0.3637 0.9193
vn 0.3090 -0.9272 0.2116
vn 0.6164 -0.5061 -0.6033
vn -0.3648 -0.8807 0.3022
vn -0.9327 -0.1967 -0.3023
vn -0.9783 -0.2070 -0.0001
vn -0.9783 -0.2070 -0.0000
vn -0.7070 -0.7071 -0.0139
vn 0.9529 -0.3034 -0.0000
vn 0.9442 -0.3293 -0.0000
vn 0.7930 -0.6092 -0.0000
vn 0.8323 -0.5544 -0.0000
vn -0.2720 -0.6580 0.7022
vn 0.9246 -0.3809 -0.0019
vn -0.0302 -0.0827 -0.9961
vn -0.7929 -0.6094 -0.0000
vn -0.6981 -0.2799 -0.6590
vn -0.4843 -0.8010 0.3520
vn -0.9744 -0.2248 -0.0000
vn -0.9608 -0.2773 -0.0000
vn -0.0652 -0.1573 -0.9854
vn -0.3510 -0.8476 0.3980
vn -0.8994 -0.4370 -0.0000
vn -0.9453 -0.3231 -0.0448
vn -0.6820 -0.7295 -0.0516
vn -0.4012 -0.9160 -0.0000
vn -0.3826 -0.9239 -0.0000
vn 0.7064 0.7078 -0.0001
vn -0.3856 -0.9227 -0.0000
vn -0.4303 -0.9027 0.0009
vn -0.9640 -0.2034 0.1713
vn 0.5000 -0.8660 -0.0000
vn 0.2653 -0.6924 -0.6709
vn -0.3166 -0.2649 -0.9108
vn 0.2963 -0.5913 -0.7500
vn 0.0788 -0.9834 0.1633
vn -0.4637 -0.5337 -0.7072
vn -0.7069 -0.7069 -0.0264
vn -0.9239 -0.3827 0.0001
vn -0.8806 -0.3648 0.3023
vn 0.9782 -0.2077 -0.0001
vn -0.0294 0.3566 -0.9338
vn 0.3768 -0.9263 -0.0001
vn 0.3854 -0.9228 0.0001
vn -0.6267 0.6106 -0.4843
vn -0.2812 -0.2311 -0.9314
vn -0.9226 0.3821 -0.0522
vn 0.9227 -0.1946 -0.3327
vn 0.5142 -0.1085 -0.8508
vn 0.3511 -0.8475 0.3981
vn 0.3210 -0.9449 0.0650
vn -0.0001 -0.0001 -1.0000
vn 0.0806 0.0334 -0.9962
vn 0.3827 -0.9239 -0.0002
vn -0.1145 -0.9074 0.4045
vn -0.0423 0.5130 0.8574
vn 0.3143 0.7100 -0.6302
vn -0.0005 0.0004 -1.0000
vn -0.0000 -0.0003 -1.0000
vn -0.0008 0.0002 -1.0000
vn 0.3936 -0.9193 -0.0000
vn -0.4609 -0.0156 -0.8873
vn 0.8370 0.2908 -0.4635
vn 0.8937 -0.4486 -0.0001
vn -0.6059 0.1010 -0.7891
vn -0.5120 -0.7056 -0.4899
vn 0.9192 -0.3935 -0.0171
vn -0.2396 0.7198 -0.6515
vn -0.9327 -0.1967 0.3023
vn -0.9785 -0.2064 0.0001
vn -0.0766 -0.5892 0.8044
vn 0.9232 0.3709 0.1006
vn -0.6741 -0.6741 0.3021
vn 0.9461 -0.3239 -0.0000
vn 0.9555 -0.2948 0.0035
vn 0.9646 -0.2638 -0.0000
vn 0.6071 -0.6444 0.4649
vn 0.0371 -0.0159 -0.9992
vn -0.0409 0.8563 -0.5148
vn 0.6239 -0.7815 -0.0026
vn 0.6146 -0.7888 -0.0000
vn 0.3541 -0.8549 -0.3791
vn 0.3828 -0.9238 -0.0000
vn 0.1506 -0.3637 -0.9193
vn 0.2897 0.8069 -0.5148
vn 0.7071 0.7071 -0.0000
vn 0.4855 -0.2011 -0.8508
vn 0.8712 -0.3609 -0.3328
vn -0.6943 -0.7197 -0.0000
vn -0.8034 -0.5726 -0.1630
vn 0.0370 -0.0370 -0.9986
vn 0.9054 -0.1910 -0.3791
vn 0.3852 -0.0812 -0.9193
vn -0.5555 -0.8314 0.0145
vn 0.7173 -0.1354 -0.6835
vn 0.9782 -0.2078 -0.0000
vn 0.5229 -0.8508 -0.0523
vn 0.3734 -0.9277 -0.0000
vn 0.3826 -0.9239 -0.0000
vn -0.6408 0.2691 -0.7190
vn -0.9782 -0.2078 -0.0000
vn -0.3858 -0.9226 -0.0001
vn -0.9102 -0.3770 0.1713
vn -0.3826 -0.9238 0.0139
vn 0.9574 0.1610 -0.2395
vn 0.9200 -0.3919 -0.0000
vn 0.9380 -0.1979 -0.2846
vn 0.6342 -0.1338 -0.7615
vn -0.2620 -0.6930 0.6716
vn -0.9784 -0.2068 -0.0000
vn -0.9460 -0.3242 0.0001
vn 0.9239 0.3827 -0.0000
vn 0.7064 0.7078 -0.0000
vn 0.7041 0.7101 0.0010
vn -0.3826 -0.9236 -0.0264
vn 0.3857 -0.0814 0.9190
vn 0.9055 -0.1910 0.3789
vn -0.9174 -0.3980 -0.0011
vn -0.8345 -0.5506 0.0212
vn 0.6093 0.6494 -0.4550
vn -0.3544 -0.8530 -0.3831
vn 0.8978 -0.4405 -0.0000
vn -0.3250 -0.7884 0.5223
vn 0.6272 -0.6889 -0.3633
vn 0.6341 -0.1344 0.7615
vn 0.9380 -0.1979 0.2847
vn 0.9785 -0.2064 -0.0001
vn -0.9236 -0.3826 -0.0264
vn 0.4583 -0.4583 -0.7615
vn 0.6779 -0.6778 -0.2847
vn -0.9561 -0.1500 0.2517
vn -0.9853 -0.1661 -0.0401
vn 0.9784 -0.2068 -0.0000
vn 0.3716 -0.3716 -0.8508
vn 0.6668 -0.6668 -0.3328
vn -0.1877 -0.3124 -0.9312
vn -0.9986 -0.0000 -0.0522
vn 0.2899 0.8068 -0.5148
vn -0.9823 -0.1871 -0.0000
vn -0.9785 -0.2063 -0.0000
vn -0.7071 -0.7072 -0.0000
vn -0.7212 -0.6928 -0.0000
vn 0.5764 0.6346 -0.5148
vn -0.7348 -0.6770 0.0410
vn 0.6601 -0.6601 -0.3585
vn -0.5341 -0.1225 -0.8365
vn 0.3878 -0.9218 -0.0000
vn -0.3670 -0.9302 -0.0000
vn -0.3472 -0.8661 -0.3596
vn 0.3609 -0.8713 0.3327
vn 0.2011 -0.4855 0.8508
vn -0.5590 0.1875 -0.8077
vn 0.9949 0.0737 -0.0687
vn -0.3813 -0.9245 -0.0000
vn 0.8857 -0.3669 0.2846
vn -0.9781 -0.2063 -0.0264
vn -0.9783 -0.2070 0.0001
vn -0.8293 -0.5541 0.0728
vn -0.8315 -0.5556 -0.0000
vn 0.3947 -0.0833 -0.9150
vn 0.9067 -0.1913 -0.3759
vn -0.9782 -0.2076 0.0001
vn -0.5061 -0.7276 -0.4632
vn -0.7064 -0.7078 -0.0000
vn -0.6266 0.6106 -0.4843
vn 0.3817 -0.9234 0.0392
vn 0.2011 -0.4855 -0.8508
vn 0.3609 -0.8712 -0.3328
vn 0.3828 -0.9238 0.0001
vn 0.3546 -0.8562 -0.3757
vn 0.1544 -0.3728 -0.9150
vn 0.6543 -0.6543 -0.3791
vn 0.2783 -0.2784 -0.9193
vn -0.9710 -0.2298 -0.0664
vn -0.3116 -0.0956 0.9454
vn -0.9555 -0.2948 -0.0000
vn 0.2060 -0.9785 -0.0000
vn 0.2064 0.9785 -0.0000
vn -0.9234 -0.3823 0.0330
vn -0.9246 -0.3787 -0.0407
vn 0.0431 0.1124 -0.9927
vn -0.7733 -0.6265 -0.0977
vn -0.3596 -0.6777 0.6414
vn -0.7071 -0.6880 0.1632
vn -0.3868 -0.9221 0.0119
vn 0.1544 -0.3727 0.9150
vn 0.3546 -0.8561 0.3759
vn -0.9640 -0.2033 -0.1715
vn 0.7851 0.6193 0.0087
vn 0.8315 -0.5554 0.0144
vn 0.7356 -0.6774 -0.0058
vn -0.4085 -0.8318 0.3758
vn 0.8358 0.1180 -0.5363
vn 0.0901 -0.8459 -0.5257
vn 0.6122 -0.3536 0.7072
vn 0.7638 -0.4749 0.4372
vn 0.7638 -0.4750 0.4371
vn 0.8628 0.0125 0.5055
vn 0.9175 -0.3045 0.2559
vn 0.8669 -0.2423 0.4357
vn 0.2484 0.8650 -0.4359
vn 0.7430 -0.6693 0.0009
vn 0.5555 -0.8314 0.0144
vn -0.7136 -0.5003 -0.4904
vn -0.7222 -0.6917 -0.0000
vn -0.3818 -0.9242 -0.0000
vn -0.9867 -0.1623 -0.0000
vn -0.9238 0.3829 -0.0000
vn -0.7136 -0.5002 -0.4905
vn -0.3189 -0.8047 -0.5008
vn -0.2236 -0.8899 -0.3977
vn -0.2706 -0.6533 0.7070
vn -0.9239 0.3827 -0.0001
vn -0.6731 -0.6234 -0.3977
vn 0.8272 -0.3878 0.4067
vn 0.1339 -0.9077 -0.3977
vn 0.6553 -0.6553 0.3757
vn 0.2853 -0.2854 0.9150
vn 0.6841 -0.5475 -0.4820
vn -0.0410 0.8563 -0.5148
vn 0.8977 -0.4405 -0.0000
vn -0.4949 0.4055 -0.7685
vn 0.6095 0.6494 -0.4547
vn -0.3828 -0.9238 -0.0001
vn -0.3546 -0.8530 -0.3830
vn -0.3543 -0.8531 -0.3831
vn 0.5610 -0.6936 -0.4520
vn 0.8977 -0.4406 -0.0000
vn 0.9783 -0.2073 0.0001
vn -0.3770 -0.9102 -0.1713
vn 0.2898 0.8068 -0.5148
vn -0.7070 -0.7072 -0.0000
vn -0.6851 -0.6006 0.4121
vn -0.8386 -0.5447 -0.0001
vn -0.9614 -0.0000 0.2752
vn -1.0000 -0.0000 -0.0000
vn 1.0000 -0.0000 -0.0003
vn -0.0000 -1.0000 -0.0000
vn 1.0000 -0.0000 -0.0000
vn -0.8349 -0.0000 -0.5504
vn -0.3471 0.0004 -0.9378
vn -0.1057 -0.3278 -0.9388
vn -0.4616 -0.8548 -0.2371
vn 0.2574 0.0013 -0.9663
vn -0.4700 -0.0024 -0.8827
vn -0.1743 0.0891 -0.9807
vn 0.1210 0.0568 -0.9910
vn -0.5849 -0.0482 -0.8097
vn -0.4072 -0.6773 -0.6128
vn -0.3486 -0.0000 -0.9373
vn 0.4119 -0.0000 -0.9112
vn 0.3895 -0.7512 -0.5328
vn 0.4785 -0.2760 -0.8336
vn 0.8553 -0.0000 -0.5181
vn -0.3347 -0.4738 -0.8145
vn 0.5248 -0.4983 -0.6901
vn 0.9037 -0.4282 -0.0004
vn 0.1671 -0.3765 -0.9112
vn 0.4116 -0.0000 -0.9114
vn 0.8553 -0.0000 -0.5182
vn 0.3897 -0.5430 -0.7438
vn -0.0909 -0.1737 -0.9806
vn -0.8485 -0.0000 -0.5292
vn -0.0000 0.0003 -1.0000
vn 0.2574 -0.0000 -0.9663
vn -0.0751 0.1862 -0.9796
vn -0.0000 -0.8944 0.4472
vn -0.0000 -0.3716 0.9284
vn -0.0001 -0.8480 0.5300
vn 0.3401 -0.9404 -0.0000
vn 1.0000 0.0001 -0.0000
vn 1.0000 -0.0001 -0.0000
vn -0.0000 -1.0000 0.0001
vn 0.0001 -1.0000 -0.0000
vn 0.9362 -0.3514 -0.0000
vn -0.0002 -0.3959 0.9183
vt -0.001259 -1.869234
vt -0.001259 -1.920712
vt 0.999412 -1.920712
vt 0.999412 -1.869234
vt 0.996463 -1.115293
vt 0.996463 -1.139696
vt -0.000763 -1.139696
vt -0.000763 -1.115293
vt 0.054865 -1.920712
vt 0.040053 -1.920712
vt 0.082793 -1.868358
vt 0.654306 -1.868358
vt 0.654306 -1.750519
vt 0.082793 -1.750519
vt 0.215941 -1.999105
vt 0.215940 -1.921317
vt 0.745115 -1.921317
vt 0.745115 -1.999105
vt 1.000000 -1.870337
vt 0.000000 -1.870339
vt 0.000000 -1.920339
vt 1.000000 -1.920336
vt 0.004972 -1.637719
vt 0.004972 -1.706297
vt 0.004427 -1.706297
vt 0.004427 -1.637719
vt -0.000763 -1.139156
vt 0.996463 -1.139156
vt 0.453802 -1.999105
vt 0.453802 -1.921317
vt 0.507254 -1.921317
vt 0.507254 -1.999105
vt 0.206533 -1.218609
vt 0.038499 -1.342707
vt 0.206218 -1.623587
vt 2.446413 -1.115293
vt 2.446413 -1.139801
vt 0.001895 -1.139801
vt 0.001895 -1.115293
vt 0.989675 -1.627735
vt 0.989675 -1.216112
vt 0.964571 -1.216112
vt 0.964571 -1.627735
vt 0.461104 -1.921317
vt 0.461104 -1.999105
vt 0.552092 -1.999105
vt 0.486104 -1.921317
vt -0.166027 -1.115293
vt -0.166027 -1.140076
vt 1.161317 -1.140076
vt 1.161317 -1.115293
vt 0.996463 -1.000716
vt -0.000763 -1.000716
vt 0.993826 -1.637719
vt 0.993826 -1.706297
vt 0.003690 -1.706297
vt 0.003690 -1.637719
vt 0.117558 -1.218609
vt 0.038811 -1.218609
vt 0.206533 -1.342934
vt -0.164922 -1.182324
vt 1.163670 -1.182322
vt 1.163670 -1.115293
vt -0.164922 -1.115293
vt 1.161317 -1.000433
vt -0.166027 -1.000433
vt 0.038811 -1.342947
vt 0.206218 -1.342707
vt 0.117244 -1.637719
vt 0.106156 -1.182400
vt 0.881765 -1.182400
vt 0.997616 -1.115293
vt 0.999412 -1.869275
vt -0.001259 -1.869275
vt 0.535588 -1.999105
vt 0.495079 -1.999105
vt 0.495078 -1.921317
vt 0.535588 -1.921317
vt -1.482374 -1.999105
vt -1.482374 -1.921317
vt 2.530959 -1.921317
vt 2.530960 -1.999105
vt 0.310546 -1.921317
vt 0.336693 -1.921317
vt 0.336693 -1.999105
vt 0.310546 -1.999105
vt 0.616542 -1.921317
vt 0.616542 -1.999105
vt 0.641654 -1.999105
vt 0.641654 -1.921317
vt 0.117244 -1.747340
vt 0.993826 -1.747340
vt 0.518417 -1.999105
vt 0.518417 -1.921317
vt 0.498799 -1.921317
vt 0.498800 -1.999105
vt 0.452157 -1.999105
vt 0.492656 -1.999105
vt 0.492656 -1.921317
vt 0.452157 -1.921317
vt 0.117905 -1.623587
vt 0.038499 -1.623587
vt 0.038499 -1.218609
vt 0.117905 -1.218609
vt 0.511485 -1.921317
vt 0.511485 -1.999105
vt 0.468858 -1.999105
vt 0.468858 -1.921317
vt 0.354364 -1.999105
vt 0.372231 -1.999105
vt 0.372231 -1.921317
vt 0.354363 -1.921317
vt 0.493086 -1.999105
vt 0.513120 -1.999105
vt 0.513119 -1.921317
vt 0.493085 -1.921317
vt 0.213573 -1.626437
vt 0.880505 -1.626437
vt 0.880505 -1.217911
vt 0.213573 -1.217911
vt 0.999412 -1.868713
vt 0.999412 -1.920543
vt 0.000259 -1.920543
vt 0.000259 -1.868713
vt 0.456762 -1.921317
vt 0.456762 -1.999105
vt 0.002681 -1.115293
vt 2.668054 -1.115293
vt 2.668054 -0.999936
vt 0.002681 -0.999936
vt 0.302960 -1.921317
vt 0.302960 -1.999105
vt 0.630544 -1.999105
vt 0.630544 -1.921317
vt 0.456883 -1.999105
vt 0.498775 -1.999105
vt 0.498775 -1.921317
vt 0.456883 -1.921317
vt 1.140261 -1.921317
vt 1.140261 -1.999105
vt -1.483560 -1.999105
vt -1.483560 -1.921317
vt 0.450158 -1.999105
vt 0.450158 -1.921317
vt 0.509704 -1.921317
vt 0.471305 -1.921317
vt 0.471306 -1.999105
vt 0.509705 -1.999105
vt 0.117244 -1.635689
vt 0.881890 -1.635689
vt 0.881890 -1.637719
vt 0.435808 -1.999105
vt 0.435808 -1.921317
vt 1.000000 -1.920335
vt 0.000000 -1.920339
vt 0.000000 -1.870340
vt 0.989675 -1.627735
vt 0.989675 -1.216112
vt 0.553050 -1.921317
vt 0.362045 -1.921317
vt 0.362046 -1.999105
vt 0.553051 -1.999105
vt 0.591125 -1.921317
vt 0.591125 -1.999105
vt 0.452912 -1.921317
vt 0.452912 -1.999105
vt 0.493055 -1.999105
vt 0.493055 -1.921317
vt 0.000505 -1.920545
vt 0.999412 -1.920542
vt 0.999412 -1.868388
vt 0.000505 -1.868392
vt 0.511555 -1.999105
vt 0.511555 -1.921317
vt 0.997616 -1.000716
vt 0.000390 -1.115293
vt 0.000390 -1.000716
vt 0.593104 -1.921317
vt 0.588593 -1.999105
vt 0.612923 -1.999105
vt 0.612923 -1.921317
vt 0.584131 -1.921317
vt 0.565594 -1.999105
vt 0.877838 -1.182400
vt 0.105981 -1.182400
vt 0.989675 -1.216112
vt 0.989675 -1.627735
vt 0.361098 -1.921317
vt 0.697691 -1.999105
vt 0.958100 -1.920712
vt 0.451676 -1.921317
vt 0.451676 -1.999105
vt 0.213573 -1.626437
vt 0.213573 -1.217911
vt 0.206218 -1.218609
vt 0.430163 -1.921317
vt 0.430163 -1.999105
vt 0.881890 -1.706297
vt 0.524256 -1.999105
vt 0.507023 -1.921317
vt 0.533250 -1.921317
vt 0.533251 -1.999105
vt 2.446413 -1.000340
vt 0.001895 -1.000340
vt 0.425814 -1.921818
vt 0.738048 -1.921818
vt 0.738048 -2.000322
vt 0.425813 -2.000322
vt 0.452005 -1.999105
vt 0.494335 -1.999105
vt 0.494335 -1.921317
vt 0.452005 -1.921317
vt 0.514089 -1.999105
vt 0.514089 -1.921317
vt 0.482795 -1.921317
vt 0.482795 -1.999105
vt 0.522719 -1.999105
vt 0.522719 -1.921317
vt 0.435703 -1.921317
vt 0.435704 -1.999105
vt 0.468361 -1.999105
vt 0.105981 -1.208326
vt 0.877838 -1.208326
vt 0.398614 -1.921317
vt 0.406337 -1.999105
vt 0.887093 -1.342939
vt 0.964086 -1.215392
vt 0.964432 -1.627735
vt 0.518324 -1.999105
vt 0.518324 -1.921317
vt 2.668054 -1.183010
vt 0.002681 -1.183010
vt 0.881890 -1.747340
vt 0.003690 -1.747340
vt 0.117244 -1.706297
vt 0.989675 -1.216112
vt 1.000000 -1.870336
vt 0.000000 -1.920340
vt 1.000000 -1.920336
vt 0.211359 -1.999105
vt 0.749697 -1.999105
vt 0.749697 -1.921317
vt 0.211359 -1.921317
vt 0.882219 -1.208326
vt 0.106609 -1.208326
vt 0.213573 -1.217911
vt 0.880505 -1.217911
vt 0.880505 -1.626437
vt 0.213573 -1.626437
vt 0.654306 -1.819130
vt 0.082793 -1.819254
vt 0.511539 -1.921317
vt 0.511539 -1.999105
vt 0.468611 -1.999105
vt 0.468611 -1.921317
vt 0.118206 -1.374183
vt 0.195056 -1.374183
vt 0.195053 -1.622939
vt 0.118204 -1.622939
vt 1.163670 -0.999993
vt -0.164922 -0.999993
vt 0.511131 -1.999105
vt 0.470499 -1.999105
vt 0.470499 -1.921317
vt 0.511131 -1.921317
vt 0.368964 -1.921317
vt 0.368964 -1.999105
vt 0.406348 -1.999105
vt 0.406348 -1.921317
vt 0.531572 -1.921317
vt 0.531572 -1.999105
vt 0.440019 -1.999105
vt 0.440019 -1.921317
vt 0.885027 -1.216112
vt 0.885027 -1.627735
vt 0.964432 -1.216112
vt 0.507474 -1.921317
vt 0.507475 -1.999105
vt 1.000000 -1.870336
vt 0.000000 -1.870339
vt 0.000001 -1.920340
vt 1.000000 -1.920336
vt 0.434179 -1.999105
vt 0.434179 -1.921317
vt 0.989675 -1.216112
vt 0.989675 -1.627735
vt 0.000000 -1.870340
vt 1.000000 -1.920336
vt 0.000000 -1.920340
vt 0.465249 -1.999105
vt 0.777926 -1.921818
vt 0.777926 -2.000322
vt 0.000000 -1.920340
vt 0.000000 -1.870340
vt 0.004427 -1.747340
vt 0.004972 -1.747340
vt 0.086963 -1.750519
vt 0.086962 -1.868358
vt 0.654715 -1.868358
vt 0.654715 -1.750519
vt 0.989676 -1.216112
vt 0.507433 -1.999105
vt 0.507434 -1.921317
vt 0.453623 -1.921317
vt 0.453623 -1.999105
vt 0.598044 -1.921317
vt 0.598044 -1.999105
vt 0.452784 -1.999105
vt 0.508271 -1.999105
vt 0.508270 -1.921317
vt 0.452784 -1.921317
vt 0.211920 -1.999105
vt 0.211920 -1.921317
vt 0.750257 -1.921317
vt 0.750257 -1.999105
vt 0.530092 -1.921317
vt 0.530092 -1.999105
vt 0.213573 -1.217911
vt 0.880505 -1.217911
vt 0.206533 -1.342935
vt 0.604187 -1.999105
vt 0.604187 -1.921317
vt 0.653941 -1.920543
vt 0.346059 -1.920543
vt 0.346059 -1.999277
vt 0.653941 -1.999277
vt 0.000001 -1.870339
vt 0.000000 -1.920339
vt 1.000000 -1.870336
vt 0.085025 -1.750519
vt 0.085025 -1.868358
vt 0.653640 -1.868358
vt 0.653640 -1.750519
vt 0.038811 -1.342940
vt 0.885027 -1.342707
vt 0.887093 -1.215392
vt 0.531378 -1.999105
vt 0.531378 -1.921317
vt 0.000000 -1.870339
vt 0.000000 -1.920339
vt 0.368540 -1.999105
vt 0.778124 -2.000322
vt 0.778124 -1.921818
vt 0.738245 -1.921818
vt 0.738246 -2.000322
vt 0.270545 -1.999105
vt 0.206533 -1.342937
vt 0.426012 -1.921818
vt 0.426011 -2.000322
vt 0.206533 -1.291135
vt 0.552092 -1.921317
vt 0.000390 -1.182400
vt 0.997616 -1.182400
vt 0.038811 -1.291003
vt 0.038811 -1.342945
vt 0.887093 -1.215391
vt 0.465248 -1.921317
vt -0.138568 -1.921157
vt -0.138567 -1.999465
vt 0.497393 -1.999465
vt 0.497393 -1.921157
vt 1.381961 -1.999465
vt 1.381961 -1.921157
vt -0.417704 -1.921157
vt -0.417703 -1.999465
vt 0.162933 -1.921451
vt 0.162933 -1.999500
vt 0.000505 -1.999498
vt 0.000505 -1.921449
vt 1.229242 -1.922085
vt 1.133948 -1.922047
vt 1.133948 -1.998359
vt 1.229242 -1.998359
vt -0.308725 -1.920384
vt -0.308725 -2.000160
vt 1.308725 -2.000160
vt 1.308725 -1.920384
vt 0.999693 -1.747712
vt 1.000000 -1.706514
vt 0.048324 -1.706514
vt 0.032285 -1.747712
vt 0.000000 -1.706514
vt 0.999986 -1.706514
vt 1.000000 -1.747712
vt 0.009140 -1.706514
vt 0.999386 -1.678979
vt 0.016191 -1.678979
vt 0.016191 -1.706514
vt 0.999386 -1.706514
vt 0.999862 -1.747712
vt 0.016625 -1.747712
vt 0.032706 -1.706514
vt 1.000170 -1.706514
vt 0.018318 -1.706514
vt 0.990846 -1.747712
vt 0.981676 -1.706514
vt 0.981676 -1.678979
vt 0.018318 -1.678979
vt 0.999693 -1.678979
vt 0.032285 -1.678979
vt 0.032285 -1.706514
vt 0.999693 -1.706514
vt 0.972475 -1.678979
vt 0.027537 -1.678979
vt 0.027537 -1.706514
vt 0.972475 -1.706514
vt 1.000170 -1.747712
vt 0.032706 -1.747712
vt 0.048717 -1.706514
vt 1.000478 -1.706514
vt 0.999386 -1.747712
vt 0.016191 -1.747712
vt 0.999553 -1.747712
vt 0.000478 -1.747712
vt 0.016625 -1.706514
vt 0.999862 -1.706514
vt 0.016625 -1.678979
vt 0.999862 -1.678979
vt 0.990846 -1.706514
vt 0.990846 -1.678979
vt 0.009140 -1.678979
vt 1.000000 -1.678979
vt 0.048324 -1.678979
vt 0.000000 -1.747712
vt 0.999079 -1.747712
vt 0.981676 -1.747712
vt 0.048717 -1.678979
vt 1.000478 -1.678979
vt 0.000000 -1.747712
vt 0.009140 -1.747712
vt 0.018318 -1.747712
vt 0.032706 -1.678979
vt 1.000170 -1.678979
vt 0.085669 -1.868099
vt 0.648508 -1.868099
vt 0.648508 -1.748770
vt 0.085664 -1.748770
vt 1.460485 -1.999465
vt 1.460486 -1.921157
vt -0.007598 -1.921157
vt -0.007599 -1.999465
vt 0.153700 -1.919152
vt 0.000479 -1.919148
vt 0.000479 -1.997198
vt 0.156040 -1.998357
vt 0.919800 -1.921157
vt -0.653556 -1.921157
vt -0.653556 -1.999465
vt 0.919800 -1.999465
vt -0.653555 -1.921157
vt -0.653556 -1.999465
vt 2.106444 -1.999465
vt 2.106443 -1.921157
vt 2.106443 -1.921157
vt -0.653556 -1.921157
vt -0.653555 -1.999465
vt 1.640351 -1.921157
vt -0.187463 -1.921157
vt -0.187463 -1.999465
vt 1.640351 -1.999465
vt -0.229242 -1.922085
vt -0.229242 -1.998359
vt -0.133948 -1.998359
vt -0.133948 -1.922047
vt 1.705000 -1.921243
vt -0.705000 -1.921243
vt -0.705000 -1.999300
vt 1.705000 -1.999300
s 1
usemtl f008_001_wl01t.007
f 415/188/186 414/189/187 412/190/188 413/191/189
s 0
f 352/190/190 355/191/190 354/188/191 351/189/190
s 1
f 665/192/192 666/193/193 615/194/194 614/195/195
s 0
f 793/196/196 809/191/196 808/190/196
f 732/191/197 721/197/197 718/188/197
f 354/196/190 339/191/190 340/188/190
f 404/198/198 383/199/198 394/200/198 402/201/198
s 1
f 692/202/199 691/203/200 697/204/201 699/205/202
f 517/206/203 457/207/204 456/208/205 493/209/206
s 0
f 458/196/207 466/191/207 455/188/207
f 826/210/208 827/211/209 780/212/210 782/213/211
f 391/195/212 388/214/212 323/215/213 328/192/214
f 699/216/215 697/217/197 713/218/216 715/219/217
f 472/196/207 479/191/207 470/188/207
f 767/196/196 768/191/196 766/188/196
s 1
f 357/220/218 383/221/219 378/222/220
f 834/223/221 803/224/222 758/225/223 743/226/224
f 334/227/225 333/228/226 331/229/227 332/230/228
f 484/231/229 497/232/230 491/233/231 490/234/232
s 0
f 617/191/233 589/197/233 587/188/233
s 1
f 561/235/234 564/236/235 536/237/236 537/238/237
f 430/195/238 377/192/239 388/239/240 434/240/241
s 0
f 589/196/233 586/191/233 587/188/233
s 1
f 764/241/242 782/242/243 700/243/244 709/244/245
f 403/245/246 406/246/247 405/221/248 404/247/248
s 0
f 559/248/212 524/249/249 523/250/250 558/251/212
s 1
f 563/235/251 539/238/252 540/252/253 562/253/254
f 672/254/255 639/246/256 641/245/257 678/255/258
f 454/256/259 464/243/260 398/241/261
s 0
f 349/257/262 333/258/212 317/259/212
s 1
f 539/195/252 538/194/263 487/193/264 488/192/265
s 0
f 800/260/266 802/190/196 786/189/196 783/261/196
f 506/189/267 544/190/268 541/191/267 507/188/267
s 1
f 607/262/269 631/263/270 630/264/233 606/265/271
s 0
f 823/266/272 825/267/272 824/268/272 822/269/272
s 1
f 614/192/195 615/193/194 564/194/235 561/195/234
s 0
f 774/270/196 784/271/196 785/272/196 775/273/196
f 318/225/273 315/224/274 321/223/275 322/226/276
f 345/274/190 343/275/190 353/276/190 352/277/190
s 1
f 637/278/277 633/243/278 641/279/257
s 0
f 477/280/279 478/281/280 479/282/207 480/283/207
f 363/197/190 351/191/190 365/188/190
f 446/284/198 441/285/198 442/286/198 445/287/198
s 1
f 580/288/281 578/289/282 602/290/283 603/291/284
s 0
f 590/292/233 591/293/233 588/294/233 586/295/233
f 427/197/198 408/191/198 428/188/198
f 440/296/198 439/297/198 426/298/198 425/299/198
f 535/300/267 532/301/285 533/302/286 534/303/267
s 1
f 499/304/287 498/305/288 294/306/289 296/307/290
f 537/195/237 536/194/236 485/193/291 486/192/292
s 0
f 672/308/293 671/309/293 646/310/294 636/311/293
f 479/282/207 481/312/207 482/313/207 480/283/207
s 1
f 706/195/295 743/192/224 758/215/223 707/214/296
f 317/314/297 316/315/212 315/316/298 318/317/299
s 0
f 813/276/196 817/275/196 816/274/196 812/277/196
f 528/318/300 527/319/300 531/320/285 530/321/301
f 282/210/302 283/213/303 284/212/304 281/211/302
f 518/322/207 516/323/207 515/324/207 517/325/207
s 1
f 612/239/305 611/192/306 563/195/251 562/240/254
f 825/326/272 823/327/272 821/328/307 820/329/308
s 0
f 626/303/233 627/300/233 624/330/233 622/331/233
s 1
f 462/243/309 432/242/310 433/241/311 463/244/312
s 0
f 347/196/190 352/191/190 351/188/190
f 384/332/198 407/333/198 409/334/313 385/335/314
s 1
f 702/246/315 760/255/316 756/289/317
f 655/336/318 674/337/319 642/338/320 605/256/321
s 0
f 543/191/267 506/196/267 503/188/322
f 657/231/293 658/232/293 653/339/293 652/340/293
f 732/189/197 730/188/323 744/191/197 748/190/324
f 563/195/212 611/192/212 613/193/212 560/194/212
f 818/206/307 809/341/325 794/342/196 801/343/326
f 644/244/327 708/338/328 709/242/329
s 1
f 743/192/224 706/195/295 705/240/330 740/239/331
s 0
f 478/191/207 458/188/332 470/189/207 479/190/207
s 1
f 655/344/318 605/230/321 604/229/333 654/345/334
s 0
f 366/270/190 376/273/190 375/272/190 367/271/190
f 731/191/197 712/197/197 711/188/197
f 554/346/267 557/347/267 556/348/267 555/349/267
f 585/349/335 583/346/233 586/350/336 588/351/337
f 355/352/190 356/353/190 341/354/190 339/355/190
s 1
f 423/191/338 414/188/187 415/189/186 422/190/339
s 0
f 370/189/190 386/190/340 366/191/190 365/188/190
s 1
f 502/309/341 503/308/342 501/311/267 494/310/267
f 489/240/343 488/195/265 435/192/344 436/239/345
s 0
f 774/191/196 769/190/346 767/189/196 773/188/347
f 794/309/196 766/310/348 760/311/196 801/308/196
s 1
f 737/229/349 736/345/350 708/227/351 741/230/352
f 614/192/195 561/195/234 560/240/353 613/239/305
f 401/336/354 396/256/355 382/338/356 393/337/357
f 372/244/358 390/243/359 284/242/360 283/241/361
f 486/195/292 430/192/238 434/239/241 487/240/264
s 0
f 427/356/198 442/357/362 425/358/198 424/359/198
f 712/196/197 713/191/197 711/188/197
f 720/360/197 716/285/363 714/286/197 719/361/364
s 1
f 707/362/296 289/259/365 291/363/366 666/364/193
f 377/195/239 371/214/367 318/215/299 322/192/368
f 364/188/369 363/189/370 367/190/371 373/191/372
f 696/243/373 643/244/374 709/241/245 700/242/244
s 0
f 793/260/375 799/190/196 773/189/196 767/261/196
f 534/303/267 530/331/267 531/330/267 535/300/267
s 1
f 343/275/190 345/274/376 344/365/377 342/366/378
f 411/367/379 413/368/189 412/369/188 410/370/380
f 293/371/381 450/259/382 295/372/383
s 0
f 568/372/212 558/363/212 610/259/212 602/371/384
s 1
f 707/193/296 666/194/193 665/195/192 706/192/295
f 296/373/290 295/229/383 500/230/385 499/374/287
s 0
f 651/188/386 652/191/293 649/190/387 648/189/388
f 787/375/389 788/376/196 785/272/390 784/271/196
f 415/196/198 417/191/198 416/188/198
s 1
f 368/241/391 397/244/392 433/243/311 372/242/358
f 644/241/393 579/243/394 605/256/321
f 500/256/385 496/338/395 498/337/288 499/336/287
s 0
f 648/196/293 645/191/396 646/188/397
s 1
f 636/255/398 606/289/271 634/246/399
s 0
f 405/308/207 456/311/400 457/310/401 455/309/402
s 1
f 758/362/223 285/259/403 289/363/365 707/364/296
f 464/244/260 463/243/312 433/242/311 397/241/392
s 0
f 651/188/293 675/377/293 656/197/293
f 526/264/267 533/378/267 532/379/267 525/263/267
s 1
f 798/306/404 797/305/405 790/380/406 789/381/407
s 0
f 794/191/196 767/197/196 766/188/196
s 1
f 285/314/403 758/317/223 803/316/222 287/315/408
s 0
f 560/236/409 538/237/410 539/238/411 563/235/212
f 721/196/197 719/191/197 718/188/197
s 1
f 742/291/412 777/382/413 762/222/414 708/289/351
s 0
f 662/192/212 664/193/212 613/194/212 611/195/212
s 1
f 727/359/415 726/358/267 722/357/197 721/356/416
f 348/363/417 317/259/297 318/362/299 371/364/367
s 0
f 407/333/198 420/383/198 421/384/198 409/334/198
f 583/346/233 585/349/233 584/348/233 582/347/233
s 1
f 601/241/418 621/385/419 566/243/420
f 361/222/421 349/382/422 350/291/423 382/289/356
f 684/386/424 682/387/425 681/388/426 683/389/427
s 0
f 328/226/428 326/223/429 325/390/430 327/391/430
f 787/392/196 792/393/431 791/394/431 788/395/196
f 381/396/190 387/397/190 386/398/190 379/399/190
f 775/400/196 771/397/432 769/398/196 774/401/389
f 474/197/207 470/191/207 471/188/207
f 466/402/207 465/403/433 447/404/434 448/405/207
f 719/358/197 714/357/435 712/356/197 718/359/436
s 1
f 677/189/437 675/188/438 681/191/426 682/190/425
f 468/406/439 469/407/440 482/389/441 467/387/442
f 575/243/443 577/256/444 578/338/282
s 0
f 733/196/197 748/191/197 750/190/197
s 1
f 575/244/443 579/241/394 601/242/418 565/243/445
f 372/243/358 283/242/361 306/241/446 368/244/391
f 660/408/447 658/232/448 657/231/293 659/234/449
f 430/195/238 429/194/450 371/193/367 377/192/239
s 0
f 724/409/212 290/372/212 736/371/451 737/410/452
s 1
f 438/411/453 426/298/454 439/297/198 437/412/455
s 0
f 502/413/267 521/414/267 557/415/267
s 1
f 363/261/370 364/189/369 346/190/456 347/260/457
f 529/190/300 530/191/458 508/188/459 509/189/460
s 0
f 515/324/461 516/323/462 514/416/207 483/417/207
f 297/371/212 399/259/212 450/363/212 299/372/463
s 1
f 398/288/261 396/222/355 303/382/464 400/291/465
s 0
f 630/264/233 631/263/233 629/379/233 628/378/233
s 1
f 763/338/466 764/242/242 710/244/467
f 569/373/468 570/374/469 577/230/444 568/229/470
s 0
f 619/196/233 626/191/233 622/190/233
s 1
f 510/189/471 542/190/472 549/191/197 511/188/473
s 0
f 302/410/212 301/371/212 303/372/474 304/409/475
f 802/189/196 800/188/476 816/191/477 807/190/478
f 287/315/479 288/418/479 286/419/415 285/314/479
s 1
f 292/291/480 290/382/481 698/222/482 642/289/320
s 0
f 809/355/196 811/354/196 810/353/196 808/352/196
f 616/196/233 630/191/233 628/190/233
f 298/410/212 297/371/212 299/372/463 300/409/483
f 522/243/484 512/278/485 513/420/486
s 1
f 432/243/310 403/421/246 402/278/487 431/422/488
s 0
f 458/377/207 457/188/489 459/197/207
f 435/195/212 434/194/212 388/193/212 391/192/212
f 419/189/490 427/190/198 424/191/491 416/188/198
f 595/196/233 593/191/233 592/188/233
s 1
f 304/423/492 303/229/464 396/230/355 401/344/354
s 0
f 445/424/198 428/207/493 404/425/494 443/426/198
s 1
f 520/427/495 519/428/496 493/429/206 495/430/497
f 511/189/473 509/190/460 508/191/459 510/188/471
s 0
f 331/431/212 333/258/212 349/257/262 359/432/212
f 705/193/212 664/194/212 662/195/212 703/192/212
s 1
f 724/433/498 737/434/349 741/435/352 725/436/499
f 765/213/500 830/210/501 829/211/502 764/212/242
s 0
f 340/191/190 370/197/190 354/377/190
f 501/191/503 506/197/267 504/377/267
f 508/377/267 507/188/267 510/197/267
s 1
f 678/425/258 717/207/504 713/424/197 697/426/201
f 664/240/505 705/239/330 706/192/295 665/195/192
s 0
f 735/437/197 679/438/197 680/201/197 702/200/197
f 427/196/198 445/191/198 442/190/198
f 653/416/293 650/323/506 649/324/293 652/417/507
f 596/439/233 597/440/233 594/441/233 593/442/233
f 416/191/198 422/197/198 415/377/198
s 1
f 692/404/199 690/403/508 689/402/293 691/405/200
f 426/357/454 438/358/453 423/359/338 422/356/339
f 370/196/190 379/191/509 386/190/190
f 661/443/510 669/444/511 668/445/511 659/446/449
s 0
f 417/190/198 420/191/198 419/188/512 416/189/198
f 425/361/198 442/286/198 441/285/513 440/360/198
f 495/265/267 526/264/267 525/263/514 520/262/515
f 593/191/233 590/190/516 589/189/517 592/188/518
f 703/195/212 738/192/212 740/215/212 705/214/212
s 1
f 558/251/519 523/250/520 536/447/236 564/448/235
s 0
f 749/449/197 751/450/197 750/451/197 748/452/197
f 553/294/267 552/293/267 544/292/267 543/295/267
f 783/196/196 774/191/196 773/188/196
f 685/282/293 686/283/293 683/313/293 681/312/293
s 1
f 459/196/207 517/191/203 515/190/207
f 487/239/264 538/240/263 537/195/237 486/192/292
s 0
f 555/349/267 553/351/285 543/350/521 554/346/267
f 366/191/190 363/196/190 365/188/190
f 339/453/190 341/454/522 337/455/523 335/456/524
f 358/198/190 336/199/190 338/200/190 357/201/190
f 459/189/207 515/190/525 483/191/207 471/188/207
s 1
f 704/239/526 703/192/527 662/195/528 663/240/529
f 345/191/376 347/188/457 346/189/456 344/190/377
f 496/338/395 500/256/385 545/243/530
f 721/190/416 733/189/531 734/188/532 727/191/415
f 485/364/291 450/363/382 399/259/533 429/362/450
f 549/457/197 542/439/472 550/440/267 548/458/197
s 0
f 689/402/293 690/403/293 688/459/293 687/460/293
s 1
f 391/195/534 328/192/535 327/239/536 392/240/537
s 0
f 541/442/267 551/441/267 550/440/267 542/439/267
s 1
f 524/461/538 546/462/539 500/415/385 295/463/383
f 726/411/267 729/464/267 728/465/267 723/297/197
f 300/345/540 299/229/541 454/230/259 453/344/542
s 0
f 504/191/267 506/188/543 507/189/544 505/190/267
s 1
f 693/445/545 694/444/545 677/443/437 682/446/425
s 0
f 308/268/546 310/267/546 309/266/546 307/269/546
s 1
f 543/466/547 503/467/342 502/468/341 554/469/267
s 0
f 353/470/190 356/353/190 355/352/548 352/471/190
s 1
f 676/229/549 638/472/550 642/473/320 674/230/319
f 310/326/546 330/329/524 329/328/524 309/327/546
f 571/305/551 570/304/469 569/307/468 572/306/552
s 0
f 301/371/212 348/259/212 399/363/212 303/372/474
s 1
f 755/474/267 756/424/317 745/475/267 731/476/197
f 743/226/224 740/391/331 831/390/553 834/223/221
f 753/477/504 752/369/504 750/368/197
f 659/191/449 657/190/293 656/189/554 661/188/510
s 0
f 796/478/431 795/479/431 791/394/431 792/393/431
f 619/377/233 592/188/233 618/191/233
f 455/480/207 466/475/555 448/466/461 405/481/207
f 446/219/556 445/218/557 443/217/556 444/216/198
s 1
f 781/482/558 780/212/559 827/211/560 828/483/561
s 0
f 285/259/212 778/258/562 777/257/212
s 1
f 382/227/356 301/345/563 302/229/564 393/230/357
s 0
f 512/484/267 502/485/267 494/486/267 513/487/267
s 1
f 496/227/395 293/488/381 294/229/289 498/230/288
s 0
f 812/471/196 808/352/565 810/353/196 813/470/566
f 800/196/196 812/191/196 816/190/196
s 1
f 568/463/470 577/415/444 576/462/567 559/461/233
f 619/191/568 620/190/569 598/189/570 595/188/571
f 579/244/394 643/241/374 696/242/373 601/243/418
s 0
f 360/380/572 332/305/573 331/306/574 359/381/190
s 1
f 304/433/492 401/436/354 393/435/357 302/434/564
s 0
f 769/398/196 771/397/196 770/396/196 768/399/196
s 1
f 789/345/407 790/473/406 762/230/414 777/229/413
s 0
f 316/315/575 317/314/576 319/419/577 320/418/575
s 1
f 833/390/578 832/223/579 738/226/580 739/391/581
f 598/188/570 599/191/198 596/190/233 595/189/571
f 323/225/582 324/224/583 326/223/584 328/226/585
s 0
f 381/489/190 379/490/586 378/491/587 380/492/190
f 820/493/307 821/494/307 819/455/307 818/456/307
s 1
f 454/256/259 449/338/588 452/337/589 453/336/542
s 0
f 519/495/207 518/496/461 517/497/590 493/498/207
s 1
f 757/499/591 756/500/317 761/501/592 772/502/593
f 826/211/594 782/212/243 764/213/242 829/210/502
f 324/390/583 323/391/582 322/226/368 321/223/595
s 0
f 736/371/596 290/372/212 291/363/212
f 508/196/267 534/191/267 505/188/267
f 649/324/293 650/323/293 647/322/293 645/325/293
s 1
f 608/429/597 609/428/598 607/427/269 606/430/271
s 0
f 618/189/233 616/188/599 628/191/600 626/190/601
f 504/196/267 526/191/267 501/188/267
f 654/409/212 604/372/212 638/371/602 676/410/603
f 749/449/604 748/452/197 744/503/605 746/504/197
s 1
f 481/191/606 472/188/607 473/189/608 467/190/442
f 674/305/319 655/380/318 654/505/334 676/506/549
s 0
f 435/192/212 488/195/212 487/194/212 434/193/212
f 799/189/196 793/188/609 808/191/196 812/190/610
f 419/196/198 407/191/198 408/188/198
s 1
f 493/222/206 456/507/205 494/221/611 495/289/497
f 460/278/612 403/279/246 432/242/310
f 435/195/344 391/192/534 392/239/537 436/240/345
f 780/242/559 779/420/613 759/421/614
s 0
f 616/191/615 618/190/233 592/189/233 589/188/616
s 1
f 281/211/617 284/212/360 312/482/618 311/483/619
s 0
f 418/449/198 421/504/556 420/503/620 417/452/198
f 533/191/267 504/188/621 505/189/267 534/190/267
s 1
f 633/243/278 601/244/418 696/241/373 640/242/622
s 0
f 730/189/623 732/188/197 718/191/197 712/190/197
f 761/491/196 768/490/624 770/489/196 772/492/625
s 1
f 362/310/626 340/309/190 336/308/627 358/311/628
f 625/508/629 623/509/629 622/321/233 624/320/233
f 605/222/321 580/288/281 603/291/284 604/382/333
s 0
f 693/510/630 682/511/631 684/512/424 695/513/630
f 336/221/524 330/288/524 312/245/524
f 494/514/267 501/515/267 526/426/632 495/516/267
f 786/188/633 787/191/196 784/190/634 783/189/196
s 1
f 405/221/248 448/289/635 443/222/636 404/247/248
s 0
f 759/279/637 680/278/638 640/243/639
s 1
f 739/239/581 738/192/580 703/195/527 704/240/526
f 463/242/312 464/241/260 545/244/530 547/243/640
f 778/290/641 286/291/307 765/288/500 763/289/466
f 538/252/263 560/253/353 561/235/234 537/238/237
s 0
f 818/456/642 819/455/307 811/454/643 809/453/644
s 1
f 295/372/383 296/409/290 294/410/289 293/371/381
s 0
f 408/476/198 407/475/645 384/424/556 383/474/198
f 609/495/646 608/498/293 645/497/647 647/496/427
f 541/191/267 510/196/267 507/188/267
s 1
f 396/256/355 397/243/392 369/241/648
f 750/191/197 752/190/504 734/189/532 733/188/531
f 360/336/649 361/256/421 334/338/225 332/337/228
f 390/242/359 433/244/311 431/422/488
s 0
f 460/517/207 456/518/207 405/519/207 406/520/207
f 801/521/650 781/245/650 820/288/650
f 686/283/651 685/282/293 687/281/652 688/280/293
s 1
f 449/473/588 297/472/653 298/229/654 452/230/589
f 430/192/238 486/195/292 485/194/291 429/193/450
s 0
f 638/371/655 604/372/212 610/363/212
f 370/261/656 365/189/190 351/190/190 354/260/657
f 722/298/197 723/297/197 720/296/197 719/299/197
f 799/191/196 783/197/196 773/188/196
f 471/260/658 470/261/207 458/189/207 459/190/659
f 569/409/212 568/372/212 602/371/660 572/410/212
f 581/522/233 582/415/233 574/523/233
f 730/196/197 745/191/197 744/190/197
s 1
f 473/261/608 472/189/607 474/190/661 475/260/662
f 456/507/205 460/220/612 461/245/663 494/221/611
f 571/230/551 572/229/552 602/488/283 578/227/282
f 725/344/499 698/230/482 290/229/481 724/423/498
f 369/244/648 306/242/446 334/338/225
s 0
f 483/191/207 474/196/207 471/188/207
s 1
f 798/229/404 778/228/641 763/227/466 797/230/405
s 0
f 648/190/664 670/189/293 673/261/665 651/260/293
s 1
f 633/242/278 635/279/666 634/420/399 621/385/419
s 0
f 594/524/233 591/293/667 590/292/233 593/525/668
f 648/197/293 671/191/293 670/377/293
s 1
f 359/345/669 349/229/422 361/230/421 360/473/649
f 700/244/244 782/241/243 780/242/559 701/243/670
f 463/241/312 547/244/640 522/243/671 462/242/309
f 757/335/591 747/334/672 745/333/267 756/332/317
f 379/516/509 362/526/626 358/527/628 378/209/220
s 0
f 466/402/207 478/460/207 477/459/207 465/403/207
f 340/342/190 339/341/673 335/206/674 336/343/627
s 1
f 443/204/636 448/203/635 447/202/675 444/205/676
s 0
f 761/209/677 760/527/196 766/526/678 768/516/196
s 1
f 390/243/359 357/278/218 338/420/679
s 0
f 417/452/198 413/451/198 411/450/198 418/449/198
s 1
f 740/225/331 738/226/580 832/223/579 831/224/553
f 451/291/680 293/290/381 496/289/395 454/222/259
f 668/510/511 667/513/681 660/512/447 659/511/449
s 0
f 337/455/524 329/494/524 330/493/524 335/456/524
f 789/432/212 777/257/212 778/258/682 798/431/212
s 1
f 574/278/233 573/421/198 566/243/420 567/422/683
s 0
f 514/339/207 497/232/207 484/231/207 483/340/207
f 627/300/684 626/303/233 628/302/685 629/301/686
s 1
f 700/241/244 701/242/670 640/243/622 696/244/373
s 0
f 637/517/293 639/520/293 672/519/293 636/518/293
f 581/468/233 587/467/687 586/466/233 583/469/688
f 425/191/198 422/196/198 424/188/198
f 675/196/293 685/191/293 681/190/293
s 1
f 388/240/240 377/195/239 322/192/368 323/239/582
s 0
f 673/189/293 670/188/689 687/191/293 685/190/690
s 1
f 623/190/629 620/189/569 619/188/568 622/191/233
f 666/362/193 291/259/366 610/363/306 615/364/194
s 0
f 714/286/197 716/285/197 715/284/197 713/287/197
s 1
f 378/501/220 384/500/691 385/499/692 380/502/693
f 367/271/371 375/272/190 374/528/694 373/375/372
f 564/364/235 615/362/194 610/259/306 558/363/519
f 663/239/529 662/192/528 611/195/306 612/240/305
f 399/363/533 348/259/417 371/362/367 429/364/450
f 815/529/695 814/530/695 805/531/196 804/532/196
f 523/363/520 450/259/382 485/362/291 536/364/236
f 390/242/359 395/385/696 394/420/697 389/279/698
s 0
f 656/196/293 652/191/293 651/188/293
s 1
f 314/213/699 306/212/446 305/211/700 313/210/701
f 282/211/702 305/210/700 306/213/446 283/212/361
s 0
f 670/196/293 689/191/293 687/190/293
s 1
f 578/338/282 577/256/444 570/336/469 571/337/551
f 300/505/540 453/380/542 452/305/589 298/506/654
s 0
f 632/514/703 606/516/233 630/426/704 617/515/233
f 807/365/196 816/274/565 817/275/196 806/533/566
s 1
f 677/261/437 661/260/510 656/190/554 675/189/438
s 0
f 386/398/587 387/397/705 376/400/190 366/401/190
f 793/196/196 794/188/196 809/191/196
f 732/191/197 733/377/197 721/197/197
f 354/196/190 355/190/190 339/191/190
f 458/196/207 478/190/207 466/191/207
f 472/196/207 481/190/207 479/191/207
f 767/196/196 769/190/196 768/191/196
s 1
f 378/222/220 358/534/628 357/220/218
f 357/220/218 389/245/698 394/246/697
f 383/221/219 384/289/691 378/222/220
f 357/220/218 394/246/697 383/221/219
s 0
f 617/191/233 616/377/233 589/197/233
f 589/196/233 590/190/233 586/191/233
f 807/535/196 806/536/196 804/532/196 805/531/196
s 1
f 641/245/257 680/220/706 679/537/707
f 641/245/257 679/537/707 678/255/258
f 491/233/231 492/538/708 490/234/232
f 454/256/259 476/244/709 464/243/260
f 464/243/260 397/242/392 398/241/261
f 398/241/261 449/338/588 454/256/259
s 0
f 317/259/212 348/363/212 350/539/212
s 1
f 600/458/198 597/440/517 596/439/233 599/457/198
s 0
f 317/259/212 350/539/212 349/257/710
f 333/258/212 319/540/212 317/259/212
s 1
f 637/278/277 635/421/666 633/243/278
f 633/243/278 640/242/622 641/279/257
f 641/279/257 639/420/256 637/278/277
s 0
f 363/197/190 347/377/190 351/191/190
f 427/197/198 419/377/198 408/191/198
f 347/196/190 345/190/190 352/191/190
s 1
f 756/289/317 735/541/316 702/246/315
f 702/246/315 759/245/614 776/220/711
f 760/255/316 761/222/592 756/289/317
f 702/246/315 776/220/711 760/255/316
s 0
f 543/191/267 544/190/267 506/196/267
f 709/242/329 643/243/712 644/244/713
f 644/244/714 698/256/715 708/338/716
f 708/338/328 710/241/717 709/242/329
f 731/191/197 730/377/197 712/197/197
f 712/196/197 714/190/197 713/191/197
f 745/333/197 747/334/197 746/384/197 744/383/197
s 1
f 293/371/381 451/540/680 450/259/382
f 450/259/382 523/363/520 524/539/538
f 450/259/382 524/539/538 295/372/383
f 636/208/398 646/207/718 645/206/719 608/209/597
s 0
f 297/371/212 400/540/212 399/259/212
f 450/363/212 451/539/212 299/372/463
f 415/196/198 413/190/198 417/191/198
s 1
f 605/256/321 642/338/320 644/241/393
f 644/241/393 643/242/374 579/243/394
f 579/243/394 580/244/281 605/256/321
s 0
f 648/196/293 649/190/293 645/191/396
s 1
f 634/246/399 635/245/666 637/220/277
f 636/255/398 608/222/597 606/289/271
f 634/246/399 637/220/277 636/255/398
f 606/289/271 632/542/720 634/246/399
s 0
f 651/188/293 673/191/293 675/377/293
s 1
f 539/195/252 488/192/265 489/239/343 540/240/253
s 0
f 794/191/196 793/377/196 767/197/196
f 721/196/197 722/190/197 719/191/197
s 1
f 350/291/423 301/290/563 382/289/356
f 382/289/356 369/288/648 361/222/421
f 566/243/420 565/244/445 601/241/418
f 601/241/418 633/242/278 621/385/419
f 621/385/419 567/422/683 566/243/420
f 482/389/441 481/388/606 467/387/442
s 0
f 474/197/207 472/377/207 470/191/207
s 1
f 723/297/197 722/298/197 726/411/267
f 580/241/281 579/242/394 575/243/443
f 575/243/443 576/244/567 577/256/444
f 578/338/282 580/241/281 575/243/443
s 0
f 733/196/197 732/188/197 748/191/197
f 557/415/267 554/462/267 502/413/267
f 502/413/267 512/543/267 521/414/267
s 1
f 710/244/467 762/256/414 763/338/466
f 763/338/466 765/241/500 764/242/242
f 764/242/242 709/243/245 710/244/467
s 0
f 619/196/233 618/188/233 626/191/233
s 1
f 496/289/395 476/288/709 454/222/259
f 454/222/259 299/382/541 451/291/680
s 0
f 616/196/233 617/188/233 630/191/233
f 461/279/721 462/242/722 522/243/484
f 522/243/723 521/421/724 512/278/725
f 513/420/486 461/279/726 522/243/484
f 458/377/207 455/191/727 457/188/728
f 595/196/233 596/190/233 593/191/233
f 530/321/729 529/509/730 528/318/730
f 340/191/190 362/188/731 370/197/190
f 501/191/732 503/188/733 506/197/267
f 508/377/267 505/191/267 507/188/267
f 427/196/198 428/188/198 445/191/198
f 416/191/198 424/188/198 422/197/198
s 1
f 370/196/190 362/188/626 379/191/509
f 698/256/482 725/336/499 741/337/352 708/338/351
s 0
f 301/371/212 350/540/212 348/259/212
f 399/363/212 400/539/212 303/372/474
f 783/196/196 784/190/196 774/191/196
s 1
f 459/196/207 457/188/204 517/191/203
s 0
f 366/191/190 367/190/190 363/196/190
s 1
f 545/243/530 464/242/260 476/241/709
f 545/243/530 476/241/709 496/338/395
f 500/256/385 546/244/539 545/243/530
f 333/290/226 334/289/225 314/288/699 319/291/524
s 0
f 691/466/293 689/475/734 671/480/293 672/481/735
f 568/372/212 559/539/212 558/363/212
f 610/259/212 603/540/212 602/371/384
s 1
f 750/368/197 751/367/197 753/477/504
f 753/477/504 754/544/504 752/369/504
s 0
f 619/377/233 595/197/233 592/188/233
s 1
f 400/291/465 297/290/653 449/289/588 398/288/261
f 461/245/663 513/246/736 494/221/611
s 0
f 742/539/212 289/363/212 285/259/212
f 285/259/212 286/540/212 778/258/682
s 1
f 474/189/661 484/190/229 490/191/232 475/188/662
s 0
f 777/257/212 742/539/212 285/259/212
f 800/196/196 799/188/196 812/191/196
f 291/363/212 289/259/212 742/540/212
s 1
f 763/338/466 762/256/414 790/336/406 797/337/405
s 0
f 291/363/212 742/540/212 736/371/737
f 290/372/212 292/539/212 291/363/212
f 508/196/267 530/190/267 534/191/267
f 504/196/267 533/190/267 526/191/267
f 419/196/198 420/190/198 407/191/198
s 1
f 432/242/310 462/243/309 461/421/663
f 460/278/612 406/420/247 403/279/246
f 432/242/310 461/421/663 460/278/612
f 759/421/614 701/243/670 780/242/559
f 780/242/559 781/279/558 779/420/613
f 779/420/613 776/278/711 759/421/614
s 0
f 312/245/524 338/246/524 336/221/524
f 336/221/524 335/289/524 330/288/524
f 640/243/738 701/242/739 759/279/637
f 759/279/740 702/420/741 680/278/742
f 680/278/743 641/421/744 640/243/745
f 541/191/267 542/190/267 510/196/267
s 1
f 369/241/648 382/338/356 396/256/355
f 396/256/355 398/244/261 397/243/392
f 397/243/392 368/242/391 369/241/648
f 431/422/488 395/385/696 390/242/359
f 390/242/359 372/241/358 433/244/311
f 433/244/311 432/243/310 431/422/488
s 0
f 820/288/307 818/289/307 801/521/307
f 801/521/650 779/246/746 781/245/650
f 610/363/212 291/259/212 292/540/212
f 544/292/285 552/293/747 551/524/267 541/525/267
f 610/363/212 292/540/212 638/371/748
f 604/372/212 603/539/212 610/363/212
f 799/191/196 800/377/196 783/197/196
f 581/522/233 583/462/233 582/415/233
f 582/415/616 573/414/616 574/523/616
f 730/196/197 731/188/197 745/191/197
s 1
f 678/255/258 697/222/201 691/289/200 672/254/255
f 404/247/248 402/220/487 403/245/246
f 334/338/225 361/256/421 369/244/648
f 369/244/648 368/243/391 306/242/446
f 306/242/446 314/241/699 334/338/225
s 0
f 483/191/207 484/190/207 474/196/207
s 1
f 762/222/414 710/288/467 708/289/351
f 708/289/351 736/290/350 742/291/412
s 0
f 648/197/293 646/188/293 671/191/293
s 1
f 312/279/618 284/242/360 390/243/359
f 390/243/359 389/421/698 357/278/218
f 338/420/679 312/279/618 390/243/359
f 698/222/482 644/288/393 642/289/320
f 642/289/320 638/290/550 292/291/480
s 0
f 425/191/198 426/190/198 422/196/198
f 675/196/293 673/188/293 685/191/293
f 656/196/293 657/190/293 652/191/293
f 670/196/293 671/188/293 689/191/293
s 1
f 664/239/505 665/192/192 614/195/195 613/240/305
f 838/545/749 839/546/207 836/547/750 835/548/751
f 842/549/752 837/550/753 835/551/751 836/552/750
f 841/553/753 840/554/753 839/555/207 838/556/749
f 844/557/754 847/558/755 848/559/755 846/560/756
s 0
f 844/561/756 846/562/756 845/563/756 843/564/756
s 1
f 876/565/757 875/566/758 873/567/759 864/568/760
s 0
f 855/569/761 853/570/762 851/571/763 856/572/764
s 1
f 878/573/757 863/574/765 852/575/766 850/576/767
f 859/577/768 860/578/769 861/579/770 868/580/771
f 861/581/770 863/582/765 862/583/772
f 864/584/760 865/585/773 861/581/770 862/583/772
f 876/586/757 864/587/760 862/588/772 877/589/758
f 872/590/207 871/591/774 866/592/775 873/593/759
f 867/594/776 865/595/773 866/596/775 869/597/777
f 878/598/757 877/589/758 862/588/772 863/599/765
f 857/600/212 854/601/212 856/602/778 858/603/771
f 856/602/778 860/604/769 859/605/768 858/603/771
f 856/572/778 852/606/766 863/607/765 860/608/769
f 874/609/753 872/610/207 873/567/759 875/566/758
f 852/575/766 851/611/779 849/612/780 850/576/767
f 866/592/775 864/613/760 873/593/759
f 866/596/775 871/614/774 870/615/756 869/597/777
s 0
f 856/572/764 854/616/781 855/569/782
f 851/571/763 852/606/783 856/572/764
s 1
f 861/581/770 860/617/769 863/582/765
f 866/592/775 865/618/773 864/613/760
f 861/579/770 865/619/773 867/620/776 868/580/771
f 880/621/755 879/622/784 883/623/785 881/624/786
f 885/625/787 884/626/788 882/627/788 881/628/788
f 889/629/789 886/630/790 887/631/791 888/632/789
s 0
f 886/633/755 884/634/792 885/635/755 887/636/755
f 896/637/788 897/638/788 894/639/788 895/640/788
f 892/641/753 893/642/753 891/643/753 890/639/753
s 1
f 893/644/753 895/645/756 894/646/756 891/647/753
f 900/648/753 901/649/753 899/650/755 898/651/793
s 0
f 900/652/753 903/653/753 902/654/753 901/655/753
g Atomic0.007_meshId7_name.007
v 1477.799805 -252.836823 400.001801
v 1477.799805 -252.836807 20.000019
v 2783.915039 -800.936462 20.000032
v 2783.915527 -800.936401 399.089539
v 286.099823 1270.400024 19.999926
v 286.099792 1270.400146 238.352859
v 286.099762 946.000061 20.009922
v 266.099823 946.000122 20.014912
v 266.099792 1270.400146 238.352814
v 266.099884 1270.400024 19.999920
v 2783.915039 -800.936035 699.089478
v 1993.654175 -470.662476 699.544739
v 2783.915283 -800.936218 438.119385
v 1993.654663 -470.662628 437.651581
v 1477.799683 -252.836655 699.999939
v 1477.799805 -252.836777 437.183746
v 266.102356 1722.055542 607.774536
v -352.836853 1722.054932 607.883423
v -352.813721 1367.267212 607.883118
v -352.836884 1722.055176 700.000305
v -352.813721 1367.267212 699.999817
v 266.111633 1722.071411 566.630066
v 266.111725 1722.071533 369.976501
v 266.102081 1367.267212 566.652954
v 163.493195 1722.055054 566.606934
v 163.493195 1736.876221 566.606689
v 163.493271 1722.055054 369.953461
v 163.493271 1736.876221 369.953308
v 266.101624 1367.267090 369.999817
v 266.102600 1367.267212 607.882935
v 266.103180 1367.267212 699.999512
v 266.102173 1722.055664 699.891296
v 266.101562 1440.000122 349.999847
v 266.101562 1440.000122 289.288025
v 266.101562 1367.267090 349.999817
v 266.101562 1367.267090 289.287994
v -0.000083 1440.000122 19.999914
v -0.000089 1440.000122 352.499725
v -0.000055 946.000122 20.014929
v -0.000070 1439.999878 299.999756
v -0.000328 2012.413208 19.999855
v -0.000246 2012.412964 300.000061
v -352.836853 2012.412720 19.999844
v -352.836914 2012.412964 300.000153
v -352.810822 1440.000000 299.999603
v -352.808136 1440.000244 19.999887
v -20.000038 1440.000244 352.499756
v -19.999992 946.000061 20.009935
v -19.999983 1440.000122 19.999941
v -0.001179 1722.054932 369.999695
v -0.001178 1737.913086 369.999481
v -0.001277 1722.054932 566.652954
v -352.836853 1722.055054 369.999756
v -352.836884 1722.055054 566.653320
v -352.813721 1440.000244 566.653076
v -352.813782 1440.000244 369.999786
v -0.001277 1737.913086 566.652710
v -1394.296387 142.856262 19.999989
v -1387.902588 173.167603 20.000006
v -1387.902588 173.167648 273.154358
v -1399.014282 120.490562 262.763306
v -1460.958496 -173.167831 273.154358
v -1449.846924 -120.490814 262.763306
v -1454.564697 -142.856567 20.000008
v -1460.958496 -173.167862 20.000044
v -1477.787720 -252.836990 400.001404
v -1477.799805 -252.836929 20.000071
v -2783.915039 -800.936462 20.000101
v -2783.915527 -800.936401 399.089569
v -1477.799805 -252.836853 437.183777
v -1477.799683 -252.836731 699.999878
v -1993.654663 -470.662628 437.651581
v -1993.654175 -470.662415 699.544739
v -2783.915283 -800.936157 438.119415
v -2783.915039 -800.936035 699.089478
vn -0.3870 -0.9221 -0.0000
vn -0.7560 -0.3023 0.5806
vn 1.0000 -0.0000 -0.0000
vn -0.0000 -0.3957 0.9184
vn 1.0000 -0.0001 0.0002
vn -1.0000 -0.0000 -0.0000
vn -0.0001 -1.0000 -0.0000
vn -0.0002 0.0001 -1.0000
vn -0.0000 -0.0000 -1.0000
vn -0.3890 -0.9212 -0.0000
vn -0.3889 -0.9213 -0.0000
vn -0.2935 -0.7023 0.6486
vn -0.0003 0.0001 -1.0000
vn -0.0000 -1.0000 -0.0000
vn 1.0000 -0.0000 -0.0002
vn 1.0000 0.0001 -0.0000
vn 0.3173 -0.4683 0.8246
vn -0.7071 -0.7071 -0.0000
vn -0.5558 -0.8313 -0.0000
vn -0.9468 -0.3220 -0.0001
vn -0.8480 -0.0000 -0.5300
vn -0.9619 -0.0000 0.2733
vn -0.0454 -0.7326 0.6791
vn 0.0546 0.4670 0.8826
vn -0.9451 0.2883 0.1540
vn 1.0000 0.0002 -0.0000
vn -0.0359 -0.9994 -0.0000
vn 0.0001 -1.0000 -0.0000
vn -0.4745 -0.8803 -0.0000
vn -0.1641 -0.9864 -0.0000
vn -0.9994 0.0360 -0.0001
vn 0.0002 -1.0000 -0.0000
vn 0.3760 0.8622 0.3394
vn -1.0000 -0.0003 0.0003
vn -0.1767 -0.8839 0.4330
vn -0.6597 0.0473 0.7500
vn 0.9785 -0.2064 -0.0000
vn 0.9779 -0.2092 -0.0000
vn 0.9779 -0.2090 -0.0000
vn 0.3869 -0.9221 -0.0000
vn 0.3836 -0.9235 -0.0000
vn -0.0001 0.0002 -1.0000
vn 0.3889 -0.9213 -0.0000
vn 0.9473 -0.2004 0.2498
vn 0.2908 -0.6950 0.6576
vt 4.975267 -0.230869
vt -3.254827 -0.230869
vt -3.254827 -1.995099
vt 4.975265 -1.995099
vt -0.442803 -1.995759
vt -0.442804 -0.980401
vt 1.442803 -1.995713
vt -0.730156 -1.800342
vt -0.730200 -1.666155
vt 1.741770 -1.665348
vt 1.741826 -1.799535
vt -0.001283 -0.800377
vt -3.254828 -0.798261
vt -3.254827 -2.011501
vt -0.001280 -2.011501
vt 4.975266 -2.011501
vt 4.975264 -0.802493
vt -1.135060 -0.966795
vt 2.438550 -0.966795
vt 2.438550 -1.391780
vt -1.135061 -1.392789
vt 1.675900 -1.392138
vt 1.675901 -0.966795
vt -0.372562 -0.966795
vt -0.372562 -1.392142
vt 1.890465 -0.844643
vt 1.890466 -2.155666
vt 3.078953 -2.155512
vt 3.078952 -0.844489
vt 2.044359 -2.155357
vt 2.044358 -0.844336
vt -0.912343 -0.844488
vt -0.912345 -2.155512
vt -0.912207 -2.155666
vt -0.912207 -0.844643
vt -1.035717 -0.844644
vt -1.035717 -2.155666
vt 1.675903 -0.966795
vt 1.675903 -1.392138
vt 0.074229 -1.535271
vt 0.581843 -1.535271
vt 0.581843 -1.196298
vt 0.074229 -1.196298
vt -0.442803 -1.995743
vt -0.442803 -0.980417
vt 1.442804 -1.995713
vt 2.161119 -1.995297
vt 2.161120 -0.698282
vt -1.161121 -0.698282
vt -1.161119 -1.995297
vt 2.160003 -2.523097
vt -1.159996 -2.523261
vt -1.160004 -0.476805
vt 2.159997 -0.476792
vt 1.519093 -1.995297
vt -0.519092 -1.995297
vt -0.519093 -0.698282
vt 1.519093 -0.698282
vt -1.373747 -1.665230
vt 2.385420 -1.666458
vt 2.385363 -1.800460
vt -1.373790 -1.799232
vt 2.083198 -1.992248
vt -0.763000 -0.459726
vt -0.763000 -1.992293
vt 2.161122 -1.995297
vt -1.161120 -1.995297
vt -1.161121 -0.698282
vt 2.044359 -0.844337
vt 1.912205 -0.844336
vt 1.912205 -2.155358
vt 2.044359 -2.155359
vt 0.861344 -0.844336
vt -2.078954 -0.844334
vt -2.078953 -2.155357
vt 0.861345 -2.155358
vt -0.438249 -0.844335
vt -0.438249 -2.155357
vt 1.912207 -2.155357
vt 1.912207 -0.844333
vt 1.211007 -0.873110
vt 1.521850 -0.825113
vt -0.521850 -0.825113
vt 1.521850 -1.994457
vt 1.342985 -1.994457
vt -0.211007 -0.873110
vt -0.342985 -1.994457
vt -0.521850 -1.994457
vt -3.248765 -1.995086
vt -3.248830 -0.230869
vt 4.981265 -0.230869
vt 4.981264 -1.995087
vt -3.248767 -0.798273
vt 0.004754 -0.800389
vt 0.004756 -2.011501
vt -3.248765 -2.011501
vt 4.981263 -0.802506
vt 4.981264 -2.011501
s 0
usemtl f008_001_wl02t.007
f 907/656/794 904/657/795 905/658/794 906/659/794
s 1
f 908/660/796 909/661/797 910/662/798
f 913/660/799 911/662/800 912/661/797
f 909/663/797 912/664/797 911/665/800 910/666/798
f 915/667/801 918/668/802 919/669/803 917/670/804
f 915/667/801 917/670/804 916/671/805 914/672/806
s 0
f 935/673/807 923/674/796 921/675/808 920/676/807
f 921/677/809 923/678/809 924/679/809 922/680/809
s 1
f 928/681/810 930/682/811 926/683/812 925/684/813
f 932/685/799 927/686/814 925/687/813 926/688/812
f 930/689/811 928/690/810 929/691/799 931/692/799
s 0
f 934/679/799 935/693/799 920/694/799 933/680/799
s 1
f 937/695/799 939/696/799 938/697/815 936/698/816
f 940/699/799 941/700/817 942/701/818
f 946/702/819 947/703/820 948/704/821 949/705/796
s 0
f 948/706/821 947/707/822 945/708/807 943/709/823
s 1
f 946/710/819 944/711/824 945/712/825 947/713/820
f 950/714/826 951/715/827 942/716/818 941/717/817
f 951/718/827 950/719/826 952/720/799
f 945/703/825 944/721/824 940/722/799 943/723/807
f 960/724/796 955/725/828 953/726/829 954/727/796
f 955/728/828 957/729/809 956/730/809 953/731/829
s 0
f 958/732/809 959/733/809 956/734/809 957/735/809
f 964/736/830 963/737/830 965/738/830
f 962/739/830 963/737/830 964/736/830 961/740/830
f 965/738/830 966/741/830 964/736/830
f 967/742/830 966/741/830 965/738/830 968/743/830
s 1
f 970/744/831 969/745/832 972/746/833 971/747/834
f 974/748/802 976/749/835 975/750/836 973/751/837
f 976/749/835 978/752/802 977/753/838 975/750/836
g Atomic1_meshId8_name.007
v 1799.536133 162.228867 128.507965
v 1800.231812 152.272171 122.283150
v 1766.496948 155.112488 128.507965
v 1769.962158 145.752243 122.283157
v 1794.141357 165.980133 35.468555
v 1801.855835 184.506226 35.468548
v 1789.243286 175.249176 26.873196
v 1795.082153 190.068024 26.873198
v 1751.740356 190.576157 35.468548
v 1743.244507 237.573395 36.926510
v 1748.217529 238.644531 26.873196
v 1786.778687 246.950363 36.926510
v 1781.805542 245.879196 26.873196
v 1769.869263 160.752060 35.468555
v 1770.516602 171.215546 26.873196
v 1798.384521 200.622955 35.468552
v 1672.288452 173.777496 35.468555
v 1660.682983 220.104904 36.926514
v 1655.709717 219.033722 26.873198
v 1622.121582 211.799057 26.873198
v 1617.148682 210.727890 36.926514
v 1625.644653 163.730667 35.468552
v 1673.440186 135.383408 128.507965
v 1674.135986 125.426666 122.283157
v 1668.045288 139.134674 35.468555
v 1675.760132 157.660751 35.468552
v 1668.986450 163.222565 26.873201
v 1663.147583 148.403717 26.873198
v 1643.773315 133.906616 35.468555
v 1644.420776 144.370087 26.873198
v 1643.866211 118.906746 122.283157
v 1640.401245 128.267029 128.507965
v 1807.079224 -46.731880 219.999969
v 1789.276367 -35.197063 220.000000
v 1829.017944 -149.414352 219.999985
v 1789.276123 -35.197075 0.000003
v 1807.079224 -46.731895 0.000004
v 1583.911133 -79.074509 0.000006
v 1572.376343 -96.877525 0.000007
v 1594.315063 -199.560028 0.000015
v 1594.315063 -199.560013 219.999985
v 1572.376343 -96.877510 219.999985
v 1583.911133 -79.074493 219.999969
v 1833.792114 161.327896 26.848114
v 1822.363037 158.866119 26.848114
v 1830.727905 175.552887 46.605606
v 1806.381104 288.587830 26.848104
v 1707.737427 267.340607 26.848106
v 1735.148193 140.080673 26.848116
v 1833.792114 161.327911 -0.000005
v 1735.148193 140.080658 -0.000003
v 1697.773682 313.598663 -0.000016
v 1697.773682 313.598663 172.799683
v 1707.737305 267.340607 84.422218
v 1806.380981 288.587799 84.422218
v 1707.737427 267.340607 172.799698
v 1709.692383 267.761719 84.422218
v 1804.425903 288.166687 84.422218
v 1804.425903 288.166687 170.799698
v 1709.692383 267.761719 170.799698
v 1811.899780 253.468170 170.799698
v 1814.109741 252.706253 172.799698
v 1717.166260 233.063217 170.799698
v 1715.465820 231.459030 172.799698
v 1806.381104 288.587799 172.799698
v 1796.417358 334.845886 172.799683
v 1781.388794 331.608856 200.320541
v 1791.352661 285.350769 200.320557
v 1722.765869 270.577667 200.320557
v 1712.802124 316.835693 200.320541
v 1732.084229 154.305695 46.605606
v 1720.070068 210.083832 26.848110
v 1746.577271 142.542419 26.848114
v 1743.513184 156.767441 46.605606
v 1723.134033 195.858780 46.605602
v 1734.563110 198.320541 46.605602
v 1731.499023 212.545547 26.848110
v 1810.348633 214.644272 46.605602
v 1819.298828 173.091156 46.605606
v 1821.777710 217.106018 46.605602
v 1818.713501 231.331039 26.848108
v 1807.284546 228.869308 26.848108
v 1745.561646 276.046295 83.960129
v 1768.326782 280.949738 83.960129
v 1745.561646 276.046295 26.428455
v 1757.353882 249.594345 26.428459
v 1757.353882 249.594345 73.550354
v 1768.470337 251.988754 73.550354
v 1768.470459 251.988754 26.428459
v 1770.074951 259.185944 80.251007
v 1770.074951 259.185944 26.428457
v 1759.752686 266.268616 81.688255
v 1760.548584 268.741730 81.688255
v 1758.008789 268.194641 81.688255
v 1757.944702 266.960083 94.503014
v 1760.121460 264.555817 94.503014
v 1761.115234 267.643005 94.503014
v 1730.855225 -33.176815 88.816185
v 1718.986450 -25.486931 88.816177
v 1733.989502 -47.845734 88.816185
v 1730.855225 -33.176823 0.000003
v 1718.986572 -25.486938 0.000002
v 1636.405518 -53.356541 88.816193
v 1636.405518 -53.356548 0.000004
v 1639.539795 -68.025475 0.000005
v 1639.539795 -68.025467 88.816193
v 1680.285156 261.742310 84.422218
v 1678.329956 261.321198 84.422218
v 1581.641479 240.495102 84.422226
v 1680.285156 261.742310 26.848106
v 1581.641479 240.495117 26.848108
v 1707.696045 134.482422 26.848116
v 1704.632080 148.707428 46.605606
v 1696.266968 132.020660 26.848116
v 1609.052490 113.235214 26.848120
v 1707.696045 134.482437 -0.000003
v 1609.052490 113.235199 -0.000001
v 1571.677734 286.753204 -0.000014
v 1571.677734 286.753204 172.799698
v 1596.670044 243.732178 200.320557
v 1586.706299 289.990265 200.320557
v 1581.641479 240.495132 172.799698
v 1680.285156 261.742310 172.799698
v 1665.256714 258.505280 200.320557
v 1589.369995 204.613525 172.799698
v 1591.070435 206.217758 170.799698
v 1688.013916 225.860779 172.799698
v 1685.803955 226.622696 170.799698
v 1678.329956 261.321198 170.799698
v 1583.596558 240.916214 170.799698
v 1583.596558 240.916199 84.422226
v 1655.293091 304.763367 200.320541
v 1670.321533 308.000427 172.799683
v 1617.417358 129.921982 46.605606
v 1605.988403 127.460228 46.605606
v 1593.974121 183.238373 26.848112
v 1620.481445 115.696953 26.848116
v 1605.403198 185.700104 26.848112
v 1597.038086 169.013336 46.605606
v 1608.467163 171.475067 46.605606
v 1693.202881 146.245697 46.605606
v 1681.188843 202.023804 26.848110
v 1684.252808 187.798782 46.605602
v 1692.617798 204.485550 26.848110
v 1695.681885 190.260529 46.605602
v 1313.077026 141.032043 -0.000134
v 1313.077026 141.032059 70.002167
v 1325.430176 159.989899 -0.000130
v 1335.642212 34.057228 69.994019
v 1354.600098 21.704082 69.992851
v 1354.600098 21.704071 -0.000137
v 1325.430176 159.989899 70.003357
v 1458.749023 188.112076 0.000159
v 1456.195312 43.134464 90.887131
v 1427.025391 181.420273 90.897629
v 1456.195190 43.134483 150.229858
v 1427.025391 181.420303 150.240402
v 1458.748535 188.112091 210.000137
v 1341.085449 163.292267 209.999863
v 1328.732300 144.334427 209.999847
v 1487.918701 49.826271 210.000107
v 1487.918945 49.826248 0.000151
v 1351.297485 37.359589 209.999832
v 1351.297485 37.359592 186.520172
v 1328.732422 144.334412 186.528305
v 1341.085571 163.292267 183.078781
v 1643.979126 232.340469 26.428459
v 1643.979126 232.340469 80.251015
v 1642.374390 225.143250 26.428461
v 1642.374390 225.143265 73.550354
v 1631.258179 222.748871 26.428461
v 1631.258057 222.748871 73.550354
v 1619.465942 249.200790 26.428457
v 1619.465942 249.200790 83.960136
v 1642.230957 254.104218 83.960129
v 1633.656616 239.423126 81.688263
v 1634.452759 241.896225 81.688263
v 1631.912964 241.349167 81.688263
v 1631.848877 240.114578 94.503021
v 1634.025635 237.710327 94.503021
v 1635.019287 240.797470 94.503021
v 1431.533203 179.328934 67.757889
v 1343.818970 160.826569 67.757690
v 1431.533203 179.328964 191.951630
v 1343.818970 160.826584 191.951630
v 1353.655518 39.525856 191.951645
v 1353.655518 39.525845 67.757660
v 1371.916016 27.627081 191.951645
v 1459.728027 46.150047 191.951645
v 1459.728027 46.150036 67.757889
vn 0.7886 -0.6048 0.1105
vn 0.6251 -0.5739 -0.5291
vn 0.5656 -0.3745 -0.7347
vn 0.6779 0.5790 0.4529
vn -0.5147 -0.7859 -0.3426
vn -0.4343 -0.8919 0.1262
vn -0.5753 -0.6807 0.4535
vn -0.0882 0.2764 0.9570
vn -0.5614 -0.4132 0.7170
vn 0.2426 -0.3883 -0.8890
vn 0.1715 0.0103 0.9851
vn -0.7769 0.5515 0.3036
vn -0.2114 0.9733 -0.0898
vn -0.7195 0.5825 -0.3783
vn 0.2247 -0.4351 -0.8719
vn -0.3423 -0.4858 -0.8043
vn -0.8919 0.4496 0.0487
vn -0.3266 -0.9418 0.0798
vn 0.6096 -0.5712 0.5496
vn -0.2210 0.5808 0.7835
vn 0.2430 -0.3884 -0.8889
vn 0.2248 -0.4351 -0.8719
vn 0.5656 -0.3746 -0.7348
vn 0.6919 -0.6234 -0.3642
vn -0.4343 -0.8578 -0.2749
vn -0.3552 0.9347 -0.0155
vn -0.7723 0.5421 0.3313
vn -0.1851 0.9827 -0.0025
vn -0.7109 0.6040 -0.3603
vn -0.8972 -0.3869 0.2129
vn -0.3423 -0.4858 -0.8042
vn -0.7759 0.6308 -0.0000
vn -0.1311 0.9914 -0.0000
vn -0.1318 0.9913 -0.0000
vn -0.8995 0.4256 -0.0989
vn -0.0000 -0.0000 1.0000
vn 0.5438 0.8392 -0.0000
vn 0.2440 0.9648 0.0982
vn 0.2858 0.9583 -0.0000
vn -0.9779 -0.2089 -0.0000
vn -0.0121 -0.0108 0.9999
vn 0.0172 -0.0055 0.9998
vn -0.1432 0.6415 0.7536
vn -0.9819 -0.1888 -0.0170
vn 0.0001 -0.0000 1.0000
vn -0.0119 -0.0107 0.9999
vn -0.9819 -0.1889 -0.0171
vn 0.2105 -0.9776 -0.0002
vn -0.4350 -0.4539 0.7777
vn 0.0062 -0.0290 0.9996
vn 0.2106 -0.9776 -0.0000
vn 0.1892 -0.7460 -0.6386
vn -0.1382 0.6414 0.7547
vn -0.0000 -0.0001 1.0000
vn -0.8075 0.0627 0.5866
vn 0.2323 -0.9719 0.0390
vn -0.5694 -0.7716 0.2837
vn 0.8424 -0.4079 0.3520
vn -0.0131 -0.0328 0.9994
vn -0.7834 -0.4009 0.4749
vn -0.0004 -0.0001 1.0000
vn -0.0622 -0.9977 -0.0286
vn 0.2035 -0.9542 -0.2191
vn 0.0944 -0.9796 -0.1775
vn 0.0153 -0.0149 0.9998
vn 0.7367 0.1587 0.6574
vn 0.6910 -0.7221 0.0328
vn -0.0964 -0.9256 -0.3661
vn -0.9776 -0.2105 -0.0000
vn -0.7635 -0.1076 0.6368
vn -0.9757 0.1842 -0.1187
vn 0.2105 -0.9776 -0.0000
vn 0.1382 -0.6414 0.7547
vn 0.1671 -0.9628 -0.2122
vn -0.9776 -0.2106 -0.0000
vn -0.4040 -0.8168 0.4118
vn -0.9757 0.1843 -0.1186
vn -0.9521 -0.2051 -0.2270
vn -0.4040 -0.8168 0.4119
vn -0.5592 -0.4416 -0.7016
vn 0.0782 -0.2106 0.9744
vn -0.9042 -0.4030 0.1418
vn -0.8824 -0.4704 -0.0003
vn -0.0598 -0.2894 0.9553
vn -0.5588 0.4185 0.7160
vn 0.2951 0.2262 0.9283
vn -0.5376 -0.2241 0.8129
vn 0.9760 -0.2176 -0.0000
vn 0.9908 0.0983 0.0929
vn 0.1877 -0.9822 0.0002
vn -0.5375 -0.2241 0.8130
vn -0.0609 -0.2730 0.9601
vn -0.0600 -0.2894 0.9553
vn 0.6026 -0.6532 0.4586
vn -0.4940 -0.4743 0.7287
vn -0.2447 -0.8716 0.4248
vn 0.8522 -0.2669 0.4501
vn 0.0295 -0.9287 0.3698
vn 0.9419 -0.3066 -0.1374
vn -0.7321 -0.6672 -0.1375
vn 0.3524 0.2539 0.9008
vn 0.1244 0.9922 -0.0000
vn -0.8691 0.4946 -0.0000
vn -0.9519 -0.1548 0.2646
vn 0.5352 0.8260 0.1769
vn -0.9777 -0.2092 0.0201
vn -0.9779 -0.2090 -0.0000
vn -0.7322 0.4622 0.5003
vn -0.2787 -0.6783 0.6799
vn 0.6911 -0.7221 0.0328
vn -0.8074 0.0626 0.5866
vn -0.1587 -0.6137 -0.7734
vn -0.9820 -0.1883 -0.0163
vn 0.0153 -0.0150 0.9998
vn 0.2333 -0.9716 0.0383
vn -0.9820 -0.1882 -0.0161
vn -0.0130 -0.0327 0.9994
vn 0.2915 -0.9484 -0.1245
vn -0.9599 0.1107 -0.2577
vn -0.4041 -0.8168 0.4119
vn -0.4351 -0.4541 0.7775
vn 0.1892 -0.7459 -0.6386
vn 0.0945 -0.9796 -0.1775
vn 0.1488 -0.8779 -0.4551
vn -0.4042 -0.8167 0.4119
vn -0.7635 -0.1075 0.6368
vn -0.5550 -0.8282 -0.0779
vn -0.6904 -0.6279 0.3594
vn -0.7428 0.4025 0.5350
vn -0.7976 0.1613 0.5813
vn 0.0527 -0.9985 0.0134
vn 0.1728 -0.9849 0.0133
vn -0.9972 0.0742 -0.0000
vn -0.7102 0.7040 0.0001
vn -0.9706 0.2395 -0.0235
vn -0.9717 -0.2361 -0.0089
vn -0.9981 -0.0199 -0.0581
vn -0.3652 -0.9288 -0.0630
vn 0.0977 -0.6649 -0.7405
vn -0.7266 -0.6870 0.0111
vn -0.2915 0.1750 -0.9404
vn -0.6318 -0.7746 -0.0285
vn -0.2064 0.9785 -0.0000
vn -0.6746 0.7382 -0.0000
vn -0.6889 0.5239 0.5010
vn -0.5551 -0.8282 -0.0776
vn -0.7744 -0.1803 0.6065
vn -0.7975 0.1613 0.5813
vn 0.0661 -0.4355 0.8978
vn 0.3474 0.1532 0.9251
vn 0.0406 -0.3035 0.9520
vn -0.0432 0.8645 0.5007
vn -0.9134 -0.4072 -0.0000
vn -0.8824 -0.4704 -0.0000
vn -0.0599 -0.2893 0.9554
vn 0.1877 -0.9822 -0.0003
vn 0.4283 -0.8910 0.1502
vn 0.8522 -0.2669 0.4500
vn 0.0296 -0.9286 0.3698
vn 0.9419 -0.3065 -0.1375
vn -0.7320 -0.6673 -0.1374
vn -0.5248 -0.8502 -0.0419
vn 0.0622 -0.9967 -0.0523
vn 0.0622 -0.9967 -0.0524
vn -0.7532 -0.6564 -0.0414
vn -0.8015 0.5980 -0.0000
vn -0.0883 -0.9944 -0.0574
vt 0.554447 0.472351
vt 0.543801 0.211149
vt 0.606155 0.203017
vt 0.586117 0.496617
vt 0.452211 0.210996
vt 0.440224 0.472160
vt 0.279383 0.499688
vt 0.201378 0.499562
vt 0.185524 0.309080
vt 0.295651 0.309080
vt 0.533799 0.180974
vt 0.292242 0.228128
vt 0.189457 0.228128
vt 0.201199 0.213487
vt 0.280500 0.213487
vt 0.409162 0.496330
vt 0.305310 0.203705
vt 0.581999 0.174433
vt 0.463134 0.180856
vt 0.120591 0.208289
vt 0.116381 0.176678
vt 0.836540 0.990620
vt 0.806395 0.990620
vt 0.806395 0.744075
vt 0.836540 0.744075
vt 0.002040 0.896566
vt 0.117829 0.896566
vt 0.117829 0.803214
vt 0.014809 0.789792
vt 0.806395 0.744162
vt 0.836540 0.744162
vt 0.104823 0.789792
vt 0.002040 0.803214
vt 0.512780 0.990620
vt 0.512780 0.744075
vt 0.983615 0.990620
vt 0.983615 0.744075
vt 0.628008 0.149295
vt 0.569046 0.149295
vt 0.548861 0.127370
vt 0.648193 0.127370
vt 0.568963 0.149406
vt 0.568963 0.165676
vt 0.548646 0.165676
vt 0.548729 0.149406
vt 0.589001 0.032995
vt 0.589001 0.125887
vt 0.546991 0.125887
vt 0.546991 0.032995
vt 0.648367 0.149407
vt 0.648367 0.165677
vt 0.628117 0.165677
vt 0.628117 0.149406
vt 0.058954 0.503590
vt 0.004511 0.503590
vt 0.004511 0.354003
vt 0.058954 0.354003
vt 0.252448 0.056762
vt 0.287980 0.056762
vt 0.287980 0.166399
vt 0.252401 0.166399
vt 0.628008 0.149295
vt 0.569046 0.149295
vt 0.548861 0.127370
vt 0.648193 0.127370
vt 0.065254 0.499897
vt 0.058868 0.503788
vt 0.065254 0.358351
vt 0.058477 0.353831
vt 0.004478 0.353831
vt 0.004478 0.248704
vt 0.450245 0.166399
vt 0.450245 0.056762
vt 0.485800 0.056762
vt 0.485800 0.166399
vt 0.058868 0.357852
vt 0.065254 0.357847
vt 0.488766 0.006350
vt 0.546991 0.090012
vt 0.546991 0.177593
vt 0.588984 0.033139
vt 0.708278 0.033139
vt 0.708278 0.125743
vt 0.588984 0.125742
vt 0.450004 0.056762
vt 0.288221 0.056762
vt 0.252772 0.005794
vt 0.485453 0.005796
vt 0.548696 0.165676
vt 0.548778 0.149406
vt 0.582203 0.006335
vt 0.708278 0.006335
vt 0.708278 0.033094
vt 0.582203 0.033094
vt 0.059056 0.354106
vt 0.004511 0.354106
vt 0.004511 0.248980
vt 0.065254 0.357572
vt 0.058868 0.357566
vt 0.058868 0.355416
vt 0.058868 0.503537
vt 0.708278 0.006350
vt 0.708278 0.032956
vt 0.546991 0.032956
vt 0.488766 0.177593
vt 0.003272 0.174905
vt 0.003272 0.004007
vt 0.242934 0.004007
vt 0.242934 0.174905
vt 0.149808 0.429229
vt 0.068919 0.452631
vt 0.068919 0.322998
vt 0.149808 0.322998
vt 0.068916 0.503112
vt 0.068917 0.452821
vt 0.149768 0.452821
vt 0.149768 0.503112
vt 0.129315 0.322998
vt 0.149732 0.428711
vt 0.149732 0.322998
vt 0.129598 0.503112
vt 0.129315 0.443763
vt 0.181476 0.428964
vt 0.149808 0.428964
vt 0.181476 0.322998
vt 0.155860 0.502818
vt 0.149505 0.491810
vt 0.162216 0.491810
vt 0.174471 0.502552
vt 0.162275 0.502552
vt 0.162275 0.429660
vt 0.174471 0.429660
vt 0.150078 0.502552
vt 0.150078 0.429660
vt 0.528299 0.740269
vt 0.528299 0.648057
vt 0.644616 0.648057
vt 0.644616 0.740269
vt 0.509919 0.740269
vt 0.509919 0.648057
vt 0.263093 0.933651
vt 0.263061 0.902992
vt 0.064986 0.902992
vt 0.065019 0.933858
vt 0.085549 0.954263
vt 0.662667 0.740269
vt 0.662667 0.648057
vt 0.428333 0.825540
vt 0.428348 0.856997
vt 0.121695 0.857004
vt 0.156395 0.791913
vt 0.506125 0.985753
vt 0.444334 0.815220
vt 0.506125 0.685098
vt 0.066744 0.985753
vt 0.038110 0.985753
vt 0.038110 0.947210
vt 0.066744 0.955773
vt 0.036843 0.685098
vt 0.261133 0.685098
vt 0.261133 0.785306
vt 0.036843 0.785320
vt 0.262400 0.955761
vt 0.262400 0.985752
vt 0.121695 0.873557
vt 0.428348 0.873563
vt 0.393617 0.901644
vt 0.156397 0.901640
vt 0.444334 0.900195
vt 0.262286 0.685098
vt 0.262286 0.785321
vt 0.444334 0.815235
vt 0.290920 0.985752
vt 0.290920 0.947210
vt 0.444334 0.900180
vt 0.232499 0.785308
vt 0.262286 0.785306
vt 0.262286 0.685098
vt 0.121683 0.897312
vt 0.121680 0.825552
vt 0.008210 0.785321
vt 0.008210 0.685098
vt 0.341461 0.508412
vt 0.503231 0.508412
vt 0.503231 0.681853
vt 0.341460 0.681853
vt 0.151285 0.681853
vt 0.006475 0.681853
vt 0.006475 0.508412
vt 0.151285 0.508412
vt 0.373071 0.681853
vt 0.341523 0.681853
vt 0.341523 0.508412
s 1
usemtl f008_001_komono01t.007
f 980/754/839 983/755/840 984/756/841 979/757/842
f 992/758/843 983/755/840 980/754/839 982/759/844
f 981/760/845 979/761/842 994/762/846 987/763/847
f 985/764/848 984/756/841 992/758/843
f 988/765/849 990/766/850 991/767/851 989/768/852
f 982/759/844 980/754/839 979/757/842 981/769/845
f 992/758/843 982/759/844 981/769/845 987/770/847
f 985/764/848 986/771/853 984/756/841
f 984/756/841 983/755/840 992/758/843
f 992/758/843 993/772/854 985/764/848
f 987/770/847 988/773/849 989/774/852
f 989/774/852 993/772/854 992/758/843
f 987/770/847 989/774/852 992/758/843
f 987/763/847 994/762/846 990/766/850 988/765/849
f 1010/769/855 1009/759/856 1002/754/857 1001/757/858
f 1006/764/859 1005/771/860 1004/756/861 1003/755/862
f 1002/754/857 1003/755/862 1004/756/861 1001/757/858
f 1003/755/862 1002/754/857 1009/759/856 1007/758/863
f 999/765/864 996/766/865 997/767/866 998/768/867
f 1010/760/855 1001/761/858 995/762/846 1000/763/868
f 1003/755/862 1007/758/863 1008/772/869 1006/764/859
f 1007/758/863 1009/759/856 1010/769/855 1000/770/868
f 1000/770/868 999/773/864 998/774/867
f 998/774/867 1008/772/869 1007/758/863
f 1000/770/868 998/774/867 1007/758/863
f 995/762/846 996/766/865 999/765/864 1000/763/868
f 1020/775/870 1021/776/871 1016/777/872 1017/778/873
s 0
f 1019/779/874 1013/780/874 1011/781/874 1021/782/874
s 1
f 1011/776/875 1015/783/875 1014/784/876 1012/775/877
s 0
f 1011/781/874 1012/785/874 1021/782/874
f 1021/782/874 1020/786/874 1019/779/874
s 1
f 1021/776/871 1012/787/877 1014/788/876 1016/777/872
f 1019/789/878 1020/775/870 1017/778/873 1018/790/878
f 1049/791/879 1053/792/880 1050/793/881 1027/794/882
f 1024/795/883 1057/796/884 1023/797/885 1022/798/886
f 1026/799/887 1025/800/888 1033/801/889 1032/802/890
f 1055/803/891 1050/804/881 1053/805/880 1054/806/892
f 1040/807/893 1043/808/894 1034/809/895 1042/810/896
f 1034/811/895 1047/812/897 1048/813/874 1031/814/898
f 1059/803/891 1060/804/881 1056/805/880 1058/806/899
s 0
f 1053/805/874 1049/796/874 1052/795/874 1054/806/874
s 1
f 1057/815/884 1056/816/880 1060/817/881 1023/818/885
f 1039/819/900 1040/820/893 1041/821/901
s 0
f 1056/805/874 1057/796/874 1024/795/874 1058/806/874
s 1
f 1039/822/900 1037/823/889 1036/824/902
s 0
f 1045/825/874 1048/813/874 1047/812/874 1046/826/874
s 1
f 1046/826/903 1043/827/894 1044/828/904 1045/825/883
f 1041/819/901 1032/829/905 1035/830/906
s 0
f 1030/831/907 1032/832/908 1034/833/909
s 1
f 1026/834/887 1027/835/907 1022/836/910 1025/837/888
f 1046/838/903 1047/839/897 1034/840/895 1043/841/894
f 1052/795/883 1049/796/879 1027/842/882 1051/843/911
s 0
f 1029/844/889 1028/845/889 1022/846/889 1027/847/889
s 1
f 1042/848/896 1034/849/895 1032/850/905
f 1039/819/900 1036/851/902 1033/852/912
f 1040/820/893 1042/853/896 1041/821/901
f 1039/819/900 1033/852/912 1040/820/893
f 1041/819/901 1042/854/896 1032/829/905
s 0
f 1030/831/913 1029/855/913 1027/856/913
f 1030/831/913 1027/856/913 1026/857/914
f 1034/833/915 1031/858/916 1030/831/913
f 1030/831/913 1026/857/917 1032/832/908
f 1038/859/889 1035/860/889 1036/861/889 1037/862/889
s 1
f 1065/863/918 1061/864/919 1063/865/920 1064/866/921
s 0
f 1062/867/922 1061/868/923 1065/869/924 1066/870/925
s 1
f 1069/871/926 1066/872/927 1067/873/928
s 0
f 1066/870/929 1068/874/930 1062/867/931
s 1
f 1069/871/926 1068/875/932 1066/872/927
f 1066/876/927 1065/877/918 1064/866/921 1067/878/928
f 1073/879/933 1074/880/934 1075/881/935
f 1075/882/935 1074/883/934 1070/884/936 1071/885/937
f 1073/886/933 1072/887/938 1070/884/936 1074/883/934
f 1077/888/939 1080/889/940 1082/890/941 1081/891/942
f 1080/889/940 1077/888/939 1076/892/943 1079/893/875
f 1081/894/942 1084/895/944 1078/896/874 1076/897/943
f 1076/897/943 1077/898/939 1081/894/942
f 1084/899/944 1081/891/942 1082/890/941 1083/900/945
f 1103/848/946 1100/849/947 1087/850/948
f 1105/820/949 1104/821/901 1106/819/950
f 1112/795/883 1113/796/884 1093/842/951 1115/843/911
f 1110/825/874 1102/826/952 1101/827/953 1111/828/904
f 1105/807/949 1101/808/953 1100/809/947 1103/810/946
s 0
f 1117/805/874 1113/796/874 1112/795/874 1118/806/874
f 1121/805/874 1119/796/874 1091/795/874 1123/806/874
f 1110/825/874 1099/813/874 1098/812/874 1102/826/874
s 1
f 1091/795/883 1119/796/884 1092/797/954 1090/798/886
f 1101/841/953 1102/838/952 1098/839/955 1100/840/947
s 0
f 1095/844/889 1094/845/889 1090/846/889 1093/847/889
s 1
f 1104/819/901 1087/829/948 1109/830/956
s 0
f 1100/833/957 1097/858/916 1096/831/913 1089/857/958
s 1
f 1113/791/884 1117/792/880 1114/793/881 1093/794/951
f 1122/803/891 1120/804/881 1121/805/880 1123/806/874
f 1089/799/959 1088/800/888 1085/801/889 1087/802/960
f 1099/813/874 1097/814/898 1100/811/947 1098/812/955
f 1119/815/884 1121/816/880 1120/817/881 1092/818/954
s 0
f 1107/862/889 1108/859/889 1109/860/889 1086/861/889
s 1
f 1093/835/907 1090/836/910 1088/837/888 1089/834/959
f 1107/823/889 1086/824/961 1106/822/950
f 1086/851/961 1085/852/962 1105/820/949
f 1105/820/949 1103/853/946 1104/821/901
f 1106/819/950 1086/851/961 1105/820/949
s 0
f 1096/831/913 1095/855/913 1093/856/913
f 1089/857/963 1087/832/964 1100/833/957
f 1096/831/913 1093/856/913 1089/857/914
s 1
f 1104/819/901 1103/854/946 1087/829/948
f 1116/803/891 1114/804/881 1117/805/880 1118/806/874
f 1128/901/965 1132/902/966 1133/903/967 1125/904/968
f 1139/905/969 1132/906/966 1140/907/970
f 1138/908/971 1137/909/972 1144/910/973 1143/911/974
f 1124/912/975 1129/913/976 1128/914/965 1125/915/968
f 1143/911/974 1142/916/977 1141/917/978 1138/908/971
f 1135/918/979 1134/919/980 1142/920/977 1143/921/974
f 1135/922/979 1136/905/981 1131/907/981
f 1131/907/981 1126/923/982 1130/924/983 1133/925/967
s 0
f 1141/785/874 1139/780/874 1136/779/874 1138/782/874
s 1
f 1134/919/980 1135/918/979 1133/903/967 1132/902/966
f 1137/926/972 1136/905/981 1135/922/979 1144/927/973
f 1139/905/969 1134/928/980 1132/906/966
f 1128/914/984 1127/929/985 1125/915/986
s 0
f 1136/779/874 1137/786/874 1138/782/874
s 1
f 1132/906/966 1128/930/965 1129/931/976 1140/907/970
f 1142/916/977 1134/928/980 1139/905/969 1141/917/978
f 1131/907/981 1133/925/967 1135/922/979
f 1143/921/974 1144/932/973 1135/918/979
f 1133/903/967 1130/933/983 1125/904/968
f 1125/915/968 1130/934/983 1126/935/982 1124/912/975
f 1148/872/987 1145/871/926 1146/875/988
f 1150/863/989 1152/864/990 1151/865/991 1149/866/992
f 1153/867/993 1152/868/990 1150/869/989 1146/874/988
f 1148/872/987 1147/873/994 1145/871/926
f 1150/869/989 1148/870/987 1146/874/988
f 1148/876/987 1150/877/989 1149/866/992 1147/878/994
f 1157/879/933 1158/880/995 1159/881/996
f 1159/882/996 1158/883/995 1154/884/997 1155/885/998
f 1154/884/997 1158/883/995 1157/886/933 1156/887/999
f 1165/936/1000 1168/937/1001 1167/938/1002 1164/939/1003
f 1163/940/1004 1162/941/981 1160/942/981 1161/943/1004
f 1167/938/1002 1166/944/1005 1164/939/1003
f 1164/945/1003 1163/940/1004 1161/943/1004 1165/946/1000
g Atomic2_meshId9_name.007
v -8.894760 8.891040 191.276581
v -12.579093 -0.003725 191.276596
v -30.777313 -30.785566 201.613998
v -8.894760 -8.898486 191.276596
v 0.000006 -43.533928 201.613998
v 0.000003 -12.582816 191.276596
v 8.894767 -8.898486 191.276596
v 40.212513 -16.664793 201.613998
v 12.579096 -0.003723 191.276596
v 30.777313 30.769085 201.613983
v 8.894763 8.891040 191.276581
v -50.091553 50.083332 237.134033
v -50.091545 -50.099800 237.134033
v 0.000008 -70.848389 237.134033
v 65.447769 -27.117571 237.134033
v 50.091549 50.083332 237.134033
v -13.774482 -11.733875 180.700912
v -8.894760 -8.898486 184.201645
v -19.480064 0.000744 180.700912
v -12.579093 -0.003726 184.201645
v -13.774486 13.775234 180.700912
v -8.894760 8.891040 184.201645
v 0.000003 -17.439453 180.700912
v 0.000003 -12.582816 184.201645
v 13.774492 -11.733875 180.700912
v 8.894767 -8.898486 184.201645
v 24.164206 -10.009130 136.454361
v 18.494484 -18.494474 136.454361
v 8.894767 -8.898487 177.200226
v 0.000005 -26.155132 136.454361
v 0.000003 -12.582817 177.200226
v -10.009134 -24.164196 136.454361
v -18.494476 -18.494474 136.454361
v -8.894760 -8.898487 177.200226
v -12.579093 -0.003726 177.200226
v -26.155142 0.000004 136.454361
v 19.778410 8.192489 126.508377
v 18.494478 18.494484 136.454361
v 8.894763 8.891039 177.200226
v 26.155142 0.000006 136.454361
v 19.778410 -8.192474 126.508377
v 15.137740 -15.137731 126.508377
v -8.192478 -19.778402 126.508377
v 74.814102 -30.997231 240.448334
v 71.966789 -29.817837 245.847092
v 30.989025 -74.822327 240.448334
v 29.809622 -71.975029 245.847092
v -30.989012 -74.822327 240.448334
v -29.809605 -71.975029 245.847092
v -57.260223 -57.268471 240.448334
v -71.966789 -29.817856 245.847092
v -80.978203 -0.008235 240.448334
v -57.260239 57.251995 240.448334
v -55.081005 55.072758 245.847092
v 55.080990 55.072758 245.847092
v 57.260235 57.252018 240.448334
v 29.809614 71.958542 245.847092
v 8.894763 8.891040 184.201645
v 12.579096 -0.003724 184.201645
v 12.579096 -0.003725 177.200226
v 19.480064 0.000747 180.700912
v 13.774486 13.775234 180.700912
v -8.894760 8.891039 177.200226
v 9.387656 9.387661 120.713768
v 13.276152 0.000006 120.713768
v 9.387661 -9.387651 120.713768
v 0.000004 -13.276142 120.713768
v -5.080558 -12.265556 120.713768
v -9.387651 -9.387651 120.713768
v -13.276146 0.000004 120.713768
v -9.387652 9.387661 120.713768
v -15.137733 15.137739 126.508377
v -18.494478 18.494484 136.454361
v 9.387656 9.387659 106.354004
v 13.276152 0.000005 106.354004
v 9.387660 -9.387652 106.354004
v 0.000004 -13.276144 106.354004
v -9.387651 -9.387652 106.354004
v -13.276146 0.000003 106.354004
v -9.387652 9.387659 106.354004
v 5.196024 -5.196002 297.193848
v 5.629216 -5.629193 299.968079
v 0.000001 -7.348264 297.193848
v 3.572082 -3.572059 295.166016
v 7.348287 0.000022 297.193848
v 7.960912 0.000023 299.968048
v 5.196024 5.196046 297.193848
v 5.051685 0.000022 288.104004
v 3.572082 3.572104 295.165985
v 3.572082 3.572104 288.103973
v 6.272423 6.272446 285.021057
v 8.870546 0.000022 285.021057
v 6.272423 6.272443 245.351257
v 6.272425 -6.272401 285.021057
v 6.272425 -6.272404 245.351257
v 3.572082 -3.572059 288.104004
v 0.000001 -8.870524 285.021057
v -6.272423 -6.272403 285.021057
v 0.000001 -5.051663 288.104004
v 0.000001 -5.051663 295.166016
v -3.572081 -3.572060 288.104004
v -5.051686 0.000021 288.104004
v -3.572081 -3.572060 295.166016
v -5.051686 0.000022 295.166016
v -5.196024 -5.196003 297.193848
v -5.629216 -5.629194 299.968079
v -7.348289 0.000022 297.193848
v -5.196024 5.196046 297.193848
v -7.960914 0.000022 299.968048
v -5.629215 5.629238 299.968048
v 0.000000 0.000023 307.317627
v 0.000001 -7.960889 299.968048
v 5.629215 5.629238 299.968048
v -3.572081 3.572104 295.165985
v -3.572081 3.572104 288.103973
v -6.272425 6.272445 285.021057
v -8.870546 0.000021 285.021057
v -6.272425 6.272442 245.351257
v -8.870546 0.000018 245.351257
v -6.272423 -6.272406 245.351257
v 0.000001 -8.870528 245.351257
v 8.870546 0.000019 245.351257
v 17.250038 9.959324 108.309105
v -0.000001 19.918631 108.309105
v 17.250036 -9.959303 108.309105
v 22.850771 13.192905 87.727768
v 22.850767 -13.192889 87.727768
v 0.000005 -26.385786 87.727768
v 0.000004 -19.918617 108.309105
v -22.850765 -13.192893 87.727768
v -17.250031 -9.959306 108.309105
v -22.850767 13.192901 87.727768
v -17.250034 9.959319 108.309105
vn -0.1945 -0.9050 -0.3783
vn 0.1887 -0.8505 -0.4910
vn 0.3215 -0.4654 0.8247
vn 0.0083 -0.3981 0.9173
vn 0.1380 0.8288 -0.5422
vn 0.9648 0.0802 0.2504
vn 0.4767 -0.8761 -0.0714
vn 0.9869 0.0215 -0.1598
vn 0.5490 -0.4707 -0.6907
vn 0.4042 -0.3381 -0.8499
vn 0.8854 -0.3208 -0.3362
vn 0.8193 -0.2846 -0.4978
vn 0.5986 0.0242 0.8007
vn 0.6084 -0.0427 0.7925
vn 0.9378 0.2753 -0.2117
vn 0.9588 0.2597 0.1151
vn 0.8705 0.3888 -0.3017
vn 0.7831 -0.6110 -0.1160
vn -0.3996 -0.7724 0.4937
vn 0.2636 -0.9615 -0.0777
vn -0.9831 -0.0437 -0.1780
vn -0.9225 0.3819 -0.0555
vn -0.8453 -0.0511 -0.5318
vn -0.0116 -0.5532 -0.8330
vn 0.5312 -0.2619 -0.8057
vn -0.2437 -0.3836 -0.8908
vn -0.6017 -0.7243 -0.3366
vn -0.9484 -0.2112 -0.2364
vn -0.9110 -0.4117 0.0246
vn -0.9490 -0.0479 -0.3117
vn -0.9489 -0.3150 0.0166
vn 0.9234 -0.3828 -0.0271
vn 0.5034 0.1344 -0.8535
vn 0.8025 0.5861 0.1115
vn 0.9618 0.2487 -0.1145
vn -0.4545 0.3363 0.8248
vn -0.7315 0.6581 0.1785
vn -0.9824 0.1864 -0.0082
vn -0.8597 -0.3787 0.3427
vn -0.2142 -0.5721 -0.7918
vn 0.9549 -0.1252 0.2694
vn -0.4874 0.0444 0.8720
vn -0.7680 -0.6328 -0.0986
vn -0.2417 -0.1772 -0.9540
vn -0.3103 -0.5722 0.7591
vn -0.9490 -0.3149 0.0166
vn 0.9234 -0.3829 -0.0272
vn 0.9273 0.3170 0.1992
vn 0.9974 0.0719 -0.0000
vn 0.9239 0.3827 -0.0000
vn 0.9677 -0.0331 -0.2499
vn -0.1948 -0.9716 0.1342
vn 0.0391 -0.9991 -0.0136
vn 0.7561 -0.6544 -0.0000
vn 0.6851 -0.0481 -0.7268
vn -0.1790 0.0357 0.9832
vn -0.7873 -0.4911 -0.3727
vn -0.9313 0.2868 -0.2245
vn -0.5962 -0.3504 -0.7223
vn -0.9573 -0.0811 -0.2775
vn -0.4558 -0.3615 -0.8134
vn -0.9457 0.3250 -0.0000
vn -0.6931 -0.0255 -0.7204
vn 0.6067 0.1270 -0.7847
vn -0.5660 -0.1151 0.8163
vn -0.5808 -0.3703 -0.7250
vn -0.5590 -0.4104 -0.7205
vn 0.7243 -0.6890 -0.0260
vn -0.0070 -1.0000 -0.0043
vn -0.7526 -0.6582 0.0161
vn -0.2408 -0.0997 -0.9654
vn -0.4520 0.8809 -0.1403
vn 0.9260 -0.3393 -0.1653
vn -0.2627 -0.6385 -0.7234
vn 0.4577 -0.5689 -0.6833
vn -0.4465 -0.2958 -0.8445
vn -0.1276 -0.8839 -0.4500
vn 0.6858 -0.7003 -0.1983
vn 0.3179 -0.0447 -0.9471
vn -0.9795 0.0124 0.2013
vn -0.3177 -0.9397 -0.1270
vn -0.0000 -0.0000 1.0000
vn -0.4520 0.8810 -0.1402
vn -0.9794 -0.2021 -0.0009
vn -0.9489 -0.3151 0.0166
vn 0.9234 -0.3828 -0.0272
vn 0.9029 -0.4254 0.0619
vn 0.6859 -0.7002 -0.1982
vn 0.6858 -0.7003 -0.1982
vn 0.9490 0.0696 0.3075
vn 0.6268 -0.7396 0.2451
vn 0.4889 -0.6104 -0.6232
vn 0.9062 0.0620 -0.4183
vn -0.0725 -0.9402 0.3327
vn -0.6715 -0.6201 0.4057
vn -0.5947 -0.6792 -0.4301
vn -0.1212 -0.8727 -0.4729
vn -0.0233 -0.3213 0.9467
vn -0.8360 0.2176 -0.5038
vn -0.7694 -0.4449 -0.4584
vn -0.9241 -0.0075 0.3821
vn -0.8949 0.1145 -0.4313
vn -0.6141 -0.5947 0.5189
vn -0.4784 -0.3568 0.8024
vn -0.8848 0.0652 0.4614
vn 0.6540 -0.6896 0.3110
vn 0.8961 -0.1191 0.4277
vn 0.9372 0.1852 0.2957
vn -0.9630 0.2586 -0.0766
vn -0.9868 0.0905 0.1344
vn -0.9561 0.0165 0.2925
vn -0.9901 -0.1402 -0.0000
vn -0.6010 -0.7992 -0.0000
vn -0.9239 0.3827 -0.0000
vn 0.1283 -0.9182 0.3747
vn 0.4621 -0.8855 0.0483
vn 0.9901 0.1402 -0.0000
vn 0.9154 -0.3735 0.1503
vn 0.6019 -0.1387 -0.7864
vn 0.1443 -0.6584 -0.7387
vn 0.9135 -0.3882 0.1217
vn -0.4007 -0.6899 0.6029
vn -0.5295 -0.8346 -0.1517
vn 0.9915 0.0001 -0.1300
vn 0.9323 -0.3049 -0.1948
vn 0.8088 0.2218 -0.5447
vn 0.9283 0.2299 0.2923
vn -0.9283 0.2299 0.2921
vn 0.1402 -0.9901 -0.0000
vn 0.7993 -0.6010 -0.0000
vn -0.7222 -0.6257 0.2949
vn 0.1808 -0.9383 0.2949
vn -0.1784 -0.9387 0.2950
vn -0.9021 -0.3149 0.2950
vn -0.9649 -0.0000 0.2626
vn 0.9649 -0.0000 0.2626
vn 0.7238 -0.6238 0.2950
vn 0.9030 -0.3126 0.2949
vt 0.003520 0.744334
vt 0.003521 0.643895
vt 0.025209 0.643891
vt 0.025207 0.744338
vt 0.898531 0.352680
vt 0.799006 0.352680
vt 0.798775 0.150130
vt 0.898205 0.150130
vt 0.814774 0.979311
vt 0.993607 0.979311
vt 0.993607 0.995067
vt 0.814758 0.995067
vt 0.025211 0.393229
vt 0.025210 0.543508
vt 0.003522 0.543518
vt 0.003524 0.393236
vt 0.898531 0.387484
vt 0.997668 0.387484
vt 0.997668 0.433595
vt 0.898531 0.433595
vt 0.699205 0.352680
vt 0.699204 0.150130
vt 0.500203 0.150130
vt 0.400970 0.150130
vt 0.400917 0.100688
vt 0.630765 0.842860
vt 0.814852 0.842860
vt 0.630765 0.979311
vt 0.599402 0.000499
vt 0.599402 0.071883
vt 0.499877 0.071883
vt 0.499877 0.000499
vt 0.599719 0.370082
vt 0.799264 0.370082
vt 0.947915 0.100688
vt 0.898531 0.071883
vt 0.997439 0.150130
vt 0.499878 0.387484
vt 0.499878 0.433595
vt 0.400741 0.433595
vt 0.400741 0.387484
vt 0.799006 0.433595
vt 0.799006 0.387484
vt 0.499878 0.352680
vt 0.599634 0.150130
vt 0.599403 0.352680
vt 0.699205 0.387484
vt 0.997668 0.352680
vt 0.898531 0.000499
vt 0.997668 0.000499
vt 0.997668 0.071883
vt 0.699205 0.071883
vt 0.699205 0.000499
vt 0.799007 0.000499
vt 0.799007 0.071883
vt 0.569425 0.995067
vt 0.692105 0.995067
vt 0.237359 0.843539
vt 0.191123 0.611095
vt 0.191521 0.611095
vt 0.122324 0.958972
vt 0.025206 0.844721
vt 0.003518 0.894846
vt 0.630765 0.719659
vt 0.507596 0.719659
vt 0.400741 0.352680
vt 0.400741 0.000499
vt 0.400741 0.071883
vt 0.993607 0.842860
vt 0.599403 0.387484
vt 0.599403 0.433595
vt 0.508080 0.979311
vt 0.508020 0.842860
vt 0.699204 0.370082
vt 0.270003 0.979311
vt 0.384770 0.719659
vt 0.400885 0.370082
vt 0.848514 0.150130
vt 0.649381 0.100688
vt 0.876760 0.719659
vt 0.993607 0.719659
vt 0.798828 0.100688
vt 0.649284 0.071883
vt 0.025205 0.995001
vt 0.003519 0.794537
vt 0.997524 0.370082
vt 0.848583 0.100688
vt 0.699205 0.433595
vt 0.753934 0.719659
vt 0.508092 0.995067
vt 0.385468 0.995067
vt 0.270003 0.995067
vt 0.649409 0.150130
vt 0.121926 0.564859
vt 0.237757 0.843539
vt 0.121926 0.958972
vt 0.500083 0.370082
vt 0.898326 0.370082
vt 0.270003 0.719659
vt 0.003517 0.994993
vt 0.967329 0.688393
vt 0.934336 0.688393
vt 0.934358 0.676135
vt 0.967360 0.676135
vt 0.901188 0.688393
vt 0.868041 0.688393
vt 0.868019 0.676135
vt 0.901188 0.676135
vt 0.901155 0.720869
vt 0.802247 0.676135
vt 0.834837 0.667174
vt 0.835048 0.688393
vt 0.835017 0.676135
vt 0.868068 0.608674
vt 0.834837 0.629492
vt 0.802295 0.608674
vt 0.934309 0.608674
vt 0.967292 0.608674
vt 1.000082 0.608674
vt 0.802122 0.667174
vt 0.802122 0.629492
vt 0.835085 0.608674
vt 0.835085 0.433382
vt 0.868068 0.433382
vt 0.802295 0.433382
vt 0.901188 0.608674
vt 0.901188 0.629492
vt 0.967292 0.433382
vt 1.000082 0.433382
vt 0.934488 0.629492
vt 0.934488 0.667174
vt 0.901188 0.667174
vt 0.967540 0.629492
vt 0.867889 0.629492
vt 0.867889 0.667174
vt 1.000255 0.629492
vt 1.000255 0.667174
vt 1.000129 0.676135
vt 1.000108 0.688393
vt 0.802269 0.688393
vt 0.901188 0.433382
vt 0.934309 0.433382
vt 0.416390 0.593330
vt 0.544608 0.593330
vt 0.544608 0.716133
vt 0.416386 0.716133
vt 0.288185 0.593330
vt 0.288181 0.716133
vt 0.743730 0.495249
vt 0.632024 0.495250
vt 0.576173 0.591991
vt 0.743730 0.495280
vt 0.801031 0.593330
vt 0.801035 0.716133
vt 0.672830 0.716133
vt 0.672826 0.593330
vt 0.632024 0.495281
vt 0.799584 0.591989
s 1
usemtl f008_001_fun03t.007
f 1216/947/1006 1214/948/1007 1215/949/1008 1217/950/1009
f 1228/951/1010 1197/952/1011 1196/953/1012 1208/954/1013
f 1183/955/1014 1184/956/1015 1224/957/1016 1212/958/1017
f 1223/959/1018 1213/960/1019 1212/961/1017 1224/962/1016
f 1227/963/1020 1226/964/1021 1179/965/1022 1177/966/1023
f 1197/952/1011 1199/967/1024 1198/968/1025 1196/953/1012
f 1204/969/1026 1241/970/1027 1240/971/1028
f 1173/972/1029 1176/973/1030 1183/955/1014 1182/974/1031
f 1246/975/1032 1237/976/1033 1238/977/1034 1247/978/1035
f 1185/979/1036 1199/967/1024 1193/980/1037
f 1205/981/1038 1233/982/1039 1206/983/1040
f 1188/984/1041 1170/985/1042 1169/986/1043 1190/987/1044
f 1177/966/1023 1175/988/1045 1194/989/1046 1227/963/1020
f 1203/990/1047 1204/969/1026 1201/991/1048 1202/992/1049
f 1192/993/1050 1185/979/1051 1193/980/1052
f 1208/954/1013 1206/983/1040 1207/994/1053 1228/951/1010
f 1199/967/1024 1202/992/1049 1201/991/1048 1198/968/1025
f 1233/982/1039 1243/995/1054 1242/996/1055 1232/997/1056
f 1235/998/1057 1245/999/1058 1244/1000/1059 1234/1001/1060
f 1216/1002/1006 1182/974/1031 1214/1003/1007
f 1213/1004/1019 1223/1005/1018 1222/1006/1061 1217/1007/1009
f 1219/1008/1062 1220/1009/1063 1216/947/1006
f 1214/948/1007 1212/961/1017 1213/960/1019 1215/949/1008
f 1174/1010/1064 1173/972/1029 1172/1011/1065
f 1231/1012/1066 1241/970/1027 1204/969/1026 1203/990/1047
f 1248/1013/1067 1247/978/1035 1238/977/1034 1239/1014/1068
f 1184/956/1015 1183/955/1014 1176/973/1030 1178/1015/1069
f 1237/976/1033 1246/975/1032 1245/999/1058 1235/998/1057
f 1170/985/1042 1188/984/1041 1186/1016/1070 1172/1017/1065
f 1182/974/1031 1181/1018/1071 1171/1019/1072 1173/972/1029
f 1193/980/1073 1191/1020/1074 1185/979/1075
f 1188/984/1041 1185/979/1051 1186/1016/1070
f 1227/963/1020 1194/989/1046 1193/980/1052
f 1180/1021/1076 1170/1022/1042 1173/972/1029
f 1203/990/1047 1185/979/1036 1189/1023/1077
f 1195/1024/1078 1198/968/1025 1211/1025/1079
f 1177/1026/1023 1179/1027/1022 1178/1015/1069
f 1178/1015/1069 1176/973/1030 1173/972/1029
f 1235/998/1057 1210/1028/1080 1236/1029/1081
f 1222/1030/1061 1220/1009/1063 1219/1008/1062
f 1220/1009/1063 1218/1031/1082 1216/947/1006
f 1193/980/1037 1228/951/1010 1230/1032/1083
f 1205/981/1038 1209/1033/1084 1210/1028/1080
f 1174/1034/1064 1192/993/1050 1194/989/1046 1175/988/1045
f 1175/1035/1045 1178/1015/1069 1173/972/1029
f 1206/983/1040 1208/954/1013 1195/1024/1078
f 1195/1024/1078 1209/1033/1084 1205/981/1038
f 1205/981/1038 1210/1028/1080 1234/1001/1060
f 1233/982/1039 1232/997/1056 1206/983/1040
f 1205/981/1038 1234/1001/1060 1233/982/1039
f 1206/983/1040 1195/1024/1078 1205/981/1038
f 1196/953/1012 1195/1024/1078 1208/954/1013
f 1218/1036/1082 1220/1037/1063 1221/1038/1085
f 1221/1038/1085 1180/1021/1076 1181/1018/1071
f 1218/1036/1082 1221/1038/1085 1181/1018/1071
f 1200/1039/1086 1204/969/1026 1238/977/1034 1237/976/1033
f 1216/1002/1006 1218/1036/1082 1181/1018/1071
f 1182/974/1031 1183/955/1014 1212/958/1017
f 1216/1002/1006 1181/1018/1071 1182/974/1031
f 1182/974/1031 1212/958/1017 1214/1003/1007
f 1217/950/1009 1219/1008/1062 1216/947/1006
f 1201/991/1048 1200/1039/1086 1198/968/1025
f 1174/1010/1064 1175/1035/1045 1173/972/1029
f 1235/998/1057 1236/1029/1081 1237/976/1033
f 1223/1005/1018 1225/1040/1087 1222/1006/1061
f 1222/1006/1061 1219/1041/1062 1217/1007/1009
f 1217/1007/1009 1215/1042/1008 1213/1004/1019
f 1188/984/1041 1190/987/1044 1189/1023/1088
f 1189/1023/1077 1187/1043/1089 1185/979/1090
f 1185/979/1051 1192/993/1050 1186/1016/1070
f 1188/984/1041 1189/1023/1088 1185/979/1051
f 1193/980/1091 1229/1044/1092 1230/1032/1093
f 1230/1032/1094 1226/964/1021 1227/963/1020
f 1194/989/1046 1192/993/1050 1193/980/1052
f 1193/980/1052 1230/1032/1094 1227/963/1020
f 1171/1019/1072 1181/1018/1071 1180/1021/1076
f 1180/1021/1076 1169/1045/1043 1170/1022/1042
f 1170/1022/1042 1172/1011/1065 1173/972/1029
f 1173/972/1029 1171/1019/1072 1180/1021/1076
f 1204/969/1026 1240/971/1028 1239/1014/1068
f 1234/1001/1060 1244/1000/1059 1243/995/1054 1233/982/1039
f 1204/969/1026 1239/1014/1068 1238/977/1034
f 1200/1039/1086 1201/991/1048 1204/969/1026
f 1236/1029/1081 1211/1025/1079 1200/1039/1086
f 1237/976/1033 1236/1029/1081 1200/1039/1086
f 1202/992/1049 1199/967/1024 1185/979/1036
f 1189/1023/1077 1231/1012/1066 1203/990/1047
f 1203/990/1047 1202/992/1049 1185/979/1036
f 1210/1028/1080 1209/1033/1084 1195/1024/1078
f 1195/1024/1078 1196/953/1012 1198/968/1025
f 1198/968/1025 1200/1039/1086 1211/1025/1079
f 1211/1025/1079 1210/1028/1080 1195/1024/1078
f 1235/998/1057 1234/1001/1060 1210/1028/1080
f 1210/1028/1080 1211/1025/1079 1236/1029/1081
f 1222/1030/1061 1221/1046/1085 1220/1009/1063
f 1193/980/1037 1199/967/1024 1197/952/1011
f 1228/951/1010 1207/994/1053 1230/1032/1083
f 1193/980/1037 1197/952/1011 1228/951/1010
f 1175/1035/1045 1177/1026/1023 1178/1015/1069
f 1172/1017/1065 1186/1016/1070 1192/993/1050 1174/1034/1064
f 1254/1047/1095 1250/1048/1096 1249/1049/1097 1253/1050/1098
f 1280/1051/1099 1274/1052/1100 1273/1053/1101 1251/1054/1102
f 1279/1055/1103 1280/1051/1099 1250/1048/1096
f 1276/1056/1104 1272/1057/1105 1273/1053/1101
f 1277/1058/1106 1275/1059/1107 1273/1053/1101 1274/1052/1100
f 1266/1060/1108 1270/1061/1109 1284/1062/1110
f 1262/1063/1111 1260/1064/1112 1259/1065/1113
f 1270/1061/1109 1272/1057/1105 1282/1066/1114 1283/1067/1115
f 1266/1060/1108 1285/1068/1116 1287/1069/1117 1288/1070/1118
f 1284/1062/1110 1286/1071/1119 1287/1069/1117 1285/1068/1116
f 1266/1060/1108 1265/1072/1120 1262/1063/1111
f 1262/1063/1111 1267/1073/1121 1266/1060/1108
f 1259/1065/1113 1260/1064/1112 1290/1074/1122 1261/1075/1055
f 1267/1073/1121 1264/1076/1123 1252/1077/1124 1268/1078/1125
f 1264/1076/1123 1262/1063/1111 1256/1079/1126
f 1269/1080/1127 1267/1073/1121 1268/1078/1125 1271/1081/1128
f 1273/1053/1101 1268/1078/1125 1249/1049/1097
f 1258/1082/1129 1257/1083/1130 1252/1077/1124 1256/1079/1126
f 1280/1051/1099 1251/1054/1102 1249/1049/1097 1250/1048/1096
f 1255/1084/1131 1281/1085/1132 1254/1047/1095 1253/1050/1098
f 1279/1055/1103 1277/1058/1106 1274/1052/1100
f 1279/1055/1103 1254/1047/1095 1281/1085/1132
f 1278/1086/1133 1276/1056/1104 1275/1059/1107 1277/1058/1106
f 1253/1050/1098 1249/1049/1097 1252/1077/1124 1257/1083/1130
f 1271/1081/1128 1272/1057/1105 1270/1061/1109 1269/1080/1127
f 1262/1063/1111 1265/1072/1120 1289/1087/1134 1263/1088/1135
f 1260/1064/1112 1262/1063/1111 1263/1088/1135 1290/1074/1122
f 1279/1055/1103 1274/1052/1100 1280/1051/1099
f 1273/1053/1101 1275/1059/1107 1276/1056/1104
f 1276/1056/1104 1282/1066/1114 1272/1057/1105
f 1272/1057/1105 1271/1081/1128 1273/1053/1101
f 1284/1062/1110 1285/1068/1116 1266/1060/1108
f 1266/1060/1108 1267/1073/1121 1269/1080/1127
f 1270/1061/1109 1283/1067/1115 1284/1062/1110
f 1266/1060/1108 1269/1080/1127 1270/1061/1109
f 1257/1083/1130 1255/1084/1131 1253/1050/1098
f 1264/1076/1123 1267/1073/1121 1262/1063/1111
f 1249/1049/1097 1251/1054/1102 1273/1053/1101
f 1273/1053/1101 1271/1081/1128 1268/1078/1125
f 1268/1078/1125 1252/1077/1124 1249/1049/1097
f 1279/1055/1103 1278/1086/1133 1277/1058/1106
f 1279/1055/1103 1250/1048/1096 1254/1047/1095
f 1256/1079/1126 1262/1063/1111 1259/1065/1113
f 1256/1079/1126 1259/1065/1113 1258/1082/1129
f 1252/1077/1124 1264/1076/1123 1256/1079/1126
f 1265/1072/1120 1266/1060/1108 1288/1070/1118 1289/1087/1134
f 1298/1089/1136 1296/1090/1137 1297/1091/1138 1299/1092/1139
f 1300/1093/1140 1298/1089/1136 1299/1092/1139 1301/1094/1140
s 0
f 1301/1095/1087 1299/1096/1087 1297/1097/1087 1291/1098/1087
s 1
f 1294/1099/1141 1291/1100/1141 1293/1101/1142 1295/1102/1143
s 0
f 1297/1097/1087 1293/1103/1087 1291/1098/1087
f 1291/1098/1087 1292/1104/1087 1301/1095/1087
s 1
f 1296/1090/1137 1295/1102/1143 1293/1101/1142 1297/1091/1138
g Atomic4_meshId11_name.007
v -1099.742188 807.205750 70.527596
v -1121.829956 829.293396 70.527596
v -1115.360474 844.911743 70.527596
v -1099.742188 807.205750 7.420023
v -1084.123779 813.675171 7.420022
v -1084.123779 844.911804 7.420020
v -1084.123779 844.911743 70.527596
v -1115.360596 844.911804 7.420020
v -1121.829834 829.293396 7.420022
v -1084.123901 813.675171 70.527596
v -955.611450 1003.575623 7.420008
v -949.142212 1019.194031 7.420007
v -933.523804 981.487976 7.420010
v -911.436157 1003.575623 70.527580
v -949.142212 987.957336 70.527580
v -955.611450 1003.575623 70.527580
v -949.142212 1019.193970 70.527580
v -933.523804 981.487976 70.527580
v -917.905457 1019.194031 7.420007
v -933.523804 1025.663330 7.420007
v -911.436218 1003.575623 7.420008
v -933.523865 1025.663330 70.527580
v -917.905457 1019.193970 70.527580
v 1137.574951 650.278381 -0.000049
v 1146.874756 650.278320 44.999950
v 1104.448486 617.151855 -0.000047
v 1104.448364 607.851868 44.999954
v 1071.322021 650.278198 -0.000049
v 1062.021973 650.278259 44.999950
v 1104.448486 683.404785 -0.000052
v 1104.448486 692.704651 44.999947
v 343.878357 1239.691406 -0.000094
v 350.454468 1246.267456 44.999905
v 343.878510 1192.843506 -0.000090
v 350.454529 1186.267456 44.999912
v 297.030579 1192.843628 -0.000090
v 290.454468 1186.267456 44.999912
v 297.030640 1239.691406 -0.000094
v 290.454559 1246.267456 44.999905
v 1753.334961 -380.151611 0.000029
v 1761.927124 -376.592773 45.000027
v 1735.407104 -423.433441 0.000032
v 1692.125732 -405.505707 0.000031
v 1738.965942 -432.025513 45.000034
v 1683.533447 -409.064545 45.000031
v 1706.494385 -353.631897 45.000027
v 1710.053101 -362.223724 0.000027
v -277.842743 1239.691406 -0.000094
v -271.266663 1246.267456 44.999905
v -277.842712 1192.843506 -0.000090
v -271.266632 1186.267456 44.999912
v -324.690552 1192.843506 -0.000090
v -331.266632 1186.267456 44.999912
v -324.690582 1239.691406 -0.000094
v -331.266663 1246.267456 44.999905
v -2251.666992 -639.280396 0.000048
v -2255.226318 -647.872681 45.000050
v -2269.594971 -595.998779 0.000045
v -2199.793213 -624.911499 45.000046
v -2208.385498 -621.352783 0.000047
v -2226.313232 -578.070923 0.000044
v -2222.754150 -569.478821 45.000042
v -2278.187256 -592.440002 45.000046
v -1060.113647 653.373779 44.999950
v -1069.413818 653.373901 -0.000049
v -1102.540039 695.800232 44.999947
v -1102.540039 620.247437 -0.000047
v -1102.540161 610.947388 44.999954
v -1144.966553 653.373779 44.999950
v -1135.666504 653.373840 -0.000049
v -1102.540039 686.500244 -0.000052
v -1190.964722 626.530884 67.373383
v -1193.451050 627.560669 66.785538
v -1207.257690 633.279724 148.109238
v -1212.047974 575.631531 67.373383
v -1228.340942 582.380310 148.109238
v -1230.827271 583.410217 147.521393
v -1214.534424 576.661499 66.785538
v -1209.744019 634.309570 147.521393
v -1181.955322 617.057556 -0.391153
v -1185.684814 618.602356 -1.272921
v -1198.851074 617.947449 72.629669
v -1200.432373 614.130005 72.629669
v -1183.536621 613.240112 -0.391153
v -1204.161743 615.674805 71.747894
v -1187.266113 614.784912 -1.272921
v -1202.580566 619.492249 71.747894
v -1209.973877 591.094849 72.629669
v -1197.397339 579.777039 -0.391150
v -1213.703369 592.639648 71.747894
v -1198.978760 575.959595 -0.391143
v -1211.555054 587.277466 72.629669
v -1202.708130 577.504395 -1.272918
v -1215.284424 588.822266 71.747894
v -1201.126831 581.321838 -1.272918
v -1710.552246 -363.074554 0.000027
v -1706.993286 -354.482513 45.000027
v -1692.624390 -406.356293 0.000031
v -1684.032227 -409.915253 45.000031
v -1735.906128 -424.284180 0.000032
v -1739.465088 -432.876221 45.000034
v -1753.833862 -381.002441 0.000029
v -1762.426147 -377.443573 45.000027
vn -0.9658 -0.2566 0.0377
vn -0.9957 -0.0599 0.0708
vn -0.6976 0.3722 0.6122
vn -0.6677 0.7443 0.0132
vn -0.0541 -0.9984 0.0132
vn 0.8643 -0.5015 0.0376
vn 0.4032 -0.7177 0.5677
vn -0.2870 -0.9242 0.2521
vn 0.2857 0.8406 0.4601
vn 0.6573 0.7526 0.0401
vn -0.5410 0.3572 0.7614
vn -0.9710 -0.2374 0.0286
vn 0.0347 -0.9988 0.0349
vn -0.0173 -0.5338 0.8455
vn 0.8936 0.3731 0.2494
vn 0.6111 -0.0031 0.7915
vn -0.4796 0.2599 0.8381
vn -0.7944 0.6073 0.0123
vn 0.9973 0.0163 0.0717
vn 0.0636 0.9979 0.0124
vn -0.0997 0.8955 0.4338
vn 0.5996 0.8002 0.0132
vn 0.0992 -0.2793 0.9551
vn -0.0000 -0.0000 1.0000
vn -0.0001 0.0063 1.0000
vn -0.6917 -0.7072 -0.1461
vn 0.6997 -0.6997 -0.1446
vn -0.6997 0.6997 -0.1446
vn -0.7073 -0.6917 -0.1462
vn 0.0063 0.0001 1.0000
vn -0.9895 -0.0000 -0.1446
vn -0.0110 -0.9892 -0.1462
vn 0.0044 0.0045 1.0000
vn -0.0045 0.0044 1.0000
vn 0.0109 -0.9892 -0.1461
vn -0.0000 -0.0001 1.0000
vn 0.9895 -0.0000 -0.1446
vn -0.0025 0.0058 1.0000
vn 0.0058 0.0025 1.0000
vn -0.3887 -0.9097 -0.1462
vn -0.3685 -0.9181 -0.1461
vn -0.9142 0.3787 -0.1446
vn 0.9142 -0.3787 -0.1446
vn 0.0110 -0.9892 -0.1461
vn 0.3887 -0.9097 -0.1461
vn -0.0059 0.0024 1.0000
vn 0.0024 0.0059 1.0000
vn 0.3684 -0.9181 -0.1462
vn 0.9142 0.3787 -0.1446
vn -0.9142 -0.3787 -0.1446
vn -0.0063 -0.0001 1.0000
vn 0.6917 -0.7073 -0.1462
vn 0.7072 -0.6917 -0.1461
vn 0.6997 0.6997 -0.1446
vn -0.6997 -0.6997 -0.1446
vn -0.9026 0.3739 -0.2133
vn 0.9026 -0.3739 0.2134
vn 0.8822 -0.4018 0.2456
vn -0.9210 0.3452 -0.1805
vn -0.9026 0.3739 -0.2134
vn 0.9076 -0.3401 0.2461
vn -0.8955 0.4069 -0.1805
vn 0.9026 -0.3738 0.2134
vn -0.9026 0.3738 -0.2134
vn -0.3668 -0.9274 -0.0736
vn 0.3668 0.9274 0.0736
vn -0.3964 -0.9151 0.0736
vn 0.3964 0.9151 -0.0736
vt 0.128852 0.006421
vt 0.128852 0.427077
vt 0.004742 0.427077
vt 0.004742 0.006421
vt 0.377072 0.006421
vt 0.501183 0.006421
vt 0.501183 0.427077
vt 0.377072 0.427077
vt 0.145511 0.988772
vt 0.020378 0.864077
vt 0.057028 0.952121
vt 0.270643 0.864077
vt 0.749403 0.006421
vt 0.749403 0.427077
vt 0.233993 0.952121
vt 0.997624 0.427077
vt 0.997624 0.006421
vt 0.252962 0.427077
vt 0.625293 0.427077
vt 0.625293 0.006421
vt 0.873514 0.006421
vt 0.873514 0.427077
vt 0.700564 0.831337
vt 0.700564 0.448618
vt 0.983172 0.490565
vt 0.983172 0.789391
vt 0.700564 0.830982
vt 0.327885 0.830982
vt 0.327885 0.448263
vt 0.700564 0.448263
vt 0.292942 0.446266
vt 0.301690 0.446266
vt 0.301690 0.856945
vt 0.292942 0.856945
vt 0.997624 0.443814
vt 0.004742 0.443814
vt 0.301714 0.446266
vt 0.301714 0.856945
vt 0.007416 0.856945
vt 0.007416 0.446266
vt 0.282254 0.446266
vt 0.282254 0.856945
vt 0.316983 0.446266
vt 0.302049 0.446266
vt 0.302049 0.856945
vt 0.316983 0.856945
s 1
usemtl f008_001_komono02t.007
f 1310/1105/1144 1303/1106/1145 1304/1107/1146 1309/1108/1147
f 1305/1109/1148 1306/1110/1149 1311/1111/1150 1302/1112/1151
f 1310/1105/1144 1305/1109/1148 1302/1112/1151 1303/1106/1145
f 1308/1113/1152 1304/1114/1146 1303/1115/1145 1311/1116/1150
f 1306/1110/1149 1307/1117/1153 1308/1118/1152 1311/1111/1150
f 1303/1115/1145 1302/1119/1151 1311/1116/1150
f 1304/1120/1146 1308/1118/1152 1307/1117/1153 1309/1121/1147
f 1317/1106/1154 1312/1105/1155 1314/1109/1156 1316/1122/1157
f 1315/1119/1158 1324/1113/1159 1318/1114/1160 1316/1113/1157
f 1318/1107/1160 1313/1108/1161 1312/1105/1155 1317/1106/1154
f 1324/1118/1159 1315/1123/1158 1322/1124/1162 1321/1125/1163
f 1313/1121/1161 1318/1120/1160 1323/1126/1164 1321/1125/1163
f 1322/1124/1162 1320/1117/1165 1321/1125/1163
f 1321/1125/1163 1323/1126/1164 1324/1118/1159
f 1314/1109/1156 1319/1112/1166 1316/1122/1157
f 1324/1113/1159 1323/1115/1164 1318/1114/1160
f 1318/1114/1160 1317/1115/1154 1316/1113/1157
f 1316/1113/1157 1319/1119/1166 1315/1119/1158
f 1319/1112/1166 1314/1109/1156 1322/1124/1162 1315/1123/1158
f 1326/1127/1167 1328/1128/1168 1327/1129/1169 1325/1130/1170
f 1332/1128/1167 1331/1129/1171 1329/1130/1172 1330/1127/1173
f 1328/1127/1168 1330/1128/1173 1329/1129/1172 1327/1130/1169
s 0
f 1328/1131/1167 1326/1132/1167 1332/1133/1167 1330/1134/1167
s 1
f 1340/1128/1167 1339/1129/1174 1337/1130/1175 1338/1127/1176
f 1336/1127/1177 1338/1128/1176 1337/1129/1175 1335/1130/1178
f 1334/1127/1179 1336/1128/1177 1335/1129/1178 1333/1130/1180
s 0
f 1336/1131/1167 1334/1132/1167 1340/1133/1167 1338/1134/1167
s 1
f 1345/1127/1181 1346/1128/1182 1344/1129/1183 1343/1130/1184
f 1344/1130/1183 1346/1127/1182 1347/1128/1167 1348/1129/1185
f 1342/1127/1179 1345/1128/1181 1343/1129/1184 1341/1130/1186
s 0
f 1347/1133/1167 1346/1134/1167 1345/1131/1167 1342/1132/1167
s 1
f 1352/1128/1177 1351/1129/1187 1349/1130/1180 1350/1127/1179
f 1356/1128/1167 1355/1129/1174 1353/1130/1175 1354/1127/1176
f 1354/1128/1176 1353/1129/1175 1351/1130/1187 1352/1127/1177
s 0
f 1350/1132/1167 1356/1133/1167 1354/1134/1167 1352/1131/1167
s 1
f 1361/1130/1188 1360/1127/1189 1358/1128/1190 1357/1129/1191
f 1360/1128/1189 1361/1129/1188 1362/1130/1192 1363/1127/1179
f 1364/1128/1167 1359/1129/1193 1357/1130/1191 1358/1127/1190
s 0
f 1364/1133/1167 1358/1134/1167 1360/1131/1167 1363/1132/1167
s 1
f 1365/1127/1194 1369/1128/1168 1368/1129/1195 1366/1130/1196
f 1366/1129/1196 1372/1130/1197 1367/1127/1167 1365/1128/1194
f 1369/1127/1168 1370/1128/1167 1371/1129/1198 1368/1130/1195
s 0
f 1367/1132/1167 1370/1133/1167 1369/1134/1167 1365/1131/1167
s 1
f 1379/1135/1199 1376/1136/1200 1377/1137/1201 1378/1138/1202
s 0
f 1374/1108/1203 1379/1121/1203 1378/1139/1203 1380/1140/1203
s 1
f 1375/1135/1204 1380/1141/1205 1378/1142/1202 1377/1138/1201
f 1380/1138/1205 1375/1137/1204 1373/1136/1206 1374/1135/1207
s 0
f 1377/1143/1200 1376/1144/1200 1373/1145/1200 1375/1146/1200
f 1385/1147/1200 1381/1148/1200 1383/1149/1200 1384/1150/1200
s 1
f 1385/1147/1200 1384/1150/1200 1386/1149/1208 1387/1148/1208
f 1382/1148/1209 1388/1149/1209 1383/1150/1200 1381/1147/1200
f 1392/1147/1206 1393/1150/1200 1395/1149/1210 1394/1148/1210
s 0
f 1393/1149/1200 1392/1148/1200 1390/1147/1200 1389/1150/1200
s 1
f 1396/1148/1211 1391/1149/1211 1389/1150/1200 1390/1147/1200
f 1398/1127/1179 1400/1128/1189 1399/1129/1188 1397/1130/1192
f 1402/1128/1190 1401/1129/1191 1399/1130/1188 1400/1127/1189
f 1404/1128/1167 1403/1129/1193 1401/1130/1191 1402/1127/1190
s 0
f 1398/1132/1167 1404/1133/1167 1402/1134/1167 1400/1131/1167
g Atomic5_meshId12_name.007
v -1450.256714 -199.953491 399.762115
v -1448.774780 -200.276016 399.762115
v -1450.256714 -199.953506 412.393311
v -1448.774780 -200.276016 412.393311
v -1448.709351 -192.844391 412.393311
v -1447.227539 -193.166916 412.393311
v -1447.227539 -193.166916 399.762115
v -1448.709351 -192.844391 399.762115
v -1425.202148 -204.057251 407.801910
v -1424.479736 -206.554688 404.574982
v -1422.127075 -201.773071 409.383270
v -1417.607666 -204.484085 404.510468
v -1428.569214 -180.678986 400.200653
v -1418.646240 -181.236710 395.899994
v -1416.758545 -187.763321 387.466980
v -1424.794189 -193.732269 383.334686
v -1434.717163 -193.174576 387.635376
v -1436.604858 -186.647919 396.068329
v -1420.682373 -206.768112 402.929230
v -1418.329834 -201.986496 407.737488
v -1423.075073 -202.389587 405.149078
v -1423.275635 -203.310028 406.780731
v -1448.511475 -196.853607 405.149048
v -1422.874756 -201.469131 406.780701
v -1448.311279 -195.933121 406.780701
v -1448.711792 -197.774063 406.780701
v -1360.120117 175.688477 396.068420
v -1355.151611 166.998779 400.200775
v -1355.774414 180.911011 387.635437
v -1341.031616 189.064682 404.575043
v -1337.467407 187.737961 402.929291
v -1335.565918 184.412796 404.510529
v -1337.229004 182.414230 407.737549
v -1342.694580 187.066360 407.801971
v -1340.793213 183.740997 409.383331
v -1345.837158 163.531570 395.900024
v -1341.491455 168.754089 387.467102
v -1346.460205 177.443802 383.334808
v -1368.725464 186.217896 412.393402
v -1368.725464 186.217896 399.762238
v -1367.238525 185.919235 412.393372
v -1367.292969 193.351028 412.393402
v -1365.806030 193.052353 412.393372
v -1365.806030 193.052353 399.762238
v -1367.238525 185.919235 399.762238
v -1367.292969 193.351013 399.762238
v -1366.936890 189.811417 405.149170
v -1341.414551 184.685867 405.149170
v -1367.122437 188.887848 406.780762
v -1366.751343 190.735062 406.780762
v -1341.229248 185.609406 406.780762
v -1341.600098 183.762329 406.780762
vn 0.9696 -0.2428 0.0309
vn 0.9830 -0.1805 0.0326
vn 0.2125 0.9769 0.0217
vn -0.2126 -0.9769 0.0229
vn 0.9771 -0.2126 -0.0000
vn 0.2127 0.9771 -0.0000
vn -0.2127 -0.9771 -0.0000
vn 0.9771 -0.2127 -0.0001
vn 0.9771 -0.2127 -0.0000
vn -0.3363 -0.0652 0.9395
vn 0.7351 0.3570 -0.5763
vn -0.1052 -0.7849 0.6107
vn 0.2351 -0.4373 0.8680
vn 0.6521 0.0864 -0.7532
vn 0.9559 -0.0896 0.2797
vn -0.0110 0.0874 0.9961
vn -0.4740 -0.0040 0.8805
vn -0.0259 0.1629 0.9863
vn -0.0495 0.0469 0.9977
vn -0.0824 -0.2306 0.9696
vn -0.0406 0.0728 0.9965
vn -0.4699 -0.7196 -0.5112
vn -0.0673 0.0154 0.9976
vn 0.7636 -0.6401 0.0845
vn -0.5378 0.1996 0.8191
vn -0.1491 0.9449 -0.2915
vn 0.0161 0.0753 0.9970
vn -0.9410 0.3334 -0.0579
vn 0.9408 -0.3340 -0.0580
vn -0.0164 -0.0752 0.9970
vn 0.1490 -0.9448 -0.2917
vn 0.0118 -0.0194 0.9997
vn -0.0144 -0.1249 -0.9921
vn 0.1257 0.1740 0.9767
vn 0.8346 0.2950 -0.4652
vn -0.7944 0.2785 0.5398
vn -0.8797 0.0397 0.4738
vn -0.9361 -0.3490 -0.0445
vn 0.4031 0.8351 0.3743
vn 0.9840 -0.1699 0.0530
vn 0.1315 -0.0980 0.9865
vn 0.3717 -0.2164 0.9028
vn -0.5106 0.5518 0.6594
vn 0.0163 -0.1606 -0.9869
vn -0.0823 -0.0972 -0.9919
vn -0.2442 -0.1946 0.9500
vn -0.0452 -0.0757 0.9961
vn 0.0006 0.0007 1.0000
vn -0.5106 0.5517 0.6595
vn -0.4289 0.5949 0.6799
vn 0.9840 -0.1699 0.0532
vn -0.0567 0.0431 0.9975
vn -0.0639 0.0150 0.9978
vn 0.0169 0.2444 0.9695
vn -0.0641 -0.0229 0.9977
vn -0.1969 -0.9804 -0.0000
vn 0.9804 -0.1969 -0.0000
vn 0.9729 -0.2287 0.0327
vn -0.1969 -0.9802 0.0220
vn 0.9856 -0.1665 0.0311
vn 0.1972 0.9801 0.0227
vn 0.1969 0.9804 -0.0000
vn 0.1515 0.8382 0.5240
vn 0.9756 -0.2120 -0.0580
vn -0.9755 0.2121 -0.0581
vn -0.0153 -0.0755 0.9970
vn 0.0151 0.0756 0.9970
vn -0.1515 -0.8382 0.5240
vt 0.882521 0.873659
vt 0.840831 0.873659
vt 0.840831 0.861684
vt 0.882521 0.861684
vt 0.882521 0.994678
vt 0.840831 0.994678
vt 0.944824 0.947545
vt 0.974836 0.947545
vt 0.974836 0.588094
vt 0.944824 0.588094
vt 0.914770 0.588094
vt 0.914811 0.947545
vt 0.884745 0.588094
vt 0.884827 0.947545
vt 0.884885 0.947545
vt 0.884884 0.588094
vt 0.914868 0.588094
vt 0.914868 0.947545
vt 0.933208 0.994365
vt 0.901049 0.994365
vt 0.884970 0.953500
vt 0.933207 0.994365
vt 0.949287 0.953501
vt 0.990045 0.948722
vt 0.990045 0.588911
vt 0.997201 0.588911
vt 0.997201 0.948722
vt 0.982890 0.948722
vt 0.982890 0.588911
vt 0.975734 0.948722
vt 0.975734 0.588911
s 1
usemtl f008_001_ligflat.007
f 1408/1151/1212 1410/1152/1213 1409/1153/1214 1407/1154/1215
f 1411/1153/1216 1412/1152/1217 1409/1151/1214 1410/1154/1213
f 1408/1154/1212 1407/1151/1215 1405/1152/1218 1406/1153/1219
s 0
f 1411/1151/1220 1410/1155/1220 1408/1156/1220 1406/1152/1220
s 1
f 1424/1157/1221 1416/1158/1222 1419/1159/1223 1418/1160/1224
f 1420/1160/1225 1419/1159/1223 1416/1158/1222 1423/1157/1226
f 1418/1160/1224 1417/1161/1227 1415/1162/1228 1424/1157/1221
s 0
f 1417/1161/1229 1422/1163/1230 1413/1164/1231 1415/1162/1232
s 1
f 1413/1165/1233 1422/1166/1234 1421/1167/1235 1414/1168/1236
f 1424/1169/1221 1415/1170/1228 1413/1171/1233 1423/1172/1226
f 1413/1171/1233 1414/1170/1236 1423/1172/1226
f 1423/1172/1226 1416/1173/1222 1424/1169/1221
f 1420/1160/1225 1423/1157/1226 1414/1168/1236 1421/1167/1235
f 1426/1174/1237 1430/1175/1238 1427/1176/1239 1425/1177/1240
f 1426/1174/1237 1428/1178/1241 1429/1179/1242 1430/1175/1238
f 1428/1178/1241 1425/1180/1240 1427/1181/1239 1429/1179/1242
f 1441/1159/1243 1436/1158/1244 1437/1157/1245 1440/1160/1246
f 1438/1165/1247 1434/1168/1248 1433/1167/1249 1431/1166/1250
s 0
f 1434/1170/1251 1438/1171/1252 1439/1170/1253 1436/1173/1254
s 1
f 1435/1157/1255 1436/1158/1244 1441/1159/1243 1442/1160/1256
f 1437/1157/1245 1439/1162/1257 1432/1161/1258 1440/1160/1246
f 1434/1168/1248 1435/1157/1255 1442/1160/1256 1433/1167/1249
s 0
f 1439/1170/1253 1437/1169/1259 1436/1173/1260
f 1436/1173/1254 1435/1172/1261 1434/1170/1262
f 1432/1161/1263 1439/1162/1264 1438/1164/1265 1431/1163/1266
s 1
f 1444/1152/1267 1449/1153/1268 1445/1154/1269 1443/1151/1270
f 1447/1151/1271 1446/1154/1272 1443/1153/1270 1445/1152/1269
f 1450/1152/1273 1446/1151/1272 1447/1154/1271 1448/1153/1268
s 0
f 1448/1152/1268 1447/1156/1268 1445/1155/1268 1449/1151/1268
s 1
f 1455/1174/1274 1452/1177/1275 1451/1176/1276 1454/1175/1277
f 1456/1178/1278 1455/1174/1274 1454/1175/1277 1453/1179/1279
f 1456/1178/1278 1453/1179/1279 1451/1181/1276 1452/1180/1275
g Atomic11_meshId18_name.007
v -400.927917 1198.544189 324.938538
v -404.327393 1195.427856 324.938538
v -415.687103 1200.484619 324.938568
v -405.334442 1210.417236 324.938568
v -405.334442 1210.417236 375.461304
v -400.927948 1198.544189 375.461304
v -404.327393 1195.427856 375.461304
v -415.687103 1200.484619 375.461304
v -748.348633 1055.853394 324.938538
v -752.955994 1055.653198 324.938538
v -748.348633 1055.853394 375.461304
v -743.891602 1067.461426 324.938568
v -743.891602 1067.461426 375.461304
v -758.403015 1066.830811 375.461304
v -752.955933 1055.653076 375.461304
v -758.403015 1066.830811 324.938568
vn 0.6150 -0.3226 0.7195
vn -0.4744 -0.5022 -0.7230
vn 0.9707 -0.2342 0.0534
vn 0.2619 -0.6073 0.7501
vn 0.4000 -0.2169 0.8905
vn -0.4060 -0.9120 -0.0595
vn 0.9357 0.3473 0.0622
vn -0.4057 -0.9113 0.0705
vn -0.7163 0.3264 -0.6168
vn 0.9318 -0.3578 0.0606
vn 0.3874 -0.0486 -0.9206
vn 0.0879 -0.3571 -0.9299
vn -0.5623 -0.8254 -0.0511
vn -0.5743 -0.8101 0.1181
vn 0.4894 -0.8712 -0.0379
vn 0.9312 -0.3576 -0.0706
vt 0.867083 0.027918
vt 0.992646 0.027918
vt 0.992646 0.039072
vt 0.867083 0.039072
vt 0.820996 0.041793
vt 0.820996 0.024450
vt 0.864435 0.005809
vt 0.864435 0.060434
vt 0.992646 0.061616
vt 0.867083 0.061616
vt 0.992646 0.005374
vt 0.867083 0.005374
s 1
usemtl f008_001_enter02t.007
f 1463/1182/1280 1458/1183/1281 1457/1184/1282 1462/1185/1283
f 1463/1186/1280 1462/1187/1283 1461/1188/1284 1464/1189/1285
f 1462/1185/1283 1457/1184/1282 1460/1190/1286 1461/1191/1284
f 1460/1188/1286 1457/1187/1282 1458/1186/1281 1459/1189/1287
f 1459/1192/1287 1458/1183/1281 1463/1182/1280 1464/1193/1285
f 1472/1189/1288 1468/1188/1289 1465/1187/1290 1466/1186/1291
f 1466/1183/1291 1471/1182/1292 1470/1193/1293 1472/1192/1288
f 1466/1183/1291 1465/1184/1290 1467/1185/1294 1471/1182/1292
f 1470/1189/1293 1471/1186/1292 1467/1187/1294 1469/1188/1295
f 1468/1190/1289 1469/1191/1295 1467/1185/1294 1465/1184/1290
g Atomic12_meshId19_name.007
v -307.346497 1448.801147 430.268311
v -310.079010 1446.068604 430.268372
v -312.811646 1448.801147 430.268311
v -313.024597 1448.801147 375.360077
v -310.079010 1445.855713 375.360046
v -307.133545 1448.801147 375.360077
v -301.681396 1448.801147 434.139954
v -301.681396 1448.801147 438.743866
v -310.078979 1440.403564 434.139984
v -310.078979 1440.403687 438.743866
v -318.476624 1448.801147 434.139954
v -318.476624 1448.801147 438.743866
v -318.476624 1448.801147 366.887573
v -310.078979 1440.403687 366.887573
v -318.476624 1448.801147 372.713440
v -310.078979 1440.403564 372.713470
v -301.681396 1448.801147 366.887573
v -301.681396 1448.801147 372.713440
v -277.346436 1448.801147 430.268311
v -277.133545 1448.801147 375.360077
v -271.681396 1448.801147 434.139954
v -280.079071 1446.068604 430.268372
v -282.811646 1448.801147 430.268311
v -280.078979 1440.403564 434.139984
v -280.079071 1445.855713 375.360046
v -283.024597 1448.801147 375.360077
v -280.078979 1440.403564 372.713470
v -271.681396 1448.801147 372.713440
v -280.078979 1440.403687 366.887573
v -288.476654 1448.801147 372.713440
v -288.476654 1448.801147 366.887573
v -271.681396 1448.801147 366.887573
v -280.078979 1440.403687 438.743866
v -288.476654 1448.801147 434.139954
v -288.476654 1448.801147 438.743866
v -271.681396 1448.801147 438.743866
v -247.346420 1448.801147 430.268311
v -247.133514 1448.801147 375.360077
v -241.681366 1448.801147 434.139954
v -250.079025 1446.068604 430.268372
v -252.811615 1448.801147 430.268311
v -250.079010 1440.403564 434.139984
v -250.079025 1445.855713 375.360046
v -253.024582 1448.801147 375.360077
v -250.079010 1440.403564 372.713470
v -241.681351 1448.801147 372.713440
v -250.079025 1440.403687 366.887573
v -258.476624 1448.801147 372.713440
v -258.476624 1448.801147 366.887573
v -241.681351 1448.801147 366.887573
v -258.476624 1448.801147 434.139954
v -250.079025 1440.403687 438.743866
v -258.476624 1448.801147 438.743866
v -241.681351 1448.801147 438.743866
v -217.346436 1448.801147 430.268311
v -217.133530 1448.801147 375.360077
v -220.079025 1446.068604 430.268372
v -211.681381 1448.801147 434.139954
v -211.681381 1448.801147 438.743866
v -220.079010 1440.403564 434.139984
v -220.079025 1440.403687 438.743866
v -228.476654 1448.801147 434.139954
v -228.476639 1448.801147 438.743866
v -222.811615 1448.801147 430.268311
v -223.024582 1448.801147 375.360077
v -228.476639 1448.801147 372.713440
v -220.079071 1445.855713 375.360046
v -220.079010 1440.403564 372.713470
v -211.681381 1448.801147 372.713440
v -220.079025 1440.403687 366.887573
v -211.681381 1448.801147 366.887573
v -228.476639 1448.801147 366.887573
v -187.346466 1448.801147 430.268311
v -187.133514 1448.801147 375.360077
v -181.681366 1448.801147 434.139954
v -190.079041 1446.068604 430.268372
v -192.811630 1448.801147 430.268311
v -190.079010 1440.403564 434.139984
v -190.079071 1445.855713 375.360046
v -193.024582 1448.801147 375.360077
v -190.079010 1440.403564 372.713470
v -181.681366 1448.801147 372.713440
v -190.079010 1440.403687 366.887573
v -198.476624 1448.801147 372.713440
v -198.476624 1448.801147 366.887573
v -181.681366 1448.801147 366.887573
v -198.476624 1448.801147 434.139954
v -190.079010 1440.403687 438.743866
v -198.476624 1448.801147 438.743866
v -181.681366 1448.801147 438.743866
v -130.078995 1440.403564 372.713470
v -138.476608 1448.801147 372.713440
v -130.079010 1440.403687 366.887573
v -130.079086 1445.855713 375.360046
v -121.681374 1448.801147 372.713440
v -121.681374 1448.801147 366.887573
v -127.133530 1448.801147 375.360077
v -127.346458 1448.801147 430.268311
v -121.681381 1448.801147 434.139954
v -130.079041 1446.068604 430.268372
v -132.811630 1448.801147 430.268311
v -130.078995 1440.403564 434.139984
v -138.476608 1448.801147 434.139954
v -130.079010 1440.403687 438.743866
v -138.476608 1448.801147 438.743866
v -121.681374 1448.801147 438.743866
v -133.024597 1448.801147 375.360077
v -138.476608 1448.801147 366.887573
v -31.681334 1448.801147 434.139954
v -40.078964 1440.403564 434.139984
v -31.681334 1448.801147 438.743866
v -37.346405 1448.801147 430.268311
v -40.078995 1446.068604 430.268372
v -37.133484 1448.801147 375.360077
v -31.681334 1448.801147 372.713440
v -40.079010 1445.855713 375.360046
v -40.078964 1440.403564 372.713470
v -43.024536 1448.801147 375.360077
v -48.476585 1448.801147 372.713440
v -42.811584 1448.801147 430.268311
v -48.476585 1448.801147 434.139954
v -48.476585 1448.801147 438.743866
v -40.078964 1440.403687 438.743866
v -48.476585 1448.801147 366.887573
v -40.078964 1440.403687 366.887573
v -31.681334 1448.801147 366.887573
v -18.476624 1388.801147 338.417633
v -13.024551 1388.801270 343.158539
v -18.476624 1388.801147 332.591766
v -10.078979 1380.403687 326.901001
v -10.079010 1386.068604 394.186157
v -1.681351 1388.801147 332.591766
v -1.681351 1388.801147 338.417633
v -7.133514 1388.801270 343.158539
v -7.346436 1388.801147 395.972534
v -1.681351 1388.801147 399.844177
v -10.078979 1380.403564 394.153442
v -18.476624 1388.801147 399.844208
v -10.078979 1380.403687 398.757324
v -12.811600 1388.801270 395.972534
v -18.476624 1388.801147 404.448090
v -1.681351 1388.801147 404.448090
v -18.476593 1058.801147 116.217628
v -13.024551 1058.801147 120.958511
v -18.476593 1058.801147 110.391731
v -10.078964 1050.403564 104.700989
v -10.078995 1056.068604 171.986130
v -1.681351 1058.801147 110.391731
v -1.681351 1058.801147 116.217628
v -7.133500 1058.801147 120.958511
v -12.811600 1058.801147 173.772507
v -18.476593 1058.801147 177.644150
v -10.078964 1050.403564 171.953400
v -10.078964 1050.403564 176.557327
v -1.681351 1058.801147 177.644150
v -7.346420 1058.801147 173.772507
v -1.681351 1058.801147 182.248047
v -18.476593 1058.801147 182.248047
v -18.476593 1118.801147 156.617599
v -13.024551 1118.801147 161.358490
v -18.476593 1118.801147 150.791718
v -10.078964 1110.403564 145.100983
v -1.681351 1118.801147 150.791718
v -10.078995 1116.068604 212.386124
v -7.346405 1118.801147 214.172470
v -1.681351 1118.801147 156.617599
v -7.133500 1118.801147 161.358490
v -12.811600 1118.801147 214.172485
v -18.476593 1118.801147 218.044128
v -10.078964 1110.403564 212.353409
v -10.078964 1110.403564 216.957306
v -1.681351 1118.801147 218.044113
v -1.681351 1118.801147 222.648056
v -18.476593 1118.801147 222.648056
v -18.476593 1178.801147 197.017609
v -13.024551 1178.801270 201.758499
v -18.476593 1178.801147 191.191696
v -10.078964 1170.403564 185.500946
v -10.078995 1176.068604 252.786087
v -1.681351 1178.801147 191.191696
v -1.681351 1178.801147 197.017609
v -7.133500 1178.801147 201.758499
v -12.811600 1178.801147 254.572510
v -18.476593 1178.801147 258.444092
v -10.078964 1170.403564 252.753357
v -10.078964 1170.403564 257.357269
v -1.681351 1178.801147 258.444092
v -7.346405 1178.801147 254.572495
v -1.681351 1178.801147 263.048035
v -18.476593 1178.801147 263.048035
v -18.476593 1208.801147 217.217606
v -13.024551 1208.801270 221.958466
v -18.476593 1208.801147 211.391693
v -10.078949 1200.403687 205.700958
v -1.681335 1208.801147 211.391693
v -10.078995 1206.068604 272.986084
v -1.681335 1208.801147 217.217606
v -7.133483 1208.801147 221.958466
v -12.811600 1208.801147 274.772491
v -18.476593 1208.801147 278.644135
v -10.078949 1200.403809 272.953339
v -10.078949 1200.403687 277.557281
v -1.681335 1208.801147 278.644104
v -7.346405 1208.801147 274.772491
v -1.681335 1208.801147 283.248016
v -18.476593 1208.801147 283.248016
v -18.476593 1238.801147 237.417587
v -13.024551 1238.801270 242.158478
v -18.476593 1238.801147 231.591705
v -10.078964 1230.403564 225.900955
v -10.078995 1236.068604 293.186035
v -1.681351 1238.801147 231.591705
v -1.681351 1238.801147 237.417587
v -7.133500 1238.801147 242.158478
v -7.346405 1238.801147 294.972473
v -1.681351 1238.801147 298.844086
v -10.078964 1230.403564 293.153381
v -18.476593 1238.801147 298.844086
v -10.078964 1230.403564 297.757294
v -12.811600 1238.801147 294.972504
v -18.476593 1238.801147 303.447998
v -1.681351 1238.801147 303.447998
v -7.346436 1298.801147 335.372467
v -7.133514 1298.801270 282.558472
v -1.681366 1298.801147 339.244110
v -10.079010 1296.068604 333.586090
v -10.078964 1290.403564 333.553345
v -18.476593 1298.801147 339.244110
v -10.078964 1290.403564 338.157257
v -12.811600 1298.801270 335.372467
v -13.024551 1298.801270 282.558472
v -10.078964 1290.403564 266.300934
v -1.681366 1298.801147 271.991699
v -18.476593 1298.801147 271.991699
v -1.681366 1298.801147 277.817596
v -18.476593 1298.801147 277.817596
v -18.476593 1298.801147 343.847992
v -1.681366 1298.801147 343.847992
v -7.346420 1358.801025 375.772491
v -7.133483 1358.801025 322.958496
v -1.681320 1358.801025 379.644135
v -10.078995 1356.068481 373.986115
v -10.078964 1350.403564 373.953369
v -18.476593 1358.801025 379.644135
v -10.078964 1350.403564 378.557281
v -12.811584 1358.801025 375.772491
v -13.024536 1358.801025 322.958496
v -10.078964 1350.403564 306.700928
v -1.681320 1358.801025 312.391724
v -18.476593 1358.801025 312.391724
v -1.681320 1358.801025 318.217621
v -18.476593 1358.801025 318.217621
v -18.476593 1358.801025 384.248047
v -1.681320 1358.801025 384.248047
v 278.954254 1148.801270 234.372482
v 279.167175 1148.801270 181.558487
v 284.619293 1148.801147 238.244125
v 276.221649 1146.068726 232.586121
v 276.221680 1140.403564 232.553375
v 267.824036 1148.801147 238.244141
v 276.221680 1140.403564 237.157303
v 273.489075 1148.801270 234.372498
v 273.276093 1148.801270 181.558487
v 276.221680 1140.403564 165.300964
v 267.824036 1148.801147 170.991714
v 284.619293 1148.801147 170.991714
v 284.619293 1148.801147 176.817596
v 267.824036 1148.801147 176.817596
v 267.824036 1148.801147 242.848038
v 284.619293 1148.801147 242.848038
v 278.954254 1238.801270 294.972473
v 279.167175 1238.801270 242.158478
v 284.619293 1238.801147 298.844086
v 276.221649 1236.068604 293.186035
v 276.221680 1230.403564 293.153381
v 267.824036 1238.801270 298.844086
v 276.221680 1230.403564 297.757294
v 273.489075 1238.801270 294.972504
v 273.276093 1238.801270 242.158478
v 276.221680 1230.403564 225.900955
v 267.824036 1238.801270 231.591705
v 284.619293 1238.801147 231.591705
v 284.619293 1238.801147 237.417587
v 267.824036 1238.801270 237.417587
v 267.824036 1238.801270 303.447998
v 284.619293 1238.801147 303.447998
v 284.037354 1270.414307 342.525787
v 284.037292 1270.412964 324.319977
v 284.037354 951.564270 127.928253
v 268.037445 1270.414307 342.525787
v 268.037445 951.564270 127.928337
v 268.037415 1270.412842 324.319946
v 284.037323 951.564209 109.723373
v 284.037323 1270.414307 253.362030
v 284.037354 1270.411621 235.155289
v 284.037384 951.564331 38.764561
v 268.037445 1270.414307 253.362015
v 268.037445 951.564331 38.764606
v 268.037415 1270.411499 235.155289
v 268.037445 951.564209 20.559666
v 284.037354 951.564209 20.559605
v 268.037415 951.564148 109.723427
v 268.037445 969.174622 50.642384
v 284.037292 969.174622 50.642445
v 284.037201 969.174561 121.601250
v 268.037415 969.174255 121.601196
v 284.037415 1252.804443 241.484222
v 284.037292 1252.803955 312.442993
v 268.037445 1252.803955 241.484253
v 268.037415 1252.803955 312.443085
v 284.619293 1208.801147 278.644104
v 284.619293 1208.801147 283.248016
v 276.221680 1200.403809 272.953339
v 278.954254 1208.801270 274.772491
v 276.221649 1206.068604 272.986084
v 279.167175 1208.801270 221.958466
v 276.221680 1200.403687 205.700958
v 267.824036 1208.801270 211.391693
v 284.619293 1208.801147 211.391693
v 273.489075 1208.801270 274.772491
v 273.276093 1208.801270 221.958466
v 284.619293 1208.801147 217.217606
v 267.824036 1208.801270 217.217606
v 267.824036 1208.801270 278.644135
v 267.824036 1208.801270 283.248016
v 276.221680 1200.403687 277.557281
v -10.078995 1416.068604 414.386108
v -7.346420 1418.801147 416.172516
v -10.078934 1410.403564 414.353455
v -12.811584 1418.801514 416.172546
v -10.078934 1410.403564 347.101044
v -1.681351 1418.801147 352.791748
v -18.476578 1418.801147 352.791748
v -1.681351 1418.801147 358.617615
v -7.133483 1418.801514 363.358490
v -13.024536 1418.801514 363.358490
v -18.476578 1418.801147 358.617615
v -18.476578 1418.801147 420.044159
v -18.476578 1418.801147 424.648071
v -10.078934 1410.403564 418.957306
v -1.681351 1418.801147 424.648071
v -1.681351 1418.801147 420.044128
v 284.619293 1118.801147 156.617599
v 284.619293 1118.801147 150.791718
v 279.167175 1118.801270 161.358490
v 276.221680 1110.403564 145.100983
v 267.824036 1118.801270 150.791718
v 276.221649 1116.068604 212.386124
v 273.489075 1118.801270 214.172485
v 273.276093 1118.801270 161.358490
v 267.824036 1118.801270 156.617599
v 267.824036 1118.801270 218.044128
v 276.221680 1110.403564 212.353409
v 276.221680 1110.403564 216.957306
v 284.619293 1118.801147 218.044113
v 278.954254 1118.801270 214.172470
v 284.619293 1118.801147 222.648056
v 267.824036 1118.801270 222.648056
v 284.619293 1088.801147 136.417633
v 284.619293 1088.801147 130.591751
v 279.167175 1088.801270 141.158524
v 276.221680 1080.403564 124.900970
v 267.824066 1088.801147 130.591751
v 276.221649 1086.068604 192.186111
v 273.489075 1088.801270 193.972519
v 273.276093 1088.801270 141.158524
v 267.824066 1088.801147 136.417633
v 267.824066 1088.801147 197.844131
v 276.221680 1080.403564 192.153381
v 276.221680 1080.403564 196.757309
v 284.619293 1088.801147 197.844131
v 278.954254 1088.801270 193.972519
v 284.619293 1088.801147 202.448044
v 267.824066 1088.801147 202.448044
v 284.619293 1058.801147 116.217628
v 284.619293 1058.801147 110.391731
v 279.167175 1058.801270 120.958511
v 276.221680 1050.403564 104.700989
v 276.221649 1056.068604 171.986130
v 267.824036 1058.801147 110.391731
v 273.276093 1058.801270 120.958511
v 273.489075 1058.801270 173.772507
v 267.824036 1058.801147 116.217628
v 267.824036 1058.801147 177.644150
v 276.221680 1050.403564 171.953400
v 276.221680 1050.403564 176.557327
v 284.619293 1058.801147 177.644150
v 278.954254 1058.801270 173.772507
v 284.619293 1058.801147 182.248047
v 267.824036 1058.801147 182.248047
v 284.619293 1028.801147 96.017639
v 284.619293 1028.801147 90.191757
v 279.167175 1028.801270 100.758514
v 276.221680 1020.403687 84.500984
v 267.824036 1028.801147 90.191757
v 276.221649 1026.068604 151.786133
v 273.489075 1028.801270 153.572525
v 273.276093 1028.801270 100.758514
v 267.824036 1028.801147 96.017639
v 267.824036 1028.801147 157.444138
v 276.221680 1020.403687 151.753403
v 276.221680 1020.403687 156.357315
v 284.619293 1028.801147 157.444138
v 278.954254 1028.801270 153.572510
v 284.619293 1028.801147 162.048080
v 267.824036 1028.801147 162.048080
v 284.619293 998.801147 137.244156
v 284.619293 998.801147 141.848068
v 276.221680 990.403503 131.553391
v 278.954163 998.801147 133.372528
v 276.221649 996.068542 131.586136
v 279.167175 998.801147 80.558517
v 284.619293 998.801147 75.817642
v 276.221680 990.403564 64.300995
v 284.619293 998.801147 69.991753
v 267.824036 998.801147 69.991753
v 273.489075 998.801147 133.372528
v 273.276093 998.801147 80.558517
v 267.824036 998.801147 75.817642
v 267.824036 998.801147 137.244156
v 267.824036 998.801147 141.848068
v 276.221680 990.403564 136.157303
v 279.167175 1178.801270 201.758499
v 284.619293 1178.801147 197.017609
v 278.954254 1178.801270 254.572495
v 276.221680 1170.403564 185.500946
v 284.619293 1178.801147 191.191696
v 267.824036 1178.801270 191.191696
v 276.221649 1176.068604 252.786087
v 273.489075 1178.801270 254.572510
v 273.276093 1178.801270 201.758499
v 267.824036 1178.801270 197.017609
v 267.824036 1178.801270 258.444092
v 276.221680 1170.403564 252.753357
v 276.221680 1170.403564 257.357269
v 284.619293 1178.801147 258.444092
v 284.619293 1178.801147 263.048035
v 267.824036 1178.801270 263.048035
v -2.000046 951.564270 127.928268
v -2.000130 1440.000488 438.458252
v -2.000076 1440.000366 456.663269
v -2.000198 1457.610718 456.663452
v -352.836823 1457.609985 456.663300
v -352.813721 1440.000244 456.663330
v -18.000031 1440.000244 456.663300
v -352.813782 1440.000244 438.458374
v -17.999985 951.564270 127.928268
v -2.000061 951.564209 20.559391
v -2.000046 951.564331 38.764317
v -18.000000 951.564209 20.559437
v -2.000076 1440.000610 349.294464
v -2.000081 1440.000854 367.499390
v -2.000198 1457.610840 349.294678
v -2.000202 1457.610962 367.499634
v -18.000031 1457.610840 367.499542
v -2.000252 1457.610718 438.458466
v -18.000053 1440.000488 438.458282
v -18.000031 1440.000854 367.499420
v -18.000107 1457.610596 438.458344
v -17.999985 951.564331 38.764339
v -352.813721 1440.000488 367.499512
v -18.000031 1440.000488 349.294525
v -352.813782 1440.000366 349.294586
v -352.836792 1457.610107 367.499481
v -336.813782 1440.000732 367.499481
v -336.813812 1440.000366 438.458252
v -336.813904 1457.610840 367.499695
v -336.813965 1457.610596 438.458466
v -18.000015 951.564148 109.723267
v -18.000015 969.174622 50.642105
v -2.000099 951.564209 109.723236
v -2.000153 969.174622 50.642170
v -2.000259 969.174561 121.600998
v -18.000061 969.174255 121.600929
v -1.681335 1028.801147 96.017639
v -1.681335 1028.801147 90.191757
v -7.133500 1028.801147 100.758514
v -10.078964 1020.403564 84.500984
v -10.078995 1026.068604 151.786133
v -18.476593 1028.801147 90.191757
v -12.811600 1028.801147 153.572525
v -13.024551 1028.801147 100.758514
v -18.476593 1028.801147 96.017639
v -18.476593 1028.801147 157.444138
v -10.078964 1020.403503 151.753403
v -10.078964 1020.403564 156.357315
v -1.681335 1028.801147 157.444138
v -7.346405 1028.801147 153.572510
v -1.681335 1028.801147 162.048080
v -18.476593 1028.801147 162.048080
v -7.133483 1328.801270 302.758514
v -1.681320 1328.801147 298.017578
v -7.346420 1328.801147 355.572449
v -10.078995 1326.068604 353.786102
v -10.078964 1320.403564 286.500946
v -18.476593 1328.801147 292.191711
v -1.681320 1328.801147 292.191711
v -12.811584 1328.801270 355.572479
v -13.024536 1328.801270 302.758514
v -18.476593 1328.801147 298.017578
v -18.476593 1328.801147 359.444092
v -10.078964 1320.403564 353.753387
v -10.078964 1320.403564 358.357269
v -1.681320 1328.801147 359.444092
v -1.681320 1328.801147 364.048035
v -18.476593 1328.801147 364.048035
v -1.681351 1148.801147 238.244125
v -1.681351 1148.801147 242.848038
v -10.078964 1140.403564 232.553375
v -7.346405 1148.801147 234.372482
v -10.078995 1146.068726 232.586121
v -7.133500 1148.801147 181.558487
v -1.681351 1148.801147 176.817596
v -10.078964 1140.403564 165.300964
v -1.681351 1148.801147 170.991714
v -18.476593 1148.801147 170.991714
v -12.811600 1148.801147 234.372498
v -13.024551 1148.801147 181.558487
v -18.476593 1148.801147 176.817596
v -18.476593 1148.801147 238.244141
v -18.476593 1148.801147 242.848038
v -10.078964 1140.403564 237.157303
v -7.133483 1268.801147 262.358490
v -1.681351 1268.801147 257.617584
v -7.346420 1268.801147 315.172455
v -10.078949 1260.403564 246.100952
v -1.681351 1268.801147 251.791687
v -18.476593 1268.801147 251.791687
v -10.078995 1266.068604 313.386108
v -12.811584 1268.801147 315.172455
v -13.024536 1268.801147 262.358490
v -18.476593 1268.801147 257.617584
v -18.476593 1268.801147 319.044098
v -10.078949 1260.403564 313.353333
v -10.078949 1260.403564 317.957245
v -1.681351 1268.801147 319.044098
v -1.681351 1268.801147 323.648010
v -18.476593 1268.801147 323.648010
v -7.133500 1088.801147 141.158524
v -1.681335 1088.801147 136.417633
v -7.346405 1088.801147 193.972519
v -10.078964 1080.403564 124.900970
v -1.681335 1088.801147 130.591751
v -18.476593 1088.801147 130.591751
v -10.078995 1086.068604 192.186111
v -12.811600 1088.801147 193.972519
v -13.024551 1088.801147 141.158524
v -18.476593 1088.801147 136.417633
v -18.476593 1088.801147 197.844131
v -10.078964 1080.403564 192.153381
v -10.078964 1080.403564 196.757309
v -1.681335 1088.801147 197.844131
v -1.681335 1088.801147 202.448044
v -18.476593 1088.801147 202.448044
v -7.133483 998.801147 80.558517
v -1.681335 998.801147 75.817642
v -7.346405 998.801147 133.372528
v -10.078949 990.403564 64.300995
v -1.681335 998.801147 69.991753
v -18.476593 998.801147 69.991753
v -10.078995 996.068542 131.586136
v -12.811584 998.801147 133.372528
v -13.024551 998.801147 80.558517
v -18.476593 998.801147 75.817642
v -18.476593 998.801147 137.244156
v -10.078949 990.403503 131.553391
v -10.078949 990.403564 136.157303
v -1.681335 998.801147 137.244156
v -1.681335 998.801147 141.848068
v -18.476593 998.801147 141.848068
v -61.681377 1448.801147 434.139954
v -70.079010 1440.403564 434.139984
v -61.681374 1448.801147 438.743866
v -67.346458 1448.801147 430.268311
v -70.079041 1446.068604 430.268372
v -67.133530 1448.801147 375.360077
v -70.079048 1445.855713 375.360046
v -61.681374 1448.801147 372.713440
v -70.079010 1440.403564 372.713470
v -61.681374 1448.801147 366.887573
v -70.079002 1440.403687 366.887573
v -78.476639 1448.801147 366.887573
v -78.476639 1448.801147 372.713440
v -73.024597 1448.801147 375.360077
v -72.811630 1448.801147 430.268311
v -78.476639 1448.801147 434.139954
v -78.476639 1448.801147 438.743866
v -70.079002 1440.403687 438.743866
v -91.681381 1448.801147 434.139954
v -91.681381 1448.801147 438.743866
v -100.078995 1440.403564 434.139984
v -97.346458 1448.801147 430.268311
v -100.079041 1446.068604 430.268372
v -97.133530 1448.801147 375.360077
v -100.079056 1445.855713 375.360046
v -91.681381 1448.801147 372.713440
v -100.078995 1440.403564 372.713470
v -91.681381 1448.801147 366.887573
v -100.078995 1440.403687 366.887573
v -108.476639 1448.801147 366.887573
v -108.476639 1448.801147 372.713440
v -103.024590 1448.801147 375.360077
v -102.811630 1448.801147 430.268311
v -108.476646 1448.801147 434.139954
v -108.476639 1448.801147 438.743866
v -100.078995 1440.403687 438.743866
v -151.681381 1448.801147 434.139954
v -160.078995 1440.403564 434.139984
v -151.681381 1448.801147 438.743866
v -157.346436 1448.801147 430.268311
v -160.079041 1446.068604 430.268372
v -157.133530 1448.801147 375.360077
v -160.079056 1445.855713 375.360046
v -151.681381 1448.801147 372.713440
v -151.681381 1448.801147 366.887573
v -160.078995 1440.403564 372.713470
v -160.079010 1440.403687 366.887573
v -168.476624 1448.801147 372.713440
v -168.476624 1448.801147 366.887573
v -163.024582 1448.801147 375.360077
v -162.811630 1448.801147 430.268311
v -168.476624 1448.801147 434.139954
v -168.476624 1448.801147 438.743866
v -160.079010 1440.403687 438.743866
vn -0.7071 -0.7071 -0.0000
vn -0.6610 -0.6610 -0.3551
vn -0.2511 -0.8111 -0.5282
vn -0.3089 -0.9511 -0.0000
vn 0.7071 -0.7071 -0.0000
vn 0.5298 -0.5298 -0.6623
vn -0.5191 -0.7951 -0.3137
vn -0.7638 -0.3490 -0.5429
vn -0.0860 -0.3137 0.9456
vn 0.8417 -0.3799 0.3836
vn 0.3835 -0.8554 0.3482
vn 0.5686 -0.5686 0.5944
vn 0.7017 -0.6908 0.1745
vn -0.6757 -0.6376 -0.3700
vn -0.5672 -0.5675 0.5968
vn -0.3100 -0.9507 -0.0000
vn -0.8029 -0.2228 0.5529
vn 0.5501 -0.6131 -0.5670
vn -0.2775 -0.3849 -0.8802
vn -0.6757 -0.6376 -0.3701
vn 0.1582 -0.9767 -0.1453
vn 0.7017 -0.6907 0.1746
vn 0.2185 -0.6815 0.6985
vn 0.5687 -0.5687 0.5943
vn -0.0861 -0.3137 0.9456
vn -0.5674 -0.5674 0.5968
vn -0.3099 -0.9508 0.0001
vn -0.6756 -0.6377 -0.3700
vn 0.6616 -0.0413 0.7487
vn 0.5500 -0.6131 -0.5671
vn -0.1630 -0.9754 -0.1482
vn 0.7017 -0.6907 0.1747
vn 0.5296 -0.5299 -0.6623
vn 0.0565 -0.6535 0.7548
vn -0.5673 -0.5676 0.5967
vn -0.3099 -0.9508 -0.0000
vn 0.0590 -0.7595 -0.6478
vn -0.0507 -0.3480 -0.9361
vn 0.5297 -0.5299 -0.6623
vn 0.8028 -0.5681 0.1808
vn 0.3752 -0.7782 0.5036
vn -0.3088 -0.9511 -0.0000
vn -0.3662 -0.4263 -0.8271
vn 0.7017 -0.6908 0.1746
vn 0.2945 -0.8547 -0.4275
vn -0.8028 -0.2227 0.5531
vn 0.3751 -0.7782 0.5037
vn -0.5674 -0.5674 0.5967
vn -0.1629 -0.9755 -0.1482
vn -0.5675 -0.5673 0.5968
vn 0.4182 -0.9049 0.0791
vn -0.6756 -0.6376 -0.3701
vn -0.6241 -0.4117 -0.6641
vn -0.7638 -0.3491 -0.5429
vn 0.6946 -0.1323 0.7071
vn 0.0162 -0.9996 -0.0229
vn 0.5051 -0.8623 -0.0366
vn -0.6757 -0.6375 -0.3701
vn 0.0589 -0.7594 -0.6479
vn -0.5673 -0.5675 0.5968
vn -0.3859 -0.8488 0.3614
vn -0.0862 -0.3136 0.9456
vn -0.7306 -0.4820 -0.4836
vn -0.8224 -0.5418 0.1735
vn -0.9604 -0.2513 -0.1199
vn -0.6881 -0.4966 -0.5291
vn 0.1578 -0.9794 0.1261
vn 0.8931 -0.4425 -0.0815
vn 0.3537 -0.9050 0.2366
vn 0.3264 -0.8145 -0.4797
vn -0.7240 -0.5422 -0.4264
vn -0.3043 -0.9526 -0.0001
vn 0.6587 -0.7485 -0.0769
vn 0.6708 -0.4023 -0.6230
vn 0.8998 -0.4109 0.1467
vn 0.9943 -0.0983 -0.0423
vn -0.7151 -0.5024 -0.4860
vn -0.9604 -0.2514 -0.1199
vn 0.1629 -0.9777 0.1328
vn -0.1354 -0.2968 -0.9453
vn -0.6191 -0.7848 0.0267
vn 0.6707 -0.4023 -0.6231
vn -0.3043 -0.9526 -0.0000
vn 0.2112 -0.4702 -0.8569
vn 0.8998 -0.4110 0.1467
vn 0.9942 -0.0984 -0.0423
vn -0.7240 -0.5422 -0.4265
vn -0.7151 -0.5023 -0.4861
vn 0.8767 -0.4766 -0.0653
vn -0.5551 -0.0685 -0.8290
vn 0.5439 -0.7289 -0.4157
vn 0.6305 -0.7747 -0.0478
vn 0.2727 -0.8612 -0.4290
vn -0.6679 -0.5187 -0.5338
vn 0.1628 -0.9777 0.1328
vn 0.4104 -0.7465 0.5238
vn -0.8130 -0.5758 -0.0864
vn 0.6587 -0.7484 -0.0769
vn 0.0064 -0.4296 -0.9030
vn 0.6708 -0.4023 -0.6231
vn -0.7151 -0.5024 -0.4861
vn -0.7252 0.2511 -0.6411
vn -0.0909 -0.4351 -0.8958
vn 0.8997 -0.4112 0.1466
vn 0.9942 -0.0985 -0.0423
vn 0.1974 -0.9782 0.0644
vn 0.3537 -0.9050 0.2365
vn 0.2738 -0.8611 -0.4284
vn 0.6708 -0.4024 -0.6231
vn -0.1354 -0.2967 -0.9453
vn -0.3224 -0.5526 -0.7686
vn 0.6557 -0.7463 0.1143
vn 0.4104 -0.7465 0.5237
vn 0.6457 -0.7395 -0.1904
vn -0.1355 -0.2967 -0.9453
vn -0.3224 -0.5526 -0.7685
vn -0.7152 -0.5023 -0.4860
vn -0.1096 -0.9939 -0.0075
vn 0.3232 -0.8149 -0.4812
vn 0.2035 -0.9766 0.0693
vn 0.1258 -0.9805 0.1508
vn 0.9942 -0.0986 -0.0423
vn 0.3232 -0.8148 -0.4813
vn 0.8433 -0.5318 -0.0775
vn -1.0000 -0.0000 -0.0000
vn -0.9999 0.0114 -0.0000
vn -0.0058 -0.3985 0.9171
vn -0.0000 -0.3956 0.9184
vn 0.0127 -0.4037 0.9148
vn 1.0000 -0.0000 -0.0000
vn -0.0000 -0.3957 0.9184
vn -0.0025 -0.3960 0.9183
vn 0.0001 -0.3960 0.9183
vn -0.0076 -0.3961 0.9182
vn -0.0000 -0.3960 0.9183
vn -0.9999 0.0114 0.0004
vn -0.0000 -1.0000 -0.0000
vn 0.6475 -0.7305 -0.2172
vn -0.6225 -0.7216 -0.3031
vn 0.3572 -0.7585 0.5450
vn -0.3233 -0.5533 -0.7677
vn 0.6305 -0.7748 -0.0478
vn -0.6679 -0.5187 -0.5337
vn -0.7150 -0.5024 -0.4862
vn -0.3264 -0.9452 0.0028
vn -0.8049 -0.4024 -0.4362
vn 0.1370 -0.4485 -0.8832
vn 0.8767 -0.4767 -0.0653
vn -0.9605 -0.2512 -0.1200
vn -0.6678 -0.5187 -0.5338
vn 0.9943 -0.0983 -0.0424
vn 0.8931 -0.4424 -0.0815
vn 0.7734 -0.6338 -0.0084
vn 0.3023 -0.5336 -0.7899
vn -0.3042 -0.9526 -0.0000
vn 0.8931 -0.4424 -0.0816
vn 0.7732 -0.6341 -0.0083
vn 0.0353 -0.4321 -0.9011
vn 0.8490 0.2488 -0.4662
vn -0.7306 -0.4819 -0.4837
vn -0.1714 -0.4580 -0.8723
vn 0.9943 -0.0984 -0.0423
vn 0.7734 -0.6339 -0.0083
vn 0.3013 -0.5325 -0.7910
vn -0.2489 -0.8771 -0.4108
vn -0.8803 -0.4517 -0.1451
vn 0.2165 -0.9748 -0.0531
vn 0.2797 -0.9352 0.2170
vn 0.8084 -0.4345 -0.3972
vn 0.3014 -0.5326 -0.7909
vn 0.6304 -0.7748 -0.0478
vn -0.7746 0.0001 0.6325
vn -0.2030 -0.3179 0.9261
vn 0.5053 -0.5715 -0.6465
vn -0.0347 -0.3266 0.9445
vn 0.0098 -1.0000 0.0001
vn 0.0064 -1.0000 -0.0000
vn -0.0000 -0.0001 1.0000
vn 0.6666 -0.7454 -0.0000
vn -0.9810 0.0170 -0.1933
vn -0.0000 -0.0000 1.0000
vn -0.0000 -0.1536 0.9881
vn 0.0586 0.1419 0.9881
vn -0.5295 -0.0724 0.8452
vn -0.9281 -0.0818 0.3633
vn -0.0428 0.0152 0.9990
vn -0.1789 -0.8685 0.4623
vn 0.9810 -0.0171 0.1933
vn -0.0000 -1.0000 -0.0001
vn 0.2069 0.5848 -0.7844
vn 0.1628 -0.9777 0.1329
vn 0.3762 -0.6668 -0.6433
vn 0.0772 -0.9735 -0.2155
vn -0.9227 -0.0289 -0.3843
vn 0.3030 -0.5342 -0.7892
vn 0.8997 -0.4112 0.1467
vn 0.3233 -0.8178 -0.4761
vn -0.4954 -0.8509 0.1747
vn 0.6657 -0.7353 -0.1269
vn 0.2797 -0.9353 0.2170
vn -0.1660 0.4584 -0.8731
vn -0.3763 -0.7022 -0.6044
vn 0.2797 -0.9353 0.2169
vn 0.8767 -0.4767 -0.0652
vn 0.7610 0.0983 -0.6413
vn -0.7152 -0.5022 -0.4861
vn -0.2774 -0.3849 -0.8803
vn -0.5052 -0.3102 -0.8053
vn 0.2944 -0.8547 -0.4276
vn 0.5850 -0.7832 0.2104
vn -0.5675 -0.5673 0.5967
vn -0.0565 -0.9963 0.0643
vn 0.6419 -0.3415 0.6865
vn 0.2511 -0.9405 -0.2289
vn 0.0566 -0.6535 0.7548
vn 0.6633 -0.4708 -0.5817
vn 0.5851 -0.7832 0.2103
vn -0.2509 -0.8113 -0.5281
vn -0.5673 -0.5675 0.5967
vn -0.3292 -0.7323 0.5961
vt 0.671359 0.056330
vt 0.692150 0.056329
vt 0.692149 0.004194
vt 0.671359 0.004194
vt 0.671359 0.056529
vt 0.692150 0.056529
vt 0.709258 0.004194
vt 0.709360 0.021259
vt 0.957318 0.022680
vt 0.957149 0.004193
vt 0.969543 0.004193
vt 0.969543 0.056428
vt 0.957318 0.022480
vt 0.995852 0.004193
vt 0.995852 0.056428
vt 0.945013 0.023274
vt 0.970859 0.056441
vt 0.996437 0.056441
vt 0.707838 0.021926
vt 0.996437 0.005335
vt 0.707825 0.005364
vt 0.696537 0.005333
vt 0.696537 0.056442
vt 0.672980 0.005333
vt 0.672980 0.056442
vt 0.707833 0.022028
vt 0.696536 0.056544
vt 0.996437 0.056545
vt 0.970844 0.056545
vt 0.672980 0.056544
vt 0.284534 0.152292
vt 0.991378 0.152296
vt 0.991379 0.113703
vt 0.284534 0.113700
vt 0.367665 0.036615
vt 0.367665 0.002697
vt 0.404780 0.002697
vt 0.404780 0.036615
vt 0.284534 0.079598
vt 0.991379 0.079600
vt 0.404157 0.039377
vt 0.404157 0.001475
vt 0.272552 0.001476
vt 0.272553 0.039378
vt 0.272553 0.077280
vt 0.404157 0.077279
vt 0.274084 0.036615
vt 0.274085 0.002697
vt 0.311200 0.002697
vt 0.311199 0.036615
vt 0.321365 0.113678
vt 0.284752 0.113678
vt 0.284753 0.079761
vt 0.321365 0.079761
vt 0.321682 0.113700
vt 0.367665 0.036883
vt 0.367665 0.002965
vt 0.404780 0.002965
vt 0.404780 0.036883
vt 0.321682 0.079598
vt 0.321421 0.113678
vt 0.284808 0.113678
vt 0.284809 0.079762
vt 0.321421 0.079762
vt 1.952343 0.500000
vt 0.274084 0.036883
vt 0.274085 0.002965
vt 0.311200 0.002965
vt 0.311199 0.036883
s 1
usemtl f008_001_hasirat1.015
f 1484/1194/1296 1483/1195/1297 1481/1196/1298 1482/1197/1299
f 1480/1198/1300 1482/1197/1299 1481/1196/1298 1479/1199/1301
f 1474/1200/1302 1481/1196/1298 1483/1195/1297 1475/1201/1303
f 1478/1202/1304 1477/1203/1305 1488/1204/1306 1490/1205/1307
f 1474/1200/1302 1473/1201/1308 1479/1199/1301 1481/1196/1298
f 1476/1206/1309 1487/1205/1310 1488/1204/1306 1477/1203/1305
f 1473/1201/1308 1474/1200/1302 1477/1203/1305 1478/1202/1304
f 1475/1201/1303 1476/1206/1309 1477/1203/1305 1474/1200/1302
f 1490/1205/1307 1488/1204/1306 1486/1207/1311 1489/1208/1300
f 1486/1207/1311 1488/1204/1306 1487/1205/1310 1485/1208/1296
f 1497/1203/1312 1494/1200/1313 1495/1201/1314 1498/1206/1315
f 1494/1200/1313 1496/1196/1316 1506/1195/1297 1495/1201/1314
f 1491/1201/1317 1493/1199/1301 1496/1196/1316 1494/1200/1313
f 1499/1204/1318 1500/1205/1319 1492/1202/1320 1497/1203/1312
f 1502/1205/1321 1499/1204/1318 1497/1203/1312 1498/1206/1315
f 1505/1197/1299 1507/1194/1296 1506/1195/1297 1496/1196/1316
f 1501/1207/1322 1504/1208/1300 1500/1205/1319 1499/1204/1318
f 1497/1203/1312 1492/1202/1320 1491/1201/1317 1494/1200/1313
f 1505/1197/1299 1496/1196/1316 1493/1199/1301 1508/1198/1300
f 1502/1205/1321 1503/1208/1296 1501/1207/1322 1499/1204/1318
f 1513/1201/1314 1516/1206/1323 1515/1203/1324 1512/1200/1325
f 1523/1195/1297 1513/1201/1314 1512/1200/1325 1514/1196/1326
f 1512/1200/1325 1509/1201/1327 1511/1199/1328 1514/1196/1326
f 1510/1202/1320 1515/1203/1324 1517/1204/1329 1518/1205/1319
f 1517/1204/1329 1515/1203/1324 1516/1206/1323 1520/1205/1330
f 1519/1207/1331 1517/1204/1329 1520/1205/1330 1521/1208/1296
f 1524/1197/1299 1525/1194/1296 1523/1195/1297 1514/1196/1326
f 1526/1198/1300 1524/1197/1299 1514/1196/1326 1511/1199/1328
f 1515/1203/1324 1510/1202/1320 1509/1201/1327 1512/1200/1325
f 1519/1207/1331 1522/1208/1300 1518/1205/1319 1517/1204/1329
f 1532/1196/1332 1529/1200/1333 1527/1201/1327 1530/1199/1334
f 1534/1195/1297 1536/1201/1314 1529/1200/1333 1532/1196/1332
f 1539/1203/1335 1529/1200/1333 1536/1201/1314 1537/1206/1315
f 1540/1204/1336 1541/1205/1319 1528/1202/1320 1539/1203/1335
f 1533/1197/1337 1532/1196/1332 1530/1199/1334 1531/1198/1300
f 1527/1201/1327 1529/1200/1333 1539/1203/1335 1528/1202/1320
f 1538/1205/1321 1540/1204/1336 1539/1203/1335 1537/1206/1315
f 1535/1194/1296 1534/1195/1297 1532/1196/1332 1533/1197/1337
f 1542/1207/1331 1543/1208/1300 1541/1205/1319 1540/1204/1336
f 1538/1205/1321 1544/1208/1296 1542/1207/1331 1540/1204/1336
f 1548/1200/1338 1545/1201/1339 1547/1199/1334 1550/1196/1340
f 1548/1200/1338 1550/1196/1340 1559/1195/1297 1549/1201/1314
f 1551/1203/1341 1546/1202/1320 1545/1201/1339 1548/1200/1338
f 1546/1202/1320 1551/1203/1341 1553/1204/1342 1554/1205/1319
f 1552/1206/1323 1556/1205/1343 1553/1204/1342 1551/1203/1341
f 1562/1198/1300 1560/1197/1299 1550/1196/1340 1547/1199/1334
f 1555/1207/1322 1558/1208/1300 1554/1205/1319 1553/1204/1342
f 1560/1197/1299 1561/1194/1296 1559/1195/1297 1550/1196/1340
f 1549/1201/1314 1552/1206/1323 1551/1203/1341 1548/1200/1338
f 1555/1207/1322 1553/1204/1342 1556/1205/1343 1557/1208/1296
f 1567/1205/1319 1563/1204/1318 1565/1207/1331 1568/1208/1300
f 1576/1197/1299 1577/1194/1296 1575/1195/1297 1574/1196/1344
f 1564/1205/1345 1563/1204/1318 1566/1203/1346 1579/1206/1347
f 1571/1199/1301 1574/1196/1344 1572/1200/1348 1570/1201/1317
f 1575/1195/1297 1573/1201/1349 1572/1200/1348 1574/1196/1344
f 1566/1203/1346 1569/1202/1350 1570/1201/1317 1572/1200/1348
f 1563/1204/1318 1567/1205/1319 1569/1202/1350 1566/1203/1346
f 1571/1199/1301 1578/1198/1300 1576/1197/1299 1574/1196/1344
f 1573/1201/1349 1579/1206/1347 1566/1203/1346 1572/1200/1348
f 1564/1205/1345 1580/1208/1296 1565/1207/1331 1563/1204/1318
f 1588/1203/1351 1585/1200/1352 1592/1201/1314 1590/1206/1353
f 1593/1195/1297 1592/1201/1314 1585/1200/1352 1582/1196/1354
f 1585/1200/1352 1584/1201/1317 1581/1199/1301 1582/1196/1354
f 1588/1203/1351 1590/1206/1353 1591/1205/1355 1589/1204/1356
f 1584/1201/1317 1585/1200/1352 1588/1203/1351 1586/1202/1357
f 1589/1204/1356 1587/1205/1319 1586/1202/1357 1588/1203/1351
f 1595/1197/1337 1582/1196/1354 1581/1199/1301 1583/1198/1300
f 1597/1207/1331 1598/1208/1300 1587/1205/1319 1589/1204/1356
f 1582/1196/1354 1595/1197/1337 1594/1194/1296 1593/1195/1297
f 1597/1207/1331 1589/1204/1356 1591/1205/1355 1596/1208/1296
f 1600/1209/1358 1599/1210/1359 1601/1211/1360
f 1612/1212/1361 1600/1209/1358 1602/1213/1362
f 1606/1209/1363 1603/1214/1364 1602/1213/1362
f 1612/1212/1361 1609/1215/1365 1610/1216/1366
f 1611/1217/1367 1613/1218/1296 1610/1216/1366 1609/1215/1365
f 1609/1215/1365 1607/1219/1368 1608/1220/1369
f 1602/1213/1362 1603/1214/1364 1612/1212/1361
f 1600/1209/1358 1601/1211/1360 1602/1213/1362
f 1604/1221/1370 1605/1222/1371 1606/1209/1363
f 1606/1209/1363 1607/1219/1368 1603/1214/1364
f 1602/1213/1362 1604/1221/1370 1606/1209/1363
f 1612/1212/1361 1603/1214/1364 1609/1215/1365
f 1609/1215/1365 1603/1214/1364 1607/1219/1368
f 1608/1220/1369 1614/1223/1300 1611/1217/1367 1609/1215/1365
f 1616/1209/1372 1615/1210/1359 1617/1211/1373
f 1618/1213/1374 1623/1212/1375 1616/1209/1372
f 1622/1209/1363 1619/1214/1376 1618/1213/1374
f 1627/1220/1377 1629/1223/1300 1626/1217/1378 1625/1215/1379
f 1625/1215/1379 1623/1212/1375 1619/1214/1376
f 1625/1215/1379 1628/1219/1368 1627/1220/1377
f 1618/1213/1374 1619/1214/1376 1623/1212/1375
f 1616/1209/1372 1617/1211/1373 1618/1213/1374
f 1620/1221/1380 1621/1222/1381 1622/1209/1363
f 1622/1209/1363 1628/1219/1368 1619/1214/1376
f 1618/1213/1374 1620/1221/1380 1622/1209/1363
f 1625/1215/1379 1624/1216/1382 1623/1212/1375
f 1625/1215/1379 1619/1214/1376 1628/1219/1368
f 1626/1217/1378 1630/1218/1296 1624/1216/1382 1625/1215/1379
f 1632/1209/1383 1631/1210/1359 1633/1211/1373
f 1639/1209/1384 1636/1214/1385 1634/1213/1386
f 1632/1209/1383 1634/1213/1386 1636/1214/1385
f 1637/1219/1387 1642/1215/1388 1636/1214/1385
f 1643/1217/1378 1646/1218/1296 1641/1216/1382 1642/1215/1388
f 1642/1215/1388 1640/1212/1389 1636/1214/1385
f 1635/1221/1380 1638/1222/1381 1639/1209/1384
f 1639/1209/1384 1637/1219/1387 1636/1214/1385
f 1634/1213/1386 1635/1221/1380 1639/1209/1384
f 1636/1214/1385 1640/1212/1389 1632/1209/1383
f 1632/1209/1383 1633/1211/1373 1634/1213/1386
f 1637/1219/1387 1644/1220/1377 1642/1215/1388
f 1642/1215/1388 1641/1216/1382 1640/1212/1389
f 1644/1220/1377 1645/1223/1300 1643/1217/1378 1642/1215/1388
f 1648/1209/1372 1647/1210/1359 1649/1211/1360
f 1650/1213/1390 1655/1212/1375 1648/1209/1372
f 1654/1209/1391 1651/1214/1392 1650/1213/1390
f 1660/1219/1393 1657/1215/1394 1651/1214/1392
f 1658/1217/1378 1657/1215/1394 1659/1220/1395 1661/1223/1300
f 1655/1212/1375 1657/1215/1394 1656/1216/1382
f 1650/1213/1390 1651/1214/1392 1655/1212/1375
f 1648/1209/1372 1649/1211/1360 1650/1213/1390
f 1652/1221/1380 1653/1222/1381 1654/1209/1391
f 1654/1209/1391 1660/1219/1393 1651/1214/1392
f 1650/1213/1390 1652/1221/1380 1654/1209/1391
f 1660/1219/1393 1659/1220/1395 1657/1215/1394
f 1655/1212/1375 1651/1214/1392 1657/1215/1394
f 1658/1217/1378 1662/1218/1296 1656/1216/1382 1657/1215/1394
f 1664/1209/1396 1663/1210/1359 1665/1211/1360
f 1666/1213/1390 1670/1209/1391 1668/1214/1397
f 1666/1213/1390 1671/1212/1375 1664/1209/1396
f 1674/1217/1378 1678/1218/1296 1672/1216/1382 1673/1215/1398
f 1673/1215/1398 1671/1212/1375 1668/1214/1397
f 1673/1215/1398 1676/1219/1393 1675/1220/1369
f 1666/1213/1390 1667/1221/1399 1669/1222/1400
f 1670/1209/1391 1676/1219/1393 1668/1214/1397
f 1666/1213/1390 1669/1222/1400 1670/1209/1391
f 1666/1213/1390 1668/1214/1397 1671/1212/1375
f 1664/1209/1396 1665/1211/1360 1666/1213/1390
f 1673/1215/1398 1672/1216/1382 1671/1212/1375
f 1673/1215/1398 1668/1214/1397 1676/1219/1393
f 1675/1220/1369 1677/1223/1300 1674/1217/1378 1673/1215/1398
f 1680/1209/1358 1679/1210/1359 1681/1211/1360
f 1692/1212/1361 1680/1209/1358 1682/1213/1401
f 1686/1209/1363 1683/1214/1402 1682/1213/1401
f 1687/1219/1368 1689/1215/1403 1683/1214/1402
f 1688/1220/1404 1694/1223/1300 1691/1217/1378 1689/1215/1403
f 1689/1215/1403 1692/1212/1361 1683/1214/1402
f 1682/1213/1401 1683/1214/1402 1692/1212/1361
f 1680/1209/1358 1681/1211/1360 1682/1213/1401
f 1684/1221/1380 1685/1222/1381 1686/1209/1363
f 1686/1209/1363 1687/1219/1368 1683/1214/1402
f 1682/1213/1401 1684/1221/1380 1686/1209/1363
f 1687/1219/1368 1688/1220/1404 1689/1215/1403
f 1689/1215/1403 1690/1216/1382 1692/1212/1361
f 1690/1216/1382 1689/1215/1403 1691/1217/1378 1693/1218/1296
f 1702/1212/1405 1699/1215/1406 1700/1216/1382
f 1697/1220/1404 1710/1223/1300 1701/1217/1378 1699/1215/1406
f 1704/1213/1407 1702/1212/1405 1703/1209/1372
f 1704/1213/1407 1696/1209/1408 1698/1214/1409
f 1703/1209/1372 1708/1210/1359 1706/1211/1360
f 1699/1215/1406 1695/1219/1368 1697/1220/1404
f 1702/1212/1405 1698/1214/1409 1699/1215/1406
f 1704/1213/1407 1698/1214/1409 1702/1212/1405
f 1703/1209/1372 1706/1211/1360 1704/1213/1407
f 1704/1213/1407 1705/1221/1399 1707/1222/1400
f 1696/1209/1408 1695/1219/1368 1698/1214/1409
f 1704/1213/1407 1707/1222/1400 1696/1209/1408
f 1699/1215/1406 1698/1214/1409 1695/1219/1368
f 1701/1217/1378 1709/1218/1296 1700/1216/1382 1699/1215/1406
f 1718/1212/1410 1715/1215/1411 1716/1216/1382
f 1717/1217/1378 1725/1218/1296 1716/1216/1382 1715/1215/1411
f 1720/1213/1407 1718/1212/1410 1719/1209/1412
f 1720/1213/1407 1712/1209/1408 1714/1214/1413
f 1719/1209/1412 1724/1210/1359 1722/1211/1373
f 1715/1215/1411 1711/1219/1393 1713/1220/1377
f 1718/1212/1410 1714/1214/1413 1715/1215/1411
f 1720/1213/1407 1714/1214/1413 1718/1212/1410
f 1719/1209/1412 1722/1211/1373 1720/1213/1407
f 1720/1213/1407 1721/1221/1399 1723/1222/1400
f 1712/1209/1408 1711/1219/1393 1714/1214/1413
f 1720/1213/1407 1723/1222/1400 1712/1209/1408
f 1715/1215/1411 1714/1214/1413 1711/1219/1393
f 1713/1220/1377 1726/1223/1300 1717/1217/1378 1715/1215/1411
f 1729/1220/1377 1742/1223/1300 1733/1217/1378 1731/1215/1414
f 1731/1215/1414 1727/1219/1368 1729/1220/1377
f 1736/1213/1415 1734/1212/1405 1735/1209/1372
f 1736/1213/1415 1728/1209/1408 1730/1214/1416
f 1735/1209/1372 1740/1210/1359 1737/1211/1360
f 1734/1212/1405 1731/1215/1414 1732/1216/1382
f 1731/1215/1414 1730/1214/1416 1727/1219/1368
f 1736/1213/1415 1730/1214/1416 1734/1212/1405
f 1735/1209/1372 1737/1211/1360 1736/1213/1415
f 1736/1213/1415 1738/1221/1399 1739/1222/1417
f 1728/1209/1408 1727/1219/1368 1730/1214/1416
f 1736/1213/1415 1739/1222/1417 1728/1209/1408
f 1734/1212/1405 1730/1214/1416 1731/1215/1414
f 1733/1217/1378 1741/1218/1296 1732/1216/1382 1731/1215/1414
f 1745/1220/1377 1758/1223/1300 1749/1217/1378 1747/1215/1418
f 1747/1215/1418 1743/1219/1368 1745/1220/1377
f 1752/1213/1415 1750/1212/1405 1751/1209/1412
f 1752/1213/1415 1744/1209/1408 1746/1214/1419
f 1751/1209/1412 1756/1210/1359 1753/1211/1373
f 1750/1212/1405 1747/1215/1418 1748/1216/1382
f 1747/1215/1418 1746/1214/1419 1743/1219/1368
f 1752/1213/1415 1746/1214/1419 1750/1212/1405
f 1751/1209/1412 1753/1211/1373 1752/1213/1415
f 1752/1213/1415 1754/1221/1399 1755/1222/1417
f 1744/1209/1408 1743/1219/1368 1746/1214/1419
f 1752/1213/1415 1755/1222/1417 1744/1209/1408
f 1750/1212/1405 1746/1214/1419 1747/1215/1418
f 1749/1217/1378 1757/1218/1296 1748/1216/1382 1747/1215/1418
f 1764/1224/1420 1774/1225/1421 1763/1226/1422 1762/1227/1423
f 1761/1228/1424 1763/1229/1422 1774/1230/1421 1765/1231/1425
f 1761/1226/1424 1765/1225/1425 1760/1224/1425 1759/1227/1426
s 0
f 1759/1227/1427 1762/1232/1428 1763/1233/1429 1761/1226/1430
s 1
f 1771/1224/1420 1772/1225/1431 1770/1226/1422 1769/1227/1423
s 0
f 1765/1234/1432 1774/1235/1432 1770/1236/1432 1768/1237/1432
s 1
f 1775/1238/1420 1770/1237/1432 1774/1234/1432 1778/1239/1420
f 1768/1226/1424 1773/1225/1425 1767/1224/1425 1766/1227/1423
f 1776/1238/1425 1777/1239/1425 1765/1234/1432 1768/1237/1432
f 1768/1240/1424 1770/1241/1422 1772/1242/1431 1773/1243/1425
s 0
f 1766/1227/1427 1769/1232/1430 1770/1233/1429 1768/1226/1430
s 1
f 1769/1238/1420 1781/1237/1432 1782/1234/1432 1764/1239/1420
f 1780/1234/1432 1779/1237/1432 1766/1238/1425 1760/1239/1425
s 0
f 1780/1234/1432 1782/1235/1432 1781/1236/1432 1779/1237/1432
s 1
f 1793/1209/1383 1789/1213/1433 1787/1214/1434
f 1788/1209/1435 1787/1214/1434 1789/1213/1433
f 1793/1209/1383 1795/1210/1359 1790/1211/1373
f 1785/1215/1436 1786/1219/1437 1783/1220/1395
f 1798/1217/1378 1785/1215/1436 1783/1220/1395 1784/1223/1300
f 1785/1215/1436 1792/1212/1438 1787/1214/1434
f 1787/1214/1434 1792/1212/1438 1793/1209/1383
f 1793/1209/1383 1790/1211/1373 1789/1213/1433
f 1791/1221/1370 1794/1222/1371 1788/1209/1435
f 1788/1209/1435 1786/1219/1437 1787/1214/1434
f 1789/1213/1433 1791/1221/1370 1788/1209/1435
f 1785/1215/1436 1787/1214/1434 1786/1219/1437
f 1785/1215/1436 1796/1216/1382 1792/1212/1438
f 1798/1217/1378 1797/1218/1296 1796/1216/1382 1785/1215/1436
f 1808/1209/1439 1803/1213/1440 1799/1214/1441
f 1800/1219/1387 1801/1215/1442 1799/1214/1441
f 1807/1209/1443 1799/1214/1441 1803/1213/1440
f 1808/1209/1439 1809/1210/1359 1805/1211/1444
f 1814/1220/1404 1813/1223/1300 1812/1217/1378 1801/1215/1442
f 1801/1215/1442 1802/1212/1445 1799/1214/1441
f 1799/1214/1441 1802/1212/1445 1808/1209/1439
f 1808/1209/1439 1805/1211/1444 1803/1213/1440
f 1800/1219/1387 1814/1220/1404 1801/1215/1442
f 1804/1221/1370 1806/1222/1446 1807/1209/1443
f 1807/1209/1443 1800/1219/1387 1799/1214/1441
f 1803/1213/1440 1804/1221/1370 1807/1209/1443
f 1801/1215/1442 1810/1216/1382 1802/1212/1445
f 1812/1217/1378 1811/1218/1296 1810/1216/1382 1801/1215/1442
f 1817/1209/1447 1820/1214/1448 1818/1213/1390
f 1818/1213/1390 1821/1212/1375 1822/1209/1372
f 1822/1209/1372 1823/1210/1359 1819/1211/1360
f 1825/1215/1449 1828/1219/1368 1827/1220/1377
f 1827/1220/1377 1829/1223/1300 1826/1217/1450 1825/1215/1449
f 1825/1215/1449 1821/1212/1375 1820/1214/1448
f 1816/1221/1370 1815/1222/1371 1817/1209/1447
f 1817/1209/1447 1828/1219/1368 1820/1214/1448
f 1818/1213/1390 1816/1221/1370 1817/1209/1447
f 1818/1213/1390 1820/1214/1448 1821/1212/1375
f 1822/1209/1372 1819/1211/1360 1818/1213/1390
f 1825/1215/1449 1820/1214/1448 1828/1219/1368
f 1825/1215/1449 1824/1216/1382 1821/1212/1375
f 1826/1217/1450 1830/1218/1296 1824/1216/1382 1825/1215/1449
f 1833/1209/1451 1836/1214/1452 1834/1213/1390
f 1834/1213/1390 1837/1212/1375 1838/1209/1372
f 1838/1209/1372 1839/1210/1359 1835/1211/1360
f 1841/1215/1453 1844/1219/1368 1843/1220/1377
f 1842/1217/1450 1846/1218/1296 1840/1216/1382 1841/1215/1453
f 1841/1215/1453 1837/1212/1375 1836/1214/1452
f 1832/1221/1370 1831/1222/1371 1833/1209/1451
f 1833/1209/1451 1844/1219/1368 1836/1214/1452
f 1834/1213/1390 1832/1221/1370 1833/1209/1451
f 1834/1213/1390 1836/1214/1452 1837/1212/1375
f 1838/1209/1372 1835/1211/1360 1834/1213/1390
f 1841/1215/1453 1836/1214/1452 1844/1219/1368
f 1841/1215/1453 1840/1216/1382 1837/1212/1375
f 1843/1220/1377 1845/1223/1300 1842/1217/1450 1841/1215/1453
f 1849/1209/1363 1851/1214/1454 1850/1213/1362
f 1854/1212/1361 1853/1209/1455 1850/1213/1362
f 1853/1209/1455 1855/1210/1359 1852/1211/1360
f 1860/1219/1368 1857/1215/1456 1851/1214/1454
f 1859/1220/1377 1861/1223/1300 1858/1217/1378 1857/1215/1456
f 1857/1215/1456 1854/1212/1361 1851/1214/1454
f 1848/1221/1370 1847/1222/1457 1849/1209/1363
f 1849/1209/1363 1860/1219/1368 1851/1214/1454
f 1850/1213/1362 1848/1221/1370 1849/1209/1363
f 1850/1213/1362 1851/1214/1454 1854/1212/1361
f 1853/1209/1455 1852/1211/1360 1850/1213/1362
f 1860/1219/1368 1859/1220/1377 1857/1215/1456
f 1857/1215/1456 1856/1216/1382 1854/1212/1361
f 1858/1217/1378 1862/1218/1296 1856/1216/1382 1857/1215/1456
f 1865/1209/1363 1868/1214/1458 1866/1213/1374
f 1866/1213/1374 1869/1212/1405 1870/1209/1396
f 1870/1209/1396 1871/1210/1359 1867/1211/1360
f 1873/1215/1459 1876/1219/1368 1875/1220/1395
f 1875/1220/1395 1877/1223/1300 1874/1217/1378 1873/1215/1459
f 1869/1212/1405 1873/1215/1459 1872/1216/1382
f 1864/1221/1370 1863/1222/1371 1865/1209/1363
f 1865/1209/1363 1876/1219/1368 1868/1214/1458
f 1866/1213/1374 1864/1221/1370 1865/1209/1363
f 1866/1213/1374 1868/1214/1458 1869/1212/1405
f 1870/1209/1396 1867/1211/1360 1866/1213/1374
f 1873/1215/1459 1868/1214/1458 1876/1219/1368
f 1869/1212/1405 1868/1214/1458 1873/1215/1459
f 1874/1217/1378 1878/1218/1296 1872/1216/1382 1873/1215/1459
f 1881/1215/1460 1889/1212/1405 1883/1214/1461
f 1886/1213/1462 1884/1209/1391 1883/1214/1461
f 1886/1213/1462 1889/1212/1405 1890/1209/1412
f 1890/1209/1412 1891/1210/1359 1888/1211/1373
f 1894/1217/1378 1881/1215/1460 1879/1220/1395 1880/1223/1300
f 1881/1215/1460 1882/1219/1368 1879/1220/1395
f 1881/1215/1460 1892/1216/1382 1889/1212/1405
f 1886/1213/1462 1887/1221/1399 1885/1222/1400
f 1884/1209/1391 1882/1219/1368 1883/1214/1461
f 1886/1213/1462 1885/1222/1400 1884/1209/1391
f 1886/1213/1462 1883/1214/1461 1889/1212/1405
f 1890/1209/1412 1888/1211/1373 1886/1213/1462
f 1881/1215/1460 1883/1214/1461 1882/1219/1368
f 1894/1217/1378 1893/1218/1296 1892/1216/1382 1881/1215/1460
f 1898/1213/1463 1895/1209/1384 1901/1214/1464
f 1903/1209/1383 1898/1213/1463 1901/1214/1464
f 1903/1209/1383 1904/1210/1359 1900/1211/1373
f 1906/1215/1465 1897/1219/1466 1908/1220/1377
f 1908/1220/1377 1909/1223/1300 1907/1217/1378 1906/1215/1465
f 1902/1212/1375 1906/1215/1465 1905/1216/1382
f 1898/1213/1463 1899/1221/1399 1896/1222/1400
f 1895/1209/1384 1897/1219/1466 1901/1214/1464
f 1898/1213/1463 1896/1222/1400 1895/1209/1384
f 1901/1214/1464 1902/1212/1375 1903/1209/1383
f 1903/1209/1383 1900/1211/1373 1898/1213/1463
f 1906/1215/1465 1901/1214/1464 1897/1219/1466
f 1902/1212/1375 1901/1214/1464 1906/1215/1465
f 1907/1217/1378 1910/1218/1296 1905/1216/1382 1906/1215/1465
f 1917/1232/1467 1919/1232/1468 1911/1227/1469 1913/1227/1470
f 1929/1225/1471 1941/1225/1472 1919/1226/1468 1917/1226/1467
f 1928/1244/1425 1914/1245/1473 1913/1246/1470 1912/1247/1474
f 1911/1226/1469 1943/1225/1475 1912/1225/1474 1913/1226/1470
f 1916/1226/1476 1918/1225/1432 1929/1224/1471 1917/1227/1467
s 0
f 1917/1248/1477 1914/1232/1476 1915/1233/1476
f 1915/1233/1476 1916/1226/1478 1917/1248/1477
f 1917/1248/1477 1913/1227/1476 1914/1232/1476
s 1
f 1911/1249/1469 1919/1250/1468 1941/1251/1472 1943/1252/1475
f 1934/1225/1471 1922/1225/1472 1932/1226/1479 1930/1226/1480
f 1924/1227/1481 1930/1232/1480 1932/1232/1479 1921/1227/1482
s 0
f 1933/1226/1476 1930/1248/1476 1927/1253/1476 1936/1233/1476
s 1
f 1925/1254/1425 1926/1255/1473 1924/1256/1481 1923/1257/1425
s 0
f 1927/1258/1476 1930/1258/1476 1924/1258/1476 1926/1258/1476
s 1
f 1912/1234/1474 1924/1237/1432 1926/1238/1425 1928/1239/1425
f 1921/1259/1482 1932/1260/1479 1922/1261/1472 1920/1262/1483
f 1941/1234/1432 1946/1239/1420 1942/1238/1420 1932/1237/1432
s 0
f 1943/1234/1432 1941/1235/1432 1932/1236/1432 1921/1237/1432
s 1
f 1921/1226/1482 1920/1225/1483 1923/1225/1425 1924/1226/1481
f 1939/1238/1425 1940/1239/1425 1938/1234/1484 1937/1237/1432
f 1933/1226/1476 1935/1225/1432 1934/1224/1471 1930/1227/1480
s 0
f 1912/1234/1432 1929/1235/1432 1930/1236/1432 1924/1237/1432
s 1
f 1944/1238/1425 1945/1239/1425 1943/1234/1432 1921/1237/1432
s 0
f 1933/1236/1432 1937/1237/1432 1938/1234/1432 1918/1235/1432
s 1
f 1929/1234/1484 1931/1239/1420 1927/1238/1420 1930/1237/1432
f 1949/1209/1363 1951/1214/1485 1950/1213/1486
f 1954/1209/1383 1950/1213/1486 1951/1214/1485
f 1954/1209/1383 1955/1210/1359 1952/1211/1373
f 1960/1219/1393 1957/1215/1487 1951/1214/1485
f 1958/1217/1378 1962/1218/1296 1956/1216/1382 1957/1215/1487
f 1957/1215/1487 1953/1212/1389 1951/1214/1485
f 1948/1221/1380 1947/1222/1457 1949/1209/1363
f 1949/1209/1363 1960/1219/1393 1951/1214/1485
f 1950/1213/1486 1948/1221/1380 1949/1209/1363
f 1951/1214/1485 1953/1212/1389 1954/1209/1383
f 1954/1209/1383 1952/1211/1373 1950/1213/1486
f 1960/1219/1393 1959/1220/1395 1957/1215/1487
f 1957/1215/1487 1956/1216/1382 1953/1212/1389
f 1959/1220/1395 1961/1223/1300 1958/1217/1378 1957/1215/1487
f 1967/1213/1488 1963/1209/1363 1966/1214/1489
f 1967/1213/1488 1970/1212/1375 1971/1209/1372
f 1971/1209/1372 1972/1210/1359 1968/1211/1360
f 1965/1219/1368 1974/1215/1490 1966/1214/1489
f 1975/1217/1378 1978/1218/1296 1973/1216/1382 1974/1215/1490
f 1974/1215/1490 1970/1212/1375 1966/1214/1489
f 1967/1213/1488 1969/1221/1491 1964/1222/1417
f 1963/1209/1363 1965/1219/1368 1966/1214/1489
f 1967/1213/1488 1964/1222/1417 1963/1209/1363
f 1967/1213/1488 1966/1214/1489 1970/1212/1375
f 1971/1209/1372 1968/1211/1360 1967/1213/1488
f 1965/1219/1368 1976/1220/1369 1974/1215/1490
f 1974/1215/1490 1973/1216/1382 1970/1212/1375
f 1976/1220/1369 1977/1223/1300 1975/1217/1378 1974/1215/1490
f 1994/1217/1378 1993/1218/1296 1992/1216/1382 1981/1215/1492
f 1981/1215/1492 1989/1212/1405 1983/1214/1493
f 1986/1213/1462 1984/1209/1391 1983/1214/1493
f 1986/1213/1462 1989/1212/1405 1990/1209/1412
f 1990/1209/1412 1991/1210/1359 1988/1211/1373
f 1981/1215/1492 1982/1219/1393 1979/1220/1377
f 1981/1215/1492 1992/1216/1382 1989/1212/1405
f 1986/1213/1462 1987/1221/1491 1985/1222/1417
f 1984/1209/1391 1982/1219/1393 1983/1214/1493
f 1986/1213/1462 1985/1222/1417 1984/1209/1391
f 1986/1213/1462 1983/1214/1493 1989/1212/1405
f 1990/1209/1412 1988/1211/1373 1986/1213/1462
f 1981/1215/1492 1983/1214/1493 1982/1219/1393
f 1994/1217/1378 1981/1215/1492 1979/1220/1377 1980/1223/1300
f 1998/1213/1463 1995/1209/1384 2001/1214/1494
f 2003/1209/1383 1998/1213/1463 2001/1214/1494
f 2003/1209/1383 2004/1210/1359 2000/1211/1373
f 2006/1215/1453 1997/1219/1437 2008/1220/1377
f 2008/1220/1377 2009/1223/1300 2007/1217/1378 2006/1215/1453
f 2006/1215/1453 2002/1212/1405 2001/1214/1494
f 1998/1213/1463 1999/1221/1399 1996/1222/1417
f 1995/1209/1384 1997/1219/1437 2001/1214/1494
f 1998/1213/1463 1996/1222/1417 1995/1209/1384
f 2001/1214/1494 2002/1212/1405 2003/1209/1383
f 2003/1209/1383 2000/1211/1373 1998/1213/1463
f 2006/1215/1453 2001/1214/1494 1997/1219/1437
f 2006/1215/1453 2005/1216/1382 2002/1212/1405
f 2007/1217/1378 2010/1218/1296 2005/1216/1382 2006/1215/1453
f 2014/1213/1495 2011/1209/1384 2017/1214/1496
f 2019/1209/1383 2014/1213/1495 2017/1214/1496
f 2019/1209/1383 2020/1210/1359 2016/1211/1373
f 2023/1217/1378 2026/1218/1296 2021/1216/1382 2022/1215/1497
f 2022/1215/1497 2018/1212/1405 2017/1214/1496
f 2022/1215/1497 2013/1219/1387 2024/1220/1404
f 2014/1213/1495 2015/1221/1399 2012/1222/1417
f 2011/1209/1384 2013/1219/1387 2017/1214/1496
f 2014/1213/1495 2012/1222/1417 2011/1209/1384
f 2017/1214/1496 2018/1212/1405 2019/1209/1383
f 2019/1209/1383 2016/1211/1373 2014/1213/1495
f 2022/1215/1497 2021/1216/1382 2018/1212/1405
f 2022/1215/1497 2017/1214/1496 2013/1219/1387
f 2024/1220/1404 2025/1223/1300 2023/1217/1378 2022/1215/1497
f 2030/1213/1498 2027/1209/1499 2033/1214/1500
f 2035/1209/1501 2030/1213/1498 2033/1214/1500
f 2035/1209/1501 2036/1210/1359 2032/1211/1360
f 2040/1220/1395 2041/1223/1300 2039/1217/1378 2038/1215/1497
f 2038/1215/1497 2034/1212/1405 2033/1214/1500
f 2038/1215/1497 2029/1219/1387 2040/1220/1395
f 2030/1213/1498 2031/1221/1399 2028/1222/1400
f 2027/1209/1499 2029/1219/1387 2033/1214/1500
f 2030/1213/1498 2028/1222/1400 2027/1209/1499
f 2033/1214/1500 2034/1212/1405 2035/1209/1501
f 2035/1209/1501 2032/1211/1360 2030/1213/1498
f 2038/1215/1497 2037/1216/1382 2034/1212/1405
f 2038/1215/1497 2033/1214/1500 2029/1219/1387
f 2039/1217/1378 2042/1218/1296 2037/1216/1382 2038/1215/1497
f 2058/1195/1297 2057/1201/1502 2047/1200/1503 2044/1196/1504
f 2046/1201/1339 2047/1200/1503 2049/1203/1505 2048/1202/1320
f 2049/1203/1505 2047/1200/1503 2057/1201/1502 2056/1206/1323
f 2056/1206/1323 2055/1205/1506 2051/1204/1507 2049/1203/1505
f 2055/1205/1506 2054/1208/1296 2053/1207/1331 2051/1204/1507
f 2058/1195/1297 2044/1196/1504 2060/1197/1299 2059/1194/1296
f 2047/1200/1503 2046/1201/1339 2043/1199/1334 2044/1196/1504
f 2049/1203/1505 2051/1204/1507 2050/1205/1319 2048/1202/1320
f 2060/1197/1299 2044/1196/1504 2043/1199/1334 2045/1198/1300
f 2053/1207/1331 2052/1208/1300 2050/1205/1319 2051/1204/1507
f 2067/1203/1508 2065/1200/1503 2075/1201/1314 2074/1206/1323
f 2076/1195/1297 2075/1201/1314 2065/1200/1503 2063/1196/1509
f 2064/1201/1339 2061/1199/1328 2063/1196/1509 2065/1200/1503
f 2074/1206/1323 2073/1205/1343 2069/1204/1510 2067/1203/1508
f 2073/1205/1343 2072/1208/1296 2071/1207/1331 2069/1204/1510
f 2063/1196/1509 2078/1197/1337 2077/1194/1296 2076/1195/1297
f 2064/1201/1339 2065/1200/1503 2067/1203/1508 2066/1202/1320
f 2066/1202/1320 2067/1203/1508 2069/1204/1510 2068/1205/1319
f 2078/1197/1337 2063/1196/1509 2061/1199/1328 2062/1198/1300
f 2071/1207/1331 2070/1208/1300 2068/1205/1319 2069/1204/1510
f 2082/1201/1327 2083/1200/1511 2085/1203/1512 2084/1202/1320
f 2094/1195/1297 2093/1201/1314 2083/1200/1511 2080/1196/1513
f 2085/1203/1512 2083/1200/1511 2093/1201/1314 2092/1206/1323
f 2092/1206/1323 2090/1205/1514 2088/1204/1515 2085/1203/1512
f 2094/1195/1297 2080/1196/1513 2096/1197/1299 2095/1194/1296
f 2089/1207/1331 2087/1208/1300 2086/1205/1319 2088/1204/1515
f 2083/1200/1511 2082/1201/1327 2079/1199/1334 2080/1196/1513
f 2088/1204/1515 2086/1205/1319 2084/1202/1320 2085/1203/1512
f 2096/1197/1299 2080/1196/1513 2079/1199/1334 2081/1198/1300
f 2090/1205/1514 2091/1208/1296 2089/1207/1331 2088/1204/1515
g Atomic14_meshId21_name.007
v 2222.585938 -570.491638 45.000042
v 2226.144775 -579.083740 0.000044
v 2199.625000 -625.924438 45.000046
v 2208.217285 -622.365479 0.000047
v 2255.057617 -648.885437 45.000050
v 2251.498779 -640.293335 0.000048
v 2278.018555 -593.452637 45.000046
v 2269.426514 -597.011597 0.000045
vn -0.0025 0.0058 1.0000
vn 0.0058 0.0025 1.0000
vn -0.3888 -0.9096 -0.1462
vn -0.3684 -0.9181 -0.1461
vn -0.0000 -0.0000 1.0000
vn -0.9142 0.3787 -0.1446
vn 0.9142 -0.3787 -0.1446
vn -0.0000 -0.0001 1.0000
vt 0.700564 0.831337
vt 0.700564 0.448618
vt 0.983172 0.490565
vt 0.983172 0.789391
vt 0.327885 0.830982
vt 0.327885 0.448263
vt 0.700564 0.448263
vt 0.700564 0.830982
s 1
usemtl f008_001_komono02t1.007
f 2101/1263/1516 2099/1264/1517 2100/1265/1518 2102/1266/1519
f 2100/1266/1518 2099/1263/1517 2097/1264/1520 2098/1265/1521
f 2102/1265/1519 2104/1266/1522 2103/1263/1523 2101/1264/1516
s 0
f 2103/1267/1520 2097/1268/1520 2099/1269/1520 2101/1270/1520
g Atomic15_meshId22_name.007
v 1126.923340 627.803650 41.108177
v 1126.923218 627.803650 205.650208
v 1081.974121 672.752869 41.108173
v 1081.974121 672.752869 205.650208
v 1097.131958 619.821106 205.650208
v 1097.131714 619.821045 41.108185
v 1113.584351 681.222839 205.650208
v 1113.584229 681.222839 41.108173
v 1135.674561 658.363892 41.108173
v 1135.674561 658.363892 205.650208
v 1074.272827 641.911316 41.108181
v 1074.272827 641.911316 205.650208
v 1096.081787 620.102417 205.650208
v 1096.081787 620.102417 41.108185
v 1112.534302 681.504150 205.650208
v 1112.534302 681.504150 41.108173
v 1073.991455 642.961304 205.650208
v 1135.393066 659.413879 205.650208
v 1073.991455 642.961304 41.108181
v 1135.393066 659.413879 41.108173
vn -0.7071 -0.7071 -0.0000
vn 0.9659 -0.2588 -0.0000
vn 0.2588 -0.9659 -0.0000
vn -0.9659 0.2588 -0.0000
vn -0.2588 0.9659 -0.0000
vt 1.000000 1.000000
vt 0.000000 1.000000
vt 0.000000 0.000000
vt 1.000000 0.000000
s 0
usemtl f008_001_plantAt.007
f 2106/1271/1524 2108/1272/1524 2107/1273/1524 2105/1274/1524
f 2110/1274/1525 2112/1273/1525 2111/1272/1525 2109/1271/1525
f 2114/1271/1526 2116/1272/1526 2115/1273/1526 2113/1274/1526
f 2119/1272/1527 2120/1273/1527 2118/1274/1527 2117/1271/1527
f 2122/1271/1528 2124/1274/1528 2123/1273/1528 2121/1272/1528
g Atomic16_meshId23_name.007
v -1080.065552 675.848389 41.108158
v -1080.065552 675.848389 205.650192
v -1125.014648 630.899170 41.108162
v -1125.014648 630.899170 205.650192
v -1072.082886 646.056885 205.650192
v -1072.082886 646.056885 41.108166
v -1133.484741 662.509399 205.650192
v -1133.484741 662.509399 41.108158
v -1110.625732 684.599670 41.108154
v -1110.625732 684.599670 205.650192
v -1094.173218 623.197937 41.108170
v -1094.173218 623.197937 205.650192
v -1072.364380 645.006897 205.650192
v -1072.364380 645.006897 41.108166
v -1133.765991 661.459412 205.650192
v -1133.765991 661.459412 41.108158
v -1095.223145 622.916626 205.650192
v -1111.675781 684.318298 205.650192
v -1095.223145 622.916626 41.108170
v -1111.675781 684.318298 41.108154
vn 0.7071 -0.7071 -0.0000
vn 0.2588 0.9659 -0.0000
vn 0.9659 0.2588 -0.0000
vn -0.2588 -0.9659 -0.0000
vn -0.9659 -0.2588 -0.0000
vt 1.000000 1.000000
vt 0.000000 1.000000
vt 0.000000 0.000000
vt 1.000000 0.000000
s 0
usemtl f008_001_plantAt1.055
f 2126/1275/1529 2128/1276/1529 2127/1277/1529 2125/1278/1529
f 2130/1278/1530 2132/1277/1530 2131/1276/1530 2129/1275/1530
f 2134/1275/1531 2136/1276/1531 2135/1277/1531 2133/1278/1531
f 2139/1276/1532 2140/1277/1532 2138/1278/1532 2137/1275/1532
f 2142/1275/1533 2144/1278/1533 2143/1277/1533 2141/1276/1533
g Atomic17_meshId24_name.007
v -2209.625732 -596.512573 41.108269
v -2209.625732 -596.512573 205.650299
v -2268.354736 -620.838867 41.108269
v -2268.354736 -620.838928 205.650299
v -2213.651611 -627.091064 205.650299
v -2213.651611 -627.091064 41.108276
v -2264.083252 -588.393555 205.650299
v -2264.083252 -588.393555 41.108269
v -2234.510986 -576.732544 41.108265
v -2234.510986 -576.732544 205.650299
v -2242.808105 -639.756470 41.108280
v -2242.808105 -639.756470 205.650299
v -2214.313232 -627.953491 205.650299
v -2214.313232 -627.953491 41.108276
v -2264.744873 -589.255981 205.650299
v -2264.744873 -589.255981 41.108269
v -2243.885742 -639.614563 205.650299
v -2235.588379 -576.590637 205.650299
v -2243.885742 -639.614563 41.108280
v -2235.588379 -576.590637 41.108265
vn 0.3827 -0.9239 -0.0000
vn 0.6088 0.7934 -0.0000
vn 0.9914 -0.1305 -0.0000
vn -0.6088 -0.7934 -0.0000
vn -0.9914 0.1305 -0.0000
vt 1.000000 1.000000
vt 0.000000 1.000000
vt 0.000000 0.000000
vt 1.000000 0.000000
s 0
usemtl f008_001_plantAt1.055
f 2146/1279/1534 2148/1280/1534 2147/1281/1534 2145/1282/1534
f 2150/1282/1535 2152/1281/1535 2151/1280/1535 2149/1279/1535
f 2154/1279/1536 2156/1280/1536 2155/1281/1536 2153/1282/1536
f 2159/1280/1537 2160/1281/1537 2158/1282/1537 2157/1279/1537
f 2162/1279/1538 2164/1282/1538 2163/1281/1538 2161/1280/1538
g Atomic18_meshId25_name.007
v -1693.864624 -381.516174 41.108253
v -1693.864624 -381.516144 205.650284
v -1752.593628 -405.842499 41.108253
v -1752.593628 -405.842468 205.650284
v -1697.890381 -412.094696 205.650284
v -1697.890381 -412.094757 41.108261
v -1748.322144 -373.397125 205.650284
v -1748.322144 -373.397156 41.108250
v -1718.749634 -361.736145 41.108250
v -1718.749634 -361.736115 205.650284
v -1727.046875 -424.760071 41.108261
v -1727.046875 -424.760040 205.650284
v -1698.552002 -412.957092 205.650284
v -1698.552002 -412.957153 41.108261
v -1748.983765 -374.259521 205.650284
v -1748.983765 -374.259583 41.108250
v -1728.124634 -424.618134 205.650284
v -1719.827393 -361.594177 205.650284
v -1728.124634 -424.618164 41.108261
v -1719.827393 -361.594208 41.108250
vn 0.3827 -0.9239 -0.0000
vn 0.6088 0.7934 -0.0000
vn 0.9914 -0.1305 -0.0000
vn -0.6088 -0.7934 -0.0000
vn -0.9914 0.1305 -0.0000
vt 1.000000 1.000000
vt 0.000000 1.000000
vt 0.000000 0.000000
vt 1.000000 0.000000
s 0
usemtl f008_001_plantAt1.055
f 2166/1283/1539 2168/1284/1539 2167/1285/1539 2165/1286/1539
f 2170/1286/1540 2172/1285/1540 2171/1284/1540 2169/1283/1540
f 2174/1283/1541 2176/1284/1541 2175/1285/1541 2173/1286/1541
f 2179/1284/1542 2180/1285/1542 2178/1286/1542 2177/1283/1542
f 2182/1283/1543 2184/1286/1543 2183/1285/1543 2181/1284/1543
g Atomic19_meshId26_name.007
v 2268.186279 -621.851685 41.108269
v 2268.186279 -621.851685 205.650299
v 2209.457275 -597.525330 41.108269
v 2209.457275 -597.525330 205.650299
v 2243.717285 -640.627319 205.650299
v 2243.717285 -640.627319 41.108280
v 2235.420166 -577.603394 205.650299
v 2235.419678 -577.603394 41.108265
v 2264.576416 -590.268738 41.108269
v 2264.576416 -590.268738 205.650299
v 2214.144775 -628.966309 41.108276
v 2214.144775 -628.966309 205.650299
v 2242.639648 -640.769226 205.650299
v 2242.639648 -640.769226 41.108280
v 2234.342285 -577.745300 205.650299
v 2234.342285 -577.745300 41.108265
v 2213.483154 -628.103821 205.650299
v 2263.914795 -589.406311 205.650299
v 2213.483154 -628.103821 41.108276
v 2263.914795 -589.406311 41.108269
vn -0.3827 -0.9239 -0.0000
vn 0.9914 0.1305 -0.0000
vn 0.6088 -0.7934 -0.0000
vn -0.9914 -0.1305 -0.0000
vn -0.6088 0.7934 -0.0000
vt 1.000000 1.000000
vt 0.000000 1.000000
vt 0.000000 0.000000
vt 1.000000 0.000000
s 0
usemtl f008_001_plantAt1.055
f 2186/1287/1544 2188/1288/1544 2187/1289/1544 2185/1290/1544
f 2190/1290/1545 2192/1289/1545 2191/1288/1545 2189/1287/1545
f 2194/1287/1546 2196/1288/1546 2195/1289/1546 2193/1290/1546
f 2199/1288/1547 2200/1289/1547 2198/1290/1547 2197/1287/1547
f 2202/1287/1548 2204/1290/1548 2203/1289/1548 2201/1288/1548
g Atomic20_meshId27_name.007
v 1752.094604 -404.991760 41.108253
v 1752.094604 -404.991730 205.650284
v 1693.365601 -380.665436 41.108253
v 1693.365601 -380.665405 205.650284
v 1727.625610 -423.767395 205.650284
v 1727.625610 -423.767426 41.108261
v 1719.328369 -360.743469 205.650284
v 1719.328369 -360.743530 41.108250
v 1748.484863 -373.408813 41.108250
v 1748.484863 -373.408783 205.650284
v 1698.052979 -412.106415 41.108261
v 1698.052979 -412.106384 205.650284
v 1726.547852 -423.909271 205.650284
v 1726.547852 -423.909332 41.108261
v 1718.250610 -360.885376 205.650284
v 1718.250610 -360.885406 41.108250
v 1697.391357 -411.243988 205.650284
v 1747.823120 -372.546387 205.650284
v 1697.391357 -411.244019 41.108261
v 1747.823120 -372.546417 41.108250
vn -0.3827 -0.9239 -0.0000
vn 0.9914 0.1305 -0.0000
vn 0.6088 -0.7934 -0.0000
vn -0.9914 -0.1305 -0.0000
vn -0.6088 0.7934 -0.0000
vt 1.000000 1.000000
vt 0.000000 1.000000
vt 0.000000 0.000000
vt 1.000000 0.000000
s 0
usemtl f008_001_plantAt1.055
f 2206/1291/1549 2208/1292/1549 2207/1293/1549 2205/1294/1549
f 2210/1294/1550 2212/1293/1550 2211/1292/1550 2209/1291/1550
f 2214/1291/1551 2216/1292/1551 2215/1293/1551 2213/1294/1551
f 2219/1292/1552 2220/1293/1552 2218/1294/1552 2217/1291/1552
f 2222/1291/1553 2224/1294/1553 2223/1293/1553 2221/1292/1553
g Atomic21_meshId28_name.007
v 352.238434 1216.267456 41.108131
v 352.238434 1216.267456 205.650162
v 288.670685 1216.267456 41.108131
v 288.670685 1216.267456 205.650162
v 336.817230 1189.557129 205.650162
v 336.817169 1189.557129 41.108139
v 305.033325 1244.608521 205.650162
v 305.033325 1244.608521 41.108128
v 336.817169 1244.064941 41.108128
v 336.817169 1244.064941 205.650162
v 305.033325 1189.013550 41.108139
v 305.033325 1189.013550 205.650162
v 335.875793 1189.013550 205.650162
v 335.875793 1189.013550 41.108139
v 304.091919 1244.064941 205.650162
v 304.091919 1244.064941 41.108128
v 304.091919 1189.557129 205.650162
v 335.875793 1244.608521 205.650162
v 304.091919 1189.557129 41.108139
v 335.875793 1244.608521 41.108128
vn -0.0000 -1.0000 -0.0000
vn 0.8660 0.5000 -0.0000
vn 0.8660 -0.5000 -0.0000
vn -0.8660 -0.5000 -0.0000
vn -0.8660 0.5000 -0.0000
vt 1.000000 1.000000
vt 0.000000 1.000000
vt 0.000000 0.000000
vt 1.000000 0.000000
s 0
usemtl f008_001_plantAt1.055
f 2226/1295/1554 2228/1296/1554 2227/1297/1554 2225/1298/1554
f 2230/1298/1555 2232/1297/1555 2231/1296/1555 2229/1295/1555
f 2234/1295/1556 2236/1296/1556 2235/1297/1556 2233/1298/1556
f 2239/1296/1557 2240/1297/1557 2238/1298/1557 2237/1295/1557
f 2242/1295/1558 2244/1298/1558 2243/1297/1558 2241/1296/1558
g Atomic22_meshId29_name.007
v -269.482697 1216.267456 41.108131
v -269.482697 1216.267456 205.650162
v -333.050446 1216.267456 41.108131
v -333.050446 1216.267456 205.650162
v -284.903900 1189.557129 205.650162
v -284.903900 1189.557129 41.108139
v -316.687805 1244.608521 205.650162
v -316.687805 1244.608521 41.108128
v -284.903900 1244.064941 41.108128
v -284.903900 1244.064941 205.650162
v -316.687805 1189.013550 41.108139
v -316.687805 1189.013550 205.650162
v -285.845276 1189.013550 205.650162
v -285.845276 1189.013550 41.108139
v -317.629211 1244.064941 205.650162
v -317.629211 1244.064941 41.108128
v -317.629211 1189.557129 205.650162
v -285.845337 1244.608521 205.650162
v -317.629211 1189.557129 41.108139
v -285.845337 1244.608521 41.108128
vn -0.0000 -1.0000 -0.0000
vn 0.8660 0.5000 -0.0000
vn 0.8660 -0.5000 -0.0000
vn -0.8660 -0.5000 -0.0000
vn -0.8660 0.5000 -0.0000
vt 1.000000 1.000000
vt 0.000000 1.000000
vt 0.000000 0.000000
vt 1.000000 0.000000
s 0
usemtl f008_001_plantAt1.055
f 2246/1299/1559 2248/1300/1559 2247/1301/1559 2245/1302/1559
f 2250/1302/1560 2252/1301/1560 2251/1300/1560 2249/1299/1560
f 2254/1299/1561 2256/1300/1561 2255/1301/1561 2253/1302/1561
f 2259/1300/1562 2260/1301/1562 2258/1302/1562 2257/1299/1562
f 2262/1299/1563 2264/1302/1563 2263/1301/1563 2261/1300/1563
g Atomic23_meshId30_name.007
v -2208.390625 -654.679871 519.501099
v -2216.470703 -635.549133 519.501099
v -2201.282959 -657.566589 549.864075
v -2213.583984 -628.441101 549.864014
v -2216.470703 -635.549133 561.197449
v -2208.390625 -654.679871 561.197449
v -2227.521484 -662.759888 519.501099
v -2235.601318 -643.629150 519.501099
v -2227.521484 -662.759888 561.197449
v -2235.601318 -643.629150 561.197449
v -2230.408203 -669.868042 549.864075
v -2242.709473 -640.742554 549.864014
v -2254.459473 -581.263916 593.727173
v -2257.735840 -582.647705 568.448975
v -2248.028564 -578.547668 593.727173
v -2244.752197 -577.163818 568.448975
v -2248.028564 -578.547668 543.170715
v -2254.459473 -581.263916 543.170715
v -2219.032959 -653.564270 586.258240
v -2219.032959 -653.564270 547.317810
v -2250.466309 -579.141113 586.258240
v -2250.466309 -579.141113 547.317810
v -2220.963867 -654.379883 586.258240
v -2252.397461 -579.956665 586.258240
v -2220.963867 -654.379883 547.317810
v -2252.397461 -579.956665 547.317810
vn -0.1100 -0.2711 -0.9563
vn 0.2711 -0.1101 -0.9562
vn 0.4305 -0.8659 -0.2548
vn 0.1972 -0.9788 0.0555
vn -0.8811 -0.3706 -0.2939
vn -0.2312 -0.0988 -0.9679
vn -0.1101 -0.2711 -0.9562
vn 0.2321 0.0968 -0.9679
vn 0.8803 0.3734 -0.2928
vn 0.9918 0.1231 -0.0334
vn -0.9002 -0.3973 0.1782
vn 0.9132 0.3684 0.1739
vn 0.1972 -0.9788 0.0556
vn 0.3204 -0.9124 -0.2549
vn -0.1100 -0.2709 -0.9563
vn -0.0000 -0.0000 -1.0000
vn 0.3891 -0.9212 -0.0000
vn 0.9212 0.3891 -0.0000
vn -0.9212 -0.3891 -0.0000
vt 0.489590 0.587650
vt 0.489590 0.864383
vt 0.293982 0.936673
vt 0.214297 0.587650
vt 0.293982 0.515361
vt 0.489590 0.587650
vt 0.489590 0.864383
vt 0.214297 0.864384
vt 0.293982 0.936673
vt 0.075067 0.586447
vt 0.214637 0.586447
vt 0.214637 0.865587
vt 0.075067 0.865587
vt 0.214297 0.864383
vt 0.293982 0.515361
vt 0.489653 0.862513
vt 0.489653 0.587076
vt 0.627371 0.587076
vt 0.627371 0.862513
vt 0.003728 0.743776
vt 0.074791 0.743776
vt 0.056859 0.998681
vt 0.021660 0.998681
vt 0.021660 0.488872
vt 0.056859 0.488872
vt 0.500276 0.001711
vt 0.000276 0.001711
vt 0.000276 0.483712
vt 0.500276 0.483712
s 1
usemtl f008_001_ligflat1.127
f 2271/1303/1564 2265/1304/1565 2267/1305/1566 2273/1306/1567
f 2276/1307/1568 2272/1308/1569 2271/1309/1570 2273/1310/1567
f 2265/1308/1565 2266/1309/1571 2268/1311/1572 2270/1306/1573
f 2274/1312/1574 2273/1313/1567 2270/1314/1573 2269/1315/1575
f 2268/1311/1572 2269/1316/1575 2270/1306/1573
f 2270/1306/1573 2267/1307/1566 2265/1308/1565
f 2267/1305/1566 2270/1316/1573 2273/1306/1567
f 2273/1306/1576 2275/1317/1577 2271/1303/1578
f 2273/1310/1567 2274/1306/1574 2276/1307/1568
s 0
f 2272/1318/1579 2266/1319/1579 2265/1320/1579 2271/1321/1579
f 2278/1322/1580 2280/1323/1580 2279/1324/1580 2277/1325/1580
f 2278/1322/1580 2282/1326/1580 2281/1327/1580 2280/1323/1580
f 2284/1328/1581 2286/1329/1581 2285/1330/1581 2283/1331/1581
f 2288/1330/1582 2290/1329/1582 2289/1328/1582 2287/1331/1582
g Atomic24_meshId31_name.007
v 2227.632324 -662.709351 519.642212
v 2235.709961 -643.577576 519.642212
v 2230.520020 -669.817078 550.005188
v 2242.817627 -640.689880 550.005127
v 2235.709961 -643.577576 561.338562
v 2227.632324 -662.709351 561.338562
v 2208.500732 -654.631836 519.642212
v 2216.578125 -635.500183 519.642212
v 2208.500732 -654.631958 561.338562
v 2216.578125 -635.500183 561.338562
v 2201.393066 -657.519592 550.005188
v 2213.690674 -628.392456 550.005127
v 2248.127930 -578.494202 593.868347
v 2244.851318 -577.110901 568.590088
v 2254.559326 -581.209534 593.868347
v 2257.835938 -582.593018 568.590088
v 2254.559326 -581.209534 543.311829
v 2248.127930 -578.494202 543.311829
v 2221.010986 -654.303650 586.399353
v 2221.010986 -654.303650 547.458923
v 2252.434082 -579.876099 586.399353
v 2252.434082 -579.876099 547.458923
v 2219.079834 -653.488342 586.399353
v 2250.502930 -579.060791 586.399353
v 2219.079834 -653.488342 547.458923
v 2250.502930 -579.060791 547.458923
vn -0.8800 0.3731 -0.2939
vn -0.2320 0.0969 -0.9679
vn -0.2710 -0.1103 -0.9562
vn -0.9739 0.2141 0.0749
vn -0.9125 0.3682 0.1781
vn 0.1790 -0.2769 0.9441
vn 0.9010 -0.3974 0.1738
vn -0.2709 -0.1104 -0.9562
vn 0.1101 -0.2711 -0.9562
vn 0.8660 -0.4304 0.2547
vn 0.2312 -0.0989 -0.9679
vn 0.8815 -0.3705 -0.2928
vn -0.9739 0.2140 0.0750
vn -0.4305 -0.8658 -0.2549
vn -0.2708 -0.1102 -0.9563
vn -0.0000 -0.0000 -1.0000
vn -0.3890 -0.9213 -0.0000
vn 0.9213 -0.3890 -0.0000
vn -0.9213 0.3890 -0.0000
vt 0.293982 0.515361
vt 0.489590 0.587650
vt 0.489590 0.864383
vt 0.214297 0.864384
vt 0.075067 0.586447
vt 0.214637 0.586447
vt 0.214637 0.865587
vt 0.075067 0.865587
vt 0.489590 0.587650
vt 0.489590 0.864383
vt 0.293982 0.936673
vt 0.214297 0.587650
vt 0.293982 0.936673
vt 0.214297 0.864383
vt 0.293982 0.515361
vt 0.489653 0.862513
vt 0.489653 0.587076
vt 0.627371 0.587076
vt 0.627371 0.862513
vt 0.003728 0.743776
vt 0.074791 0.743776
vt 0.056859 0.998681
vt 0.021660 0.998681
vt 0.021660 0.488872
vt 0.056859 0.488872
vt 0.500276 0.001711
vt 0.000276 0.001711
vt 0.000276 0.483712
vt 0.500276 0.483712
s 1
usemtl f008_001_ligflat1.127
f 2302/1332/1583 2298/1333/1584 2297/1334/1585 2299/1335/1586
f 2300/1336/1587 2299/1337/1586 2296/1338/1588 2295/1339/1589
f 2297/1340/1590 2291/1341/1591 2293/1342/1592 2299/1343/1586
f 2291/1333/1591 2292/1334/1593 2294/1344/1594 2296/1343/1588
f 2293/1342/1592 2296/1345/1588 2299/1343/1586
f 2299/1343/1595 2301/1346/1596 2297/1340/1597
f 2294/1344/1594 2295/1345/1589 2296/1343/1588
f 2296/1343/1588 2293/1332/1592 2291/1333/1591
f 2299/1335/1586 2300/1343/1587 2302/1332/1583
s 0
f 2298/1347/1598 2292/1348/1598 2291/1349/1598 2297/1350/1598
f 2304/1351/1599 2306/1352/1599 2305/1353/1599 2303/1354/1599
f 2304/1351/1599 2308/1355/1599 2307/1356/1599 2306/1352/1599
f 2310/1357/1600 2312/1358/1600 2311/1359/1600 2309/1360/1600
f 2314/1359/1601 2316/1358/1601 2315/1357/1601 2313/1360/1601
g Atomic25_meshId32_name.007
v 1732.207764 -360.673523 543.311768
v 1738.639160 -363.388885 543.311768
v 1728.931152 -359.290009 568.590027
v 1741.915771 -364.772186 568.590027
v 1738.639160 -363.388885 593.868286
v 1732.207764 -360.673523 593.868286
v 1438.911987 6.621993 593.780212
v 1438.177979 10.101971 568.501892
v 1440.353027 -0.208817 593.780212
v 1441.087158 -3.688922 568.501892
v 1440.353027 -0.208821 543.223694
v 1438.911987 6.621989 543.223694
v 1736.513916 -362.055389 547.458862
v 1736.513916 -362.055389 586.399292
v 1705.090576 -436.482910 547.458923
v 1705.090576 -436.482910 586.399353
v 1734.582764 -361.239960 547.458862
v 1703.159668 -435.667450 547.458923
v 1734.582764 -361.239960 586.399292
v 1703.159668 -435.667450 586.399353
v 1726.897217 -422.869110 550.005127
v 1719.789673 -425.756805 561.338562
v 1714.599976 -451.996307 550.005127
v 1711.712158 -444.888397 561.338562
v 1685.472656 -439.698700 550.005127
v 1697.770264 -410.571503 550.005127
v 1692.580444 -436.811005 561.338562
v 1700.657959 -417.679382 561.338562
v 1440.235107 2.297405 547.370728
v 1440.235107 2.297408 586.311157
v 1361.185669 -14.378254 547.370728
v 1361.185669 -14.378251 586.311157
v 1439.802368 4.348430 547.370728
v 1360.753174 -12.327229 547.370728
v 1439.802368 4.348433 586.311157
v 1360.753174 -12.327227 586.311157
v 1384.810303 -24.514606 549.916992
v 1378.382446 -20.326372 561.250427
v 1353.874268 -31.040606 549.916992
v 1358.062744 -24.612873 561.250427
v 1347.348389 -0.104695 549.916992
v 1353.776245 -4.293048 561.250427
v 1378.284180 6.421306 549.916992
v 1374.095947 -0.006549 561.250427
v 1287.408936 495.475830 543.333008
v 1290.080566 489.026154 543.333008
v 1286.048096 498.761841 568.611206
v 1290.080566 489.026154 593.889526
v 1287.408936 495.475830 593.889526
v 1291.441650 485.740265 568.611206
v 1007.273621 912.301697 593.856323
v 1004.758606 914.816589 568.578064
v 1012.210022 907.365234 593.856323
v 1014.724915 904.850220 568.578064
v 1012.210022 907.365234 543.299805
v 1007.273621 912.301697 543.299805
v 1289.504150 491.468048 547.480103
v 1289.504150 491.468048 586.420532
v 1214.864258 460.552368 547.480103
v 1214.864258 460.552368 586.420532
v 1288.701904 493.404694 547.480103
v 1214.062012 462.488922 547.480103
v 1288.701904 493.404694 586.420532
v 1214.062012 462.488922 586.420532
v 1239.948975 454.929077 550.026306
v 1232.861084 457.865112 561.359741
v 1210.738770 442.830353 550.026306
v 1213.674805 449.918243 561.359741
v 1198.639893 472.040558 550.026306
v 1205.727783 469.104523 561.359741
v 1227.850098 484.139313 550.026306
v 1224.914307 477.051544 561.359741
v -1738.800781 -363.469940 543.170654
v -1732.369629 -360.753632 543.170654
v -1742.077148 -364.853729 568.448914
v -1729.093262 -359.369843 568.448914
v -1732.369629 -360.753632 593.727112
v -1738.800781 -363.469940 593.727112
v 589.122986 1190.041138 593.804077
v 585.837097 1191.402100 568.525818
v 595.572815 1187.369629 593.804077
v 598.858704 1186.008667 568.525818
v 595.572815 1187.369629 543.247498
v 589.122986 1190.041138 543.247498
v 1010.742859 909.400635 547.446899
v 1010.742859 909.400635 586.387329
v 953.616394 852.274109 547.446899
v 953.616394 852.274109 586.387329
v 1009.260681 910.882812 547.446899
v 952.134216 853.756287 547.446899
v 1009.260681 910.882812 586.387329
v 952.134216 853.756287 586.387329
v 978.943481 856.678772 549.993103
v 971.271606 856.678772 561.326538
v 956.587097 834.322327 549.993103
v 956.587097 841.994263 561.326538
v 934.230652 856.678772 549.993103
v 941.902649 856.678772 561.326538
v 956.587097 879.035156 549.993103
v 956.587097 871.363281 561.326538
v 593.438477 1188.688721 547.394653
v 593.438477 1188.688721 586.335083
v 562.522766 1114.048828 547.394653
v 562.522766 1114.048828 586.335083
v 591.501892 1189.490845 547.394653
v 560.586182 1114.851074 547.394653
v 591.501892 1189.490845 586.335083
v 560.586182 1114.851074 586.335083
v 584.236206 1127.810791 549.940857
v 577.148376 1124.874756 561.274292
v 572.137390 1098.600586 549.940857
v 569.201416 1105.688477 561.274292
v 542.927185 1110.699463 549.940857
v 550.015076 1113.635620 561.274292
v 555.026001 1139.909668 549.940857
v 557.962036 1132.821777 561.274292
v 303.208374 1210.530029 550.059021
v 297.783508 1205.105103 561.392395
v 303.208374 1178.913330 550.059021
v 297.783508 1184.338135 561.392395
v 271.591614 1178.913330 550.059021
v 271.591614 1210.530029 550.059021
v 277.016479 1184.338135 561.392456
v 277.016479 1205.105103 561.392395
v 288.413940 1189.506348 586.453247
v 288.413879 1270.295532 586.453186
v 288.413879 1189.506348 547.512817
v 288.413879 1270.295532 547.512756
v 286.317749 1189.506348 586.453247
v 286.317749 1189.506348 547.512817
v 286.317749 1270.295532 586.453186
v 286.317749 1270.295532 547.512756
v 283.909424 1269.893677 543.365601
v 290.890564 1269.893677 543.365601
v 280.352783 1269.893677 568.643921
v 290.890564 1269.893677 593.922180
v 283.909424 1269.893677 593.922180
v 294.447205 1269.893677 568.643921
v -32.282860 1718.323975 719.845459
v -35.839508 1718.323975 694.567200
v -25.301735 1718.323975 719.845459
v -21.745087 1718.323975 694.567200
v -25.301735 1718.323975 669.288940
v -32.282860 1718.323975 669.288940
v -12.983932 1658.960205 675.982239
v -18.408794 1653.535400 687.315674
v -12.983932 1627.343506 675.982239
v -18.408794 1632.768433 687.315674
v -44.600670 1627.343506 675.982239
v -44.600670 1658.960205 675.982239
v -39.175808 1632.768433 687.315735
v -39.175804 1653.535400 687.315674
v -27.778366 1637.936768 712.376465
v -27.778366 1637.936768 673.436035
v -27.778368 1718.725830 712.376465
v -27.778372 1718.725830 673.436035
v -29.874500 1637.936768 712.376465
v -29.874500 1637.936768 673.436035
v -29.874504 1718.725830 712.376465
v -29.874506 1718.725830 673.436035
v -271.563507 1210.530029 550.059021
v -276.988342 1205.105103 561.392395
v -271.563538 1178.913330 550.059021
v -276.988342 1184.338135 561.392395
v -303.180237 1178.913330 550.059021
v -303.180237 1210.530029 550.059021
v -297.755371 1184.338135 561.392456
v -297.755371 1205.105103 561.392395
v -286.357910 1189.506348 586.453247
v -286.357941 1189.506348 547.512817
v -286.357941 1270.295532 586.453186
v -286.357941 1270.295532 547.512756
v -288.454071 1189.506348 586.453247
v -288.454071 1270.295532 586.453186
v -288.454071 1189.506348 547.512817
v -288.454071 1270.295532 547.512756
v -290.862427 1269.893677 543.365601
v -283.881287 1269.893677 543.365601
v -294.419067 1269.893677 568.643921
v -283.881287 1269.893677 593.922180
v -290.862427 1269.893677 593.922180
v -280.324646 1269.893677 568.643921
v -595.724487 1187.307861 593.922241
v -599.010498 1185.946777 568.643982
v -589.274780 1189.979248 593.922241
v -585.988831 1191.340210 568.643982
v -589.274780 1189.979248 543.365662
v -595.724487 1187.307861 543.365662
v -550.167542 1113.573120 561.392395
v -543.079712 1110.636963 550.059021
v -558.114319 1132.759521 561.392395
v -569.353943 1105.626343 561.392456
v -572.290039 1098.538574 550.059021
v -584.388550 1127.748779 550.059021
v -577.300720 1124.812744 561.392395
v -555.178223 1139.847412 550.059021
v -560.801697 1114.762817 586.453247
v -560.801697 1114.762817 547.512817
v -591.716675 1189.402832 586.453247
v -591.716675 1189.402832 547.512817
v -562.738281 1113.960571 586.453247
v -593.653259 1188.600708 586.453247
v -562.738281 1113.960571 547.512817
v -593.653259 1188.600708 547.512817
v -942.046387 856.535767 561.323120
v -934.374512 856.535828 549.989685
v -956.730957 871.220215 561.323120
v -956.730957 841.851135 561.323120
v -956.730957 834.179382 549.989685
v -979.087341 856.535767 549.989685
v -971.415527 856.535767 561.323120
v -956.730957 878.892090 549.989685
v -952.326294 853.564941 586.383911
v -1009.452820 910.691406 586.383911
v -952.326294 853.564941 547.443481
v -1009.452820 910.691406 547.443481
v -953.808472 852.082764 586.383911
v -1010.934998 909.209290 586.383911
v -953.808472 852.082764 547.443481
v -1010.934998 909.209290 547.443481
v -1012.353760 907.222107 543.296387
v -1007.417419 912.158569 543.296387
v -1014.868774 904.707214 568.574646
v -1007.417419 912.158569 593.852844
v -1012.353760 907.222107 593.852844
v -1004.902466 914.673462 568.574646
v -1198.517456 472.336578 550.041443
v -1205.605469 469.400543 561.374878
v -1210.616211 443.126221 550.041443
v -1224.791748 477.347290 561.374878
v -1227.728027 484.435181 550.041443
v -1213.552246 450.214142 561.374878
v -1232.738525 458.160919 561.374878
v -1239.826416 455.224884 550.041443
v -1213.965820 462.721802 586.435669
v -1213.965820 462.721802 547.495239
v -1288.605957 493.636749 586.435669
v -1288.605957 493.636749 547.495239
v -1214.767822 460.785187 586.435669
v -1289.407959 491.700226 586.435669
v -1214.767822 460.785187 547.495239
v -1289.407959 491.700226 547.495239
v -1285.925781 499.057159 568.626404
v -1291.319336 486.035431 568.626404
v -1287.286865 495.771149 543.348145
v -1287.286865 495.771149 593.904663
v -1289.958252 489.321320 593.904663
v -1289.958252 489.321320 543.348145
v -1347.203369 0.581218 549.755859
v -1353.631348 -3.607135 561.089294
v -1353.729492 -30.354694 549.755859
v -1373.951172 0.679364 561.089294
v -1378.139404 7.107219 549.755859
v -1378.237549 -19.640339 561.089294
v -1357.917603 -23.926838 561.089294
v -1384.665283 -23.828693 549.755859
v -1360.622314 -11.708085 586.150085
v -1360.622314 -11.708088 547.209656
v -1439.671631 4.967452 586.150085
v -1439.671631 4.967449 547.209656
v -1361.054810 -13.759111 586.150085
v -1440.104248 2.916548 586.150085
v -1361.054810 -13.759114 547.209656
v -1440.104248 2.916545 547.209656
v -1438.032837 10.787885 568.340820
v -1438.767090 7.307906 593.619080
v -1440.942383 -3.003009 568.340820
v -1438.767090 7.307902 543.062500
v -1440.208252 0.477092 543.062500
v -1440.208252 0.477096 593.619080
v -1692.732056 -436.885712 561.197449
v -1685.623779 -439.772430 549.864014
v -1700.812134 -417.755096 561.197449
v -1714.749390 -452.073944 549.864014
v -1711.862549 -444.965759 561.197449
v -1727.050537 -422.948456 549.864014
v -1719.942627 -425.835175 561.197449
v -1697.925171 -410.646942 549.864014
v -1703.374146 -435.770233 586.258240
v -1703.374146 -435.770233 547.317810
v -1734.807373 -361.347137 586.258179
v -1734.807373 -361.347137 547.317749
v -1705.304932 -436.585907 586.258240
v -1736.738525 -362.162567 586.258179
v -1705.304932 -436.585907 547.317810
v -1736.738525 -362.162567 547.317749
vn -0.3890 -0.9213 -0.0000
vn -0.9785 -0.2064 -0.0000
vn 0.9213 -0.3890 -0.0000
vn -0.9213 0.3890 -0.0000
vn -0.3337 -0.8293 0.4482
vn -0.3818 -0.9077 -0.1744
vn 0.9069 -0.3829 -0.1760
vn 0.8327 -0.3516 0.4279
vn -0.3674 -0.8100 0.4571
vn -0.3843 -0.9066 -0.1743
vn -0.9068 0.3829 -0.1761
vn -0.8309 0.3508 0.4318
vn 0.2064 -0.9785 -0.0000
vn -0.2064 0.9785 -0.0000
vn -0.2032 0.9632 -0.1761
vn -0.9638 -0.2019 -0.1744
vn 0.1363 0.1475 0.9796
vn -0.1862 0.8826 0.4318
vn 0.0821 -0.9195 0.3845
vn -0.9632 -0.2045 -0.1744
vn 0.2032 -0.9632 -0.1761
vn 0.1865 -0.8844 0.4279
vn -0.9239 -0.3827 -0.0000
vn -0.7071 -0.7071 -0.0000
vn 0.3827 -0.9239 -0.0000
vn -0.3827 0.9239 -0.0000
vn 0.3459 -0.8350 0.4279
vn -0.8200 -0.3560 0.4482
vn -0.9092 -0.3781 -0.1743
vn 0.3767 -0.9094 -0.1761
vn -0.4562 0.7977 0.3945
vn -0.9102 -0.3756 -0.1744
vn -0.3767 0.9094 -0.1761
vn -0.3452 0.8333 0.4318
vn 0.3891 -0.9212 -0.0000
vn -0.3827 -0.9239 -0.0000
vn 0.7071 -0.7071 -0.0000
vn -0.7071 0.7071 -0.0000
vn -0.6214 -0.6426 0.4482
vn -0.7267 0.5624 0.3944
vn -0.6972 -0.6953 -0.1743
vn -0.6953 -0.6972 -0.1744
vn -0.6378 0.6378 0.4318
vn -0.6960 0.6961 -0.1761
vn 0.6960 -0.6961 -0.1761
vn 0.6391 -0.6391 0.4279
vn 0.9239 -0.3827 -0.0000
vn -0.9239 0.3827 -0.0000
vn -0.9094 0.3767 -0.1761
vn -0.3781 -0.9092 -0.1743
vn -0.3619 -0.8124 0.4572
vn -0.8333 0.3452 0.4318
vn 0.1679 0.1198 0.9785
vn -0.3755 -0.9103 -0.1743
vn 0.9094 -0.3767 -0.1761
vn 0.8350 -0.3459 0.4279
vn -0.9115 -0.1162 0.3945
vn -0.0014 -0.9847 -0.1743
vn 0.0013 -0.9847 -0.1744
vn 0.9166 -0.1093 0.3845
vn 0.9038 -0.0002 0.4279
vn 0.9844 -0.0000 -0.1761
vn -0.9020 -0.0000 0.4318
vn -0.9844 -0.0000 -0.1761
vn 1.0000 -0.0000 -0.0000
vn -1.0000 -0.0000 -0.0000
vn -0.0000 -1.0000 -0.0000
vn -0.0013 -0.9847 -0.1744
vn -0.9116 -0.1162 0.3944
vn 0.0150 -0.8938 0.4483
vn 0.9038 -0.0000 0.4279
vn -0.0234 -0.8891 0.4571
vn 0.1093 0.1749 0.9785
vn 0.1002 0.0163 0.9948
vn 0.3755 -0.9103 -0.1743
vn 0.3781 -0.9092 -0.1743
vn 0.9679 -0.0119 0.2511
vn 0.9094 0.3767 -0.1761
vn 0.8351 0.3458 0.4279
vn -0.8333 -0.3452 0.4318
vn -0.9095 -0.3767 -0.1761
vn 0.9239 0.3827 -0.0000
vn -0.0427 0.2150 0.9757
vn 0.0865 0.0534 0.9948
vn 0.6953 -0.6972 -0.1743
vn 0.6972 -0.6954 -0.1744
vn 0.6961 0.6961 -0.1761
vn 0.6391 0.6391 0.4279
vn -0.6378 -0.6378 0.4318
vn -0.6961 -0.6960 -0.1761
vn 0.7071 0.7071 -0.0000
vn 0.9102 -0.3756 -0.1744
vn 0.3767 0.9094 -0.1761
vn 0.3459 0.8350 0.4279
vn -0.1198 0.1680 0.9785
vn 0.9092 -0.3781 -0.1743
vn -0.4596 -0.4898 0.7408
vn -0.3452 -0.8333 0.4318
vn -0.3767 -0.9094 -0.1761
vn 0.3827 0.9239 -0.0000
vn -0.1862 -0.8826 0.4318
vn -0.2032 -0.9632 -0.1761
vn 0.9632 -0.2046 -0.1743
vn 0.8651 -0.2064 0.4571
vn 0.9638 -0.2019 -0.1744
vn 0.2963 0.8743 0.3844
vn 0.2032 0.9632 -0.1761
vn 0.1866 0.8844 0.4279
vn 0.2064 0.9785 -0.0000
vn -0.2064 -0.9785 -0.0000
vn 0.9785 -0.2064 -0.0000
vn 0.1003 0.0170 0.9948
vn -0.8309 -0.3510 0.4318
vn -0.9068 -0.3830 -0.1761
vn 0.3819 -0.9076 -0.1744
vn 0.3844 -0.9066 -0.1743
vn 0.9679 -0.0052 0.2511
vn 0.9068 0.3830 -0.1761
vn 0.8327 0.3514 0.4279
vn 0.9212 0.3891 -0.0000
vn -0.9212 -0.3891 -0.0000
vt 0.056859 0.488872
vt 0.074791 0.743776
vt 0.003728 0.743776
vt 0.021660 0.488872
vt 0.056859 0.998681
vt 0.021660 0.998681
vt 0.000276 0.483712
vt 0.500276 0.483712
vt 0.500276 0.001711
vt 0.000276 0.001711
vt 0.214297 0.587650
vt 0.293982 0.515361
vt 0.293982 0.936673
vt 0.214297 0.864383
vt 0.293982 0.515361
vt 0.293982 0.936673
vt 0.214297 0.864384
vt 0.075067 0.586447
vt 0.214637 0.586447
vt 0.214637 0.865587
vt 0.075067 0.865587
s 0
usemtl f008_001_ligflat1.127
f 2318/1361/1602 2320/1362/1602 2319/1363/1602 2317/1364/1602
f 2321/1365/1602 2322/1366/1602 2319/1363/1602 2320/1362/1602
f 2324/1363/1603 2328/1364/1603 2327/1361/1603 2326/1362/1603
f 2324/1363/1603 2326/1362/1603 2325/1365/1603 2323/1366/1603
f 2330/1367/1604 2332/1368/1604 2331/1369/1604 2329/1370/1604
f 2334/1369/1605 2336/1368/1605 2335/1367/1605 2333/1370/1605
s 1
f 2340/1371/1606 2339/1372/1607 2337/1373/1608 2338/1374/1609
f 2340/1374/1606 2343/1371/1610 2341/1375/1611 2339/1376/1607
f 2342/1372/1612 2341/1373/1611 2343/1377/1610 2344/1371/1613
f 2344/1378/1613 2343/1379/1610 2340/1380/1606 2338/1381/1609
s 0
f 2346/1367/1614 2348/1368/1614 2347/1369/1614 2345/1370/1614
f 2350/1369/1615 2352/1368/1615 2351/1367/1615 2349/1370/1615
s 1
f 2359/1372/1616 2357/1373/1617 2358/1377/1618 2360/1371/1619
f 2356/1371/1620 2355/1372/1621 2353/1373/1622 2354/1374/1623
f 2358/1371/1618 2357/1375/1617 2355/1376/1621 2356/1374/1620
f 2358/1379/1618 2356/1380/1620 2354/1381/1623 2360/1378/1619
s 0
f 2362/1361/1624 2366/1362/1624 2363/1363/1624 2361/1364/1624
f 2366/1362/1624 2364/1365/1624 2365/1366/1624 2363/1363/1624
f 2368/1363/1625 2370/1362/1625 2369/1365/1625 2367/1366/1625
f 2368/1363/1625 2372/1364/1625 2371/1361/1625 2370/1362/1625
f 2374/1367/1626 2376/1368/1626 2375/1369/1626 2373/1370/1626
f 2378/1369/1627 2380/1368/1627 2379/1367/1627 2377/1370/1627
s 1
f 2382/1374/1628 2384/1371/1629 2383/1372/1630 2381/1373/1631
f 2386/1371/1632 2385/1375/1633 2383/1376/1630 2384/1374/1629
f 2387/1372/1634 2385/1373/1633 2386/1377/1632 2388/1371/1635
f 2386/1379/1632 2384/1380/1629 2382/1381/1628 2388/1378/1635
s 0
f 2393/1365/1636 2394/1366/1636 2391/1363/1636 2392/1362/1636
f 2390/1361/1636 2392/1362/1636 2391/1363/1636 2389/1364/1636
f 2396/1363/1637 2398/1362/1637 2397/1365/1637 2395/1366/1637
f 2396/1363/1637 2400/1364/1637 2399/1361/1637 2398/1362/1637
f 2402/1367/1638 2404/1368/1638 2403/1369/1638 2401/1370/1638
f 2406/1369/1639 2408/1368/1639 2407/1367/1639 2405/1370/1639
s 1
f 2412/1374/1640 2414/1371/1641 2413/1375/1642 2411/1376/1643
f 2416/1371/1644 2415/1372/1645 2413/1373/1642 2414/1377/1641
f 2412/1371/1640 2411/1372/1643 2409/1373/1646 2410/1374/1647
f 2410/1381/1647 2416/1378/1644 2414/1379/1641 2412/1380/1640
s 0
f 2418/1367/1648 2420/1368/1648 2419/1369/1648 2417/1370/1648
f 2422/1369/1649 2424/1368/1649 2423/1367/1649 2421/1370/1649
s 1
f 2431/1372/1650 2429/1373/1651 2430/1377/1652 2432/1371/1653
f 2428/1371/1654 2427/1372/1655 2425/1373/1656 2426/1374/1657
f 2428/1374/1654 2430/1371/1652 2429/1375/1651 2427/1376/1655
f 2426/1381/1657 2432/1378/1653 2430/1379/1652 2428/1380/1654
f 2439/1371/1658 2437/1375/1659 2435/1376/1660 2436/1374/1661
f 2434/1374/1662 2436/1371/1661 2435/1372/1660 2433/1373/1663
f 2440/1371/1664 2438/1372/1665 2437/1373/1659 2439/1377/1658
f 2434/1381/1662 2440/1378/1664 2439/1379/1658 2436/1380/1661
s 0
f 2443/1369/1666 2444/1370/1666 2442/1367/1666 2441/1368/1666
f 2447/1367/1667 2448/1370/1667 2446/1369/1667 2445/1368/1667
f 2454/1362/1668 2452/1365/1668 2453/1366/1668 2451/1363/1668
f 2450/1361/1668 2454/1362/1668 2451/1363/1668 2449/1364/1668
f 2456/1363/1668 2458/1362/1668 2457/1365/1668 2455/1366/1668
f 2456/1363/1668 2460/1364/1668 2459/1361/1668 2458/1362/1668
s 1
f 2466/1372/1665 2465/1373/1669 2467/1377/1670 2468/1371/1664
f 2464/1371/1671 2463/1372/1660 2461/1373/1663 2462/1374/1672
f 2467/1371/1670 2465/1375/1669 2463/1376/1660 2464/1374/1671
f 2468/1378/1664 2467/1379/1670 2464/1380/1671 2462/1381/1672
s 0
f 2470/1369/1666 2472/1370/1666 2471/1367/1666 2469/1368/1666
f 2475/1367/1667 2476/1370/1667 2474/1369/1667 2473/1368/1667
s 1
f 2484/1371/1664 2482/1372/1665 2481/1373/1659 2483/1377/1673
f 2483/1371/1673 2481/1375/1659 2479/1376/1660 2480/1374/1674
f 2478/1374/1672 2480/1371/1674 2479/1372/1660 2477/1373/1663
f 2478/1381/1672 2484/1378/1664 2483/1379/1673 2480/1380/1674
s 0
f 2486/1369/1666 2488/1370/1666 2487/1367/1666 2485/1368/1666
f 2490/1367/1667 2492/1370/1667 2491/1369/1667 2489/1368/1667
f 2498/1362/1668 2496/1365/1668 2497/1366/1668 2495/1363/1668
f 2494/1361/1668 2498/1362/1668 2495/1363/1668 2493/1364/1668
f 2500/1363/1626 2502/1362/1626 2501/1365/1626 2499/1366/1626
f 2500/1363/1626 2504/1364/1626 2503/1361/1626 2502/1362/1626
s 1
f 2508/1371/1675 2509/1375/1676 2506/1376/1677 2505/1374/1678
f 2512/1373/1679 2507/1374/1680 2505/1371/1678 2506/1372/1677
f 2511/1371/1681 2510/1372/1682 2509/1373/1676 2508/1377/1675
f 2511/1378/1681 2508/1379/1675 2505/1380/1678 2507/1381/1680
s 0
f 2514/1369/1683 2516/1370/1683 2515/1367/1683 2513/1368/1683
f 2518/1367/1624 2520/1370/1624 2519/1369/1624 2517/1368/1624
s 1
f 2521/1374/1684 2524/1371/1685 2525/1375/1686 2522/1376/1687
f 2528/1373/1688 2523/1374/1689 2521/1371/1684 2522/1372/1687
f 2524/1377/1685 2527/1371/1690 2526/1372/1691 2525/1373/1686
f 2523/1381/1689 2527/1378/1690 2524/1379/1685 2521/1380/1684
s 0
f 2531/1369/1692 2532/1370/1692 2530/1367/1692 2529/1368/1692
f 2534/1367/1625 2536/1370/1625 2535/1369/1625 2533/1368/1625
f 2542/1362/1638 2540/1365/1638 2541/1366/1638 2539/1363/1638
f 2538/1361/1638 2542/1362/1638 2539/1363/1638 2537/1364/1638
s 1
f 2543/1372/1693 2547/1373/1694 2546/1374/1695 2544/1371/1696
f 2545/1373/1697 2548/1377/1698 2549/1371/1699 2550/1372/1700
f 2548/1371/1698 2545/1375/1697 2543/1376/1693 2544/1374/1696
f 2544/1380/1696 2546/1381/1695 2549/1378/1699 2548/1379/1698
s 0
f 2552/1369/1701 2554/1370/1701 2553/1367/1701 2551/1368/1701
f 2556/1367/1637 2558/1370/1637 2557/1369/1637 2555/1368/1637
f 2560/1363/1648 2564/1364/1648 2561/1361/1648 2559/1362/1648
f 2562/1365/1648 2563/1366/1648 2560/1363/1648 2559/1362/1648
s 1
f 2570/1371/1702 2572/1372/1703 2567/1373/1704 2571/1377/1705
f 2571/1371/1705 2567/1375/1704 2565/1376/1706 2566/1374/1707
f 2569/1373/1708 2568/1374/1709 2566/1371/1707 2565/1372/1706
f 2570/1378/1702 2571/1379/1705 2566/1380/1707 2568/1381/1709
s 0
f 2574/1369/1710 2576/1370/1710 2575/1367/1710 2573/1368/1710
f 2578/1367/1711 2580/1370/1711 2579/1369/1711 2577/1368/1711
f 2582/1365/1712 2586/1366/1712 2583/1363/1712 2581/1362/1712
f 2583/1363/1712 2585/1364/1712 2584/1361/1712 2581/1362/1712
s 1
f 2591/1377/1713 2593/1371/1714 2592/1372/1715 2590/1373/1716
f 2591/1371/1713 2590/1375/1716 2588/1376/1717 2587/1374/1718
f 2594/1373/1719 2589/1374/1720 2587/1371/1718 2588/1372/1717
f 2593/1378/1714 2591/1379/1713 2587/1380/1718 2589/1381/1720
s 0
f 2596/1369/1721 2598/1370/1721 2597/1367/1721 2595/1368/1721
f 2600/1367/1722 2602/1370/1722 2601/1369/1722 2599/1368/1722
g Atomic25.001_meshId33_name.007
v 1726.897217 -422.869110 550.005127
v 1714.599976 -451.996307 550.005127
v 1719.789673 -425.756805 519.642212
v 1711.712158 -444.888397 519.642212
v 1692.580444 -436.811005 519.642212
v 1700.657959 -417.679382 519.642212
v 1685.472656 -439.698700 550.005127
v 1697.770264 -410.571503 550.005127
v 1384.810303 -24.514606 549.916992
v 1353.874268 -31.040606 549.916992
v 1378.382446 -20.326374 519.554077
v 1358.062744 -24.612875 519.554077
v 1353.776245 -4.293052 519.554138
v 1374.095947 -0.006553 519.554077
v 1378.284180 6.421306 549.916992
v 1347.348389 -0.104695 549.916992
v 1239.948975 454.929077 550.026306
v 1210.738770 442.830353 550.026306
v 1232.861084 457.865112 519.663391
v 1213.674805 449.918243 519.663391
v 1205.727783 469.104523 519.663452
v 1224.914307 477.051544 519.663391
v 1227.850098 484.139313 550.026306
v 1198.639893 472.040558 550.026306
v 978.943481 856.678772 549.993103
v 956.587097 834.322327 549.993103
v 971.271606 856.678772 519.630188
v 956.587097 841.994263 519.630188
v 941.902649 856.678772 519.630249
v 956.587097 871.363281 519.630188
v 956.587097 879.035156 549.993103
v 934.230652 856.678772 549.993103
v 584.236206 1127.810791 549.940857
v 572.137390 1098.600586 549.940857
v 577.148376 1124.874756 519.577881
v 569.201416 1105.688477 519.577881
v 550.015076 1113.635620 519.577881
v 557.962036 1132.821777 519.577881
v 555.026001 1139.909668 549.940857
v 542.927185 1110.699463 549.940857
v 303.208374 1210.530029 550.059021
v 303.208374 1178.913330 550.059021
v 297.783508 1205.105103 519.696045
v 297.783508 1184.338135 519.696045
v 277.016479 1205.105103 519.696045
v 277.016479 1184.338135 519.696045
v 271.591614 1178.913330 550.059021
v 271.591614 1210.530029 550.059021
v -12.983932 1658.960205 675.982239
v -12.983932 1627.343506 675.982239
v -18.408794 1653.535400 645.619324
v -18.408794 1632.768433 645.619324
v -39.175808 1632.768433 645.619324
v -39.175804 1653.535400 645.619324
v -44.600670 1658.960205 675.982239
v -44.600670 1627.343506 675.982239
v -1719.942627 -425.835175 519.501099
v -1711.862549 -444.965759 519.501099
v -1727.050537 -422.948456 549.864014
v -1700.812134 -417.755096 519.501099
v -1685.623779 -439.772430 549.864014
v -1692.732056 -436.885712 519.501099
v -1697.925171 -410.646942 549.864014
v -1714.749390 -452.073944 549.864014
v -271.563507 1210.530029 550.059021
v -271.563538 1178.913330 550.059021
v -276.988342 1205.105103 519.696045
v -297.755371 1184.338135 519.696045
v -276.988342 1184.338135 519.696045
v -297.755371 1205.105103 519.696045
v -303.180237 1210.530029 550.059021
v -303.180237 1178.913330 550.059021
v -550.167542 1113.573120 519.696045
v -558.114319 1132.759521 519.696045
v -543.079712 1110.636963 550.059021
v -569.353943 1105.626343 519.696045
v -572.290039 1098.538574 550.059021
v -584.388550 1127.748779 550.059021
v -577.300720 1124.812744 519.696045
v -555.178223 1139.847412 550.059021
v -934.374512 856.535828 549.989685
v -956.730957 834.179382 549.989685
v -942.046387 856.535767 519.626770
v -956.730957 878.892090 549.989685
v -956.730957 871.220215 519.626770
v -956.730957 841.851135 519.626831
v -971.415527 856.535767 519.626770
v -979.087341 856.535767 549.989685
v -1198.517456 472.336578 550.041443
v -1210.616211 443.126221 550.041443
v -1205.605469 469.400543 519.678528
v -1227.728027 484.435181 550.041443
v -1224.791748 477.347290 519.678528
v -1213.552246 450.214142 519.678589
v -1232.738525 458.160919 519.678528
v -1239.826416 455.224884 550.041443
v -1347.203369 0.581218 549.755859
v -1353.729492 -30.354694 549.755859
v -1353.631348 -3.607139 519.392883
v -1373.951172 0.679361 519.392883
v -1378.139404 7.107219 549.755859
v -1357.917603 -23.926840 519.392883
v -1378.237549 -19.640341 519.392883
v -1384.665283 -23.828693 549.755859
vn -0.3706 -0.9125 -0.1735
vn -0.9069 0.3829 -0.1759
vn -0.0000 -0.0000 -1.0000
vn -0.0090 -0.0037 -1.0000
vn 0.0037 -0.0090 -1.0000
vn -0.3956 -0.9019 -0.1736
vn -0.0001 -0.0000 -1.0000
vn 0.9069 -0.3829 -0.1759
vn -0.0082 0.0053 -1.0000
vn -0.9607 -0.2166 -0.1734
vn -0.2032 0.9632 -0.1759
vn -0.9663 -0.1899 -0.1736
vn -0.0054 -0.0083 -1.0000
vn 0.2032 -0.9632 -0.1759
vn -0.0037 -0.0091 -1.0000
vn 0.3767 -0.9095 -0.1759
vn -0.9150 -0.3642 -0.1736
vn -0.0090 0.0037 -1.0000
vn -0.9046 -0.3894 -0.1734
vn -0.3767 0.9095 -0.1759
vn -0.7060 -0.6866 -0.1736
vn -0.6867 -0.7060 -0.1734
vn -0.0098 -0.0000 -1.0000
vn -0.0000 -0.0098 -1.0000
vn 0.6961 -0.6961 -0.1759
vn -0.6961 0.6961 -0.1759
vn -0.3643 -0.9150 -0.1735
vn -0.0091 -0.0038 -1.0000
vn 0.0038 -0.0090 -1.0000
vn -0.3895 -0.9045 -0.1737
vn -0.0000 -0.0001 -1.0000
vn 0.9095 -0.3767 -0.1759
vn -0.9095 0.3767 -0.1759
vn -0.0069 -0.0069 -1.0000
vn 0.0136 -0.9847 -0.1735
vn -0.9844 -0.0000 -0.1759
vn 0.0070 -0.0069 -1.0000
vn -0.0137 -0.9847 -0.1736
vn 0.9844 -0.0000 -0.1759
vn 0.0069 -0.0069 -1.0000
vn -0.0069 -0.0070 -1.0000
vn 0.0091 -0.0036 -1.0000
vn 0.9068 0.3830 -0.1759
vn 0.3705 -0.9125 -0.1736
vn 0.3957 -0.9018 -0.1734
vn -0.9068 -0.3830 -0.1759
vn 0.9095 0.3767 -0.1759
vn 0.3641 -0.9150 -0.1736
vn 0.0090 -0.0037 -1.0000
vn 0.3894 -0.9046 -0.1735
vn -0.0037 -0.0090 -1.0000
vn -0.9095 -0.3767 -0.1759
vn 0.7059 -0.6867 -0.1735
vn 0.0098 -0.0000 -1.0000
vn 0.6866 -0.7060 -0.1736
vn 0.6961 0.6961 -0.1759
vn -0.6961 -0.6961 -0.1759
vn 0.0090 0.0038 -1.0000
vn 0.9045 -0.3895 -0.1736
vn 0.9150 -0.3642 -0.1734
vn 0.0001 -0.0000 -1.0000
vn 0.3767 0.9095 -0.1759
vn -0.3767 -0.9095 -0.1759
vn 0.0054 -0.0082 -1.0000
vn 0.0082 0.0054 -1.0000
vn 0.9607 -0.2166 -0.1736
vn 0.9664 -0.1899 -0.1734
vn 0.2032 0.9632 -0.1759
vn -0.2032 -0.9632 -0.1759
vt 0.293982 0.936673
vt 0.293982 0.515361
vt 0.489590 0.587650
vt 0.489590 0.864383
vt 0.293982 0.515361
vt 0.489590 0.587650
vt 0.489590 0.864383
vt 0.293982 0.936673
vt 0.489653 0.862513
vt 0.489653 0.587076
vt 0.627371 0.587076
vt 0.627371 0.862513
s 1
usemtl f008_001_ligflat1.127
f 2609/1382/1723 2610/1383/1724 2608/1384/1725 2607/1385/1726
f 2609/1386/1723 2607/1387/1726 2606/1388/1727 2604/1389/1728
f 2606/1384/1727 2605/1385/1729 2603/1382/1730 2604/1383/1728
s 0
f 2608/1390/1725 2605/1391/1725 2606/1392/1725 2607/1393/1725
s 1
f 2615/1385/1731 2618/1382/1732 2617/1383/1733 2616/1384/1725
f 2612/1389/1734 2618/1386/1732 2615/1387/1731 2614/1388/1735
f 2614/1384/1735 2613/1385/1729 2611/1382/1736 2612/1383/1734
s 0
f 2613/1391/1725 2614/1392/1725 2615/1393/1725 2616/1390/1725
s 1
f 2622/1384/1737 2621/1385/1729 2619/1382/1738 2620/1383/1739
f 2623/1385/1740 2626/1382/1741 2625/1383/1742 2624/1384/1725
f 2620/1389/1739 2626/1386/1741 2623/1387/1740 2622/1388/1737
s 0
f 2621/1391/1725 2622/1392/1725 2623/1393/1725 2624/1390/1725
s 1
f 2628/1389/1743 2634/1386/1744 2631/1387/1745 2630/1388/1746
f 2630/1384/1746 2629/1385/1725 2627/1382/1747 2628/1383/1743
f 2631/1385/1745 2634/1382/1744 2633/1383/1748 2632/1384/1725
s 0
f 2631/1393/1725 2632/1390/1725 2629/1391/1725 2630/1392/1725
s 1
f 2642/1386/1749 2639/1387/1750 2638/1388/1751 2636/1389/1752
f 2638/1384/1751 2637/1385/1753 2635/1382/1754 2636/1383/1752
f 2639/1385/1750 2642/1382/1749 2641/1383/1755 2640/1384/1725
s 0
f 2639/1393/1725 2640/1390/1725 2637/1391/1725 2638/1392/1725
s 1
f 2647/1384/1725 2648/1385/1756 2649/1382/1757 2650/1383/1758
f 2649/1386/1757 2648/1387/1756 2646/1388/1759 2644/1389/1760
f 2644/1383/1760 2646/1384/1759 2645/1385/1753 2643/1382/1761
s 0
f 2647/1390/1725 2645/1391/1725 2646/1392/1725 2648/1393/1725
s 1
f 2654/1384/1762 2653/1385/1753 2651/1382/1761 2652/1383/1760
f 2655/1385/1763 2658/1382/1757 2657/1383/1758 2656/1384/1725
f 2658/1386/1757 2655/1387/1763 2654/1388/1762 2652/1389/1760
s 0
f 2653/1391/1725 2654/1392/1725 2655/1393/1725 2656/1390/1725
s 1
f 2664/1384/1764 2662/1385/1753 2665/1382/1765 2663/1383/1766
f 2660/1385/1737 2666/1382/1767 2661/1383/1768 2659/1384/1725
f 2666/1386/1767 2660/1387/1737 2664/1388/1764 2663/1389/1766
s 0
f 2664/1392/1725 2660/1393/1725 2659/1390/1725 2662/1391/1725
s 1
f 2674/1382/1757 2673/1383/1758 2672/1384/1725 2670/1385/1763
f 2670/1387/1763 2671/1388/1762 2668/1389/1760 2674/1386/1757
f 2668/1383/1760 2671/1384/1762 2669/1385/1753 2667/1382/1761
s 0
f 2670/1393/1725 2672/1390/1725 2669/1391/1725 2671/1392/1725
s 1
f 2682/1382/1769 2677/1383/1770 2675/1384/1771 2676/1385/1753
f 2679/1386/1772 2678/1387/1773 2675/1388/1771 2677/1389/1770
f 2681/1384/1725 2678/1385/1773 2679/1382/1772 2680/1383/1774
s 0
f 2681/1390/1725 2676/1391/1725 2675/1392/1725 2678/1393/1725
s 1
f 2684/1386/1775 2688/1387/1746 2685/1388/1776 2683/1389/1777
f 2687/1385/1725 2686/1382/1778 2683/1383/1777 2685/1384/1776
f 2690/1383/1779 2689/1384/1725 2688/1385/1746 2684/1382/1775
s 0
f 2688/1393/1725 2689/1390/1725 2687/1391/1725 2685/1392/1725
s 1
f 2696/1387/1751 2693/1388/1780 2691/1389/1781 2692/1386/1782
f 2695/1385/1783 2694/1382/1784 2691/1383/1781 2693/1384/1780
f 2698/1383/1785 2697/1384/1725 2696/1385/1751 2692/1382/1782
s 0
f 2693/1392/1725 2696/1393/1725 2697/1390/1725 2695/1391/1725
s 1
f 2704/1387/1786 2701/1388/1787 2699/1389/1788 2700/1386/1789
f 2703/1382/1790 2699/1383/1788 2701/1384/1787 2702/1385/1783
f 2700/1382/1789 2706/1383/1791 2705/1384/1725 2704/1385/1786
s 0
f 2701/1392/1725 2704/1393/1725 2705/1390/1725 2702/1391/1725
g Atomic26_meshId34_name.007
v -604.834961 1124.440796 398.547516
v -548.489075 1147.780396 398.546143
v -604.834961 1124.440552 456.421448
v -548.488708 1147.780273 456.420105
vn 0.3827 -0.9239 -0.0000
vt 0.990193 0.026433
vt 0.990196 0.985983
vt 0.009804 0.986005
vt 0.009806 0.026456
s 0
usemtl f008_001_keimarkt.007
f 2708/1394/1792 2710/1395/1792 2709/1396/1792 2707/1397/1792
g Atomic27_meshId35_name.007
v 1587.101196 70.185547 5.999995
v 1489.484741 50.047668 5.999996
v 1611.996460 -50.491592 6.000004
v 1514.380127 -70.629501 6.000005
v 1391.868286 29.909798 5.999998
v 1416.763550 -90.767403 6.000007
v 1343.492310 579.897400 5.999956
v 1251.428589 541.703735 5.999959
v 1394.568970 456.780121 5.999966
v 1302.505249 418.586517 5.999969
v 1159.364868 503.510071 5.999962
v 1210.441528 380.392822 5.999971
v 1002.851257 944.917847 5.999928
v 1072.932251 1015.791809 5.999923
v 917.302124 1029.510010 5.999922
v 932.770142 874.043884 5.999934
v 847.221069 958.635986 5.999928
v 987.383118 1100.383911 5.999917
v 728.348022 1194.329834 5.999910
v 767.265503 1286.089844 5.999903
v 627.162354 1237.244995 5.999907
v 588.244873 1145.484863 5.999913
v 689.430542 1102.569824 5.999917
v 666.079834 1329.005005 5.999900
v -1395.173340 143.712936 5.999989
v -1453.791382 -136.855774 6.000010
v -1262.692749 116.034309 5.999991
v -1321.310791 -164.534393 6.000012
v 121.714233 1628.235840 352.199860
v 121.714111 1727.907959 352.199890
v 1.404419 1628.235840 352.199860
v 1.404419 1727.907959 352.199890
v 121.713989 1827.579590 352.199829
v 1.404297 1827.579590 352.199829
v -990.517578 988.758484 5.999926
v -1086.933105 891.386230 5.999933
v -912.416626 911.424805 5.999931
v -1068.618530 1066.092163 5.999919
v -1165.034180 968.719849 5.999927
v -1008.832153 814.052551 5.999938
v -1217.595459 344.050964 5.999974
v -1134.656738 546.230225 5.999959
v -1319.282104 385.765228 5.999971
v -1236.343506 587.944458 5.999956
v -1420.968750 427.479462 5.999968
v -1338.030029 629.658691 5.999952
vn -0.0000 -0.0000 1.0000
vt 0.799344 0.009751
vt 0.996103 0.009751
vt 0.996103 0.328417
vt 0.799344 0.328417
vt 0.799344 0.328417
vt 0.799344 0.009751
vt 0.948440 0.764991
vt 0.948440 0.353583
vt 0.795096 0.353583
vt 0.795096 0.764991
vt 0.795096 0.764991
vt 0.795096 0.353583
vt 0.390291 0.931785
vt 0.390291 0.500331
vt 0.578527 0.500331
vt 0.578527 0.931787
vt 0.790211 0.735651
vt 0.585600 0.735651
vt 0.585600 0.364572
vt 0.790212 0.364575
vt 0.004346 0.026786
vt 0.206507 0.026786
vt 0.206507 0.886214
vt 0.004346 0.886214
vt 0.787428 0.341681
vt 0.586439 0.341681
vt 0.586439 0.012956
vt 0.787428 0.012956
vt 0.390291 0.007846
vt 0.578527 0.007846
vt 0.578527 0.479896
vt 0.390291 0.479896
vt 0.214784 0.025690
vt 0.384174 0.025690
vt 0.384174 0.699537
vt 0.214784 0.699537
vt 0.384173 0.699537
vt 0.214784 0.699537
vt 0.214784 0.025690
vt 0.384173 0.025690
s 0
usemtl f008_001_jyutant.007
f 2715/1398/1793 2716/1399/1793 2714/1400/1793 2712/1401/1793
f 2712/1400/1793 2714/1402/1793 2713/1403/1793 2711/1399/1793
f 2718/1404/1793 2720/1405/1793 2719/1406/1793 2717/1407/1793
f 2721/1408/1793 2722/1409/1793 2720/1405/1793 2718/1404/1793
f 2724/1410/1793 2728/1411/1793 2725/1412/1793 2723/1413/1793
f 2726/1413/1793 2723/1410/1793 2725/1411/1793 2727/1412/1793
f 2732/1414/1793 2733/1415/1793 2729/1416/1793 2731/1417/1793
f 2730/1416/1793 2734/1417/1793 2731/1414/1793 2729/1415/1793
f 2736/1418/1793 2738/1419/1793 2737/1420/1793 2735/1421/1793
f 2743/1422/1793 2744/1423/1793 2742/1424/1793 2740/1425/1793
f 2740/1422/1793 2742/1423/1793 2741/1424/1793 2739/1425/1793
f 2746/1426/1793 2750/1427/1793 2747/1428/1793 2745/1429/1793
f 2748/1429/1793 2749/1426/1793 2746/1427/1793 2745/1428/1793
f 2754/1430/1793 2756/1431/1793 2755/1432/1793 2753/1433/1793
f 2752/1434/1793 2754/1435/1793 2753/1436/1793 2751/1437/1793
g Atomic28_meshId36_name.007
v 1183.869751 665.310303 27.118616
v 1208.334106 681.657043 27.118614
v 1203.125977 685.762939 19.165581
v 1218.517944 709.261658 27.118610
v 1211.890869 709.522095 19.165577
v 1208.359497 709.660767 37.118610
v 1200.350464 687.950928 37.118614
v 1181.110229 675.094971 37.118618
v 1159.824463 750.567810 19.165575
v 1133.559692 740.604248 27.118610
v 1138.768066 736.498413 19.165577
v 1155.258789 766.756348 9.165573
v 1113.195801 713.399536 9.165577
v 1113.195801 713.399597 -0.000054
v 1141.543457 734.310303 37.118610
v 1183.906006 746.257874 37.118607
v 1150.942993 656.907227 9.165581
v 1122.891602 679.020996 -0.000052
v 1122.891602 679.020996 9.165579
v 1136.877075 688.365845 19.165581
v 1133.534424 712.600525 37.118614
v 1139.815552 690.329285 37.118614
v 1131.362549 684.681091 27.118614
v 1157.987915 676.003418 37.118618
v 1202.922241 709.874451 623.698425
v 1196.077148 691.319824 623.698425
v 1159.871216 681.108582 623.698425
v 1144.339966 693.352478 623.698425
v 1138.971680 712.386963 623.698425
v 1145.816895 730.941650 623.698425
v 1182.022705 741.152832 623.698425
v 1156.764648 672.687744 19.165581
v 1186.635254 655.504944 9.165581
v 1186.635132 655.505005 -0.000051
v 1228.698120 708.861694 9.165577
v 1228.698120 708.861694 -0.000054
v 1187.424683 755.795837 27.118607
v 1185.129150 749.573608 19.165573
v 1190.950928 765.354004 9.165572
v 1190.950928 765.354004 -0.000058
v 1155.258789 766.756348 -0.000057
v 1216.977173 709.322266 669.009338
v 1207.123291 682.611633 669.009338
v 1155.002930 667.912048 669.009338
v 1132.644775 685.537842 669.009338
v 1134.770508 739.649719 669.009338
v 1186.890991 754.349304 669.009338
v 1329.543579 297.489777 9.165607
v 1339.010010 283.586487 19.165611
v 1329.543701 297.489807 -0.000024
v 1323.506104 263.562744 19.165613
v 1322.732910 238.250290 19.165615
v 1336.985352 217.317535 19.165615
v 1306.584595 233.543564 9.165613
v 1332.925049 212.073517 27.118650
v 1339.149048 220.111969 37.118652
v 1360.927979 212.292526 37.118652
v 1397.310425 237.064453 37.118645
v 1392.189209 238.903244 623.698486
v 1405.427490 234.150177 669.009399
v 1361.094238 217.731476 623.698486
v 1360.664795 203.672134 669.009399
v 1342.480469 224.414459 623.698486
v 1333.869019 213.292694 669.009399
v 1331.349854 240.761993 623.698486
v 1331.953735 260.529907 623.698486
v 1318.715210 265.282959 669.009399
v 1344.061646 276.167419 623.698486
v 1363.048706 281.701691 623.698486
v 1363.478271 295.760986 669.009399
v 1381.662476 275.018677 623.698486
v 1390.273682 286.140442 669.009399
v 1384.993530 279.321136 37.118641
v 1391.217651 287.359467 27.118643
v 1387.157471 282.115540 19.165609
v 1397.454834 295.415039 9.165608
v 1363.322754 290.673004 19.165609
v 1335.277344 289.068634 27.118645
v 1340.999023 280.665192 37.118645
v 1326.125854 239.239243 37.118649
v 1397.454834 295.415039 -0.000023
v 1406.878662 233.629074 27.118647
v 1400.636597 235.870209 19.165613
v 1416.467529 230.186401 9.165613
v 1416.467407 230.186401 -0.000018
v 1360.306396 191.947784 -0.000016
v 1360.306274 191.947784 9.165616
v 1306.584717 233.543564 -0.000019
v 1326.687988 204.017990 9.165615
v -1200.351196 687.949707 37.118614
v -1181.110840 675.093872 37.118618
v -1218.518799 709.260498 27.118610
v -1208.360352 709.659607 37.118610
v -1196.078003 691.318604 623.698425
v -1202.923096 709.873352 623.698425
v -1216.978149 709.321167 669.009338
v -1207.124268 682.610596 669.009338
v -1155.003662 667.911072 669.009338
v -1159.872070 681.107483 623.698425
v -1132.645386 685.536865 669.009338
v -1144.340820 693.351501 623.698425
v -1138.972656 712.385925 623.698425
v -1134.771362 739.648743 669.009338
v -1145.817627 730.940674 623.698425
v -1186.891968 754.348206 669.009338
v -1182.023438 741.151794 623.698425
v -1183.906738 746.256775 37.118607
v -1187.425659 755.794800 27.118607
v -1159.825317 750.566833 19.165575
v -1185.130127 749.572510 19.165573
v -1190.951904 765.353027 9.165572
v -1190.951904 765.353027 -0.000058
v -1125.559814 746.910522 -0.000058
v -1113.196533 713.398621 -0.000054
v -1125.559814 746.910583 9.165574
v -1138.769043 736.497314 19.165577
v -1113.196533 713.398621 9.165577
v -1150.943604 656.906067 9.165581
v -1150.943604 656.906128 -0.000050
v -1136.877930 688.364746 19.165581
v -1131.363281 684.680115 27.118614
v -1156.765503 672.686646 19.165581
v -1133.560547 740.603271 27.118610
v -1133.535156 712.599548 37.118614
v -1141.544434 734.309448 37.118610
v -1139.816406 690.328247 37.118614
v -1157.988770 676.002441 37.118618
v -1183.870361 665.309204 27.118616
v -1182.070312 671.692444 19.165581
v -1216.335938 675.348633 9.165581
v -1216.335815 675.348633 -0.000050
v -1228.698975 708.860474 -0.000054
v -1228.698975 708.860535 9.165577
v -1211.891846 709.520874 19.165577
v 849.484253 1015.947754 -0.000078
v 873.555847 1079.483643 -0.000082
v 873.555847 1079.483643 9.165549
v 857.328003 1075.059326 19.165548
v 863.726746 1076.803955 27.118582
v 853.918213 1074.129761 37.118584
v 848.668396 1072.698486 623.698425
v 862.239014 1076.398315 669.009338
v 835.340759 1037.520508 623.698425
v 843.052917 1025.757202 669.009338
v 788.961609 1028.355469 669.009338
v 797.765747 1039.325195 623.698425
v 786.922119 1055.864502 623.698425
v 773.351501 1052.164795 669.009338
v 787.870972 1075.618774 623.698425
v 800.249939 1091.042603 623.698425
v 782.782471 1077.546753 37.118587
v 819.330505 1096.244629 623.698425
v 819.591553 1101.679810 37.118580
v 820.079468 1111.834473 27.118580
v 819.761169 1105.209839 19.165546
v 791.692261 1104.095215 27.118582
v 795.328613 1098.548828 19.165550
v 773.275574 1081.148438 27.118584
v 787.996521 1027.152954 27.118587
v 778.262634 1053.503540 19.165552
v 794.359802 1035.081543 37.118591
v 838.324158 1032.969727 37.118591
v 843.898376 1024.467773 27.118587
v 840.261902 1030.014160 19.165554
v 849.484314 1015.947754 9.165554
v 781.619629 1019.207458 -0.000078
v 781.619629 1019.207458 9.165553
v 763.748474 1084.758057 -0.000083
v 763.748474 1084.757935 9.165548
v 820.568115 1122.010620 -0.000085
v 820.568115 1122.010620 9.165545
v 792.147705 1032.325195 19.165554
v 792.537720 1102.805908 669.009338
v 820.005371 1110.294312 669.009338
v 1960.727539 -535.047852 9.165670
v 1960.727539 -535.047791 0.000039
v 1992.500244 -521.706299 19.165672
v 1967.267822 -519.551270 19.165672
v 1933.721069 -511.669373 9.165669
v 1948.120850 -502.976501 19.165670
v 1925.614136 -476.881897 0.000035
v 1925.614136 -476.881897 9.165667
v 1952.219971 -454.981537 19.165667
v 1970.082764 -425.512665 9.165663
v 1970.082642 -425.512665 0.000032
v 1973.900146 -441.893677 19.165663
v 1972.394897 -435.434662 27.118696
v 1974.702148 -445.335724 37.118698
v 1954.892334 -457.294739 37.118702
v 1945.894531 -478.613953 37.118702
v 1959.006104 -460.855957 623.698547
v 1948.371460 -451.649933 669.009460
v 1975.937256 -450.635040 623.698547
v 1943.763062 -505.607117 669.009460
v 1955.804932 -498.337799 623.698547
v 1993.655640 -526.663635 669.009460
v 1990.463135 -512.964844 623.698547
v 2018.029053 -511.949982 669.009460
v 2007.394409 -502.743805 623.698547
v 2010.595459 -465.261993 623.698547
v 2022.637207 -457.992645 669.009460
v 2015.253906 -462.449951 37.118698
v 2023.957397 -457.195892 27.118698
v 2011.508179 -506.305176 37.118706
v 2019.194702 -512.959106 27.118704
v 2014.180542 -508.618408 19.165670
v 1994.005615 -528.165344 27.118706
v 1991.697998 -518.264221 37.118706
v 1964.689209 -525.661621 27.118706
v 1942.443237 -506.404114 27.118704
v 1968.641846 -516.295166 37.118706
v 1951.146362 -501.149994 37.118706
v 1935.765015 -477.748718 27.118702
v 2026.897461 -519.627075 9.165669
v 2024.027222 -485.286835 19.165668
v 2018.279297 -460.623413 19.165665
v 2032.679077 -451.930634 9.165665
v 2026.897461 -519.627075 0.000038
v 2032.679077 -451.930634 0.000034
v 1972.744873 -436.936279 669.009460
v 1453.340210 -199.773346 9.165646
v 1453.340210 -199.773361 0.000014
v 1438.050049 -230.655426 19.165649
v 1424.442383 -220.768890 9.165647
v 1413.404297 -254.740341 9.165649
v 1430.224487 -254.740265 19.165651
v 1423.592163 -254.740265 27.118685
v 1438.050171 -278.825195 19.165653
v 1458.537964 -293.710449 19.165655
v 1456.488525 -300.018036 27.118689
v 1459.630127 -290.349243 37.118690
v 1501.490723 -276.747833 37.118683
v 1461.311523 -285.174011 623.698486
v 1497.088623 -273.549347 623.698486
v 1508.468018 -281.817017 669.009399
v 1456.964844 -298.551514 669.009399
v 1439.200073 -254.740280 623.698486
v 1425.134155 -254.740311 669.009399
v 1445.311523 -235.931152 623.698486
v 1433.932007 -227.663467 669.009399
v 1481.088745 -224.306458 623.698486
v 1459.630127 -219.131378 37.118683
v 1482.770020 -219.131393 37.118683
v 1501.490723 -232.732788 37.118683
v 1497.088623 -235.931137 623.698486
v 1485.435303 -210.929016 669.009399
v 1508.468018 -227.663437 669.009399
v 1509.715576 -226.757126 27.118681
v 1504.349976 -230.655426 19.165648
v 1483.862183 -215.770172 19.165649
v 1517.957764 -220.768906 9.165647
v 1517.957764 -220.768906 0.000016
v 1456.488525 -209.462616 27.118681
v 1432.684448 -226.757187 27.118683
v 1440.909424 -232.732788 37.118687
v 1433.758667 -254.740341 37.118687
v 1509.715576 -282.723450 27.118685
v 1483.862183 -293.710449 19.165655
v 1504.349976 -278.825195 19.165651
v 1517.957886 -288.711792 9.165652
v 1517.957886 -288.711792 0.000022
v 1453.340210 -309.707245 0.000022
v 1453.340210 -309.707275 9.165654
v 1413.404297 -254.740326 0.000018
v -1306.584961 233.542282 9.165613
v -1329.543945 297.488647 9.165607
v -1306.584961 233.542282 -0.000019
v -1339.010376 283.585175 19.165611
v -1363.323242 290.671692 19.165609
v -1335.277832 289.067291 27.118645
v -1340.999512 280.663879 37.118645
v -1322.733032 238.249069 19.165615
v -1316.365723 236.393280 27.118649
v -1332.925415 212.072266 27.118650
v -1336.985840 217.316193 19.165615
v -1326.125977 239.238007 37.118649
v -1339.149414 220.110565 37.118652
v -1360.617798 202.129807 27.118650
v -1360.820312 208.758774 19.165617
v -1394.599487 201.941940 9.165616
v -1394.599365 201.941940 -0.000015
v -1326.688110 204.016769 9.165615
v -1326.688232 204.016769 -0.000016
v -1416.467651 230.185165 -0.000018
v -1416.467651 230.185165 9.165613
v -1400.636963 235.868866 19.165613
v -1406.879150 233.627731 27.118647
v -1383.143921 218.766525 37.118652
v -1397.310669 237.063187 37.118645
v -1392.189209 238.902054 623.698486
v -1380.081421 223.264481 623.698486
v -1342.480713 224.413177 623.698486
v -1333.869141 213.291489 669.009399
v -1317.846191 236.824600 669.009399
v -1331.350098 240.760757 623.698486
v -1336.145752 287.792877 669.009399
v -1344.061768 276.166199 623.698486
v -1390.273926 286.139191 669.009399
v -1381.662598 275.017365 623.698486
v -1384.993896 279.319916 37.118641
v -1391.218140 287.358215 27.118643
v -1387.157715 282.114319 19.165609
v -1397.455322 295.413788 9.165608
v -1397.455200 295.413788 -0.000023
v -1329.543945 297.488617 -0.000024
v -1387.997803 211.637787 669.009399
v -1405.427734 234.148880 669.009399
v -1459.629883 -290.349243 37.118690
v -1461.311401 -285.174225 623.698486
v -1445.311401 -273.549469 623.698486
v -1433.932007 -281.817139 669.009399
v -1456.964844 -298.551575 669.009399
v -1508.468018 -281.817261 669.009399
v -1497.088623 -273.549591 623.698486
v -1433.932007 -227.663498 669.009399
v -1445.311401 -235.931152 623.698486
v -1461.311401 -224.306595 623.698486
v -1485.435303 -210.929184 669.009399
v -1481.088623 -224.306580 623.698486
v -1508.468018 -227.663635 669.009399
v -1497.088623 -235.931320 623.698486
v -1501.490723 -232.732925 37.118683
v -1509.715576 -226.757324 27.118681
v -1483.862183 -215.770416 19.165649
v -1504.350098 -230.655685 19.165648
v -1517.957764 -220.769043 9.165647
v -1517.957642 -220.769043 0.000016
v -1453.340088 -199.773407 0.000014
v -1453.340088 -199.773422 9.165646
v -1413.404175 -254.740356 0.000018
v -1413.404297 -254.740524 9.165649
v -1424.442261 -288.711853 0.000022
v -1424.442261 -288.711823 9.165652
v -1489.059937 -309.707458 0.000024
v -1489.059937 -309.707489 9.165655
v -1517.957642 -288.711884 0.000022
v -1517.957764 -288.711884 9.165652
v -1504.349976 -278.825287 19.165651
v -1509.715576 -282.723602 27.118685
v -1501.490723 -276.748016 37.118683
v -1440.909180 -276.747955 37.118687
v -1432.684448 -282.723511 27.118687
v -1438.050049 -278.825195 19.165653
v -1440.909180 -232.732880 37.118687
v -1459.629883 -219.131393 37.118683
v -1456.488525 -209.462677 27.118681
v -1438.050049 -230.655548 19.165649
v -1430.224487 -254.740326 19.165651
v -1458.537842 -215.770233 19.165649
v -1973.840576 -441.907684 19.165663
v -1972.325928 -435.450928 27.118696
v -1969.998779 -425.532166 9.165663
v -1969.998657 -425.532135 0.000032
v -1925.606812 -476.967651 0.000035
v -1925.606812 -476.967712 9.165667
v -1948.152344 -503.028870 19.165670
v -1942.479736 -506.465057 27.118704
v -1945.889648 -478.669403 37.118702
v -1951.175171 -501.197845 37.118706
v -1951.312378 -479.124512 623.698547
v -1955.829346 -498.378693 623.698547
v -1937.295288 -477.948364 669.009460
v -1965.351562 -524.267761 669.009460
v -1970.801147 -511.300446 623.698547
v -1990.509521 -512.954285 623.698547
v -1991.752197 -518.251892 37.118706
v -1994.074463 -528.149414 27.118706
v -1992.559448 -521.692444 19.165672
v -2014.220459 -508.572479 19.165670
v -2019.240967 -512.905762 27.118704
v -2011.544800 -506.263275 37.118706
v -2007.425537 -502.708008 623.698547
v -2015.224731 -462.402252 37.118698
v -2010.570679 -465.221466 623.698547
v -2022.601562 -457.934174 669.009460
v -2018.073608 -511.898438 669.009460
v -2023.920410 -457.135254 27.118698
v -2018.247803 -460.571472 19.165665
v -2032.634277 -451.857117 9.165665
v -2032.634277 -451.857086 0.000034
v -2040.793335 -486.632629 9.165668
v -2040.793335 -486.632660 0.000037
v -1996.401611 -538.067932 9.165671
v -1996.401611 -538.067993 0.000040
v -1960.806885 -535.081482 9.165670
v -1960.806885 -535.081421 0.000039
v -1967.323975 -519.575195 19.165672
v -1972.677979 -436.951935 669.009460
v -1975.890869 -450.645935 623.698547
v -1974.647827 -445.348480 37.118698
v -794.616638 1093.684204 37.118584
v -816.326538 1101.693237 37.118580
v -781.760681 1074.443970 37.118587
v -771.976196 1077.203613 27.118584
v -797.985474 1089.411011 623.698425
v -787.774353 1053.205078 623.698425
v -782.669189 1051.321777 37.118587
v -796.995117 1033.149536 37.118591
v -773.131226 1047.802979 27.118587
v -791.346924 1024.696411 27.118587
v -819.405151 1023.336792 19.165554
v -795.031677 1030.210938 19.165554
v -779.353516 1050.098511 19.165552
v -820.065430 1006.529663 9.165554
v -820.065430 1006.529663 -0.000076
v -873.422241 1048.592773 9.165552
v -873.422241 1048.592773 -0.000078
v -843.164185 1032.102051 19.165554
v -847.270142 1026.893555 27.118587
v -840.976196 1034.877563 37.118591
v -819.266479 1026.868286 37.118591
v -853.832153 1054.117676 37.118587
v -862.461609 1080.758789 27.118582
v -856.239258 1078.463257 19.165548
v -872.019897 1084.285034 9.165548
v -872.019836 1084.285034 -0.000082
v -852.923645 1077.239990 37.118584
v -848.595093 1055.594727 623.698425
v -847.818542 1075.356689 623.698425
v -861.014954 1080.225098 669.009338
v -846.315613 1028.104492 669.009338
v -837.607361 1039.150879 623.698425
v -819.052856 1032.305664 623.698425
v -792.203613 1025.978394 669.009338
v -774.577820 1048.336670 669.009338
v -800.018188 1037.673828 623.698425
v -789.277283 1100.457031 669.009338
v -815.987854 1110.311157 669.009338
v -816.540039 1096.256104 623.698425
v -763.572998 1044.276855 9.165551
v -763.572998 1044.276733 -0.000079
v -762.170593 1079.968872 9.165549
v -762.170593 1079.968994 -0.000083
v -815.527222 1122.031982 9.165545
v -792.428650 1096.459595 19.165550
v -816.187683 1105.224854 19.165546
v -815.927246 1111.851929 27.118580
v -778.359253 1075.403320 19.165550
v -815.527222 1122.031982 -0.000085
v -2021.649292 -548.879517 697.162415
v -2018.805298 -496.748474 698.343811
v -1994.970947 -537.666992 686.510925
v -1935.022095 -512.471619 686.510925
v -2003.871826 -490.472046 692.381531
v -2002.318115 -489.819275 688.080811
v -1992.194946 -536.500244 678.827820
v -2001.895752 -540.577332 660.493225
v -2007.748291 -492.101379 677.817688
v -2018.805420 -496.748474 677.817688
v -2021.649292 -548.879517 660.493225
v -2024.235596 -499.030762 688.080811
v -2031.349976 -552.956543 678.827820
v -1962.508789 -473.088074 692.381409
v -1964.062744 -473.740967 688.080627
v -1937.798218 -513.638184 678.827820
v -1958.632568 -471.458740 677.817627
v -1928.097290 -509.561035 660.493164
v -1947.575195 -466.811646 677.817627
v -1908.343628 -501.258789 660.493164
v -1898.642944 -497.181732 678.827820
v -1942.145264 -464.529419 688.080627
v -1947.575195 -466.811615 698.343750
v -1908.343628 -501.258820 697.162415
v -2012.029419 -464.337769 700.073730
v -2012.029419 -464.337769 669.009460
v -2008.716309 -503.822418 700.073730
v -2008.716309 -503.822418 669.009460
v -1970.140625 -512.872864 700.073730
v -1970.140625 -512.872864 669.009460
v -1949.612549 -478.981873 700.073730
v -1949.612549 -478.981873 669.009460
v -1975.501343 -448.985687 700.073730
v -1975.501343 -448.985687 669.009460
v -1424.257690 -284.226562 678.827759
v -1424.257690 -287.237732 686.510864
v -1471.214722 -275.472046 688.080750
v -1471.214722 -277.157471 692.381470
v -1471.214722 -232.289932 692.381348
v -1471.214600 -233.975464 688.080566
v -1424.257690 -222.209702 686.510864
v -1424.257446 -193.270569 660.493103
v -1424.257690 -214.697937 660.493103
v -1424.257690 -182.748016 678.827759
v -1424.257568 -193.270569 697.162354
v -1424.257568 -225.220673 678.827759
v -1471.214722 -210.200745 688.080566
v -1471.214600 -216.090836 698.343689
v -1471.214600 -216.090836 677.817566
v -1471.214600 -228.085205 677.817566
v -1424.257568 -316.176514 697.162354
v -1471.214600 -293.356415 698.343750
v -1471.214600 -299.246704 688.080750
v -1424.257690 -326.699249 678.827759
v -1424.257690 -316.176483 660.493164
v -1471.214600 -293.356445 677.817627
v -1424.257690 -294.749054 660.493164
v -1471.214600 -281.362091 677.817627
v -1498.468262 -274.552094 700.073669
v -1498.468262 -274.552094 669.009399
v -1481.615601 -286.796143 700.073669
v -1481.615601 -286.796295 669.009399
v -1443.931519 -274.551910 700.073669
v -1443.931519 -274.551910 669.009399
v -1443.931519 -234.928696 700.073669
v -1443.931519 -234.928696 669.009399
v -1481.615601 -222.684525 700.073669
v -1481.615601 -222.684525 669.009399
v -1498.468262 -234.928833 700.073669
v -1498.468262 -234.928833 669.009399
v -1334.196533 177.597565 697.162354
v -1372.891602 212.646042 698.343750
v -1326.098389 205.380432 686.510864
v -1307.901611 267.810608 686.510864
v -1355.803467 271.272949 692.381348
v -1368.358765 228.197845 692.381470
v -1367.887085 229.816010 688.080750
v -1325.255859 208.271133 678.827759
v -1369.535522 224.161118 677.817627
v -1328.200317 198.168854 660.493164
v -1372.891602 212.646042 677.817627
v -1334.196411 177.597565 660.493164
v -1374.539795 206.991180 688.080750
v -1337.140991 167.495285 678.827759
v -1356.275146 269.654846 688.080566
v -1308.744019 264.919800 678.827759
v -1354.626831 275.309723 677.817566
v -1305.799683 275.022125 660.493103
v -1351.270386 286.824829 677.817566
v -1299.803589 295.593445 660.493103
v -1349.622314 292.479736 688.080566
v -1296.859009 305.695709 678.827759
v -1351.270386 286.824829 698.343689
v -1299.803589 295.593445 697.162354
v -1393.794556 238.325577 700.073669
v -1393.794556 238.325577 669.009399
v -1381.041382 221.854706 700.073669
v -1381.041382 221.854706 669.009399
v -1341.436523 223.064774 700.073669
v -1341.436523 223.064774 669.009399
v -1329.712646 240.283432 700.073669
v -1329.712646 240.283432 669.009399
v -1343.102051 277.575958 700.073669
v -1343.101929 277.575867 669.009399
v -1382.706787 276.365814 700.073669
v -1382.706787 276.365814 669.009399
v -1171.894897 625.218262 678.827698
v -1195.686279 674.132141 688.080688
v -1149.971069 658.029297 686.510803
v -1192.413940 679.029663 698.343689
v -1166.048706 633.967529 697.162292
v -1113.843750 712.098083 686.510803
v -1183.414307 692.498718 692.381409
v -1182.477905 693.900146 688.080688
v -1148.298096 660.533020 678.827698
v -1185.750244 689.002625 677.817566
v -1154.144409 651.783752 660.493103
v -1166.048706 633.967529 660.493103
v -1192.413940 679.029724 677.817566
v -1158.487061 729.804626 692.381287
v -1159.423584 728.403259 688.080505
v -1115.516357 709.594543 678.827698
v -1156.151123 733.300781 677.817505
v -1109.670288 718.343872 660.493042
v -1149.487549 743.273682 677.817505
v -1097.765747 736.159973 660.493042
v -1146.215088 748.171204 688.080505
v -1091.919800 744.909241 678.827698
v -1149.487427 743.273682 698.343628
v -1097.765869 736.159973 697.162292
v -1204.627197 709.806396 700.073608
v -1197.417358 690.262634 700.073608
v -1204.627197 709.806396 669.009338
v -1197.417358 690.262634 669.009338
v -1159.281738 679.507385 669.009338
v -1159.281738 679.507385 700.073608
v -1142.922607 692.403748 700.073608
v -1142.922607 692.403748 669.009338
v -1144.478271 731.996521 700.073608
v -1144.478271 731.996521 669.009338
v -1182.613770 742.751953 700.073608
v -1182.613770 742.751953 669.009338
v -851.548279 985.271545 678.827698
v -854.810242 1039.566772 688.080688
v -818.737244 1007.195374 686.510803
v -836.443604 1051.838745 692.381409
v -824.982849 1003.022034 660.493103
v -842.799011 991.117676 660.493103
v -842.799011 991.117676 697.162292
v -816.233521 1008.868103 678.827698
v -835.042236 1052.775146 688.080688
v -839.939819 1049.502686 677.817566
v -849.912537 1042.839111 677.817566
v -849.912537 1042.839111 698.343689
v -799.137695 1076.765869 692.381287
v -764.668274 1043.322632 686.510803
v -731.857056 1065.246460 678.827698
v -767.171997 1041.649902 678.827698
v -800.539185 1075.829468 688.080505
v -758.422668 1047.495972 660.493042
v -740.606384 1059.400391 697.162292
v -740.606384 1059.400391 660.493042
v -795.641602 1079.101807 677.817505
v -785.668701 1085.765381 677.817505
v -780.771179 1089.037964 688.080505
v -785.668701 1085.765381 698.343628
v -849.418640 1075.946899 700.073608
v -849.418640 1075.946899 669.009338
v -850.236511 1055.131836 700.073608
v -850.236511 1055.131836 669.009338
v -819.119751 1030.601318 700.073608
v -819.119751 1030.601318 669.009338
v -786.174072 1052.614746 700.073608
v -786.174072 1052.614746 669.009338
v -785.356323 1073.429932 700.073608
v -785.356323 1073.429932 669.009338
v -816.473206 1097.960449 700.073608
v -816.473206 1097.960449 669.009338
v 1424.257568 -316.209961 697.162354
v 1471.214600 -293.389709 698.343689
v 1424.257690 -287.271149 686.510864
v 1424.257690 -222.242905 686.510864
v 1424.257690 -193.304062 697.162354
v 1471.214600 -216.124161 698.343750
v 1424.257690 -182.781357 678.827759
v 1471.214722 -210.233963 688.080750
v 1424.257690 -193.304047 660.493164
v 1471.214600 -216.124161 677.817627
v 1424.257690 -214.731384 660.493164
v 1471.214722 -228.118454 677.817627
v 1424.257690 -225.254074 678.827759
v 1471.214722 -234.008652 688.080750
v 1471.214722 -232.323166 692.381470
v 1471.214600 -277.190796 692.381348
v 1471.214600 -275.505188 688.080566
v 1424.257690 -284.259918 678.827759
v 1471.214722 -281.395447 677.817566
v 1424.257690 -294.782654 660.493103
v 1471.214600 -293.389709 677.817566
v 1424.257690 -316.209930 660.493103
v 1471.214722 -299.279968 688.080566
v 1424.257690 -326.732605 678.827759
v 1937.781738 -513.583374 678.827820
v 1935.007812 -512.412537 686.510925
v 1964.105835 -473.725464 688.080811
v 1962.552979 -473.070007 692.381531
v 2003.890015 -490.515869 692.381409
v 1994.918579 -537.697266 686.510925
v 2002.336792 -489.860382 688.080627
v 1992.144287 -536.526428 678.827820
v 2007.763550 -492.150665 677.817627
v 2001.839111 -540.617920 660.493164
v 2018.814209 -496.814453 677.817627
v 2021.580444 -548.949585 660.493164
v 2024.240601 -499.104553 688.080627
v 2031.275024 -553.041077 678.827820
v 2018.814087 -496.814423 698.343750
v 2021.580444 -548.949585 697.162415
v 1908.346069 -501.160339 697.162415
v 1947.628418 -466.771393 698.343811
v 1898.651245 -497.068787 678.827820
v 1942.201904 -464.481201 688.080811
v 1908.345947 -501.160339 660.493225
v 1947.628418 -466.771393 677.817688
v 1928.087158 -509.491852 660.493225
v 1958.678955 -471.435059 677.817688
v 1498.468262 -274.551849 669.009399
v 1498.468262 -274.551849 700.073669
v 1460.784546 -286.796173 669.009399
v 1460.784546 -286.796173 700.073669
v 1437.494507 -254.740311 669.009399
v 1443.931519 -234.928665 669.009399
v 1437.494507 -254.740311 700.073669
v 1443.931519 -234.928665 700.073669
v 1481.615601 -222.684326 669.009399
v 1481.615601 -222.684326 700.073669
v 1498.468262 -234.928650 669.009399
v 1498.468262 -234.928650 700.073669
v 1975.550049 -448.973938 700.073730
v 1975.550049 -448.973938 669.009460
v 1949.616943 -478.931671 700.073730
v 1949.616943 -478.931671 669.009460
v 1970.094482 -512.853088 700.073730
v 1970.094482 -512.853088 669.009460
v 1990.850342 -514.625854 700.073730
v 1990.850342 -514.625854 669.009460
v 2016.783569 -484.668091 700.073730
v 2016.783569 -484.668091 669.009460
v 2012.055420 -464.380493 700.073730
v 2012.055420 -464.380493 669.009460
v 1325.264771 208.240326 678.827759
v 1326.107422 205.349442 686.510864
v 1367.896240 229.785202 688.080566
v 1369.544312 224.130341 677.817566
v 1328.209351 198.138016 660.493103
v 1334.205322 177.566681 660.493103
v 1372.900757 212.615204 677.817566
v 1374.549072 206.960342 688.080566
v 1337.150024 167.464340 678.827759
v 1372.900757 212.615219 698.343689
v 1334.205322 177.566727 697.162354
v 1307.910522 267.779846 686.510864
v 1355.812500 271.242218 692.381470
v 1356.284180 269.624023 688.080750
v 1308.753296 264.888916 678.827759
v 1354.635986 275.278961 677.817627
v 1305.808716 274.991150 660.493164
v 1351.279541 286.794006 677.817627
v 1299.812744 295.562561 660.493164
v 1349.631226 292.448975 688.080750
v 1296.868164 305.664825 678.827759
v 1299.812744 295.562561 697.162354
v 1351.279541 286.794006 698.343750
v 1368.367920 228.167007 692.381348
v 1393.794189 238.326920 669.009399
v 1393.794189 238.326920 700.073669
v 1361.042236 216.026703 669.009399
v 1361.042236 216.026703 700.073669
v 1341.436279 223.065887 700.073669
v 1341.436279 223.065887 669.009399
v 1330.348511 261.106232 669.009399
v 1330.348511 261.106232 700.073669
v 1363.100586 283.406433 669.009399
v 1363.100586 283.406433 700.073669
v 1382.706421 276.367249 669.009399
v 1382.706421 276.367249 700.073669
v 1166.066650 633.940857 697.162292
v 1192.431519 679.003052 698.343628
v 1149.989258 658.002625 686.510803
v 1113.861328 712.071411 686.510803
v 1097.783691 736.133240 697.162292
v 1149.505127 743.246887 698.343689
v 1146.232666 748.144348 688.080688
v 1091.937622 744.882446 678.827698
v 1097.783691 736.133179 660.493103
v 1149.505127 743.246887 677.817566
v 1109.688110 718.317017 660.493103
v 1156.168823 733.273987 677.817566
v 1115.534180 709.567749 678.827698
v 1159.441284 728.376526 688.080688
v 1158.505127 729.778015 692.381409
v 1183.432007 692.471924 692.381287
v 1182.495483 693.873474 688.080505
v 1148.316162 660.506165 678.827698
v 1154.162109 651.756958 660.493042
v 1185.767944 688.975891 677.817505
v 1192.431519 679.003113 677.817505
v 1166.066650 633.940735 660.493042
v 1195.704102 674.105530 688.080505
v 1171.912720 625.191467 678.827698
v 811.434875 1009.194885 678.827698
v 813.783264 1007.310364 686.510803
v 833.998779 1051.295654 688.080505
v 835.313354 1050.240601 692.381287
v 800.321716 1078.324463 692.381409
v 763.069031 1048.012695 686.510803
v 801.636353 1077.269287 688.080688
v 765.417175 1046.127930 678.827698
v 797.042603 1080.956299 677.817566
v 757.210693 1052.714355 660.493103
v 787.688416 1088.463623 677.817566
v 740.499817 1066.126221 660.493103
v 783.094849 1092.150391 688.080688
v 732.293396 1072.712769 678.827698
v 787.688416 1088.463623 698.343689
v 740.499878 1066.126221 697.162292
v 836.352234 989.196594 697.162292
v 847.946594 1040.101318 698.343628
v 844.558716 982.610229 678.827698
v 852.540283 1036.414429 688.080505
v 836.352173 989.196533 660.493042
v 847.946655 1040.101318 677.817505
v 819.641418 1002.608582 660.493042
v 838.592468 1047.608765 677.817505
v 1204.626465 709.807495 669.009338
v 1197.416504 690.263916 669.009338
v 1204.626465 709.807495 700.073608
v 1197.416504 690.263916 700.073608
v 1159.281006 679.508484 700.073608
v 1159.281006 679.508484 669.009338
v 1137.267334 712.453918 669.009338
v 1137.267334 712.453918 700.073608
v 1161.797852 743.570740 669.009338
v 1161.797852 743.570740 700.073608
v 1182.612915 742.752991 669.009338
v 1182.612915 742.752991 700.073608
v 819.412415 1097.948242 700.073608
v 799.314819 1092.468994 700.073608
v 819.412415 1097.948242 669.009338
v 799.314819 1092.468994 669.009338
v 785.276611 1055.415894 700.073608
v 785.276611 1055.415894 669.009338
v 816.178162 1030.614746 700.073608
v 816.178162 1030.614746 669.009338
v 836.275818 1036.093994 700.073608
v 836.275818 1036.093994 669.009338
v 850.313904 1073.147095 700.073608
v 850.313904 1073.147095 669.009338
vn 0.2902 -0.8348 0.4678
vn 0.6757 -0.3833 0.6297
vn 0.5202 -0.8484 -0.0976
vn 0.4168 -0.8407 -0.3456
vn -0.2940 -0.9416 0.1644
vn -0.7450 -0.3077 0.5918
vn -0.8534 -0.5025 0.1388
vn -0.9399 -0.3230 -0.1111
vn -0.9809 0.0864 -0.1744
vn -0.4718 -0.8808 0.0408
vn -0.2831 -0.8510 -0.4423
vn -0.2555 -0.8688 -0.4241
vn 0.5353 -0.8445 0.0178
vn 0.5402 -0.7154 -0.4431
vn 0.7853 -0.6191 -0.0000
vn 0.6824 -0.6341 0.3636
vn -0.4744 0.7296 0.4925
vn -0.7789 0.6155 0.1203
vn -0.3965 0.9173 0.0373
vn -0.9965 0.0836 -0.0000
vn -0.7785 0.4021 0.4820
vn -0.6658 0.6329 0.3952
vn -0.5181 0.8553 -0.0000
vn -0.2067 0.5292 0.8229
vn -0.8596 -0.2937 -0.4181
vn -0.6442 0.6343 -0.4275
vn -0.8795 0.4473 -0.1624
vn -0.7404 0.6697 -0.0575
vn -0.2623 0.8867 -0.3807
vn -0.2602 0.9334 -0.2472
vn 0.8520 -0.3143 -0.4187
vn 0.9359 -0.3454 0.0687
vn 0.9423 -0.3347 -0.0004
vn 0.0830 -0.9954 0.0485
vn 0.8059 -0.4826 -0.3430
vn -0.6078 -0.7918 -0.0601
vn -0.1709 0.6006 0.7811
vn -0.0469 -0.9961 -0.0753
vn 0.6643 -0.7471 0.0222
vn -0.6414 -0.7001 -0.3137
vn -0.2735 0.7445 0.6091
vn -0.8038 -0.5805 -0.1304
vn -0.8285 0.5398 0.1494
vn -0.0174 -0.7393 0.6732
vn 0.6852 -0.3694 0.6277
vn -0.9225 -0.3731 -0.0985
vn 0.0393 0.9992 -0.0000
vn -0.2200 0.8798 0.4214
vn -0.6007 0.7028 0.3810
vn -0.1334 0.9909 -0.0166
vn 0.4093 -0.8601 -0.3044
vn 0.0016 -0.8969 -0.4423
vn 0.3371 -0.9291 -0.1523
vn 0.3576 -0.9275 -0.1089
vn 0.3069 0.8547 -0.4187
vn 0.3063 0.9393 -0.1545
vn -0.1805 0.9058 -0.3834
vn -0.0044 0.9087 -0.4175
vn 0.3543 -0.7985 0.4868
vn -0.3485 -0.9369 0.0291
vn -0.8589 0.3296 -0.3921
vn -0.8217 0.4072 -0.3988
vn -0.3052 0.9488 -0.0814
vn -0.2847 -0.4857 0.8264
vn -0.6543 0.1918 0.7315
vn -0.9727 0.1690 0.1592
vn -0.6350 -0.7505 0.1830
vn -0.8776 -0.3259 -0.3516
vn 0.1447 -0.9271 -0.3457
vn 0.0498 -0.8460 0.5309
vn -0.7220 -0.5513 -0.4181
vn -0.8238 -0.5125 -0.2421
vn -0.3110 0.9486 0.0593
vn -0.8526 0.3481 0.3897
vn -0.9135 -0.2579 -0.3146
vn 0.4901 0.7973 0.3522
vn -0.6028 -0.7963 0.0498
vn -0.3266 -0.8466 -0.4203
vn 0.0414 -0.8052 0.5916
vn 0.4133 -0.9055 -0.0958
vn 0.5162 -0.7045 0.4870
vn -0.5303 0.5872 0.6115
vn -0.6568 0.7540 -0.0000
vn -0.4451 0.8405 0.3089
vn -0.2721 0.6544 0.7055
vn -0.0632 0.9980 -0.0000
vn 0.5628 -0.8266 -0.0000
vn 0.2452 0.9567 0.1568
vn -0.6429 0.2043 0.7382
vn 0.4618 0.5725 0.6775
vn 0.8340 0.2446 0.4946
vn 0.7736 0.6291 0.0765
vn 0.0805 0.9400 0.3316
vn 0.8269 -0.5613 0.0339
vn 0.6342 -0.7409 -0.2210
vn -0.5245 -0.8363 -0.1598
vn 0.9554 -0.2609 -0.1382
vn 0.9273 0.2870 -0.2402
vn 0.9644 -0.2626 -0.0303
vn 0.6967 -0.6728 -0.2490
vn -0.3442 -0.9295 0.1322
vn 0.2965 -0.6800 0.6706
vn 0.7965 -0.1376 0.5888
vn 0.6839 0.6750 0.2770
vn 0.9193 -0.3750 0.1194
vn 0.6776 0.6163 -0.4012
vn 0.7716 0.4714 -0.4271
vn 0.7729 -0.4778 -0.4175
vn 0.5920 0.8059 -0.0000
vn 0.2714 0.9625 -0.0000
vn 0.3379 0.7937 0.5058
vn 0.0868 -0.8923 -0.4431
vn 0.4237 -0.9058 0.0065
vn -0.6446 -0.3630 0.6728
vn -0.4662 -0.8837 -0.0409
vn -0.8435 -0.5131 -0.1587
vn -0.9646 -0.2188 -0.1474
vn -0.6860 -0.5778 -0.4422
vn -0.8520 -0.3143 -0.4187
vn -0.6729 -0.6568 0.3403
vn 0.4057 0.9125 0.0527
vn 0.2624 0.8867 -0.3806
vn 0.1384 -0.8929 0.4284
vn -0.7384 -0.5903 0.3261
vn -0.5920 -0.8060 -0.0000
vn 0.4550 -0.8905 -0.0000
vn -0.7710 -0.5787 -0.2657
vn -0.2479 -0.9687 0.0114
vn -0.5240 -0.3832 0.7606
vn -0.9382 -0.3461 -0.0000
vn 0.8014 0.5843 0.1281
vn 1.0000 -0.0052 -0.0000
vn 0.5083 0.7325 0.4529
vn 0.1365 0.5821 0.8016
vn 0.7251 -0.4278 0.5396
vn 0.4631 -0.4328 0.7734
vn 0.5420 -0.8381 0.0624
vn 0.9273 -0.2908 0.2356
vn -0.5385 -0.7172 -0.4423
vn -0.9084 -0.0058 -0.4181
vn -0.8802 -0.4402 -0.1776
vn -0.7097 -0.7036 -0.0355
vn -0.3847 0.5303 0.7555
vn -0.8751 -0.4817 0.0462
vn -0.3589 0.7704 0.5269
vn -0.6831 0.7265 0.0748
vn 0.4004 -0.7953 -0.4552
vn 0.5235 -0.8406 0.1389
vn -0.8258 0.1599 0.5409
vn -0.9706 0.2409 -0.0000
vn -0.5291 -0.8486 -0.0000
vn -0.4862 -0.5327 0.6927
vn -0.2879 0.9451 -0.1546
vn -0.0817 0.9390 0.3340
vn -0.6066 0.7831 0.1373
vn -0.5248 0.7418 -0.4175
vn -0.2389 0.8762 -0.4187
vn 0.6687 -0.6773 0.3066
vn 0.6436 -0.7654 -0.0000
vn 0.9351 -0.3543 -0.0000
vn 0.7650 -0.4095 0.4970
vn -0.6685 -0.7437 -0.0050
vn 0.9403 -0.3252 0.1010
vn -0.5874 0.4351 0.6824
vn -0.5483 0.8363 -0.0000
vn -0.9629 0.2111 0.1679
vn -0.9783 0.1692 0.1195
vn -0.8640 0.4856 -0.1334
vn -0.4821 0.8328 -0.2719
vn 0.5126 -0.8424 -0.1661
vn -0.6169 -0.7029 0.3541
vn 0.6595 -0.5455 0.5172
vn 0.8286 -0.4698 -0.3044
vn -0.9874 0.1327 -0.0864
vn -0.4057 -0.9100 0.0849
vn -0.5284 -0.7809 0.3331
vn -0.9656 0.2542 0.0551
vn 0.8284 -0.5602 -0.0000
vn 0.7045 -0.6749 0.2194
vn -0.2027 -0.9649 0.1672
vn -0.1994 -0.9169 -0.3457
vn -0.6412 0.3217 0.6967
vn -0.8140 0.5808 -0.0000
vn -0.9360 0.0125 -0.3517
vn -0.9589 0.0085 0.2836
vn -0.0246 -0.8961 -0.4431
vn -0.8096 -0.3705 -0.4552
vn -0.7844 -0.4461 -0.4309
vn 0.3188 -0.9471 -0.0362
vn -0.3769 -0.3670 0.8505
vn 0.2840 -0.7125 0.6416
vn 0.7052 -0.4895 0.5129
vn 0.9939 -0.0676 0.0875
vn 0.6928 -0.6991 -0.1767
vn -0.7559 0.5056 -0.4159
vn -0.9188 0.3864 -0.0800
vn 0.9058 -0.3422 -0.2498
vn 0.3541 -0.9290 0.1073
vn 0.7900 -0.5442 0.2823
vn -0.9020 -0.4316 0.0132
vn -0.0470 -0.9734 0.2244
vn -0.8409 -0.5232 0.1386
vn -0.8636 -0.3372 0.3748
vn -0.6968 0.5648 -0.4422
vn 0.9203 -0.0905 -0.3806
vn 0.6967 -0.5648 -0.4423
vn -0.0403 -0.9991 0.0088
vn -0.7730 0.6044 -0.1928
vn -0.4780 0.5645 0.6729
vn -0.3967 0.9060 -0.1475
vn 0.8373 -0.5101 0.1967
vn -0.8932 0.4189 0.1633
vn -0.4693 0.7775 -0.4187
vn 0.7648 -0.5767 0.2873
vn 0.6437 -0.2484 0.7239
vn 0.4492 -0.8895 0.0834
vn 0.8566 -0.1872 0.4808
vn -0.8270 0.4638 -0.3179
vn -0.8002 0.5373 -0.2665
vn 0.9964 -0.0851 -0.0000
vn -0.6484 0.3480 0.6771
vn -0.1378 0.9904 0.0117
vn -0.9660 -0.1681 0.1966
vn -0.0372 0.9827 0.1814
vn 0.0471 0.7158 0.6967
vn -0.1956 0.8578 0.4753
vn 0.1606 -0.8620 0.4808
vn -0.1988 -0.7906 0.5791
vn -0.1941 -0.9810 -0.0000
vn 0.3090 -0.9511 -0.0000
vn -0.8964 -0.0290 -0.4423
vn -0.9850 -0.1483 0.0886
vn -0.0737 -0.9942 -0.0789
vn -0.3696 -0.8101 -0.4552
vn -0.9588 -0.1182 0.2584
vn -0.9223 -0.1729 -0.3456
vn -0.9390 0.3182 0.1302
vn -0.8428 0.4829 -0.2377
vn -0.1171 0.9640 -0.2386
vn 0.3342 0.6599 0.6729
vn 0.3651 0.9059 -0.2147
vn 0.5427 0.7457 -0.3866
vn -0.8610 0.3325 0.3848
vn -0.8350 -0.4541 0.3108
vn -0.7347 0.4652 0.4938
vn 0.0358 -0.8922 0.4503
vn 0.2124 -0.9626 -0.1679
vn -0.4839 -0.8349 0.2624
vn -0.4105 -0.4324 0.8028
vn 0.1890 -0.5909 0.7843
vn 0.2532 -0.9627 0.0957
vn 0.2745 -0.8831 -0.3806
vn -0.3666 -0.8973 0.2459
vn -0.8339 0.5436 0.0958
vn -0.5679 0.6937 -0.4431
vn 0.2494 0.8615 -0.4423
vn 0.5338 0.7347 -0.4187
vn 0.3648 0.9189 -0.1504
vn -0.6266 0.7792 0.0138
vn 0.1838 0.9461 -0.2666
vn 0.1937 -0.5808 0.7907
vn -0.3526 0.8672 -0.3516
vn -0.8147 -0.5059 0.2834
vn 0.2186 0.9758 -0.0000
vn 0.4014 0.9158 0.0147
vn 0.5815 0.6743 -0.4552
vn 0.8687 -0.2230 -0.4423
vn 0.9923 0.1240 -0.0038
vn -0.1107 -0.9935 -0.0255
vn -0.2989 -0.8397 0.4534
vn -0.5613 -0.7838 -0.2657
vn -0.1063 -0.9854 -0.1332
vn 0.2810 -0.6806 0.6766
vn -0.5008 -0.8183 0.2820
vn -0.3223 -0.9467 -0.0000
vn 0.5765 -0.8171 -0.0000
vn 0.9999 -0.0139 -0.0000
vn 0.9513 -0.0363 0.3062
vn -0.3846 -0.5229 0.7607
vn -0.7907 -0.6122 -0.0000
vn 0.5468 0.8093 0.2146
vn 0.0655 0.9836 -0.1680
vn 0.4423 0.8194 0.3646
vn 0.7273 0.6861 -0.0162
vn -0.3410 -0.6310 0.6969
vn 0.0616 -0.6888 0.7224
vn 0.2116 -0.9727 -0.0950
vn -0.2773 -0.9566 0.0891
vn 0.9621 0.2667 0.0564
vn -0.4805 -0.7573 -0.4423
vn -0.7181 -0.5560 -0.4187
vn -0.7297 -0.5640 -0.3866
vn 0.5111 -0.6732 0.5344
vn 0.9925 -0.1223 0.0041
vn 0.6146 -0.7861 0.0660
vn 0.9950 0.0620 -0.0777
vn -0.3625 -0.4998 0.7866
vn 0.3511 -0.8249 -0.4431
vn 0.6182 0.7800 0.0967
vn 0.2400 0.8405 0.4857
vn -0.0305 0.9995 -0.0000
vn 0.0724 0.8663 0.4943
vn 0.7303 0.5726 0.3726
vn 0.4607 0.8875 -0.0000
vn 0.1361 0.9902 0.0309
vn -0.0164 0.9246 -0.3806
vn -0.0449 0.5962 0.8016
vn 0.3615 0.8663 0.3446
vn -0.0359 0.8922 0.4503
vn -0.1938 0.5807 0.7907
vn 0.5392 0.3707 0.7562
vn 0.3438 0.7121 0.6121
vn 0.7741 -0.6304 0.0575
vn -0.2084 -0.9422 -0.2623
vn 0.5435 -0.7709 0.3321
vn -0.3481 -0.8338 -0.4286
vn 0.2149 -0.9617 0.1704
vn 0.4002 -0.3520 0.8461
vn 0.0517 -0.8950 -0.4431
vn -0.0124 -0.9454 -0.3256
vn 0.9622 -0.2161 -0.1660
vn 0.7423 -0.5034 -0.4422
vn 0.9068 0.1366 0.3989
vn 0.5374 0.7806 0.3190
vn 0.5411 -0.6826 0.4912
vn -0.5748 -0.8155 0.0678
vn -0.4267 -0.8942 -0.1356
vn -0.2320 -0.5522 0.8008
vn 0.7821 -0.6231 -0.0000
vn 0.9638 0.2665 -0.0000
vn -0.2745 -0.8830 -0.3806
vn 0.2017 0.9597 0.1957
vn 0.7080 0.7061 0.0158
vn 0.6440 0.7607 0.0813
vn -0.1017 0.9818 0.1601
vn -0.4852 0.8612 -0.1517
vn -0.4616 0.8852 0.0572
vn -0.5338 0.7347 -0.4187
vn -0.0494 0.9071 -0.4181
vn 0.0655 0.7339 0.6761
vn 0.7853 0.4478 -0.4275
vn -0.3015 -0.8660 0.3989
vn -0.5878 -0.8090 -0.0000
vn -0.0445 -0.9990 -0.0000
vn -0.3090 0.9511 -0.0000
vn -0.1606 0.8620 0.4808
vn 0.1940 0.9810 -0.0000
vn -0.4553 0.8263 0.3315
vn 0.5350 0.3656 0.7616
vn 0.9692 0.0557 0.2401
vn 0.9634 -0.2667 -0.0262
vn 0.5390 -0.7416 0.3995
vn -0.7792 -0.6187 0.1002
vn -0.8404 -0.2968 0.4534
vn -0.9822 -0.1818 0.0473
vn -0.6931 -0.7183 0.0600
vn 0.7570 0.6534 -0.0000
vn 0.6855 0.5430 0.4850
vn 0.9796 0.2012 -0.0000
vn -0.5139 -0.8195 0.2536
vn -0.1387 -0.9646 0.2243
vn 0.8708 -0.4857 -0.0765
vn 0.9236 0.0339 0.3818
vn 0.7878 0.2352 -0.5693
vn 0.8266 0.3328 0.4538
vn 0.3806 -0.9110 0.1588
vn -0.4190 -0.9048 -0.0753
vn -0.5832 -0.7859 0.2053
vn -0.9380 -0.3367 -0.0821
vn -0.9393 -0.3264 -0.1058
vn -0.5754 -0.1394 0.8059
vn 0.9094 0.1177 -0.3990
vn 0.7428 0.6638 0.0875
vn 0.7077 0.5952 -0.3806
vn 0.9036 -0.0320 -0.4271
vn 0.6190 -0.7854 -0.0000
vn 0.2556 -0.8807 -0.3988
vn 0.6529 -0.7534 -0.0775
vn -0.6154 -0.6827 0.3940
vn -0.2714 -0.9625 -0.0000
vn -0.7451 -0.5119 -0.4275
vn -0.9204 -0.0891 -0.3806
vn 0.7528 0.4430 0.4868
vn 0.1221 -0.7614 0.6367
vn -0.7418 -0.2279 0.6307
vn 0.7563 0.1619 0.6339
vn -0.1953 -0.9271 0.3200
vn -0.6096 -0.0839 0.7883
vn -0.9736 0.2284 -0.0000
vn 0.9969 -0.0415 -0.0676
vn 0.3847 -0.9062 0.1754
vn 0.8943 0.4208 0.1523
vn 0.8554 0.5180 -0.0000
vn 0.9223 0.0749 0.3792
vn 0.7652 -0.5204 0.3791
vn 0.9219 -0.3875 -0.0000
vn -0.2086 -0.7778 0.5929
vn 0.0795 -0.9968 -0.0000
vn 0.3038 -0.8416 0.4465
vn -0.5543 -0.8303 -0.0585
vn -0.0226 -0.7689 0.6390
vn -0.5878 -0.7094 -0.3889
vn -0.9267 -0.3482 0.1414
vn -0.7408 -0.0226 0.6713
vn -0.9354 -0.1123 -0.3353
vn -0.7344 -0.0887 0.6729
vn -0.8730 -0.3493 0.3404
vn -0.7545 -0.3059 0.5807
vn 0.4109 0.9108 -0.0404
vn 0.3626 0.6410 0.6766
vn 0.3454 0.9359 0.0687
vn 0.8928 0.4407 -0.0933
vn -0.5984 -0.8012 -0.0016
vn -0.6308 -0.1535 0.7606
vn -0.9338 -0.2396 -0.2657
vn 0.9686 -0.2345 0.0823
vn 0.7154 0.5402 -0.4431
vn 0.8510 -0.2831 -0.4423
vn 0.6191 0.7853 -0.0000
vn 0.6852 0.5184 0.5117
vn 0.3143 0.8520 -0.4187
vn 0.9009 0.3093 0.3046
vn 0.5924 0.8030 0.0654
vn 0.9170 -0.3356 0.2156
vn 0.2246 -0.9439 -0.2421
vn 0.2937 -0.8596 -0.4181
vn 0.9548 -0.1943 0.2248
vn -0.6469 -0.6500 -0.3988
vn -0.9040 -0.2674 -0.3337
vn 0.2115 -0.9764 0.0444
vn 0.1767 -0.7836 0.5956
vn -0.8554 -0.5180 -0.0000
vn -0.6955 -0.5961 0.4012
vn -0.9992 0.0393 -0.0000
vn 0.4773 0.5741 0.6652
vn 0.5615 0.4010 0.7239
vn 0.8714 0.3731 0.3186
vn 0.5855 -0.7119 0.3878
vn -0.9828 0.1611 -0.0900
vn -0.9819 0.1382 0.1293
vn -0.7656 0.0268 0.6428
vn -0.7656 0.0276 0.6428
vn -0.6335 0.0412 -0.7727
vn -0.4839 -0.2218 -0.8466
vn 0.0632 0.3818 -0.9221
vn 0.2746 0.5098 -0.8153
vn -0.3972 -0.1814 -0.8996
vn -0.8076 -0.5360 -0.2459
vn 0.9784 0.1835 -0.0947
vn 0.6179 0.0664 -0.7835
vn 0.6832 0.7277 0.0602
vn 0.5884 0.7982 0.1293
vn 0.9689 0.2024 0.1425
vn 0.9206 0.2299 -0.3155
vn -0.8291 -0.5017 -0.2468
vn -0.7383 -0.6743 -0.0157
vn -0.5199 0.2440 -0.8187
vn -0.3169 0.2220 -0.9221
vn 0.3875 -0.9219 -0.0000
vn 0.1389 0.2322 -0.9627
vn 0.4016 0.2382 -0.8843
vn 0.5166 0.5657 0.6427
vn 0.5160 0.5662 0.6428
vn -0.6726 -0.7400 -0.0000
vn -0.8304 -0.5572 -0.0000
vn -0.9965 -0.0836 -0.0000
vn 0.9993 -0.0372 -0.0000
vn 0.9791 0.2033 -0.0000
vn 0.2733 -0.9619 -0.0000
vn 0.4959 -0.8684 -0.0000
vn -0.5027 -0.8485 -0.1651
vn -0.3085 -0.3255 -0.8938
vn -0.3849 -0.3797 -0.8412
vn -0.5078 -0.8517 0.1293
vn 0.1983 -0.9457 -0.2575
vn 0.0134 -0.4365 -0.8996
vn 0.1903 -0.9713 0.1424
vn 0.1413 -0.9587 -0.2468
vn 0.2099 0.9731 -0.0947
vn 0.1782 0.5953 -0.7835
vn -0.3214 -0.6954 0.6428
vn -0.3459 -0.8176 0.4602
vn 1.0000 -0.0000 -0.0000
vn -0.0640 -0.4625 -0.8843
vn -0.1602 -0.2180 -0.9627
vn -0.1602 0.2180 -0.9627
vn -0.0640 0.4625 -0.8843
vn -0.4062 0.9118 0.0602
vn -0.5078 0.8517 0.1293
vn -0.3636 0.4507 -0.8153
vn -0.3275 0.2062 -0.9221
vn 0.1448 0.9378 -0.3155
vn 0.1888 0.9716 0.1425
vn -0.5751 0.5821 0.5748
vn -0.3220 0.6951 0.6428
vn -0.0424 0.9991 -0.0000
vn 0.8741 0.4858 -0.0000
vn 0.7321 0.6812 -0.0000
vn -0.2683 0.9633 -0.0000
vn 0.8741 -0.4858 -0.0000
vn 0.7321 -0.6812 -0.0000
vn -0.2684 -0.9633 -0.0000
vn -0.0424 -0.9991 -0.0000
vn -0.5878 0.8090 -0.0000
vn 0.9601 -0.2798 -0.0000
vn 0.0586 -0.9982 -0.0157
vn -0.1326 -0.9599 -0.2469
vn 0.1180 -0.8941 -0.4321
vn -0.1093 -0.4228 -0.8996
vn 0.0680 0.4619 -0.8843
vn 0.4532 0.8799 0.1425
vn 0.4014 0.8598 -0.3156
vn 0.0016 0.3149 -0.9491
vn 0.4739 0.8755 -0.0947
vn 0.3377 0.5217 -0.7835
vn 0.9600 -0.2798 -0.0000
vn -0.7442 -0.6618 -0.0900
vn -0.7259 -0.6756 0.1293
vn -0.5031 -0.5777 0.6428
vn -0.5036 -0.5772 0.6428
vn -0.4311 -0.4661 -0.7726
vn -0.1326 -0.5155 -0.8466
vn -0.3033 0.2499 -0.9195
vn -0.2229 0.5344 -0.8153
vn -0.1348 0.9890 0.0603
vn -0.1181 0.9930 -0.0070
vn -0.4758 -0.2568 -0.8412
vn -0.3720 -0.1063 -0.9221
vn -0.3892 0.7198 0.5748
vn -0.1146 0.7574 0.6428
vn 0.9600 -0.2799 -0.0000
vn 0.0650 0.9979 -0.0000
vn 0.6585 0.7526 -0.0000
vn 0.4589 0.8885 -0.0000
vn 0.9999 -0.0119 -0.0000
vn 0.9711 -0.2389 -0.0000
vn 0.3776 -0.9260 -0.0000
vn 0.5781 -0.8159 -0.0000
vn -0.3203 -0.9473 -0.0000
vn -0.5273 -0.8497 -0.0000
vn 0.6968 0.7029 0.1425
vn 0.4789 0.3960 -0.7835
vn 0.7152 0.6925 -0.0947
vn 0.6501 0.7186 -0.2469
vn -0.5513 -0.3148 -0.7727
vn -0.2814 -0.4518 -0.8466
vn -0.2141 0.3295 -0.9195
vn -0.0519 0.5767 -0.8153
vn 0.8315 -0.5556 -0.0000
vn -0.2314 -0.3704 -0.8996
vn -0.3661 -0.9257 -0.0947
vn -0.4151 -0.8756 -0.2468
vn -0.2442 -0.9696 -0.0157
vn -0.1548 0.8035 0.5748
vn 0.1859 0.9825 -0.0070
vn 0.1688 0.9838 0.0603
vn 0.1185 0.7568 0.6428
vn -0.9088 -0.4074 -0.0900
vn -0.3868 0.0105 -0.9221
vn -0.5310 -0.1019 -0.8412
vn -0.8711 -0.4324 0.2326
vn 0.2037 0.4201 -0.8843
vn 0.0962 0.2998 -0.9491
vn -0.6536 -0.3997 0.6428
vn -0.7419 -0.4877 0.4602
vn 0.9501 -0.3120 -0.0000
vn 0.8543 -0.5197 -0.0000
vn 0.0816 -0.9967 -0.0000
vn 0.3060 -0.9520 -0.0000
vn 0.8543 0.5198 -0.0000
vn 0.7048 0.7094 -0.0000
vn -0.5903 -0.8072 -0.0000
vn -0.7584 -0.6518 -0.0000
vn -0.9955 -0.0286 -0.0900
vn -0.9703 -0.0662 0.2326
vn -0.7567 -0.1191 0.6428
vn -0.8720 -0.1666 0.4603
vn 0.5556 -0.8315 -0.0000
vn 0.2036 0.2402 -0.9491
vn -0.5296 0.1091 -0.8412
vn -0.3533 0.1577 -0.9221
vn 0.3490 0.3102 -0.8843
vn 0.9128 0.3828 0.1425
vn 0.8756 0.4151 -0.2468
vn 0.1645 0.8016 0.5748
vn 0.4260 0.8954 0.1293
vn 0.5325 0.8443 0.0603
vn 0.3991 0.6539 0.6428
vn 0.1727 0.5527 -0.8153
vn -0.0717 0.3864 -0.9195
vn 0.5940 0.1826 -0.7835
vn 0.9257 0.3662 -0.0946
vn -0.4329 -0.3097 -0.8466
vn -0.2703 0.0121 -0.9627
vn -0.7186 -0.6501 -0.2468
vn -0.7019 -0.6979 0.1424
vn 0.5555 -0.8315 -0.0000
vn -0.3555 -0.2536 -0.8996
vn -0.6762 -0.6903 -0.2575
vn -0.1596 -0.9872 -0.0000
vn -0.9501 -0.3120 -0.0000
vn -0.8543 -0.5199 -0.0000
vn 0.0817 -0.9967 -0.0000
vn 0.8109 -0.5852 -0.0000
vn 0.9227 -0.3855 -0.0000
vn 0.9501 0.3119 -0.0000
vn -1.0000 -0.0000 -0.0000
vn 0.5027 0.8485 -0.1651
vn 0.3085 0.3255 -0.8938
vn 0.3849 0.3797 -0.8412
vn 0.5078 0.8517 0.1293
vn 0.1602 0.2180 -0.9627
vn -0.0170 0.5320 -0.8466
vn 0.3611 -0.1551 -0.9195
vn 0.3849 -0.3798 -0.8412
vn -0.1448 -0.9378 -0.3155
vn 0.1602 -0.2180 -0.9627
vn 0.0939 -0.4658 -0.8799
vn -0.1888 -0.9716 0.1425
vn 0.3214 0.6954 0.6428
vn 0.3459 0.8176 0.4602
vn 0.4062 -0.9118 0.0602
vn 0.5078 -0.8517 0.1293
vn -0.2099 -0.9731 -0.0947
vn -0.1782 -0.5953 -0.7835
vn -0.0134 0.4365 -0.8996
vn -0.1983 0.9457 -0.2575
vn -0.1413 0.9587 -0.2468
vn -0.3356 0.9419 -0.0157
vn 0.3220 -0.6951 0.6428
vn 0.5751 -0.5821 0.5748
vn -0.3888 -0.9213 -0.0000
vn 0.8077 -0.4980 -0.3156
vn 0.3126 -0.0379 -0.9491
vn 0.4510 -0.1209 -0.8843
vn 0.8217 -0.5518 0.1425
vn 0.9980 0.0197 0.0602
vn 1.0000 0.0027 -0.0070
vn 0.5566 0.1597 -0.8153
vn 0.2833 0.2724 -0.9195
vn 0.4792 -0.3957 -0.7835
vn 0.8149 -0.5718 -0.0947
vn -0.1800 0.4108 -0.8938
vn -0.2002 0.5023 -0.8412
vn -0.9382 0.2426 -0.2468
vn -0.9982 0.0571 -0.0156
vn -0.4968 0.1912 -0.8466
vn -0.4131 0.4820 -0.7727
vn -0.5863 0.7931 -0.1650
vn -0.5872 0.7990 0.1294
vn -0.5157 0.5665 0.6428
vn -0.5151 0.5669 0.6428
vn 0.7599 0.3035 0.5748
vn 0.7656 0.0264 0.6428
vn -0.9017 -0.0140 -0.4320
vn -0.4073 0.1574 -0.8996
vn 0.5878 0.8090 -0.0000
vn 0.0424 0.9991 -0.0000
vn 0.2683 0.9633 -0.0000
vn -0.6216 0.7833 -0.0000
vn -0.7834 0.6216 -0.0000
vn -0.9633 -0.2683 -0.0000
vn -0.9991 -0.0425 -0.0000
vn -0.1920 -0.9814 -0.0000
vn -0.4216 -0.9068 -0.0000
vn 0.9919 -0.1273 -0.0000
vn 0.9739 0.2270 -0.0000
vn 0.9370 -0.3493 -0.0000
vn 0.4800 -0.8773 -0.0000
vn 0.2680 -0.9634 -0.0000
vn -0.6218 -0.7832 -0.0000
vn -0.4276 -0.9040 -0.0000
vn -0.9788 0.2047 -0.0000
vn -0.9994 -0.0357 -0.0000
vn -0.7561 0.6545 -0.0000
vn -0.9601 -0.2798 -0.0000
vn -0.4039 0.8809 -0.2468
vn -0.4545 0.8793 0.1424
vn -0.1652 0.5060 -0.8466
vn 0.0928 0.2541 -0.9627
vn 0.1234 -0.9409 -0.3155
vn 0.1678 -0.2664 -0.9491
vn 0.1909 -0.4261 -0.8843
vn 0.0906 -0.9856 0.1426
vn 0.3900 -0.0478 -0.9196
vn 0.4758 -0.2569 -0.8412
vn -0.9600 -0.2798 -0.0000
vn -0.4550 0.8524 -0.2575
vn 0.0708 -0.9930 -0.0947
vn -0.0045 -0.6214 -0.7835
vn -0.1350 0.4153 -0.8996
vn 0.3017 0.4886 -0.8187
vn 0.2287 0.9453 0.2326
vn 0.2452 0.9553 -0.1651
vn 0.2051 0.3988 -0.8938
vn 0.6451 -0.7617 0.0602
vn 0.7259 -0.6756 0.1294
vn 0.1139 0.7575 0.6428
vn 0.1033 0.8818 0.4602
vn 0.5036 -0.5772 0.6428
vn 0.5031 -0.5777 0.6428
vn 0.0119 -0.9999 -0.0000
vn -0.8019 -0.5974 -0.0000
vn -0.6452 -0.7640 -0.0000
vn 0.2387 -0.9711 -0.0000
vn 0.3379 0.9412 -0.0000
vn -0.2389 0.9710 -0.0000
vn -0.0119 0.9999 -0.0000
vn -0.9751 0.2219 -0.0000
vn -0.8935 0.4490 -0.0000
vn 0.4814 -0.8765 -0.0000
vn -0.8315 -0.5556 -0.0000
vn 0.2543 -0.0923 -0.9627
vn 0.1091 0.5296 -0.8412
vn 0.0757 0.4421 -0.8938
vn 0.3369 -0.3352 -0.8799
vn -0.0534 0.9848 -0.1651
vn -0.0509 0.9903 0.1293
vn -0.1191 0.7568 0.6428
vn -0.1666 0.8720 0.4603
vn -0.6501 0.7186 -0.2469
vn -0.8023 0.5967 -0.0157
vn -0.3097 0.4329 -0.8466
vn 0.0121 0.2703 -0.9627
vn 0.3661 -0.9257 -0.0947
vn 0.4151 -0.8756 -0.2469
vn 0.3828 -0.9128 0.1425
vn 0.1825 -0.5940 -0.7835
vn -0.2536 0.3555 -0.8996
vn -0.7596 0.4994 -0.4166
vn 0.3864 0.0717 -0.9195
vn 0.5310 -0.1019 -0.8412
vn 0.8443 -0.5325 0.0603
vn 0.8954 -0.4260 0.1293
vn 0.8016 -0.1645 0.5748
vn 0.6539 -0.3991 0.6428
vn -0.8315 -0.5555 -0.0000
vn 0.4008 -0.2396 -0.8843
vn 0.6395 -0.7554 0.1425
vn 0.6592 -0.7103 -0.2468
vn 0.2703 -0.0115 -0.9627
vn 0.6276 -0.7728 -0.0947
vn 0.3309 -0.2845 -0.8998
vn -0.3488 0.2628 -0.8996
vn -0.8903 0.4454 -0.0946
vn -0.3266 0.9408 -0.0900
vn 0.0441 0.3844 -0.9221
vn -0.0552 0.5379 -0.8412
vn -0.3463 0.9292 0.1293
vn -0.6259 -0.7799 -0.0000
vn -0.8361 0.4899 -0.2468
vn -0.9446 0.3278 -0.0157
vn -0.3206 0.3394 -0.8843
vn -0.0698 0.2614 -0.9627
vn 0.9892 -0.1153 -0.0900
vn 0.7436 -0.1840 0.6428
vn 0.8139 0.0842 0.5748
vn 0.9821 -0.1371 0.1293
vn 0.5371 0.0625 -0.8412
vn 0.3657 0.1263 -0.9221
vn -0.3412 0.6859 0.6428
vn -0.3405 0.6862 0.6428
vn 0.5903 -0.8072 -0.0000
vn 0.7584 -0.6518 -0.0000
vn 0.9382 -0.3461 -0.0000
vn -0.5198 0.8543 -0.0000
vn -0.9967 -0.0817 -0.0000
vn -0.9872 0.1596 -0.0000
vn -0.3120 0.9501 -0.0000
vn -0.4569 -0.8895 -0.0000
vn -0.2303 -0.9731 -0.0000
vn 0.7526 -0.6585 -0.0000
vn 0.5832 -0.8123 -0.0000
vn -0.3143 -0.9493 -0.0000
vn -0.0903 -0.9959 -0.0000
vn -0.9260 -0.3776 -0.0000
vn -0.9895 -0.1447 -0.0000
vn -0.7526 0.6584 -0.0000
vn -0.5833 0.8122 -0.0000
vn -0.2630 0.9648 -0.0000
vt 0.473905 0.833993
vt 0.534844 0.865657
vt 0.505386 0.865657
vt 0.473905 0.804972
vt 0.439638 0.833993
vt 0.403045 0.833993
vt 0.133941 0.930908
vt 0.088217 0.930908
vt 0.088217 0.006397
vt 0.133941 0.006397
vt 0.439491 0.999064
vt 0.439491 0.922607
vt 0.505239 0.922607
vt 0.505239 0.999064
vt 0.534844 0.804972
vt 0.534844 0.833993
vt 0.300704 0.865657
vt 0.332185 0.887668
vt 0.271246 0.865657
vt 0.366452 0.804972
vt 0.366452 0.833993
vt 0.300704 0.833993
vt 0.300704 0.804972
vt 0.271246 0.833993
vt 0.402898 0.922607
vt 0.402898 0.999064
vt 0.332039 0.999064
vt 0.366306 0.922607
vt 0.045400 0.930908
vt 0.045400 0.006397
vt 0.271099 0.999064
vt 0.271099 0.922607
vt 0.332039 0.922607
vt 0.534697 0.999064
vt 0.534697 0.922607
vt 0.505386 0.917955
vt 0.473905 0.887668
vt 0.534844 0.887668
vt 0.179664 0.006397
vt 0.179664 0.930908
vt 0.047279 0.930908
vt 0.047279 0.006397
vt 0.222481 0.006397
vt 0.261817 0.006397
vt 0.261817 0.930908
vt 0.505386 0.887668
vt 0.403045 0.804972
vt 0.271246 0.917955
vt 0.271246 0.887668
vt 0.332185 0.917955
vt 0.403045 0.887668
vt 0.366452 0.917955
vt 0.332185 0.865657
vt 0.439638 0.865657
vt 0.439638 0.917955
vt 0.403045 0.917955
vt 0.223547 0.930908
vt 0.223547 0.006397
vt 0.473905 0.917955
vt 0.534844 0.917955
vt 0.403045 0.865657
vt 0.271246 0.804972
vt 0.473758 0.999064
vt 0.473758 0.922607
vt 0.300558 0.922607
vt 0.300558 0.999064
vt 0.222481 0.930908
vt 0.366306 0.999064
vt 0.006064 0.930908
vt 0.439638 0.887668
vt 0.332185 0.804972
vt 0.332185 0.833993
vt 0.366452 0.865657
vt 0.006064 0.006397
vt 0.300704 0.917955
vt 0.473905 0.865657
vt 0.439638 0.804972
vt 0.300704 0.887668
vt 0.366452 0.887668
vt 0.380768 0.804816
vt 0.300702 0.683061
vt 0.274166 0.683061
vt 0.363688 0.804816
vt 0.391543 0.683061
vt 0.432419 0.804816
vt 0.403200 0.804816
vt 0.340060 0.683061
vt 0.468759 0.804816
vt 0.453192 0.683061
vt 0.457262 0.804816
vt 0.434980 0.683061
vt 0.435520 0.683061
vt 0.315075 0.541167
vt 0.423556 0.634796
vt 0.315075 0.673127
vt 0.275629 0.607147
vt 0.315075 0.541166
vt 0.315075 0.673127
vt 0.434843 0.607147
vt 0.395398 0.541166
vt 0.395398 0.541167
vt 0.423556 0.634796
vt 0.068474 0.940966
vt 0.068474 0.997217
vt 0.005666 0.997217
vt 0.005666 0.940966
vt 0.270803 0.997217
vt 0.207996 0.997217
vt 0.207996 0.940966
vt 0.270803 0.940966
vt 0.138235 0.997217
vt 0.138235 0.940966
vt 0.240190 0.997217
vt 0.173844 0.997217
vt 0.173844 0.940966
vt 0.240190 0.940966
vt 0.102625 0.940966
vt 0.102625 0.997217
vt 0.036279 0.997217
vt 0.036279 0.940966
s 1
usemtl f008_001_hasirat1.015
f 2789/1438/1794 2761/1439/1795 2759/1440/1796
f 2790/1441/1797 2773/1442/1798 2775/1443/1799
f 2784/1444/1800 2785/1445/1801 2777/1446/1802 2778/1447/1803
f 2800/1448/1804 2783/1449/1805 2782/1450/1806 2799/1451/1807
f 2792/1452/1808 2791/1453/1809 2789/1438/1794 2790/1441/1797
f 2765/1454/1810 2766/1455/1811 2794/1456/1812
f 2770/1457/1813 2769/1458/1814 2768/1459/1815 2797/1460/1816
f 2765/1454/1810 2794/1456/1812 2795/1461/1817 2768/1459/1815
f 2784/1462/1800 2801/1463/1818 2802/1464/1819 2785/1465/1801
f 2786/1466/1820 2771/1467/1821 2777/1446/1802 2785/1445/1801
f 2803/1468/1822 2787/1469/1823 2786/1470/1820 2802/1464/1819
f 2798/1471/1824 2799/1451/1807 2782/1450/1806 2781/1472/1825
f 2801/1463/1818 2784/1462/1800 2783/1449/1805 2800/1448/1804
f 2763/1473/1826 2757/1474/1827 2760/1475/1828
f 2778/1447/1803 2780/1476/1829 2783/1477/1805 2784/1444/1800
f 2786/1466/1820 2787/1478/1823 2772/1479/1830 2771/1467/1821
f 2764/1480/1831 2763/1481/1826 2782/1482/1806 2783/1477/1805
f 2759/1440/1796 2761/1439/1795 2760/1475/1828 2758/1483/1832
f 2769/1458/1814 2770/1457/1813 2774/1484/1833 2775/1443/1799
f 2772/1485/1830 2793/1486/1834 2766/1455/1811 2771/1487/1821
f 2779/1488/1835 2777/1489/1802 2771/1487/1821
f 2767/1490/1836 2768/1459/1815 2769/1458/1814
f 2788/1491/1837 2757/1474/1827 2779/1488/1835
f 2757/1474/1827 2780/1492/1829 2778/1493/1803
f 2788/1491/1837 2773/1442/1798 2789/1438/1794
f 2789/1438/1794 2791/1453/1809 2761/1439/1795
f 2759/1440/1796 2788/1491/1837 2789/1438/1794
f 2775/1443/1799 2774/1484/1833 2790/1441/1797
f 2790/1441/1797 2789/1438/1794 2773/1442/1798
f 2802/1464/1819 2786/1470/1820 2785/1465/1801
f 2783/1477/1805 2780/1476/1829 2764/1480/1831
f 2765/1454/1810 2767/1490/1836 2766/1455/1811
f 2766/1455/1811 2793/1486/1834 2794/1456/1812
f 2781/1494/1825 2782/1482/1806 2763/1481/1826 2762/1495/1838
f 2763/1473/1826 2764/1496/1831 2757/1474/1827
f 2757/1474/1827 2758/1483/1832 2760/1475/1828
f 2760/1475/1828 2762/1497/1838 2763/1473/1826
f 2771/1487/1821 2766/1455/1811 2779/1488/1835
f 2779/1488/1835 2778/1493/1803 2777/1489/1802
f 2769/1458/1814 2775/1443/1799 2773/1442/1798
f 2773/1442/1798 2788/1491/1837 2776/1498/1839
f 2769/1458/1814 2773/1442/1798 2776/1498/1839
f 2766/1455/1811 2767/1490/1836 2776/1498/1839 2779/1488/1835
f 2769/1458/1814 2776/1498/1839 2767/1490/1836
f 2767/1490/1836 2765/1454/1810 2768/1459/1815
f 2788/1491/1837 2759/1440/1796 2758/1483/1832
f 2779/1488/1835 2776/1498/1839 2788/1491/1837
f 2788/1491/1837 2758/1483/1832 2757/1474/1827
f 2778/1493/1803 2779/1488/1835 2757/1474/1827
f 2757/1474/1827 2764/1496/1831 2780/1492/1829
f 2797/1460/1816 2768/1459/1815 2795/1461/1817 2796/1499/1840
f 2833/1454/1841 2834/1455/1842 2831/1456/1843
f 2816/1471/1844 2818/1500/1845 2817/1501/1846 2815/1472/1847
f 2828/1468/1848 2827/1469/1849 2825/1502/1850 2826/1503/1851
f 2814/1495/1852 2815/1494/1847 2817/1504/1846 2813/1480/1853
f 2822/1465/1854 2823/1505/1855 2826/1503/1851 2824/1470/1856
f 2809/1491/1857 2808/1498/1858 2810/1443/1859 2845/1442/1860
f 2844/1484/1861 2842/1441/1862 2843/1438/1863 2810/1443/1859
f 2818/1500/1845 2820/1448/1864 2819/1449/1865 2817/1501/1846
f 2835/1467/1866 2836/1447/1867 2821/1444/1868 2822/1445/1854
f 2829/1479/1869 2835/1467/1866 2824/1466/1856 2825/1506/1850
f 2835/1487/1866 2834/1455/1842 2811/1507/1870 2812/1492/1871
f 2811/1507/1870 2809/1491/1857 2839/1439/1872 2838/1475/1873
f 2819/1449/1865 2820/1448/1864 2823/1505/1855 2821/1462/1868
f 2812/1492/1871 2811/1507/1870 2838/1475/1873 2814/1497/1852
f 2819/1477/1865 2821/1444/1868 2836/1447/1867 2813/1480/1853
f 2809/1491/1857 2843/1438/1863 2840/1453/1874
f 2808/1498/1858 2811/1507/1870 2805/1490/1875
f 2806/1508/1876 2804/1509/1877 2832/1461/1878 2837/1499/1879
f 2810/1443/1859 2805/1490/1875 2804/1509/1877
f 2840/1453/1874 2843/1438/1863 2842/1441/1862 2841/1452/1880
f 2833/1454/1841 2805/1490/1875 2834/1455/1842
f 2834/1455/1842 2830/1486/1881 2831/1456/1843
f 2823/1505/1855 2822/1465/1854 2821/1462/1868
f 2836/1447/1867 2812/1476/1871 2813/1480/1853
f 2813/1480/1853 2817/1504/1846 2819/1477/1865
f 2822/1445/1854 2824/1466/1856 2835/1467/1866
f 2814/1497/1852 2813/1496/1853 2812/1492/1871
f 2826/1503/1851 2825/1502/1850 2824/1470/1856
f 2825/1506/1850 2827/1478/1849 2829/1479/1869
f 2840/1453/1874 2839/1439/1872 2809/1491/1857
f 2809/1491/1857 2845/1442/1860 2843/1438/1863
f 2805/1490/1875 2807/1510/1882 2808/1498/1858
f 2808/1498/1858 2809/1491/1857 2811/1507/1870
f 2811/1507/1870 2834/1455/1842 2805/1490/1875
f 2812/1492/1871 2836/1493/1867 2835/1487/1866
f 2829/1485/1869 2830/1486/1881 2834/1455/1842 2835/1487/1866
f 2833/1454/1841 2831/1456/1843 2832/1461/1878
f 2833/1454/1841 2832/1461/1878 2804/1509/1877
f 2810/1443/1859 2808/1498/1858 2807/1510/1882
f 2805/1490/1875 2833/1454/1841 2804/1509/1877
f 2810/1443/1859 2807/1510/1882 2805/1490/1875
f 2843/1438/1863 2845/1442/1860 2810/1443/1859
f 2804/1509/1877 2806/1508/1876 2844/1484/1861 2810/1443/1859
f 2863/1497/1883 2881/1496/1884 2879/1474/1885 2864/1475/1886
f 2877/1488/1887 2883/1489/1888 2847/1487/1889
f 2882/1447/1890 2880/1476/1891 2858/1477/1892 2857/1444/1893
f 2885/1490/1894 2878/1510/1895 2877/1488/1887
f 2873/1442/1896 2871/1438/1897 2876/1498/1898
f 2858/1449/1892 2860/1501/1899 2859/1500/1900 2856/1463/1901
f 2871/1438/1897 2869/1441/1902 2868/1452/1903 2867/1453/1904
f 2857/1462/1893 2856/1463/1901 2854/1505/1905 2855/1465/1906
f 2849/1479/1907 2846/1511/1908 2850/1506/1909 2851/1478/1910
f 2850/1502/1909 2853/1503/1911 2852/1468/1912 2851/1469/1910
f 2846/1512/1908 2848/1486/1913 2847/1487/1889
f 2863/1495/1883 2862/1494/1914 2860/1504/1899 2881/1480/1884
f 2857/1444/1893 2855/1445/1906 2883/1446/1888 2882/1447/1890
f 2860/1501/1899 2862/1472/1914 2861/1471/1915 2859/1500/1900
f 2874/1458/1916 2886/1459/1917 2887/1460/1918 2875/1457/1919
f 2854/1505/1905 2853/1503/1911 2850/1502/1909 2855/1465/1906
f 2848/1486/1913 2890/1456/1920 2885/1490/1894 2884/1455/1921
f 2886/1459/1917 2889/1461/1922 2888/1499/1923 2887/1460/1918
f 2877/1488/1887 2876/1498/1898 2872/1513/1924 2879/1474/1885
f 2875/1457/1919 2870/1514/1925 2873/1442/1896 2874/1458/1916
f 2850/1506/1909 2846/1511/1908 2847/1467/1889 2855/1445/1906
f 2865/1440/1926 2864/1475/1886 2872/1513/1924
f 2880/1492/1891 2877/1488/1887 2879/1474/1885
f 2874/1458/1916 2885/1490/1894 2889/1461/1922
f 2847/1487/1889 2884/1455/1921 2877/1488/1887
f 2877/1488/1887 2882/1493/1890 2883/1489/1888
f 2877/1488/1887 2884/1455/1921 2885/1490/1894
f 2878/1510/1895 2876/1498/1898 2877/1488/1887
f 2867/1453/1904 2866/1439/1927 2865/1440/1926
f 2871/1438/1897 2867/1453/1904 2865/1440/1926
f 2876/1498/1898 2878/1510/1895 2874/1458/1916
f 2871/1438/1897 2865/1440/1926 2872/1513/1924
f 2876/1498/1898 2874/1458/1916 2873/1442/1896
f 2871/1438/1897 2872/1513/1924 2876/1498/1898
f 2856/1463/1901 2857/1462/1893 2858/1449/1892
f 2846/1512/1908 2849/1485/1907 2848/1486/1913
f 2848/1486/1913 2884/1455/1921 2847/1487/1889
f 2860/1504/1899 2858/1477/1892 2880/1476/1891 2881/1480/1884
f 2847/1467/1889 2883/1446/1888 2855/1445/1906
f 2865/1440/1926 2866/1439/1927 2864/1475/1886
f 2864/1475/1886 2879/1474/1885 2872/1513/1924
f 2879/1474/1885 2881/1496/1884 2880/1492/1891
f 2880/1492/1891 2882/1493/1890 2877/1488/1887
f 2889/1461/1922 2886/1459/1917 2874/1458/1916
f 2874/1458/1916 2878/1510/1895 2885/1490/1894
f 2885/1490/1894 2890/1456/1920 2889/1461/1922
f 2873/1442/1896 2870/1514/1925 2869/1441/1902 2871/1438/1897
f 2896/1497/1928 2918/1496/1929 2919/1474/1930 2895/1475/1931
f 2901/1463/1932 2904/1505/1933 2903/1465/1934 2902/1462/1935
f 2907/1467/1936 2917/1447/1937 2902/1444/1935 2903/1445/1934
f 2907/1487/1936 2910/1486/1938 2912/1515/1939
f 2900/1500/1940 2901/1463/1932 2902/1462/1935 2899/1501/1941
f 2925/1509/1942 2924/1508/1943 2922/1484/1944 2923/1443/1945
f 2908/1478/1946 2909/1479/1947 2907/1467/1936 2906/1506/1948
f 2929/1503/1949 2930/1468/1950 2908/1469/1946 2906/1502/1948
f 2921/1438/1951 2891/1441/1952 2892/1452/1953 2893/1453/1954
f 2915/1488/1955 2919/1474/1930 2918/1496/1929 2917/1493/1937
f 2897/1494/1956 2899/1504/1941 2918/1480/1929 2896/1495/1928
f 2927/1461/1957 2926/1499/1958 2924/1508/1943 2925/1509/1942
f 2916/1510/1959 2914/1455/1960 2913/1454/1961
f 2911/1456/1962 2913/1454/1961 2912/1515/1939 2910/1486/1938
f 2920/1513/1963 2928/1498/1964 2923/1443/1945 2921/1438/1951
f 2925/1509/1942 2916/1510/1959 2913/1454/1961
f 2917/1493/1937 2907/1487/1936 2914/1455/1960 2915/1488/1955
f 2920/1513/1963 2919/1474/1930 2915/1488/1955 2928/1498/1964
f 2917/1447/1937 2918/1480/1929 2899/1504/1941 2902/1444/1935
f 2919/1474/1930 2920/1513/1963 2894/1439/1965 2895/1475/1931
f 2898/1471/1966 2900/1500/1940 2899/1501/1941 2897/1472/1956
f 2921/1438/1951 2893/1453/1954 2894/1439/1965 2920/1513/1963
f 2907/1467/1936 2905/1466/1967 2906/1506/1948
f 2912/1515/1939 2914/1455/1960 2907/1487/1936
f 2907/1487/1936 2909/1485/1947 2910/1486/1938
f 2929/1503/1949 2906/1502/1948 2905/1470/1967
f 2916/1510/1959 2928/1498/1964 2915/1488/1955
f 2914/1455/1960 2912/1515/1939 2913/1454/1961
f 2916/1510/1959 2915/1488/1955 2914/1455/1960
f 2903/1445/1934 2905/1466/1967 2907/1467/1936
f 2913/1454/1961 2911/1456/1962 2927/1461/1957
f 2923/1443/1945 2928/1498/1964 2916/1510/1959
f 2913/1454/1961 2927/1461/1957 2925/1509/1942
f 2925/1509/1942 2923/1443/1945 2916/1510/1959
f 2903/1465/1934 2904/1505/1933 2929/1503/1949 2905/1470/1967
f 2891/1441/1952 2921/1438/1951 2923/1443/1945 2922/1484/1944
f 2965/1488/1968 2968/1489/1969 2969/1455/1970
f 2974/1441/1971 2970/1438/1972 2931/1443/1973 2932/1484/1974
f 2940/1461/1975 2941/1499/1976 2937/1508/1977 2938/1509/1978
f 2952/1448/1979 2950/1505/1980 2951/1465/1981 2953/1449/1982
f 2951/1445/1981 2968/1446/1969 2967/1447/1983 2953/1477/1982
f 2960/1480/1984 2958/1495/1985 2956/1494/1986 2955/1504/1987
f 2968/1446/1969 2951/1445/1981 2947/1506/1988 2946/1467/1989
f 2959/1475/1990 2963/1507/1991 2962/1513/1992
f 2963/1507/1991 2966/1516/1993 2934/1498/1994
f 2931/1443/1973 2970/1438/1972 2962/1513/1992
f 2935/1458/1995 2931/1443/1973 2934/1498/1994 2936/1510/1996
f 2947/1502/1988 2951/1465/1981 2950/1505/1980 2948/1503/1997
f 2955/1501/1987 2956/1472/1986 2957/1471/1998 2954/1500/1999
f 2953/1449/1982 2955/1501/1987 2954/1500/1999 2952/1448/1979
f 2955/1504/1987 2953/1477/1982 2964/1476/2000 2960/1480/1984
f 2969/1455/1970 2945/1512/2001 2944/1485/2002
f 2944/1479/2002 2945/1511/2001 2947/1506/1988 2949/1478/2003
f 2938/1509/1978 2937/1508/1977 2932/1484/1974 2931/1443/1973
f 2965/1488/1968 2961/1474/2004 2964/1492/2000
f 2939/1454/2005 2966/1516/1993 2969/1455/1970
f 2976/1468/2006 2949/1469/2003 2947/1502/1988 2948/1503/1997
f 2939/1454/2005 2940/1461/1975 2935/1458/1995
f 2969/1455/1970 2966/1516/1993 2965/1488/1968
f 2965/1488/1968 2967/1493/1983 2968/1489/1969
f 2968/1489/1969 2946/1487/1989 2969/1455/1970
f 2931/1443/1973 2935/1458/1995 2938/1509/1978
f 2947/1506/1988 2945/1511/2001 2946/1467/1989
f 2971/1440/2007 2972/1439/2008 2959/1475/1990
f 2959/1475/1990 2961/1474/2004 2963/1507/1991
f 2963/1507/1991 2933/1491/2009 2962/1513/1992
f 2962/1513/1992 2971/1440/2007 2959/1475/1990
f 2934/1498/1994 2933/1491/2009 2963/1507/1991
f 2963/1507/1991 2965/1488/1968 2966/1516/1993
f 2966/1516/1993 2936/1510/1996 2934/1498/1994
f 2959/1475/1990 2958/1497/1985 2960/1496/1984 2961/1474/2004
f 2973/1453/2010 2972/1439/2008 2971/1440/2007
f 2970/1438/1972 2973/1453/2010 2971/1440/2007
f 2933/1491/2009 2934/1498/1994 2931/1443/1973
f 2970/1438/1972 2971/1440/2007 2962/1513/1992
f 2962/1513/1992 2933/1491/2009 2931/1443/1973
f 2967/1447/1983 2964/1476/2000 2953/1477/1982
f 2944/1485/2002 2943/1486/2011 2969/1455/1970
f 2969/1455/1970 2946/1487/1989 2945/1512/2001
f 2964/1492/2000 2967/1493/1983 2965/1488/1968
f 2965/1488/1968 2963/1507/1991 2961/1474/2004
f 2961/1474/2004 2960/1496/1984 2964/1492/2000
f 2943/1486/2011 2942/1456/2012 2939/1454/2005
f 2939/1454/2005 2936/1510/1996 2966/1516/1993
f 2969/1455/1970 2943/1486/2011 2939/1454/2005
f 2939/1454/2005 2942/1456/2012 2940/1461/1975
f 2940/1461/1975 2938/1509/1978 2935/1458/1995
f 2935/1458/1995 2936/1510/1996 2939/1454/2005
f 2975/1452/2013 2973/1453/2010 2970/1438/1972 2974/1441/1971
f 3011/1489/2014 3009/1455/2015 2983/1488/2016
f 3006/1454/2017 3007/1461/2018 2977/1509/2019
f 3016/1453/2020 3019/1438/2021 3018/1441/2022 3017/1452/2023
f 2994/1463/2024 2993/1462/2025 2989/1501/2026 2992/1500/2027
f 2981/1443/2028 3020/1484/2029 3018/1441/2022 3019/1438/2021
f 3012/1447/2030 2993/1444/2025 2995/1445/2031 3011/1446/2014
f 3009/1455/2015 2999/1512/2032 3000/1485/2033
f 2999/1511/2032 2997/1506/2034 3001/1478/2035 3000/1479/2033
f 2980/1458/2036 2981/1443/2028 2982/1498/2037 2979/1510/2038
f 3014/1440/2039 3013/1475/2040 2985/1513/2041
f 3020/1484/2029 2980/1458/2036 2977/1509/2019
f 2989/1504/2026 2987/1480/2042 2988/1495/2043 2990/1494/2044
f 2989/1504/2026 2993/1444/2025 3012/1447/2030 2987/1480/2042
f 2989/1501/2026 2990/1472/2044 2991/1471/2045 2992/1500/2027
f 2982/1498/2037 2986/1474/2046 3010/1516/2047
f 2995/1445/2031 2997/1506/2034 2999/1511/2032 3011/1446/2014
f 2995/1465/2031 2996/1505/2048 3002/1503/2049 2997/1502/2034
f 3003/1468/2050 3001/1469/2035 2997/1502/2034 3002/1503/2049
f 2996/1505/2048 2995/1465/2031 2993/1462/2025 2994/1463/2024
f 2981/1443/2028 3019/1438/2021 2985/1513/2041
f 3009/1455/2015 3004/1486/2051 3006/1454/2017
f 3013/1475/2040 2988/1497/2043 2987/1496/2042 2986/1474/2046
f 3011/1489/2014 2998/1487/2052 3009/1455/2015
f 3009/1455/2015 3010/1516/2047 2983/1488/2016
f 2983/1488/2016 3012/1493/2030 3011/1489/2014
f 2977/1509/2019 2980/1458/2036 2979/1510/2038
f 3006/1454/2017 3005/1456/2053 3007/1461/2018
f 2977/1509/2019 2979/1510/2038 3006/1454/2017
f 3000/1485/2033 3004/1486/2051 3009/1455/2015
f 3009/1455/2015 2998/1487/2052 2999/1512/2032
f 3014/1440/2039 3015/1439/2054 3013/1475/2040
f 3013/1475/2040 2986/1474/2046 2985/1513/2041
f 2977/1509/2019 2978/1508/2055 3020/1484/2029
f 3020/1484/2029 2981/1443/2028 2980/1458/2036
f 2999/1511/2032 2998/1467/2052 3011/1446/2014
f 2984/1491/2056 2985/1513/2041 2986/1474/2046
f 2986/1474/2046 2983/1488/2016 3010/1516/2047
f 3010/1516/2047 2979/1510/2038 2982/1498/2037
f 2982/1498/2037 2984/1491/2056 2986/1474/2046
f 3012/1493/2030 2983/1488/2016 2986/1474/2046 2987/1496/2042
f 3016/1453/2020 3015/1439/2054 3014/1440/2039
f 3019/1438/2021 3016/1453/2020 3014/1440/2039
f 2984/1491/2056 2982/1498/2037 2981/1443/2028
f 3019/1438/2021 3014/1440/2039 2985/1513/2041
f 2985/1513/2041 2984/1491/2056 2981/1443/2028
f 3006/1454/2017 2979/1510/2038 3010/1516/2047
f 3004/1486/2051 3005/1456/2053 3006/1454/2017
f 3006/1454/2017 3010/1516/2047 3009/1455/2015
f 2977/1509/2019 3007/1461/2018 3008/1499/2057 2978/1508/2055
f 3053/1501/2058 3052/1500/2059 3050/1463/2060 3051/1462/2061
f 3034/1455/2062 3043/1486/2063 3042/1456/2064 3035/1490/2065
f 3038/1458/2066 3036/1459/2067 3037/1460/2068 3039/1457/2069
f 3023/1484/2070 3021/1443/2071 3038/1458/2066 3039/1457/2069
f 3036/1459/2067 3041/1461/2072 3040/1499/2073 3037/1460/2068
f 3026/1474/2074 3057/1475/2075 3056/1497/2076 3027/1496/2077
f 3044/1511/2078 3033/1446/2079 3048/1445/2080 3047/1506/2081
f 3051/1444/2061 3032/1447/2082 3027/1480/2077 3053/1504/2058
f 3047/1502/2081 3062/1503/2083 3063/1468/2084 3046/1469/2085
f 3035/1490/2065 3041/1461/2072 3036/1459/2067
f 3031/1510/2086 3029/1488/2087 3034/1455/2062
f 3030/1516/2088 3044/1512/2078 3043/1486/2063
f 3028/1498/2089 3031/1510/2086 3038/1458/2066 3021/1443/2071
f 3044/1511/2078 3047/1506/2081 3046/1478/2085 3045/1479/2090
f 3032/1447/2082 3051/1444/2061 3048/1445/2080 3033/1446/2079
f 3062/1503/2083 3047/1502/2081 3048/1465/2080 3049/1505/2091
f 3024/1513/2092 3025/1440/2093 3057/1475/2075
f 3060/1452/2094 3059/1453/2095 3022/1438/2096 3061/1441/2097
f 3048/1465/2080 3051/1462/2061 3050/1463/2060 3049/1505/2091
f 3055/1494/2098 3053/1504/2058 3027/1480/2077 3056/1495/2076
f 3055/1472/2098 3054/1471/2099 3052/1500/2059 3053/1501/2058
f 3024/1513/2092 3028/1498/2089 3021/1443/2071 3022/1438/2096
f 3026/1474/2074 3032/1493/2082 3030/1516/2088
f 3036/1459/2067 3038/1458/2066 3031/1510/2086
f 3035/1490/2065 3042/1456/2064 3041/1461/2072
f 3036/1459/2067 3031/1510/2086 3035/1490/2065
f 3031/1510/2086 3028/1498/2089 3029/1488/2087
f 3029/1488/2087 3030/1516/2088 3034/1455/2062
f 3034/1455/2062 3035/1490/2065 3031/1510/2086
f 3043/1486/2063 3034/1455/2062 3030/1516/2088
f 3030/1516/2088 3033/1489/2079 3044/1512/2078
f 3044/1512/2078 3045/1485/2090 3043/1486/2063
f 3059/1453/2095 3058/1439/2100 3025/1440/2093
f 3022/1438/2096 3059/1453/2095 3025/1440/2093
f 3024/1513/2092 3026/1474/2074 3029/1488/2087 3028/1498/2089
f 3022/1438/2096 3025/1440/2093 3024/1513/2092
f 3057/1475/2075 3026/1474/2074 3024/1513/2092
f 3025/1440/2093 3058/1439/2100 3057/1475/2075
f 3030/1516/2088 3029/1488/2087 3026/1474/2074
f 3026/1474/2074 3027/1496/2077 3032/1493/2082
f 3032/1493/2082 3033/1489/2079 3030/1516/2088
f 3022/1438/2096 3021/1443/2071 3023/1484/2070 3061/1441/2097
f 3102/1474/2101 3080/1440/2102 3081/1439/2103
f 3104/1498/2104 3105/1513/2105 3098/1516/2106
f 3095/1486/2107 3097/1489/2108 3064/1487/2109
f 3098/1516/2106 3095/1486/2107 3094/1456/2110 3099/1510/2111
f 3068/1464/2112 3065/1470/2113 3066/1465/2114 3067/1505/2115
f 3087/1443/2116 3085/1438/2117 3105/1513/2105
f 3089/1458/2118 3087/1443/2116 3104/1498/2104 3099/1510/2111
f 3096/1479/2119 3064/1467/2109 3065/1466/2113 3070/1478/2120
f 3089/1458/2118 3094/1456/2110 3093/1461/2121
f 3088/1457/2122 3086/1484/2123 3087/1443/2116 3089/1458/2118
f 3065/1470/2113 3068/1464/2112 3069/1468/2124 3070/1469/2120
f 3073/1504/2125 3072/1477/2126 3100/1476/2127 3101/1480/2128
f 3075/1450/2129 3077/1472/2130 3076/1471/2131 3074/1451/2132
f 3101/1480/2128 3078/1495/2133 3077/1494/2130 3075/1482/2129
f 3100/1476/2127 3072/1477/2126 3066/1445/2114 3097/1446/2108
f 3071/1448/2134 3067/1505/2115 3066/1465/2114 3072/1449/2126
f 3091/1459/2135 3093/1461/2121 3092/1499/2136 3090/1460/2137
f 3083/1452/2138 3082/1453/2139 3085/1438/2117 3084/1441/2140
f 3064/1467/2109 3097/1446/2108 3066/1445/2114 3065/1466/2113
f 3073/1501/2125 3075/1450/2129 3074/1451/2132 3071/1448/2134
f 3097/1489/2108 3098/1516/2106 3102/1474/2101 3101/1496/2128
f 3085/1438/2117 3087/1443/2116 3086/1484/2123 3084/1441/2140
f 3081/1439/2103 3079/1475/2141 3102/1474/2101
f 3102/1474/2101 3105/1513/2105 3080/1440/2102
f 3098/1516/2106 3099/1510/2111 3104/1498/2104
f 3104/1498/2104 3103/1491/2142 3105/1513/2105
f 3105/1513/2105 3102/1474/2101 3098/1516/2106
f 3064/1487/2109 3096/1485/2119 3095/1486/2107
f 3095/1486/2107 3098/1516/2106 3097/1489/2108
f 3078/1497/2133 3101/1496/2128 3102/1474/2101 3079/1475/2141
f 3082/1453/2139 3081/1439/2103 3080/1440/2102
f 3085/1438/2117 3082/1453/2139 3080/1440/2102
f 3103/1491/2142 3104/1498/2104 3087/1443/2116
f 3085/1438/2117 3080/1440/2102 3105/1513/2105
f 3105/1513/2105 3103/1491/2142 3087/1443/2116
f 3075/1482/2129 3073/1504/2125 3101/1480/2128
f 3093/1461/2121 3091/1459/2135 3089/1458/2118
f 3089/1458/2118 3099/1510/2111 3094/1456/2110
f 3101/1496/2128 3100/1492/2127 3097/1489/2108
f 3071/1448/2134 3072/1449/2126 3073/1501/2125
f 3089/1458/2118 3091/1459/2135 3090/1460/2137 3088/1457/2122
f 3111/1438/2143 3112/1491/2144 3141/1443/2145
f 3126/1455/2146 3133/1486/2147 3134/1456/2148 3125/1490/2149
f 3109/1452/2150 3108/1453/2151 3111/1438/2143 3110/1441/2152
f 3122/1489/2153 3123/1516/2154 3113/1507/2155 3115/1492/2156
f 3107/1475/2157 3114/1496/2158 3115/1492/2156
f 3120/1444/2159 3121/1445/2160 3122/1446/2153 3115/1476/2156
f 3127/1467/2161 3128/1466/2162 3130/1478/2163 3129/1479/2164
f 3116/1501/2165 3145/1472/2166 3144/1471/2167 3118/1500/2168
f 3142/1484/2169 3110/1441/2152 3111/1438/2143 3141/1443/2145
f 3118/1500/2168 3119/1463/2170 3120/1462/2159 3117/1449/2171
f 3142/1484/2169 3141/1443/2145 3139/1458/2172 3140/1457/2173
f 3127/1467/2161 3122/1446/2153 3121/1445/2160 3128/1466/2162
f 3126/1455/2146 3123/1516/2154 3122/1489/2153 3127/1487/2161
f 3128/1470/2162 3132/1464/2174 3131/1468/2175 3130/1469/2163
f 3127/1487/2161 3129/1485/2164 3133/1486/2147 3126/1455/2146
f 3146/1495/2176 3145/1494/2166 3116/1504/2165 3114/1480/2158
f 3126/1455/2146 3143/1498/2177 3113/1507/2155
f 3138/1460/1923 3140/1457/2173 3139/1458/2172 3137/1459/2178
f 3116/1504/2165 3117/1477/2171 3115/1476/2156 3114/1480/2158
f 3137/1459/2178 3141/1443/2145 3125/1490/2149
f 3121/1465/2160 3120/1462/2159 3119/1463/2170 3132/1464/2174
f 3111/1438/2143 3108/1453/2151 3106/1439/2179
f 3112/1491/2144 3143/1498/2177 3141/1443/2145
f 3111/1438/2143 3106/1439/2179 3112/1491/2144
f 3112/1491/2144 3106/1439/2179 3107/1475/2157 3113/1507/2155
f 3115/1492/2156 3113/1507/2155 3107/1475/2157
f 3107/1475/2157 3146/1497/2176 3114/1496/2158
f 3115/1476/2156 3117/1477/2171 3120/1444/2159
f 3132/1464/2174 3128/1470/2162 3121/1465/2160
f 3113/1507/2155 3123/1516/2154 3126/1455/2146
f 3126/1455/2146 3125/1490/2149 3124/1510/2180
f 3143/1498/2177 3112/1491/2144 3113/1507/2155
f 3126/1455/2146 3124/1510/2180 3143/1498/2177
f 3134/1456/2148 3135/1461/2181 3137/1459/2178
f 3137/1459/2178 3139/1458/2172 3141/1443/2145
f 3141/1443/2145 3143/1498/2177 3124/1510/2180
f 3125/1490/2149 3134/1456/2148 3137/1459/2178
f 3141/1443/2145 3124/1510/2180 3125/1490/2149
f 3117/1449/2171 3116/1501/2165 3118/1500/2168
f 3138/1460/1923 3137/1459/2178 3135/1461/2181 3136/1499/2182
f 3153/1492/2183 3156/1488/2184 3150/1474/2185
f 3189/1441/2186 3188/1438/2187 3186/1442/2188 3187/1514/2189
f 3187/1514/2189 3186/1442/2188 3160/1458/2190 3161/1457/2191
f 3167/1489/2192 3165/1455/2193 3154/1493/2194
f 3178/1466/2195 3174/1506/2196 3168/1511/2197 3167/1446/2192
f 3175/1478/2198 3173/1479/2199 3168/1511/2197 3174/1506/2196
f 3168/1512/2197 3169/1486/2200 3166/1487/2201
f 3147/1481/2202 3148/1495/2203 3185/1494/2204 3151/1482/2205
f 3164/1490/2206 3171/1461/2207 3160/1458/2190
f 3169/1486/2200 3170/1456/2208 3164/1490/2206 3165/1455/2193
f 3152/1449/2209 3151/1450/2205 3183/1451/2210 3181/1448/2211
f 3189/1441/2186 3195/1452/2212 3190/1453/2213 3188/1438/2187
f 3151/1450/2205 3185/1472/2204 3184/1471/2214 3183/1451/2210
f 3194/1513/2215 3193/1475/2216 3155/1507/2217
f 3153/1476/2183 3152/1477/2209 3182/1444/2218 3167/1446/2192
f 3182/1462/2218 3152/1449/2209 3181/1448/2211 3180/1463/2219
f 3188/1438/2187 3194/1513/2215 3159/1491/2220 3186/1442/2188
f 3177/1464/2221 3176/1468/2222 3175/1469/2198 3174/1502/2196
f 3147/1481/2202 3151/1482/2205 3152/1477/2209 3153/1476/2183
f 3179/1465/2223 3182/1462/2218 3180/1463/2219 3177/1464/2221
f 3155/1507/2217 3165/1455/2193 3157/1510/2224
f 3150/1474/2185 3148/1497/2203 3147/1473/2202
f 3163/1460/2225 3162/1459/2226 3171/1461/2207 3172/1499/2227
f 3153/1492/2183 3154/1493/2194 3156/1488/2184
f 3156/1488/2184 3155/1507/2217 3150/1474/2185
f 3150/1474/2185 3149/1496/2228 3153/1492/2183
f 3174/1502/2196 3178/1470/2195 3177/1464/2221
f 3167/1489/2192 3166/1487/2201 3165/1455/2193
f 3165/1455/2193 3156/1488/2184 3154/1493/2194
f 3168/1512/2197 3173/1485/2199 3169/1486/2200
f 3169/1486/2200 3165/1455/2193 3166/1487/2201
f 3160/1458/2190 3157/1510/2224 3164/1490/2206
f 3164/1490/2206 3170/1456/2208 3171/1461/2207
f 3171/1461/2207 3162/1459/2226 3160/1458/2190
f 3190/1453/2213 3192/1439/2229 3191/1440/2230
f 3188/1438/2187 3190/1453/2213 3191/1440/2230
f 3158/1498/2231 3157/1510/2224 3160/1458/2190
f 3158/1498/2231 3160/1458/2190 3186/1442/2188
f 3188/1438/2187 3191/1440/2230 3194/1513/2215
f 3159/1491/2220 3158/1498/2231 3186/1442/2188
f 3191/1440/2230 3192/1439/2229 3193/1475/2216
f 3193/1475/2216 3150/1474/2185 3155/1507/2217
f 3155/1507/2217 3159/1491/2220 3194/1513/2215
f 3194/1513/2215 3191/1440/2230 3193/1475/2216
f 3168/1511/2197 3166/1467/2201 3167/1446/2192
f 3167/1446/2192 3179/1445/2223 3178/1466/2195
f 3153/1476/2183 3149/1480/2228 3147/1481/2202
f 3182/1444/2218 3179/1445/2223 3167/1446/2192
f 3167/1446/2192 3154/1447/2194 3153/1476/2183
f 3177/1464/2221 3178/1470/2195 3179/1465/2223
f 3158/1498/2231 3159/1491/2220 3155/1507/2217
f 3155/1507/2217 3156/1488/2184 3165/1455/2193
f 3165/1455/2193 3164/1490/2206 3157/1510/2224
f 3157/1510/2224 3158/1498/2231 3155/1507/2217
f 3147/1473/2202 3149/1496/2228 3150/1474/2185
f 3150/1474/2185 3193/1475/2216 3148/1497/2203
f 3161/1457/2191 3160/1458/2190 3162/1459/2226 3163/1460/2225
f 3207/1517/2232 3208/1518/2233 3196/1519/2234 3197/1520/2235
f 3213/1521/2236 3212/1522/2237 3214/1523/2238 3215/1524/2239
f 3209/1525/2240 3199/1526/2241 3198/1526/2242 3200/1525/2243
f 3217/1517/2244 3216/1518/2245 3215/1524/2239 3214/1523/2238
f 3201/1527/2246 3200/1525/2243 3198/1526/2242 3202/1528/2247
f 3212/1522/2237 3213/1521/2236 3211/1529/2248 3210/1527/2249
f 3206/1524/2250 3208/1518/2233 3207/1517/2232 3205/1523/2251
s 0
f 3206/1530/2252 3198/1531/2252 3196/1532/2252 3208/1533/2252
f 3215/1534/2252 3219/1535/2252 3211/1536/2252 3213/1537/2252
f 3219/1535/2252 3196/1532/2252 3198/1531/2252
s 1
f 3203/1521/2253 3206/1524/2250 3205/1523/2251 3204/1522/2254
f 3202/1529/2247 3203/1521/2253 3204/1522/2254 3201/1527/2246
f 3219/1519/2255 3216/1518/2245 3217/1517/2244 3218/1520/2256
s 0
f 3215/1534/2252 3216/1533/2252 3219/1535/2252
f 3206/1530/2252 3203/1538/2252 3202/1536/2252
f 3206/1530/2252 3202/1536/2252 3198/1531/2252
f 3199/1539/2252 3211/1536/2252 3219/1535/2252
f 3198/1531/2252 3199/1539/2252 3219/1535/2252
s 1
f 3210/1527/2249 3211/1528/2248 3199/1526/2241 3209/1525/2240
f 3223/1540/2257 3222/1541/2258 3220/1542/2259 3221/1543/2259
f 3228/1544/2150 3226/1545/2260 3227/1546/2261 3229/1547/2150
f 3227/1546/2261 3226/1545/2260 3224/1548/2262 3225/1549/2263
f 3225/1549/2263 3224/1548/2262 3222/1541/2258 3223/1540/2257
f 3248/1517/2264 3251/1523/2265 3250/1524/2266 3249/1518/2267
f 3236/1526/2268 3234/1525/2269 3235/1527/2270 3241/1528/2271
f 3236/1526/2268 3231/1526/2272 3233/1525/2273 3234/1525/2269
f 3246/1519/2274 3247/1520/2275 3248/1517/2264 3249/1518/2267
s 0
f 3240/1535/2276 3246/1532/2276 3231/1531/2276
s 1
f 3245/1522/2277 3238/1521/2278 3241/1529/2271 3235/1527/2270
f 3252/1521/2279 3250/1524/2266 3251/1523/2265 3253/1522/2280
s 0
f 3237/1534/2276 3240/1535/2276 3241/1536/2276 3238/1537/2276
s 1
f 3242/1517/2281 3239/1518/2282 3237/1524/2283 3244/1523/2284
f 3230/1529/2285 3252/1521/2279 3253/1522/2280 3232/1527/2286
f 3244/1523/2284 3237/1524/2283 3238/1521/2278 3245/1522/2277
s 0
f 3250/1530/2276 3231/1531/2276 3246/1532/2276 3249/1533/2276
s 1
f 3240/1519/2287 3239/1518/2282 3242/1517/2281 3243/1520/2288
s 0
f 3237/1534/2276 3239/1533/2276 3240/1535/2276
f 3250/1530/2276 3252/1538/2276 3230/1536/2276
f 3250/1530/2276 3230/1536/2276 3231/1531/2276
f 3236/1539/2276 3241/1536/2276 3240/1535/2276
f 3231/1531/2276 3236/1539/2276 3240/1535/2276
s 1
f 3231/1526/2272 3230/1528/2285 3232/1527/2286 3233/1525/2273
f 3262/1550/2289 3260/1551/2290 3261/1552/2291 3263/1553/2292
f 3259/1554/2293 3258/1555/2294 3256/1556/2295 3257/1557/2296
f 3255/1543/2136 3257/1557/2296 3256/1556/2295 3254/1542/2136
f 3265/1547/2297 3264/1544/2297 3262/1550/2289 3263/1553/2292
f 3261/1552/2291 3260/1551/2290 3258/1555/2294 3259/1554/2293
s 0
f 3285/1534/2298 3289/1535/2298 3281/1536/2298 3283/1537/2298
s 1
f 3280/1527/2299 3281/1528/2300 3269/1526/2301 3270/1525/2302
f 3274/1522/2303 3272/1527/2304 3273/1529/2305 3275/1521/2306
f 3270/1525/2302 3269/1526/2301 3268/1526/2307 3271/1525/2308
s 0
f 3289/1535/2309 3266/1532/2309 3268/1531/2309
s 1
f 3278/1517/2310 3279/1518/2311 3266/1519/2312 3267/1520/2313
f 3283/1521/2314 3282/1522/2315 3284/1523/2316 3285/1524/2317
s 0
f 3277/1530/2298 3268/1531/2298 3266/1532/2298 3279/1533/2298
s 1
f 3285/1524/2317 3284/1523/2316 3286/1517/2318 3287/1518/2319
f 3281/1529/2300 3280/1527/2299 3282/1522/2315 3283/1521/2314
f 3275/1521/2306 3277/1524/2320 3276/1523/2321 3274/1522/2303
f 3278/1517/2310 3276/1523/2321 3277/1524/2320 3279/1518/2311
f 3289/1519/2322 3287/1518/2319 3286/1517/2318 3288/1520/2323
s 0
f 3285/1534/2309 3287/1533/2309 3289/1535/2309
f 3277/1530/2298 3275/1538/2298 3273/1536/2298
f 3277/1530/2324 3273/1536/2324 3268/1531/2324
f 3269/1539/2298 3281/1536/2298 3289/1535/2298
f 3268/1531/2298 3269/1539/2298 3289/1535/2298
s 1
f 3272/1527/2304 3271/1525/2308 3268/1526/2307 3273/1528/2305
f 3301/1547/2094 3300/1544/2325 3298/1545/2326 3299/1546/2327
f 3297/1549/2328 3296/1548/2329 3294/1555/2330 3295/1554/2331
f 3299/1546/2327 3298/1545/2326 3296/1548/2329 3297/1549/2328
f 3293/1557/2332 3292/1556/2333 3290/1542/2073 3291/1543/2073
f 3294/1555/2330 3292/1556/2333 3293/1557/2332 3295/1554/2331
f 3309/1527/2334 3308/1525/2335 3304/1526/2336 3310/1528/2337
f 3319/1521/2338 3318/1522/2339 3320/1523/2340 3321/1524/2341
s 0
f 3313/1530/2342 3304/1531/2342 3306/1532/2342 3302/1533/2342
s 1
f 3308/1525/2335 3315/1525/2343 3307/1526/2344 3304/1526/2336
f 3318/1522/2339 3319/1521/2338 3317/1529/2345 3316/1527/2346
f 3325/1519/2347 3323/1518/2348 3322/1517/2349 3324/1520/2350
f 3303/1517/2351 3314/1523/2352 3313/1524/2353 3302/1518/2354
f 3322/1517/2349 3323/1518/2348 3321/1524/2341 3320/1523/2340
f 3311/1522/2355 3309/1527/2334 3310/1529/2337 3312/1521/2356
f 3312/1521/2356 3313/1524/2353 3314/1523/2352 3311/1522/2355
s 0
f 3307/1539/2342 3325/1535/2342 3306/1532/2342
s 1
f 3306/1519/2357 3305/1520/2358 3303/1517/2351 3302/1518/2354
s 0
f 3307/1539/2342 3321/1534/2342 3323/1533/2342 3325/1535/2342
f 3313/1530/2342 3312/1538/2342 3310/1536/2342
f 3313/1530/2342 3310/1536/2342 3304/1531/2342
f 3317/1536/2342 3319/1537/2342 3321/1534/2342
f 3307/1539/2342 3317/1536/2342 3321/1534/2342
f 3306/1532/2342 3304/1531/2342 3307/1539/2342
s 1
f 3316/1527/2346 3317/1528/2345 3307/1526/2344 3315/1525/2343
f 3333/1549/2359 3332/1548/2360 3331/1555/2361 3330/1554/2362
f 3334/1545/2363 3332/1548/2360 3333/1549/2359 3335/1546/2364
f 3329/1557/2365 3327/1556/2366 3326/1542/1923 3328/1543/1923
f 3330/1554/2362 3331/1555/2361 3327/1556/2366 3329/1557/2365
f 3336/1544/1903 3334/1545/2363 3335/1546/2364 3337/1547/1903
f 3339/1517/2367 3338/1518/2368 3344/1519/2369 3349/1520/2370
s 0
f 3340/1531/2371 3356/1535/2371 3344/1532/2371
s 1
f 3342/1521/2372 3343/1524/2373 3348/1523/2374 3347/1522/2375
f 3347/1522/2375 3346/1527/2376 3345/1529/2377 3342/1521/2372
s 0
f 3351/1539/2371 3355/1537/2371 3352/1533/2371 3356/1535/2371
s 1
f 3356/1519/2378 3352/1518/2379 3360/1517/2380 3361/1520/2381
f 3360/1517/2380 3352/1518/2379 3357/1524/2382 3359/1523/2383
s 0
f 3343/1530/2371 3340/1531/2371 3344/1532/2371 3338/1533/2371
s 1
f 3339/1517/2367 3348/1523/2374 3343/1524/2373 3338/1518/2368
f 3346/1527/2376 3341/1525/2384 3340/1526/2385 3345/1528/2377
f 3358/1522/2386 3355/1521/2387 3353/1529/2388 3354/1527/2389
f 3359/1523/2383 3357/1524/2382 3355/1521/2387 3358/1522/2386
s 0
f 3351/1539/2390 3353/1536/2390 3355/1537/2390
f 3355/1537/2371 3357/1534/2371 3352/1533/2371
f 3343/1530/2371 3342/1538/2371 3345/1536/2371
f 3343/1530/2371 3345/1536/2371 3340/1531/2371
s 1
f 3350/1525/2391 3351/1526/2392 3340/1526/2385 3341/1525/2384
s 0
f 3340/1531/2371 3351/1539/2371 3356/1535/2371
s 1
f 3354/1527/2389 3353/1528/2388 3351/1526/2392 3350/1525/2391
f 3366/1555/2393 3364/1556/2394 3365/1557/2395 3367/1554/2396
f 3368/1551/2397 3366/1555/2393 3367/1554/2396 3369/1552/2398
f 3371/1546/2363 3370/1545/2399 3368/1551/2397 3369/1552/2398
f 3365/1557/2395 3364/1556/2394 3362/1542/2227 3363/1543/2227
f 3372/1544/2212 3370/1545/2399 3371/1546/2363 3373/1547/2212
s 0
f 3376/1539/2400 3374/1535/2400 3378/1532/2400
f 3382/1530/2400 3377/1531/2400 3378/1532/2400 3380/1533/2400
s 1
f 3381/1517/2401 3383/1523/2402 3382/1524/2403 3380/1518/2404
f 3393/1521/2405 3392/1522/2406 3394/1523/2407 3395/1524/2408
f 3386/1529/2409 3384/1521/2410 3385/1522/2411 3387/1527/2412
f 3381/1517/2401 3380/1518/2404 3378/1519/2413 3379/1520/2414
f 3395/1524/2408 3394/1523/2407 3396/1517/2415 3397/1518/2416
f 3377/1526/2417 3388/1525/2418 3389/1525/2419 3376/1526/2420
f 3391/1529/2421 3390/1527/2422 3392/1522/2406 3393/1521/2405
f 3377/1526/2417 3386/1528/2409 3387/1527/2412 3388/1525/2418
f 3396/1517/2415 3375/1520/2423 3374/1519/2424 3397/1518/2416
f 3384/1521/2410 3382/1524/2403 3383/1523/2402 3385/1522/2411
s 0
f 3382/1530/2400 3384/1538/2400 3386/1536/2400
f 3382/1530/2400 3386/1536/2400 3377/1531/2400
f 3376/1539/2400 3395/1534/2400 3397/1533/2400 3374/1535/2400
f 3391/1536/2400 3393/1537/2400 3395/1534/2400
f 3376/1539/2400 3391/1536/2400 3395/1534/2400
f 3378/1532/2400 3377/1531/2400 3376/1539/2400
s 1
f 3376/1526/2420 3389/1525/2419 3390/1527/2422 3391/1528/2421
s 0
f 3418/1530/2425 3399/1531/2425 3414/1532/2425 3416/1533/2425
f 3403/1539/2425 3407/1537/2425 3411/1533/2425 3413/1535/2425
f 3413/1535/2425 3414/1532/2425 3399/1531/2425
s 1
f 3398/1529/2426 3420/1521/2427 3421/1522/2428 3400/1527/2429
f 3410/1517/2430 3411/1518/2431 3409/1524/2432 3408/1523/2433
f 3400/1527/2429 3401/1525/2434 3399/1526/2435 3398/1528/2426
f 3419/1523/2436 3421/1522/2428 3420/1521/2427 3418/1524/2437
f 3405/1529/2438 3404/1527/2439 3406/1522/2440 3407/1521/2441
f 3407/1521/2441 3406/1522/2440 3408/1523/2433 3409/1524/2432
f 3417/1517/2442 3416/1518/2443 3414/1519/2444 3415/1520/2445
f 3417/1517/2442 3419/1523/2436 3418/1524/2437 3416/1518/2443
f 3413/1519/2446 3411/1518/2431 3410/1517/2430 3412/1520/2447
s 0
f 3403/1539/2425 3405/1536/2425 3407/1537/2425
f 3407/1537/2425 3409/1534/2425 3411/1533/2425
f 3418/1530/2425 3420/1538/2425 3398/1536/2425
f 3418/1530/2425 3398/1536/2425 3399/1531/2425
s 1
f 3403/1526/2448 3399/1526/2435 3401/1525/2434 3402/1525/2449
s 0
f 3399/1531/2425 3403/1539/2425 3413/1535/2425
s 1
f 3404/1527/2439 3405/1528/2438 3403/1526/2448 3402/1525/2449
f 3433/1542/2450 3432/1543/2450 3430/1557/2451 3431/1556/2452
f 3429/1555/2453 3427/1554/2454 3426/1549/2455 3428/1548/2456
f 3428/1548/2456 3426/1549/2455 3424/1546/2457 3425/1545/2458
f 3431/1556/2452 3430/1557/2451 3427/1554/2454 3429/1555/2453
f 3425/1545/2458 3424/1546/2457 3422/1547/2023 3423/1544/2023
f 3443/1553/2459 3445/1547/2460 3444/1544/2460 3442/1550/2461
f 3441/1552/2462 3440/1551/2463 3438/1548/2464 3439/1549/2465
f 3443/1553/2459 3442/1550/2461 3440/1551/2463 3441/1552/2462
f 3439/1549/2465 3438/1548/2464 3436/1541/2466 3437/1540/2467
f 3436/1541/2466 3434/1542/2468 3435/1543/2468 3437/1540/2467
s 0
f 3464/1530/2469 3457/1531/2469 3467/1532/2469 3466/1533/2469
s 1
f 3446/1529/2470 3448/1527/2471 3449/1522/2472 3450/1521/2473
f 3460/1529/2474 3462/1521/2475 3461/1522/2476 3459/1527/2477
f 3450/1521/2473 3449/1522/2472 3452/1523/2478 3451/1524/2479
s 0
f 3447/1539/2480 3456/1535/2480 3467/1532/2480
s 1
f 3447/1526/2481 3457/1526/2482 3458/1525/2483 3469/1525/2484
f 3464/1524/2485 3466/1518/2486 3465/1517/2487 3463/1523/2488
f 3462/1521/2475 3464/1524/2485 3463/1523/2488 3461/1522/2476
f 3451/1524/2479 3452/1523/2478 3453/1517/2489 3454/1518/2490
f 3465/1517/2487 3466/1518/2486 3467/1519/2491 3468/1520/2492
f 3447/1526/2481 3469/1525/2484 3448/1527/2471 3446/1528/2470
f 3453/1517/2489 3455/1520/2493 3456/1519/2494 3454/1518/2490
s 0
f 3464/1530/2469 3462/1538/2469 3460/1536/2469
f 3464/1530/2480 3460/1536/2480 3457/1531/2480
f 3447/1539/2480 3451/1534/2480 3454/1533/2480 3456/1535/2480
f 3446/1536/2480 3450/1537/2480 3451/1534/2480
f 3447/1539/2469 3446/1536/2469 3451/1534/2469
f 3467/1532/2480 3457/1531/2480 3447/1539/2480
s 1
f 3457/1526/2482 3460/1528/2474 3459/1527/2477 3458/1525/2483
f 3473/1545/2495 3474/1551/2496 3475/1552/2497 3472/1546/2498
f 3481/1542/2499 3480/1543/2499 3478/1557/2500 3479/1556/2501
f 3479/1556/2501 3478/1557/2500 3476/1554/2502 3477/1555/2503
f 3476/1554/2502 3475/1552/2497 3474/1551/2496 3477/1555/2503
f 3473/1545/2495 3472/1546/2498 3470/1547/1880 3471/1544/2504
s 0
f 3503/1534/2505 3482/1535/2505 3499/1536/2505 3500/1537/2505
s 1
f 3492/1521/2506 3490/1524/2507 3491/1523/2508 3493/1522/2509
f 3488/1517/2510 3491/1523/2508 3490/1524/2507 3489/1518/2511
f 3488/1517/2510 3489/1518/2511 3486/1519/2512 3487/1520/2513
f 3499/1529/2514 3498/1527/2515 3501/1522/2516 3500/1521/2517
s 0
f 3482/1535/2505 3486/1532/2505 3485/1531/2505
s 1
f 3485/1526/2518 3494/1528/2519 3495/1527/2520 3496/1525/2521
s 0
f 3490/1530/2505 3485/1531/2505 3486/1532/2505 3489/1533/2505
s 1
f 3493/1522/2509 3495/1527/2520 3494/1529/2519 3492/1521/2506
f 3485/1526/2518 3496/1525/2521 3497/1525/2522 3484/1526/2523
f 3500/1521/2517 3501/1522/2516 3502/1523/2524 3503/1524/2525
f 3503/1524/2525 3502/1523/2524 3504/1517/2526 3505/1518/2527
f 3482/1519/2528 3505/1518/2527 3504/1517/2526 3483/1520/2529
s 0
f 3503/1534/2505 3505/1533/2505 3482/1535/2505
f 3490/1530/2505 3492/1538/2505 3494/1536/2505
f 3490/1530/2505 3494/1536/2505 3485/1531/2505
f 3484/1539/2530 3499/1536/2530 3482/1535/2530
f 3485/1531/2505 3484/1539/2505 3482/1535/2505
s 1
f 3484/1526/2523 3497/1525/2522 3498/1527/2515 3499/1528/2514
f 3514/1522/2531 3512/1527/2532 3513/1529/2533 3515/1521/2534
f 3511/1526/2535 3510/1525/2536 3509/1525/2537 3507/1526/2538
f 3511/1526/2535 3513/1528/2533 3512/1527/2532 3510/1525/2536
f 3518/1517/2539 3516/1523/2540 3517/1524/2541 3519/1518/2542
s 0
f 3521/1532/2543 3507/1539/2543 3522/1535/2543
s 1
f 3506/1529/2544 3508/1527/2545 3529/1522/2546 3528/1521/2547
f 3525/1517/2548 3523/1520/2549 3522/1519/2550 3524/1518/2551
s 0
f 3517/1530/2543 3511/1531/2543 3521/1532/2543 3519/1533/2543
s 1
f 3526/1524/2552 3527/1523/2553 3525/1517/2548 3524/1518/2551
f 3528/1521/2547 3529/1522/2546 3527/1523/2553 3526/1524/2552
f 3521/1519/2554 3520/1520/2555 3518/1517/2539 3519/1518/2542
f 3515/1521/2534 3517/1524/2541 3516/1523/2540 3514/1522/2531
s 0
f 3507/1539/2543 3526/1534/2543 3524/1533/2543 3522/1535/2543
f 3517/1530/2543 3515/1538/2543 3513/1536/2543
f 3517/1530/2543 3513/1536/2543 3511/1531/2543
f 3506/1536/2543 3528/1537/2543 3526/1534/2543
f 3507/1539/2543 3506/1536/2543 3526/1534/2543
f 3521/1532/2543 3511/1531/2543 3507/1539/2543
s 1
f 3507/1526/2538 3509/1525/2537 3508/1527/2545 3506/1528/2544
f 3533/1550/2556 3531/1553/2557 3530/1547/2558 3532/1544/2558
f 3538/1557/2559 3536/1554/2560 3537/1555/2561 3539/1556/2562
f 3534/1551/2563 3535/1552/2564 3531/1553/2557 3533/1550/2556
f 3541/1542/1840 3540/1543/1840 3538/1557/2559 3539/1556/2562
f 3536/1554/2560 3535/1552/2564 3534/1551/2563 3537/1555/2561
f 3551/1546/2565 3550/1545/2566 3548/1551/2567 3549/1552/2568
f 3547/1554/2569 3549/1552/2568 3548/1551/2567 3546/1555/2570
f 3553/1547/1953 3552/1544/1953 3550/1545/2566 3551/1546/2565
f 3545/1557/2571 3543/1556/2572 3542/1542/2573 3544/1543/2573
f 3547/1554/2569 3546/1555/2570 3543/1556/2572 3545/1557/2571
g Atomic29_meshId37_name.007
v 1494.951660 35.355087 -0.000003
v 1310.508301 35.355087 -0.000003
v 1494.951294 -35.355583 0.000003
v 1310.507812 -35.355591 0.000003
v 1475.573486 237.766937 -0.000018
v 1293.932251 208.498184 -0.000016
v 1475.573486 -237.766479 0.000018
v 1293.932251 -208.497726 0.000016
v 1407.975952 -468.309021 0.000035
v 1234.655762 -410.660767 0.000031
v 1297.597900 -684.622253 0.000052
v 1137.864990 -600.346069 0.000046
v 1407.975952 468.309509 -0.000035
v 1234.655762 410.661133 -0.000031
v 1297.597534 684.622559 -0.000051
v 1137.864746 600.346313 -0.000045
v 1147.792480 -880.133606 0.000067
v 1006.500671 -771.790222 0.000058
v 951.732544 -821.839722 0.000062
v 899.322571 -869.734253 0.000066
v 963.112488 -1048.902588 0.000079
v 844.554443 -919.783813 0.000070
v 961.602478 -35.355595 0.000003
v 961.602661 35.355087 -0.000003
v 863.232849 35.355087 -0.000003
v 863.232788 -35.355591 0.000003
v 1147.792236 880.133972 -0.000066
v 1006.500488 771.790527 -0.000058
v 951.732178 821.840088 -0.000062
v 963.112122 1048.902832 -0.000079
v 899.322266 869.734680 -0.000066
v 844.554199 919.784058 -0.000069
v 814.354248 -270.863708 0.000021
v 906.791687 -301.609436 0.000023
v 853.451782 -137.520966 0.000011
v 950.327148 -153.130981 0.000012
v 950.327148 153.131470 -0.000011
v 853.451782 137.521469 -0.000010
v 814.354370 270.863770 -0.000020
v 906.791748 301.609558 -0.000023
v 750.513062 395.976410 -0.000030
v 835.703735 440.923706 -0.000033
v 663.867493 509.057709 -0.000038
v 739.223206 566.840881 -0.000043
v 705.957581 597.240417 -0.000045
v 636.664246 533.917175 -0.000040
v 628.065796 35.355095 -0.000002
v 621.857483 100.203522 -0.000007
v 566.584717 35.355091 -0.000003
v 561.310364 90.447273 -0.000007
v 535.596313 178.145554 -0.000013
v 593.369629 197.361664 -0.000015
v 493.608154 260.431335 -0.000019
v 546.852417 288.523438 -0.000022
v 436.621765 334.804474 -0.000025
v 483.719086 370.918945 -0.000028
v 471.008881 382.533997 -0.000029
v 427.700653 342.957001 -0.000026
v 584.254456 -581.811401 0.000044
v 557.051270 -606.670959 0.000046
v 653.547791 -645.134583 0.000049
v 620.282166 -675.534180 0.000051
v 482.493988 -763.702271 0.000058
v 433.309052 -685.851257 0.000052
v 330.045349 -828.665527 0.000063
v 296.400818 -744.192261 0.000056
v 167.568497 -868.450256 0.000066
v 150.486679 -779.921326 0.000059
v 653.547607 645.134949 -0.000049
v -1494.951904 35.355087 -0.000004
v -1494.951904 -35.355587 0.000004
v -1310.508423 35.355087 -0.000004
v -1310.508423 -35.355591 0.000004
v 749.168701 -1185.800781 0.000090
v 656.946960 -1039.830322 0.000079
v 512.461792 -1286.669434 0.000097
v 449.378265 -1128.281982 0.000085
v 260.183838 -1348.443115 0.000102
v 228.155472 -1182.451416 0.000090
v 705.957703 -597.240051 0.000045
v 656.946472 1039.830811 -0.000078
v 749.168213 1185.801514 -0.000089
v 449.377869 1128.282227 -0.000085
v 512.461182 1286.669678 -0.000097
v 228.155106 1182.451782 -0.000089
v 260.183350 1348.443481 -0.000102
v 35.355202 1366.418579 -0.000103
v 35.355202 1197.866089 -0.000090
v 566.584595 -35.355591 0.000003
v 628.065674 -35.355595 0.000003
v 636.664551 -533.916870 0.000040
v 663.867798 -509.057465 0.000039
v 739.223389 -566.840576 0.000043
v 750.513062 -395.976257 0.000030
v 835.703857 -440.923523 0.000034
v 584.254272 581.811707 -0.000044
v 418.599091 -430.428284 0.000033
v 471.009094 -382.533722 0.000029
v 620.281860 675.534607 -0.000051
v 557.050964 606.671326 -0.000046
v 418.598877 430.428528 -0.000032
v 375.290619 390.851501 -0.000029
v 535.596130 -178.145554 0.000014
v 593.369507 -197.361664 0.000015
v 561.310364 -90.446800 0.000007
v 621.857483 -100.203049 0.000008
v 375.290802 -390.851227 0.000030
v 366.369415 -399.003998 0.000030
v 405.888763 -442.043579 0.000034
v 315.725525 -499.737305 0.000038
v 284.984924 -451.080444 0.000034
v 215.968872 -542.246826 0.000041
v 194.941086 -489.451019 0.000037
v 109.650230 -568.280457 0.000043
v 98.974121 -512.949890 0.000039
v 546.852417 -288.523376 0.000022
v 493.608154 -260.431274 0.000020
v 483.719330 -370.918640 0.000028
v 436.622009 -334.804169 0.000026
v 427.700806 -342.956635 0.000026
v 433.308685 685.851685 -0.000052
v 482.493591 763.702637 -0.000057
v 296.400696 744.192566 -0.000056
v 330.045105 828.665894 -0.000062
v 150.486603 779.921570 -0.000059
v 167.568314 868.450500 -0.000065
v 35.355198 879.021118 -0.000066
v 35.355206 789.126404 -0.000059
v 310.458801 35.355087 -0.000003
v 309.075623 49.803402 -0.000004
v 248.528488 40.047142 -0.000003
v 237.143311 78.876511 -0.000006
v 294.916687 98.092636 -0.000007
v 218.552429 115.309807 -0.000008
v 271.796692 143.401886 -0.000011
v 193.320557 148.239807 -0.000011
v 246.071259 176.976074 -0.000013
v 310.458710 -35.355595 0.000003
v 405.888428 442.043945 -0.000033
v 366.369141 399.004456 -0.000030
v 284.984558 451.080811 -0.000034
v 315.725159 499.737732 -0.000037
v 194.940979 489.451263 -0.000037
v 215.968796 542.247070 -0.000041
v 98.974213 512.950073 -0.000038
v 109.650307 568.280640 -0.000043
v 35.355206 574.220642 -0.000043
v 35.355202 518.036438 -0.000039
v 248.528488 -40.046669 0.000003
v 309.075623 -49.802937 0.000004
v 294.916565 -98.092743 0.000008
v 237.143127 -78.876663 0.000006
v 271.796600 -143.401855 0.000011
v 218.552353 -115.309807 0.000009
v 193.320709 -148.239578 0.000011
v 246.071457 -176.975861 0.000013
v 54.498386 282.447021 -0.000021
v 35.355202 283.977509 -0.000021
v 43.822281 227.116425 -0.000017
v -43.822109 227.116455 -0.000017
v -35.355480 283.977509 -0.000034
v -54.498226 282.447021 -0.000021
v -86.313080 216.711899 -0.000016
v -107.340881 269.507751 -0.000020
v -126.181290 199.722824 -0.000015
v -156.921860 248.379700 -0.000019
v -162.215393 176.665283 -0.000029
v -193.661377 224.870789 -0.000027
v -246.071335 176.976196 -0.000021
v -193.320831 148.239807 -0.000024
v -271.796417 143.402176 -0.000011
v -218.552185 115.310127 -0.000008
v -237.143173 78.876488 -0.000006
v -294.916565 98.092583 -0.000007
v -248.528595 40.046482 -0.000003
v -309.075684 49.802753 -0.000004
v -310.458923 35.355087 -0.000004
v -310.458710 -35.355591 0.000004
v -248.528198 -40.047115 0.000003
v -309.075287 -49.803371 0.000004
v -237.142853 -78.877403 0.000006
v -294.916229 -98.093491 0.000008
v -218.552246 -115.309990 0.000009
v -271.796448 -143.402084 0.000011
v -193.320984 -148.239578 0.000024
v -246.071457 -176.975983 0.000021
v -193.661469 -224.870560 0.000027
v -162.215668 -176.664978 0.000029
v 193.661484 -224.870453 0.000017
v 193.661377 224.870712 -0.000017
v 162.215363 -176.664978 0.000013
v 156.921844 -248.379456 0.000019
v 126.181236 -199.722595 0.000015
v 162.215118 176.665283 -0.000013
v 156.921600 248.379807 -0.000019
v 126.181038 199.722916 -0.000015
v 86.312943 216.712006 -0.000016
v 107.340729 269.507812 -0.000020
v 35.355202 -1197.866089 0.000091
v 35.355202 -1366.418701 0.000103
v -0.000138 -1366.418701 0.000133
v -0.000138 -1197.866211 0.000117
v -35.355480 -1197.866089 0.000143
v -35.355480 -1366.418701 0.000163
v -260.183044 -1348.443237 0.000102
v -228.154800 -1182.451660 0.000090
v 107.340805 -269.507568 0.000021
v 86.312973 -216.711792 0.000017
v 54.498238 -282.446838 0.000022
v 43.822105 -227.116257 0.000017
v 35.355198 -789.126404 0.000060
v 35.355198 -879.020874 0.000066
v 35.355202 -518.036255 0.000039
v 35.355198 -574.220459 0.000043
v 35.355198 -283.977356 0.000022
v -43.822159 -227.116318 0.000017
v -35.355476 -283.977356 0.000034
v -54.498253 -282.446869 0.000022
v -107.340744 -269.507660 0.000021
v -86.312973 -216.711838 0.000017
v -156.921494 -248.379700 0.000019
v -126.180954 -199.722824 0.000015
v -35.355476 518.036438 -0.000062
v -35.355480 574.220581 -0.000068
v -35.355480 789.126404 -0.000094
v -35.355476 879.021057 -0.000105
v -35.355476 -518.036255 0.000062
v -35.355476 1197.866211 -0.000143
v -0.000137 1366.418579 -0.000133
v -35.355480 1366.418579 -0.000163
v -35.355473 -879.020935 0.000105
v -35.355476 -789.126221 0.000094
v -35.355476 -574.220337 0.000068
v -109.650208 568.280640 -0.000043
v -98.974091 512.950073 -0.000038
v -194.941101 489.451141 -0.000037
v -215.968918 542.246948 -0.000041
v -284.984924 451.080658 -0.000034
v -315.725464 499.737549 -0.000037
v -366.368927 399.004456 -0.000030
v -405.888275 442.043976 -0.000033
v -418.598938 430.428528 -0.000051
v -375.290649 390.851532 -0.000046
v -147.769531 1357.431030 -0.000132
v -228.155273 1182.451904 -0.000089
v -260.183563 1348.443604 -0.000102
v -98.974007 -512.949951 0.000039
v -109.650078 -568.280518 0.000043
v -215.968689 -542.246948 0.000041
v -194.940918 -489.451141 0.000037
v -315.724915 -499.737640 0.000038
v -284.984344 -451.080750 0.000034
v -405.888611 -442.043762 0.000034
v -366.369354 -399.004211 0.000030
v -418.599091 -430.428375 0.000051
v -375.290771 -390.851410 0.000047
v -150.486343 -779.921448 0.000059
v -167.568069 -868.450378 0.000066
v -330.044983 -828.665771 0.000063
v -296.400513 -744.192383 0.000056
v -482.493286 -763.702576 0.000058
v -433.308441 -685.851562 0.000052
v -620.281860 -675.534546 0.000051
v -557.050964 -606.671265 0.000046
v -653.547791 -645.134705 0.000077
v -584.254456 -581.811584 0.000070
v -330.045135 828.665710 -0.000062
v -296.400726 744.192383 -0.000056
v -167.568390 868.450500 -0.000065
v -150.486618 779.921570 -0.000059
v -427.700684 342.957001 -0.000041
v -471.008881 382.533997 -0.000046
v -584.254395 581.811707 -0.000069
v -636.664368 533.917175 -0.000064
v -427.700867 -342.956848 0.000041
v -436.621857 -334.804443 0.000026
v -471.009094 -382.533905 0.000046
v -483.719177 -370.918884 0.000028
v -546.852173 -288.523682 0.000022
v -493.607910 -260.431610 0.000020
v -593.369263 -197.362350 0.000015
v -535.595886 -178.146240 0.000014
v -621.857056 -100.203499 0.000008
v -561.309937 -90.447220 0.000007
v -566.584534 -35.355587 0.000004
v -628.065674 -35.355591 0.000004
v -566.584778 35.355091 -0.000004
v -561.310364 90.446640 -0.000007
v -628.065918 35.355091 -0.000004
v -621.857483 100.202904 -0.000007
v -593.369507 197.361542 -0.000015
v -535.596130 178.145416 -0.000013
v -546.852234 288.523621 -0.000022
v -493.608002 260.431580 -0.000019
v -483.719238 370.918671 -0.000028
v -436.622009 334.804199 -0.000025
v -449.377991 1128.282104 -0.000085
v -512.461365 1286.669678 -0.000097
v -656.946777 1039.830566 -0.000078
v -749.168579 1185.801270 -0.000089
v -844.554199 919.784058 -0.000069
v -963.112244 1048.902588 -0.000079
v -512.460938 -1286.669678 0.000097
v -449.377625 -1128.282227 0.000085
v -749.167847 -1185.801514 0.000090
v -656.946167 -1039.830811 0.000079
v -963.111877 -1048.902954 0.000079
v -844.553894 -919.784180 0.000070
v -433.309021 685.851501 -0.000052
v -482.493958 763.702515 -0.000057
v -557.050781 606.671326 -0.000046
v -620.281799 675.534607 -0.000051
v -636.664490 -533.916992 0.000064
v -705.957703 -597.240234 0.000071
v -863.232910 35.355087 -0.000004
v -863.232727 -35.355587 0.000004
v -663.867554 -509.057770 0.000039
v -739.223206 -566.840942 0.000043
v -835.703491 -440.924011 0.000034
v -750.512695 -395.976654 0.000030
v -906.791504 -301.610077 0.000023
v -814.354004 -270.864349 0.000021
v -950.326660 -153.131439 0.000012
v -853.451355 -137.521408 0.000011
v -961.602661 -35.355595 0.000004
v -853.451904 137.520935 -0.000010
v -961.602661 35.355087 -0.000004
v -950.327209 153.130966 -0.000011
v -906.791687 301.609436 -0.000023
v -814.354187 270.863647 -0.000020
v -835.703735 440.923706 -0.000033
v -750.512878 395.976440 -0.000030
v -739.223328 566.840576 -0.000043
v -663.867676 509.057465 -0.000038
v -705.957703 597.240356 -0.000071
v -653.547791 645.134888 -0.000077
v -899.322388 869.734558 -0.000104
v -951.732300 821.839966 -0.000098
v -951.732422 -821.839844 0.000098
v -899.322449 -869.734436 0.000104
v -1137.864746 -600.346619 0.000046
v -1297.597412 -684.622803 0.000052
v -1006.500488 -771.790710 0.000058
v -1147.792236 -880.134155 0.000067
v -1147.792480 880.133667 -0.000066
v -1006.500610 771.790222 -0.000058
v -1137.864990 600.346313 -0.000045
v -1297.597900 684.622498 -0.000051
v -1234.655762 410.660980 -0.000031
v -1407.975952 468.309265 -0.000035
v -1293.932495 208.497879 -0.000016
v -1475.573730 237.766708 -0.000018
v -1407.975952 -468.309692 0.000035
v -1234.655762 -410.661469 0.000031
v -1475.572998 -237.767181 0.000018
v -1293.931885 -208.498337 0.000016
vn -0.0000 -0.0000 1.0000
vt 3.243110 0.997353
vt 3.292795 0.006745
vt 3.656532 0.006745
vt 3.656532 0.997353
vt -0.698446 0.997353
vt -0.698446 0.006745
vt -1.293014 0.006745
vt -1.293014 0.997353
vt -0.466390 0.006745
vt -0.466390 0.997353
vt -1.008947 0.997353
vt -1.008947 0.006745
vt 0.400640 0.006745
vt 0.400640 0.997353
vt 0.607946 0.997353
vt 0.211929 0.997353
vt 0.211929 0.006745
vt 0.607946 0.006745
vt 0.104873 0.997353
vt 0.104873 0.006745
vt -0.060952 0.006745
vt 0.423628 0.006745
vt 0.423628 0.997353
vt -0.060952 0.997353
vt 0.988903 0.997353
vt 1.494256 0.997353
vt 1.494256 0.006745
vt 0.988903 0.006745
vt 2.506150 0.997353
vt 2.506150 0.006745
vt 2.325333 0.006745
vt 1.998075 0.997353
vt 1.813818 0.006745
vt 1.671652 0.006745
vt 2.168535 0.006745
vt 1.987643 0.006745
vt 1.987643 0.997353
vt 4.506042 0.004540
vt 4.644358 0.004540
vt 4.644358 0.999558
vt 4.506042 0.999558
vt 0.928457 0.007292
vt 0.928457 0.997361
vt 1.000477 0.997361
vt 1.000477 0.007292
vt 1.691398 0.997353
vt 0.911880 0.997353
vt 0.911880 0.006745
vt 1.691398 0.006745
vt 0.493812 0.997353
vt 0.493812 0.006745
vt 0.667285 0.006745
vt 1.000545 0.997353
vt 2.317715 0.006745
vt 1.992608 0.997353
vt 2.166726 0.006745
vt 1.992608 0.006745
vt -1.497374 0.997353
vt -1.497374 0.006745
vt -0.994722 0.006745
vt -0.994722 0.997353
vt 1.793477 0.006745
vt 2.149647 0.006745
vt 2.149647 0.997353
vt 1.762588 0.997353
vt 1.267682 0.997353
vt 2.105063 0.997353
vt 2.105063 0.006745
vt 1.267682 0.006745
vt 1.907560 0.997353
vt 1.907560 0.006745
vt 3.996164 0.997353
vt 3.996164 0.006745
vt 4.506042 0.006745
vt 4.506042 0.997353
vt 2.989558 0.006745
vt 3.504449 0.006745
vt 3.504449 0.997353
vt 2.989558 0.997353
vt 2.232123 0.006745
vt 2.232123 0.997353
vt 0.501353 0.006745
vt -0.007709 0.006745
vt -0.007709 0.997353
vt 0.501353 0.997353
vt -1.375124 0.997353
vt -1.758797 0.997353
vt -1.758797 0.006745
vt -1.375124 0.006745
vt 2.453158 0.997353
vt 2.453158 0.006745
vt 1.605249 0.006745
vt 1.605249 0.997353
vt 0.626466 0.006745
vt 0.626466 0.997353
vt 0.301898 0.997353
vt 0.301898 0.006745
vt 1.402393 0.006745
vt 1.402393 0.997353
vt 0.500232 0.997353
vt 0.000373 0.997353
vt 0.000374 0.006745
vt 0.500232 0.006745
vt 0.505338 0.007292
vt 0.505338 0.997361
vt 1.072497 0.997361
vt 1.072497 0.007292
vt -0.849308 0.997353
vt -0.849308 0.006745
vt 2.988923 0.006745
vt 2.988923 0.997353
vt 4.504003 0.997353
vt 4.504003 0.006745
vt 3.991037 0.006745
vt 3.991037 0.997353
vt -2.493833 0.997353
vt -2.932519 0.997353
vt -2.932519 0.006745
vt -2.582757 0.006745
vt 3.504920 0.006745
vt 3.504920 0.997353
vt -2.384357 0.006745
vt -1.884224 0.006745
vt -1.763844 0.997353
vt 1.001888 0.006745
vt 0.499260 0.006745
vt 0.499260 0.997353
vt 1.001888 0.997353
vt 1.686858 0.006745
vt 2.894500 0.006745
vt 3.382737 0.006745
vt 3.335876 0.997353
vt 2.974220 0.997353
vt -0.497167 0.997353
vt -1.006344 0.997353
vt -1.006344 0.006745
vt -0.497167 0.006745
vt -0.971713 0.997353
vt -0.971713 0.006745
vt 0.000000 0.997353
vt 0.000000 0.006745
vt 0.500000 0.006745
vt 0.500000 0.997353
vt 1.017021 0.997353
vt 1.017021 0.006745
vt 1.146548 0.006745
vt 0.488912 0.006745
vt -0.000891 0.006745
vt -0.000891 0.997353
vt 0.488912 0.997353
vt 1.996158 0.006745
vt 2.414807 0.006745
vt 2.414807 0.997353
vt 1.996158 0.997353
vt 2.549553 0.006745
vt 2.896383 0.006745
vt 2.975614 0.997353
vt 2.549553 0.997353
vt -2.894233 0.006745
vt -2.734793 0.006745
vt -2.805307 0.997353
vt 2.795695 0.006745
vt 2.894855 0.997353
vt -2.145935 0.006745
vt -1.986495 0.006745
vt -2.075415 0.997353
vt -0.545722 0.997353
vt -0.601839 0.006745
vt -0.184485 0.997353
vt -0.116085 0.006745
vt -0.188866 0.997353
vt -0.121975 0.006745
vt -0.488855 0.997353
vt -0.488855 0.006745
vt 0.851656 0.997353
vt 0.762748 0.006745
vt 0.894411 0.006745
vt 1.687182 0.006745
vt 1.760623 0.997353
vt 1.464641 0.006745
vt 1.594093 0.006745
vt 1.594093 0.997353
vt -0.547777 0.997353
vt -0.421403 0.006745
vt 0.749086 0.997353
vt 0.997941 0.006745
vt 0.997941 0.997353
vt 3.292091 0.006745
vt 3.242617 0.997353
vt 3.762076 0.006745
vt 3.762076 0.997353
vt -0.428514 0.006745
vt -0.913574 0.997353
vt -0.913574 0.006745
vt -3.343468 0.997353
vt -3.343468 0.006745
vt 1.192815 1.000000
vt 1.096731 1.000000
vt 1.000648 0.000000
vt 1.192815 0.000000
vt -1.724885 0.006745
vt 1.000000 0.997353
vt 1.000000 0.006745
vt 1.504644 0.006745
vt 1.504644 0.997353
vt -0.497586 0.999752
vt -0.497586 0.004345
vt -0.686756 0.004345
vt -0.686756 0.999752
vt 1.000648 1.000000
vt 1.500096 0.997361
vt 1.500096 0.007292
vt -0.849308 0.502049
vt 2.491910 0.997353
vt 2.491910 0.006745
vt -1.687574 0.006745
vt -1.283487 0.006745
vt -1.283487 0.997353
vt -1.687574 0.997353
vt 1.992731 0.997353
vt 1.500000 0.997353
vt 1.500000 0.006745
vt 1.992731 0.006745
vt 4.184155 0.006745
vt 4.594044 0.006745
vt 4.594044 0.997353
vt 4.184155 0.997353
vt 0.998675 0.006745
vt 0.998677 0.997353
vt -0.000142 0.997353
vt -0.000142 0.006745
vt 1.493737 0.006745
vt 1.493737 0.997353
vt -0.498653 0.006745
vt -0.498653 0.997353
vt 1.998075 0.006745
vt 1.000545 0.006745
vt 0.820520 0.006745
vt 1.987771 0.006745
vt 1.987771 0.997353
s 0
usemtl f008_001_fl01m.007
f 3741/1558/2574 3740/1559/2574 3774/1560/2574 3775/1561/2574
f 3590/1562/2574 3591/1563/2574 3578/1564/2574 3577/1565/2574
f 3841/1566/2574 3843/1567/2574 3842/1568/2574 3840/1569/2574
f 3835/1570/2574 3837/1566/2574 3836/1567/2574 3834/1571/2574
f 3705/1572/2574 3707/1573/2574 3706/1574/2574 3704/1575/2574
f 3590/1562/2574 3593/1576/2574 3592/1577/2574 3591/1563/2574
f 3724/1578/2574 3727/1579/2574 3726/1580/2574 3725/1581/2574
f 3895/1582/2574 3897/1583/2574 3896/1584/2574 3894/1585/2574
f 3570/1586/2574 3571/1587/2574 3572/1588/2574
f 3897/1583/2574 3860/1589/2574 3893/1590/2574 3892/1591/2574
f 3573/1592/2574 3575/1593/2574 3574/1594/2574
f 3555/1595/2574 3557/1596/2574 3556/1597/2574 3554/1598/2574
f 3756/1599/2574 3757/1600/2574 3754/1601/2574 3755/1602/2574
f 3646/1603/2574 3648/1604/2574 3647/1605/2574 3645/1606/2574
f 3898/1607/2574 3899/1608/2574 3891/1609/2574 3855/1610/2574
f 3582/1611/2574 3583/1612/2574 3584/1613/2574
f 3583/1612/2574 3585/1614/2574 3584/1613/2574
f 3879/1563/2574 3883/1577/2574 3882/1576/2574 3881/1562/2574
f 3623/1615/2574 3625/1616/2574 3904/1617/2574 3905/1618/2574
f 3643/1568/2574 3642/1569/2574 3658/1566/2574 3659/1567/2574
f 3683/1619/2574 3686/1620/2574 3685/1621/2574 3684/1622/2574
f 3648/1604/2574 3587/1576/2574 3586/1577/2574 3647/1605/2574
f 3607/1623/2574 3609/1624/2574 3608/1625/2574 3606/1626/2574
f 3633/1627/2574 3646/1603/2574 3645/1606/2574 3644/1628/2574
f 3558/1629/2574 3559/1630/2574 3555/1631/2574 3554/1632/2574
f 3883/1577/2574 3885/1605/2574 3884/1604/2574 3882/1576/2574
f 3569/1633/2574 3567/1634/2574 3566/1635/2574 3568/1636/2574
f 3870/1606/2574 3873/1605/2574 3872/1604/2574 3871/1603/2574
f 3598/1627/2574 3599/1628/2574 3596/1606/2574 3597/1603/2574
f 3807/1625/2574 3809/1637/2574 3808/1638/2574 3806/1624/2574
f 3859/1639/2574 3861/1640/2574 3860/1641/2574 3858/1642/2574
f 3695/1623/2574 3697/1571/2574 3696/1570/2574 3694/1626/2574
f 3761/1643/2574 3763/1644/2574 3762/1645/2574 3760/1646/2574
f 3743/1647/2574 3690/1648/2574 3611/1649/2574 3655/1650/2574
f 3778/1651/2574 3681/1652/2574 3680/1653/2574 3779/1654/2574
f 3661/1625/2574 3664/1626/2574 3663/1623/2574 3662/1624/2574
f 3803/1570/2574 3805/1626/2574 3804/1623/2574 3802/1571/2574
f 3810/1563/2574 3813/1577/2574 3812/1576/2574 3811/1562/2574
f 3826/1652/2574 3827/1651/2574 3825/1655/2574 3795/1656/2574
f 3652/1603/2574 3675/1604/2574 3674/1605/2574 3653/1606/2574
f 3820/1576/2574 3863/1604/2574 3862/1605/2574 3821/1577/2574
f 3799/1657/2574 3851/1658/2574 3850/1659/2574 3798/1660/2574
f 3757/1600/2574 3756/1599/2574 3759/1661/2574 3758/1662/2574
f 3753/1663/2574 3752/1664/2574 3755/1602/2574 3754/1601/2574
f 3641/1665/2574 3781/1666/2574 3779/1654/2574 3680/1653/2574
f 3870/1606/2574 3871/1603/2574 3867/1627/2574 3866/1628/2574
f 3565/1667/2574 3571/1587/2574 3570/1586/2574 3564/1668/2574
f 3656/1570/2574 3670/1626/2574 3669/1623/2574 3657/1571/2574
f 3633/1654/2574 3644/1651/2574 3612/1652/2574 3614/1653/2574
f 3819/1652/2574 3866/1651/2574 3867/1654/2574 3818/1653/2574
f 3889/1653/2574 3888/1654/2574 3827/1651/2574 3826/1652/2574
f 3817/1606/2574 3819/1628/2574 3818/1627/2574 3816/1603/2574
f 3654/1656/2574 3655/1650/2574 3611/1649/2574 3610/1655/2574
f 3866/1651/2574 3819/1652/2574 3808/1656/2574 3830/1655/2574
f 3841/1566/2574 3845/1570/2574 3844/1571/2574 3843/1567/2574
f 3556/1669/2574 3557/1670/2574 3561/1671/2574 3560/1672/2574
f 3613/1606/2574 3615/1603/2574 3614/1627/2574 3612/1628/2574
f 3805/1626/2574 3807/1625/2574 3806/1624/2574 3804/1623/2574
f 3675/1604/2574 3677/1576/2574 3676/1577/2574 3674/1605/2574
f 3769/1673/2574 3773/1674/2574 3772/1675/2574 3771/1676/2574
f 3563/1677/2574 3565/1667/2574 3564/1668/2574 3562/1678/2574
f 3829/1625/2574 3833/1626/2574 3832/1623/2574 3831/1624/2574
f 3769/1673/2574 3770/1679/2574 3768/1680/2574 3763/1681/2574
f 3815/1605/2574 3817/1606/2574 3816/1603/2574 3814/1604/2574
f 3821/1577/2574 3823/1563/2574 3822/1562/2574 3820/1576/2574
f 3630/1682/2574 3632/1683/2574 3631/1684/2574 3629/1685/2574
f 3800/1566/2574 3801/1567/2574 3786/1568/2574 3780/1569/2574
f 3682/1686/2574 3683/1619/2574 3684/1622/2574
f 3601/1567/2574 3605/1571/2574 3604/1570/2574 3603/1566/2574
f 3593/1576/2574 3595/1604/2574 3594/1605/2574 3592/1577/2574
f 3690/1687/2574 3743/1688/2574 3747/1689/2574 3689/1690/2574
f 3643/1655/2574 3600/1656/2574 3602/1650/2574 3642/1649/2574
f 3584/1665/2574 3622/1653/2574 3598/1654/2574 3582/1666/2574
f 3661/1625/2574 3662/1624/2574 3650/1638/2574 3660/1637/2574
f 3853/1691/2574 3855/1692/2574 3854/1693/2574 3852/1694/2574
f 3746/1695/2574 3761/1643/2574 3760/1646/2574 3745/1696/2574
f 3810/1563/2574 3811/1562/2574 3784/1565/2574 3785/1564/2574
f 3640/1697/2574 3641/1698/2574 3638/1699/2574 3639/1700/2574
f 3601/1567/2574 3603/1566/2574 3602/1569/2574 3600/1568/2574
f 3702/1701/2574 3703/1702/2574 3691/1703/2574
f 3907/1704/2574 3909/1705/2574 3908/1706/2574 3906/1707/2574
f 3735/1708/2574 3737/1709/2574 3736/1710/2574 3734/1711/2574
f 3688/1712/2574 3690/1713/2574 3689/1714/2574 3687/1715/2574
f 3710/1716/2574 3711/1717/2574 3712/1718/2574
f 3737/1709/2574 3739/1719/2574 3738/1720/2574 3736/1710/2574
f 3714/1721/2574 3715/1722/2574 3713/1723/2574
f 3787/1567/2574 3790/1571/2574 3789/1570/2574 3788/1566/2574
f 3851/1658/2574 3853/1691/2574 3852/1694/2574 3850/1659/2574
f 3744/1724/2574 3746/1695/2574 3745/1696/2574 3742/1725/2574
f 3708/1726/2574 3744/1724/2574 3742/1725/2574 3709/1727/2574
f 3708/1728/2574 3709/1729/2574 3706/1574/2574 3707/1573/2574
f 3686/1620/2574 3688/1712/2574 3687/1715/2574 3685/1621/2574
f 3903/1730/2574 3905/1618/2574 3904/1617/2574 3902/1731/2574
f 3728/1732/2574 3729/1733/2574 3730/1734/2574
f 3702/1701/2574 3691/1703/2574 3682/1735/2574 3684/1736/2574
f 3731/1737/2574 3733/1738/2574 3732/1739/2574
f 3657/1571/2574 3659/1567/2574 3658/1566/2574 3656/1570/2574
f 3894/1585/2574 3907/1704/2574 3906/1707/2574 3895/1582/2574
f 3724/1578/2574 3725/1581/2574 3723/1740/2574 3722/1741/2574
f 3797/1742/2574 3798/1660/2574 3781/1743/2574 3783/1744/2574
f 3795/1656/2574 3825/1655/2574 3824/1649/2574 3796/1650/2574
f 3892/1666/2574 3893/1665/2574 3818/1653/2574 3867/1654/2574
f 3740/1745/2574 3741/1746/2574 3738/1720/2574 3739/1719/2574
f 3748/1747/2574 3749/1748/2574 3747/1689/2574 3743/1688/2574
f 3722/1749/2574 3723/1740/2574 3720/1750/2574 3721/1751/2574
f 3693/1625/2574 3655/1637/2574 3654/1638/2574 3692/1624/2574
f 3773/1674/2574 3775/1752/2574 3774/1753/2574 3772/1675/2574
f 3800/1566/2574 3803/1570/2574 3802/1571/2574 3801/1567/2574
f 3764/1564/2574 3765/1565/2574 3620/1562/2574 3621/1563/2574
f 3764/1652/2574 3785/1651/2574 3784/1654/2574 3765/1653/2574
f 3767/1656/2574 3786/1655/2574 3785/1651/2574 3764/1652/2574
f 3778/1564/2574 3779/1565/2574 3822/1562/2574 3823/1563/2574
f 3813/1577/2574 3815/1605/2574 3814/1604/2574 3812/1576/2574
f 3697/1571/2574 3699/1567/2574 3698/1566/2574 3696/1570/2574
f 3640/1754/2574 3782/1755/2574 3781/1756/2574 3641/1757/2574
f 3787/1567/2574 3788/1566/2574 3776/1569/2574 3777/1568/2574
f 3762/1758/2574 3763/1681/2574 3768/1680/2574
f 3711/1717/2574 3714/1721/2574 3713/1723/2574 3712/1718/2574
f 3769/1673/2574 3771/1676/2574 3770/1679/2574
f 3637/1759/2574 3639/1700/2574 3638/1699/2574 3636/1760/2574
f 3628/1761/2574 3630/1682/2574 3629/1685/2574 3627/1762/2574
f 3681/1652/2574 3778/1651/2574 3777/1655/2574 3700/1656/2574
f 3766/1650/2574 3780/1649/2574 3786/1655/2574 3767/1656/2574
f 3700/1656/2574 3777/1655/2574 3776/1649/2574 3701/1650/2574
f 3624/1763/2574 3626/1764/2574 3625/1765/2574 3623/1766/2574
f 3849/1625/2574 3824/1637/2574 3825/1638/2574 3848/1624/2574
f 3781/1756/2574 3782/1755/2574 3783/1767/2574
f 3731/1737/2574 3732/1739/2574 3728/1732/2574 3730/1734/2574
f 3578/1652/2574 3579/1651/2574 3576/1654/2574 3577/1653/2574
f 3868/1652/2574 3869/1651/2574 3839/1655/2574 3842/1656/2574
f 3752/1664/2574 3753/1663/2574 3631/1768/2574 3632/1769/2574
f 3677/1576/2574 3679/1562/2574 3678/1563/2574 3676/1577/2574
f 3617/1605/2574 3619/1577/2574 3618/1576/2574 3616/1604/2574
f 3890/1665/2574 3891/1666/2574 3888/1654/2574 3889/1653/2574
f 3765/1653/2574 3784/1654/2574 3755/1770/2574 3752/1665/2574
f 3868/1652/2574 3880/1653/2574 3878/1654/2574 3869/1651/2574
f 3770/1648/2574 3780/1649/2574 3766/1650/2574 3768/1647/2574
f 3602/1650/2574 3682/1647/2574 3691/1648/2574 3642/1649/2574
f 3755/1770/2574 3784/1654/2574 3756/1666/2574
f 3580/1771/2574 3583/1612/2574 3582/1611/2574 3581/1772/2574
f 3797/1742/2574 3799/1657/2574 3798/1660/2574
f 3700/1568/2574 3701/1569/2574 3698/1566/2574 3699/1567/2574
f 3619/1577/2574 3621/1563/2574 3620/1562/2574 3618/1576/2574
f 3717/1773/2574 3719/1774/2574 3718/1775/2574 3716/1776/2574
f 3583/1777/2574 3635/1778/2574 3634/1779/2574 3585/1780/2574
f 3653/1606/2574 3649/1628/2574 3622/1627/2574 3652/1603/2574
f 3680/1565/2574 3681/1564/2574 3678/1563/2574 3679/1562/2574
f 3719/1774/2574 3721/1751/2574 3720/1750/2574 3718/1775/2574
f 3751/1781/2574 3710/1782/2574 3712/1783/2574 3750/1784/2574
f 3857/1785/2574 3859/1639/2574 3858/1642/2574 3856/1786/2574
f 3613/1606/2574 3617/1605/2574 3616/1604/2574 3615/1603/2574
f 3864/1606/2574 3865/1603/2574 3889/1627/2574 3826/1628/2574
f 3666/1570/2574 3668/1566/2574 3667/1567/2574 3665/1571/2574
f 3766/1569/2574 3767/1568/2574 3667/1567/2574 3668/1566/2574
f 3721/1647/2574 3796/1650/2574 3824/1649/2574 3722/1648/2574
f 3649/1652/2574 3654/1656/2574 3610/1655/2574 3599/1651/2574
f 3610/1638/2574 3611/1637/2574 3608/1625/2574 3609/1624/2574
f 3595/1604/2574 3597/1603/2574 3596/1606/2574 3594/1605/2574
f 3605/1571/2574 3607/1623/2574 3606/1626/2574 3604/1570/2574
f 3733/1738/2574 3735/1708/2574 3734/1711/2574 3732/1739/2574
f 3576/1565/2574 3579/1564/2574 3588/1563/2574 3589/1562/2574
f 3879/1563/2574 3881/1562/2574 3880/1565/2574 3868/1564/2574
f 3567/1634/2574 3559/1630/2574 3558/1629/2574 3566/1635/2574
f 3901/1787/2574 3903/1730/2574 3902/1731/2574 3900/1788/2574
f 3898/1607/2574 3901/1787/2574 3900/1788/2574 3899/1608/2574
f 3887/1606/2574 3827/1628/2574 3888/1627/2574 3886/1603/2574
f 3644/1651/2574 3651/1655/2574 3650/1656/2574 3612/1652/2574
f 3790/1571/2574 3792/1623/2574 3791/1626/2574 3789/1570/2574
f 3572/1666/2574 3633/1654/2574 3614/1653/2574 3573/1665/2574
f 3759/1789/2574 3857/1785/2574 3856/1786/2574 3758/1790/2574
f 3635/1778/2574 3637/1759/2574 3636/1760/2574 3634/1779/2574
f 3863/1604/2574 3865/1603/2574 3864/1606/2574 3862/1605/2574
f 3715/1722/2574 3717/1773/2574 3716/1776/2574 3713/1723/2574
f 3748/1747/2574 3751/1781/2574 3750/1784/2574 3749/1748/2574
f 3692/1624/2574 3695/1623/2574 3694/1626/2574 3693/1625/2574
f 3664/1626/2574 3666/1570/2574 3665/1571/2574 3663/1623/2574
f 3792/1623/2574 3794/1624/2574 3793/1625/2574 3791/1626/2574
f 3840/1650/2574 3842/1656/2574 3839/1655/2574 3838/1649/2574
f 3622/1653/2574 3649/1652/2574 3599/1651/2574 3598/1654/2574
f 3739/1648/2574 3828/1649/2574 3809/1650/2574 3740/1647/2574
f 3555/1665/2574 3577/1653/2574 3576/1654/2574 3557/1666/2574
f 3840/1650/2574 3838/1649/2574 3731/1648/2574 3730/1647/2574
f 3672/1625/2574 3673/1637/2574 3651/1638/2574 3671/1624/2574
f 3581/1772/2574 3569/1633/2574 3568/1636/2574 3580/1771/2574
f 3670/1626/2574 3672/1625/2574 3671/1624/2574 3669/1623/2574
f 3702/1701/2574 3705/1572/2574 3704/1575/2574 3703/1702/2574
f 3626/1791/2574 3624/1792/2574 3908/1706/2574 3909/1705/2574
f 3838/1569/2574 3839/1568/2574 3836/1567/2574 3837/1566/2574
f 3727/1579/2574 3729/1733/2574 3728/1732/2574 3726/1580/2574
f 3845/1570/2574 3847/1626/2574 3846/1623/2574 3844/1571/2574
f 3847/1626/2574 3849/1625/2574 3848/1624/2574 3846/1623/2574
f 3829/1625/2574 3831/1624/2574 3830/1638/2574 3828/1637/2574
f 3795/1638/2574 3796/1637/2574 3793/1625/2574 3794/1624/2574
f 3830/1655/2574 3808/1656/2574 3809/1650/2574 3828/1649/2574
f 3660/1650/2574 3650/1656/2574 3651/1655/2574 3673/1649/2574
f 3709/1648/2574 3742/1647/2574 3660/1650/2574 3673/1649/2574
f 3643/1655/2574 3579/1651/2574 3578/1652/2574 3600/1656/2574
f 3701/1650/2574 3776/1649/2574 3714/1648/2574 3711/1647/2574
f 3885/1605/2574 3887/1606/2574 3886/1603/2574 3884/1604/2574
f 3896/1584/2574 3897/1583/2574 3892/1591/2574
f 3893/1590/2574 3860/1589/2574 3861/1793/2574
f 3854/1794/2574 3855/1610/2574 3890/1795/2574
f 3890/1795/2574 3855/1610/2574 3891/1609/2574
f 3573/1592/2574 3574/1594/2574 3570/1586/2574 3572/1588/2574
f 3575/1796/2574 3628/1761/2574 3627/1762/2574 3574/1797/2574
f 3833/1626/2574 3835/1570/2574 3834/1571/2574 3832/1623/2574
f 3561/1671/2574 3563/1677/2574 3562/1678/2574 3560/1672/2574
f 3869/1564/2574 3878/1565/2574 3876/1562/2574 3877/1563/2574
f 3873/1605/2574 3875/1577/2574 3874/1576/2574 3872/1604/2574
f 3587/1576/2574 3589/1562/2574 3588/1563/2574 3586/1577/2574
f 3875/1577/2574 3877/1563/2574 3876/1562/2574 3874/1576/2574
f 3625/1665/2574 3626/1666/2574 3878/1654/2574 3880/1653/2574
g Atomic29.001_meshId38_name.007
v -167.568390 868.450500 -0.000065
v -35.355476 879.021057 -0.000105
v -228.155273 1182.451782 -0.000089
v -35.355476 1197.866089 -0.000143
v -377.303314 952.652466 -0.000072
v -432.428528 928.962341 -0.000070
v -330.045135 828.665710 -0.000062
v -482.493958 763.702576 -0.000057
v -448.221893 965.712402 -0.000073
v -393.096771 989.402710 -0.000074
v -449.377991 1128.282104 -0.000085
v -656.946777 1039.830566 -0.000078
v -844.554199 919.784058 -0.000069
v -620.281860 675.534607 -0.000051
v -899.322388 869.734558 -0.000104
v -653.547729 645.134888 -0.000077
v -512.460876 -1649.999878 0.000125
v -512.460876 -1970.489746 0.000149
v -0.000137 -1649.999878 0.000154
v -512.460938 -1286.669678 0.000097
v -260.183044 -1348.443237 0.000102
v -35.355480 -1366.418701 0.000163
v -0.000138 -1366.418579 0.000133
v 35.355202 -1366.418701 0.000103
v 512.461670 -1649.999878 0.000125
v 260.183838 -1348.443115 0.000102
v 512.461731 -1286.669434 0.000097
v 512.461609 -1970.489746 0.000149
v -0.000136 -1970.489746 0.000178
v 1475.573486 -237.766479 0.000018
v 1407.975952 -468.309021 0.000035
v 2002.311035 -457.350922 0.000020
v 1824.335327 -904.206726 0.000053
v 2792.417236 -786.727661 0.000033
v 2614.441406 -1233.583618 0.000067
v 1297.597778 -684.622192 0.000052
v -0.000093 1699.975830 -0.000128
v -128.115417 1699.975830 -0.000128
v -17.677786 1533.197266 -0.000145
v -512.461365 2081.824951 -0.000157
v 35.355202 1366.418701 -0.000103
v -0.000137 1366.418701 -0.000133
v -0.000138 2081.824951 -0.000187
v 512.461182 1699.975830 -0.000128
v 260.183350 1348.443481 -0.000102
v 512.461182 1286.669678 -0.000097
v 512.461182 2081.824951 -0.000157
v -35.355480 1366.418701 -0.000163
v -137.942490 1528.703491 -0.000130
v -147.769531 1357.431030 -0.000132
v -260.183563 1348.443481 -0.000102
v -512.461365 1286.669556 -0.000097
v -258.207153 1524.209473 -0.000115
v -512.461365 1699.975830 -0.000128
v -256.230774 1699.975830 -0.000128
v 1310.508179 35.355083 -0.000003
v 1293.932251 208.498199 -0.000016
v 961.602600 35.355087 -0.000003
v 950.327148 153.131470 -0.000011
v 906.791748 301.609558 -0.000023
v 1014.584656 407.383148 -0.000031
v 835.703735 440.923737 -0.000033
v 1035.381592 351.102631 -0.000026
v 1072.901855 364.967133 -0.000027
v 1052.105103 421.247681 -0.000032
v 1234.655762 410.661133 -0.000031
v 1137.864746 600.346313 -0.000045
v 1006.500488 771.790527 -0.000058
v 739.223267 566.840942 -0.000043
v 951.732178 821.840088 -0.000062
v 705.957581 597.240417 -0.000045
v 961.602478 -35.355595 0.000003
v 950.327148 -153.130981 0.000012
v 1310.507812 -35.355591 0.000003
v 1293.932373 -208.497726 0.000016
v 906.791687 -301.609436 0.000023
v 1234.655762 -410.660767 0.000031
v 1137.864990 -600.346069 0.000046
v 835.703857 -440.923523 0.000034
v 1006.500671 -771.790222 0.000058
v 705.957703 -597.240051 0.000045
v 951.732544 -821.839722 0.000062
v 739.223389 -566.840576 0.000043
v 899.322266 869.734680 -0.000066
v 844.554199 919.784058 -0.000069
v 653.547607 645.134949 -0.000049
v 620.281860 675.534607 -0.000051
v 482.493591 763.702637 -0.000057
v 656.946472 1039.830811 -0.000078
v 330.045105 828.665833 -0.000062
v 449.377869 1128.282227 -0.000085
v 228.155121 1182.451904 -0.000089
v 167.568329 868.450562 -0.000065
v 35.355202 1197.866089 -0.000090
v 35.355198 879.021057 -0.000066
v 750.513062 395.976410 -0.000030
v 693.438354 288.713104 -0.000022
v 814.354370 270.863770 -0.000020
v 663.867554 509.057709 -0.000038
v 546.852478 288.523438 -0.000022
v 593.369629 197.361664 -0.000015
v 655.917969 274.848633 -0.000021
v 483.719086 370.918945 -0.000028
v 471.008911 382.533997 -0.000029
v 636.664246 533.917175 -0.000040
v 676.714600 218.568069 -0.000016
v 853.451782 137.521469 -0.000010
v 621.857544 100.203522 -0.000007
v 714.234985 232.432587 -0.000017
v 628.065796 35.355091 -0.000002
v 863.232788 35.355083 -0.000003
v 653.547729 -645.134583 0.000049
v 620.282166 -675.534180 0.000051
v 899.322571 -869.734253 0.000066
v 844.554443 -919.783813 0.000070
v 482.493988 -763.702209 0.000058
v 656.946960 -1039.830322 0.000079
v 454.198792 -976.058472 0.000074
v 449.378265 -1128.281982 0.000085
v 399.105743 -999.822937 0.000076
v 228.155472 -1182.451416 0.000090
v 35.355202 -1197.866089 0.000091
v 35.355198 -879.020874 0.000066
v 167.568497 -868.450256 0.000066
v 330.045349 -828.665527 0.000063
v 383.538879 -962.975037 0.000073
v 438.355804 -939.329834 0.000071
v 628.065674 -35.355595 0.000003
v 621.857544 -100.203049 0.000008
v 863.232727 -35.355591 0.000003
v 853.451843 -137.520966 0.000011
v 593.369507 -197.361664 0.000015
v 814.354248 -270.863678 0.000021
v 750.513062 -395.976257 0.000030
v 546.852417 -288.523376 0.000022
v 663.867737 -509.057434 0.000039
v 483.719299 -370.918640 0.000028
v 471.009094 -382.533722 0.000029
v 636.664551 -533.916870 0.000040
v 584.254272 581.811707 -0.000044
v 557.050964 606.671326 -0.000046
v 418.598877 430.428528 -0.000032
v 405.888428 442.043945 -0.000033
v 315.725159 499.737732 -0.000037
v 433.308685 685.851685 -0.000052
v 215.968781 542.247070 -0.000041
v 150.486603 779.921570 -0.000059
v 109.650314 568.280640 -0.000043
v 296.400665 744.192505 -0.000056
v 35.355206 789.126404 -0.000059
v 35.355206 574.220581 -0.000043
v 418.599060 -430.428253 0.000033
v 405.888763 -442.043579 0.000034
v 584.254456 -581.811401 0.000044
v 557.051270 -606.671021 0.000046
v 315.725494 -499.737305 0.000038
v 433.309052 -685.851257 0.000052
v 311.533234 -645.318176 0.000049
v 296.400818 -744.192261 0.000056
v 256.440125 -669.082642 0.000051
v 150.486679 -779.921326 0.000059
v 109.650230 -568.280457 0.000043
v 35.355198 -574.220459 0.000043
v 35.355198 -789.126343 0.000060
v 240.597000 -632.353760 0.000048
v 215.968872 -542.246826 0.000041
v 295.690247 -608.589294 0.000046
v -2797.798096 -791.785583 0.000031
v -2619.822021 -1238.641602 0.000103
v -2007.691895 -462.408997 0.000008
v -1829.716553 -909.264832 0.000061
v -1407.975952 -468.309692 0.000035
v -1475.572998 -237.767181 0.000018
v -1297.597412 -684.622803 0.000052
v -150.486618 779.921570 -0.000059
v -253.067291 663.564331 -0.000050
v -237.273834 626.814087 -0.000047
v -35.355480 574.220581 -0.000068
v -296.400726 744.192383 -0.000056
v -109.650208 568.280640 -0.000043
v -35.355480 789.126404 -0.000094
v -215.968918 542.246948 -0.000041
v -292.399048 603.124146 -0.000045
v -315.725464 499.737549 -0.000037
v -308.192413 639.874146 -0.000048
v -433.309021 685.851501 -0.000052
v -557.050781 606.671326 -0.000046
v -405.888275 442.044006 -0.000033
v -584.254395 581.811707 -0.000069
v -418.598938 430.428528 -0.000051
v -35.355476 -574.220337 0.000068
v -109.650078 -568.280518 0.000043
v -35.355476 -789.126221 0.000094
v -150.486359 -779.921509 0.000059
v -215.968689 -542.246887 0.000041
v -296.400513 -744.192383 0.000056
v -433.308441 -685.851562 0.000052
v -315.724915 -499.737640 0.000038
v -557.050964 -606.671204 0.000046
v -418.599060 -430.428375 0.000051
v -405.888611 -442.043732 0.000034
v -584.254456 -581.811584 0.000070
v -35.355473 -879.020874 0.000105
v -167.568085 -868.450378 0.000066
v -35.355480 -1197.866089 0.000143
v -228.154816 -1182.451660 0.000090
v -330.044952 -828.665771 0.000063
v -449.377625 -1128.282227 0.000085
v -656.946167 -1039.830811 0.000079
v -482.493286 -763.702576 0.000058
v -844.553894 -919.784180 0.000070
v -620.281799 -675.534485 0.000051
v -653.547729 -645.134705 0.000077
v -899.322449 -869.734436 0.000104
v -636.664368 533.917175 -0.000064
v -663.867676 509.057434 -0.000038
v -471.008911 382.533997 -0.000046
v -483.719238 370.918671 -0.000028
v -546.852234 288.523621 -0.000022
v -750.512878 395.976440 -0.000030
v -593.369507 197.361526 -0.000015
v -853.451904 137.520935 -0.000010
v -621.857544 100.202904 -0.000007
v -814.354187 270.863647 -0.000020
v -863.232910 35.355087 -0.000004
v -628.065918 35.355091 -0.000004
v -750.512695 -395.976654 0.000030
v -546.852112 -288.523682 0.000022
v -706.687866 -282.714386 0.000022
v -814.354004 -270.864349 0.000021
v -636.664490 -533.916992 0.000064
v -663.867554 -509.057770 0.000039
v -483.719177 -370.918884 0.000028
v -471.009094 -382.533875 0.000046
v -729.275330 -227.128342 0.000017
v -853.451355 -137.521408 0.000011
v -692.217834 -212.070053 0.000016
v -628.065674 -35.355591 0.000004
v -621.857056 -100.203506 0.000008
v -863.232727 -35.355587 0.000004
v -593.369263 -197.362350 0.000015
v -669.630615 -267.656189 0.000020
v -739.223267 -566.840942 0.000043
v -1006.500488 -771.790710 0.000058
v -835.703552 -440.924011 0.000034
v -951.732422 -821.839844 0.000098
v -705.957703 -597.240234 0.000071
v -1043.549438 -354.833344 0.000027
v -1058.019531 -425.477631 0.000032
v -1137.864746 -600.346619 0.000046
v -1020.962036 -410.419403 0.000031
v -906.791504 -301.610077 0.000023
v -950.326660 -153.131439 0.000012
v -1080.606934 -369.891602 0.000028
v -1293.931885 -208.498337 0.000016
v -961.602600 -35.355595 0.000004
v -1310.508423 -35.355591 0.000004
v -1234.655762 -410.661469 0.000031
v -739.223267 566.840576 -0.000043
v -705.957703 597.240356 -0.000071
v -1006.500610 771.790222 -0.000058
v -835.703735 440.923706 -0.000033
v -1137.864990 600.346313 -0.000045
v -906.791626 301.609436 -0.000023
v -1234.655762 410.660950 -0.000031
v -1293.932495 208.497894 -0.000016
v -950.327271 153.130966 -0.000011
v -1310.508423 35.355087 -0.000004
v -961.602661 35.355087 -0.000004
v -951.732300 821.839966 -0.000098
vn -0.0000 -0.0000 1.0000
vt 0.150309 2.858855
vt 0.052024 2.586067
vt 0.766015 2.561265
vt 0.492176 1.808902
vt -0.136484 2.668263
vt 1.166338 3.254645
vt -0.039673 2.936963
vt -0.194061 4.207206
vt -0.739126 3.263123
vt -1.111974 2.238733
vt 1.572398 3.738569
vt 0.398078 4.912889
vt -1.301274 1.165162
vt 0.353147 1.020420
vt -1.301273 0.796493
vt 0.353146 0.796493
vt 0.350342 0.542910
vt 1.530719 -0.637468
vt 3.255525 1.087337
vt 2.075147 2.267714
vt -1.374460 -1.181891
vt -1.636007 0.777851
vt -2.712619 0.156269
vt -0.694099 1.587352
vt -0.813096 1.468356
vt -0.575103 1.706348
vt 0.736987 3.605875
vt 0.115405 2.529263
vt -0.194082 -2.362269
vt -3.345749 0.290559
vt -2.724166 -0.786054
vt -0.764157 1.254673
vt -2.298979 -1.954247
vt 0.282614 -0.990133
vt 3.108230 2.700843
vt 4.155002 0.456037
vt 0.354824 0.538428
vt -2.776346 0.219991
vt -0.076377 0.107228
vt 0.521352 -0.556652
vt 1.119081 -1.220531
vt 1.464333 -0.809074
vt 0.909578 -0.135323
vt 1.583330 -0.690078
vt -1.051542 1.944794
vt 1.702326 -0.571082
vt 0.133125 -0.977980
vt -1.369980 -1.186375
vt 0.152244 -2.708600
vt 0.773828 -1.631988
vt -0.507578 -0.323973
vt 3.601852 0.741007
vt 2.079627 2.263231
vt 2.525239 0.119423
vt 0.673261 3.669597
vt 0.977406 2.353710
vt 0.832664 0.699289
vt 1.621148 0.560258
vt 2.050978 2.164409
vt 4.019452 1.246495
vt 2.373511 0.286421
vt 3.066890 -0.113903
vt 2.624024 0.901504
vt 2.699243 1.078850
vt 3.075369 1.791562
vt 2.421963 1.216138
vt 0.608737 2.353710
vt 0.608738 0.699289
vt 2.346744 1.038791
vt 3.538616 -0.509727
vt 4.712936 0.664592
vt -0.282060 3.235049
vt 0.118264 2.541669
vt 1.623405 3.243527
vt 1.078337 4.187611
vt 0.392101 1.789306
vt 1.996252 2.219137
vt 0.531133 1.000823
vt 2.185553 1.145566
vt 0.531132 0.776897
vt 2.185552 0.776897
vt 0.496437 4.881090
vt -0.677883 3.706770
vt -0.112726 2.353709
vt -1.186299 2.164411
vt -0.756468 0.560259
vt 0.032016 0.699289
vt -2.210689 1.791563
vt -1.508829 0.286422
vt -3.154771 1.246497
vt -2.202209 -0.113901
vt -3.860454 0.654358
vt -2.686135 -0.519962
vt 0.255942 0.699289
vt 0.255943 2.353709
vt 1.702920 -0.479166
vt 1.499964 0.107987
vt 1.210251 -0.973231
vt 2.175630 -0.137936
vt 0.791854 0.232845
vt 0.608738 0.232846
vt 0.608738 -0.882255
vt 0.694295 -0.882255
vt 1.627701 -0.656512
vt 1.702568 -1.152421
vt 1.904980 -0.793801
vt 2.798326 -0.497451
vt 2.156287 -1.414376
vt 1.980199 -0.616454
vt 2.416023 -1.632320
vt 3.207530 -0.840813
vt 0.392101 -0.588307
vt 1.996253 -1.018137
vt 2.185552 0.055433
vt 0.531132 0.200176
vt -0.282059 -2.034051
vt -0.688121 -2.517977
vt 0.486199 -3.692297
vt 1.078339 -2.986613
vt 1.078985 -1.465658
vt 1.623406 -2.042528
vt 0.981082 -1.738612
vt 0.118263 -1.340671
vt 0.790966 -1.656002
vt 0.890388 -1.383709
vt 2.185552 0.424101
vt 0.531132 0.424102
vt -1.320578 1.870726
vt -0.306093 2.343788
vt -0.665609 2.966486
vt -1.582535 2.324447
vt -1.141389 1.378409
vt -0.060170 1.668121
vt -1.050413 0.862455
vt 0.064688 0.960014
vt -1.050414 0.776897
vt 0.064688 0.776898
vt -1.008968 3.375685
vt -1.800475 2.584179
vt 0.072824 0.232846
vt -0.635282 0.107988
vt -0.345570 -0.973232
vt 0.170383 -0.882255
vt -1.310948 -0.137935
vt -0.837886 -1.152420
vt -1.933647 -0.497450
vt -1.291609 -1.414376
vt -1.563541 -1.642556
vt -2.355049 -0.851048
vt 0.255943 -0.882256
vt 0.255942 0.232845
vt -1.141389 -0.177411
vt -0.060170 -0.467122
vt 0.064688 0.240984
vt -1.050413 0.338543
vt -1.810714 -1.395383
vt -1.019207 -2.186891
vt -0.665607 -1.765488
vt -1.582535 -1.123450
vt -0.619319 -0.727701
vt -0.306093 -1.142790
vt -0.717222 -1.000655
vt -0.807916 -0.645751
vt -1.320578 -0.669728
vt -0.905819 -0.918704
vt 0.064688 0.424102
vt -1.050413 0.424102
vt 2.825805 3.170531
vt 1.657611 3.595718
vt -0.382600 1.598971
vt 1.862204 0.552200
vt 0.581000 4.217302
vt 0.416035 -3.320188
vt -1.828771 -2.273415
vt 1.549886 2.986082
vt 1.190371 2.363383
vt 1.633176 2.212275
vt 1.821685 2.130079
vt 2.466813 2.344044
vt 1.723400 1.857291
vt 2.025667 1.398005
vt 2.204856 1.890321
vt 1.534892 1.939487
vt 0.944448 1.687716
vt 1.903484 3.407483
vt 2.694991 2.615975
vt 0.819591 0.979612
vt 1.934692 0.882053
vt 0.819590 0.796493
vt 1.934691 0.796493
vt 2.175887 2.634970
vt 2.817925 1.718044
vt 3.239326 2.071640
vt 2.447819 2.863148
vt 1.722166 2.373013
vt 2.195227 1.358528
vt 1.229850 2.193825
vt 1.519562 1.112607
vt 0.713894 2.102848
vt 0.811454 0.987748
vt 0.628334 2.102848
vt 0.628335 0.987747
vt 3.086489 1.334496
vt 4.039051 -0.025902
vt 4.744731 0.566234
vt 3.570411 1.740555
vt 2.393108 0.934172
vt 3.094967 -0.570969
vt 1.640747 0.660335
vt 2.070579 -0.943816
vt 0.852262 0.521304
vt 0.997006 -1.133116
vt 0.628335 0.521304
vt 0.628334 -1.133116
vt 0.819590 0.260580
vt 1.934691 0.358138
vt 1.934691 0.443698
vt 0.819590 0.443697
vt 0.944450 -0.447527
vt 2.025668 -0.157815
vt 1.190372 -1.123194
vt 2.204858 -0.650133
vt 1.549887 -1.745894
vt 2.466813 -1.103854
vt 1.893248 -2.155095
vt 2.684755 -1.363588
vt -0.818285 2.373013
vt -1.096813 1.986146
vt -0.816065 1.857443
vt -0.325971 2.193825
vt -0.615682 1.112606
vt -0.885330 1.677258
vt -1.291349 1.358528
vt 0.092424 0.987747
vt 0.275539 0.987747
vt 0.275540 2.102848
vt 0.189983 2.102848
vt -1.166078 1.805961
vt -1.914046 1.718045
vt -1.272007 2.634971
vt -1.531741 2.852912
vt -2.323250 2.061404
vt -1.472747 0.149155
vt -0.736868 0.660334
vt -1.489229 0.934171
vt -1.753495 0.277858
vt 0.275540 0.521304
vt 0.051615 0.521303
vt -0.093128 -1.133117
vt 0.275540 -1.133116
vt -1.542012 -0.031030
vt -1.166699 -0.943817
vt -2.182610 1.334497
vt -1.822760 0.097673
vt -3.135171 -0.025902
vt -2.191089 -0.570970
vt -2.654335 1.730319
vt -3.828655 0.555999
vt 0.353146 0.443697
vt -1.301273 0.443697
vt -1.301274 0.075028
vt 0.353146 0.219771
vt -1.111973 -0.998544
vt 0.492178 -0.568712
vt -0.739126 -2.022934
vt 0.766015 -1.321074
vt 1.166338 -2.014457
vt -0.194061 -2.967018
vt 0.387842 -3.660501
vt 1.562163 -2.486180
s 0
usemtl f008_001_fl02w.007
f 3914/1798/2575 3915/1799/2575 3916/1800/2575
f 3915/1799/2575 3917/1801/2575 3916/1800/2575
f 3917/1801/2575 3915/1799/2575 3918/1802/2575
f 3916/1800/2575 3910/1803/2575 3914/1798/2575
f 3914/1798/2575 3910/1803/2575 3919/1804/2575
f 3910/1803/2575 3912/1805/2575 3919/1804/2575
f 3919/1804/2575 3912/1805/2575 3920/1806/2575
f 3919/1804/2575 3920/1806/2575 3918/1802/2575
f 3920/1806/2575 3921/1807/2575 3918/1802/2575
f 3918/1802/2575 3921/1807/2575 3917/1801/2575
f 3911/1808/2575 3913/1809/2575 3912/1805/2575 3910/1803/2575
f 3922/1810/2575 3923/1811/2575 3917/1801/2575 3921/1807/2575
f 3924/1812/2575 3925/1813/2575 3923/1811/2575 3922/1810/2575
f 3928/1814/2575 3938/1815/2575 3937/1816/2575 3934/1817/2575
f 3926/1818/2575 3930/1819/2575 3929/1820/2575
f 3932/1821/2575 3931/1822/2575 3928/1814/2575
f 3933/1823/2575 3932/1821/2575 3928/1814/2575
f 3931/1822/2575 3930/1819/2575 3926/1818/2575 3928/1814/2575
f 3936/1824/2575 3935/1825/2575 3934/1817/2575
f 3935/1825/2575 3933/1823/2575 3928/1814/2575 3934/1817/2575
f 3927/1826/2575 3938/1815/2575 3928/1814/2575 3926/1818/2575
f 3939/1827/2575 3940/1828/2575 3941/1829/2575
f 3940/1828/2575 3945/1830/2575 3942/1831/2575 3941/1829/2575
f 3943/1832/2575 3941/1829/2575 3942/1831/2575 3944/1833/2575
f 3946/1834/2575 3949/1835/2575 3947/1836/2575
f 3958/1837/2575 3959/1838/2575 3957/1839/2575 3948/1840/2575
f 3946/1834/2575 3948/1840/2575 3951/1841/2575
f 3952/1842/2575 3949/1835/2575 3946/1834/2575
f 3950/1843/2575 3946/1834/2575 3951/1841/2575
f 3962/1844/2575 3963/1845/2575 3961/1846/2575 3960/1847/2575
f 3958/1837/2575 3947/1836/2575 3964/1848/2575 3962/1844/2575
f 3955/1849/2575 3953/1850/2575 3954/1851/2575
f 3951/1841/2575 3948/1840/2575 3957/1839/2575
f 3950/1843/2575 3954/1851/2575 3953/1850/2575 3946/1834/2575
f 3947/1836/2575 3958/1837/2575 3948/1840/2575 3946/1834/2575
f 3949/1835/2575 3963/1845/2575 3964/1848/2575
f 3964/1848/2575 3963/1845/2575 3962/1844/2575
f 3947/1836/2575 3949/1835/2575 3964/1848/2575
f 3958/1837/2575 3962/1844/2575 3960/1847/2575 3959/1838/2575
f 3956/1852/2575 3952/1842/2575 3946/1834/2575 3953/1850/2575
f 3977/1853/2575 3978/1854/2575 3971/1855/2575 3976/1856/2575
f 3966/1857/2575 3969/1858/2575 3968/1859/2575
f 3966/1857/2575 3972/1860/2575 3969/1858/2575
f 3973/1861/2575 3972/1860/2575 3966/1857/2575
f 3975/1862/2575 3973/1861/2575 3966/1857/2575
f 3974/1863/2575 3973/1861/2575 3975/1862/2575
f 3976/1856/2575 3974/1863/2575 3975/1862/2575
f 3979/1864/2575 3980/1865/2575 3978/1854/2575 3977/1853/2575
f 3971/1855/2575 3974/1863/2575 3976/1856/2575
f 3972/1860/2575 3970/1866/2575 3971/1855/2575 3969/1858/2575
f 3970/1866/2575 3974/1863/2575 3971/1855/2575
f 3966/1857/2575 3968/1859/2575 3967/1867/2575 3965/1868/2575
f 3982/1869/2575 3985/1870/2575 3986/1871/2575 3984/1872/2575
f 3985/1870/2575 3988/1873/2575 3987/1874/2575 3986/1871/2575
f 3988/1873/2575 3992/1875/2575 3989/1876/2575 3987/1874/2575
f 3992/1875/2575 3990/1877/2575 3991/1878/2575 3989/1876/2575
f 3982/1869/2575 3984/1872/2575 3983/1879/2575 3981/1880/2575
f 3994/1881/2575 3998/1882/2575 3997/1883/2575 3996/1884/2575
f 3998/1882/2575 4000/1885/2575 3999/1886/2575 3997/1883/2575
f 4001/1887/2575 4002/1888/2575 3999/1886/2575 4000/1885/2575
f 4003/1889/2575 4004/1890/2575 4002/1888/2575 4001/1887/2575
f 3994/1881/2575 3996/1884/2575 3995/1891/2575 3993/1892/2575
f 4006/1893/2575 4005/1894/2575 4009/1895/2575
f 4005/1894/2575 4006/1893/2575 4007/1896/2575
f 4008/1897/2575 4014/1898/2575 4013/1899/2575 4012/1900/2575
f 4011/1901/2575 4006/1893/2575 4009/1895/2575
f 4010/1902/2575 4015/1903/2575 4011/1901/2575 4009/1895/2575
f 4016/1904/2575 4015/1903/2575 4017/1905/2575
f 4018/1906/2575 4015/1903/2575 4016/1904/2575
f 4010/1902/2575 4017/1905/2575 4015/1903/2575
f 4007/1896/2575 4018/1906/2575 4016/1904/2575
f 4006/1893/2575 4018/1906/2575 4007/1896/2575
f 4008/1897/2575 4012/1900/2575 4009/1895/2575 4005/1894/2575
f 4019/1907/2575 4020/1908/2575 4016/1904/2575 4017/1905/2575
f 4025/1909/2575 4026/1910/2575 4024/1911/2575 4022/1912/2575
f 4033/1913/2575 4032/1914/2575 4031/1915/2575 4030/1916/2575
f 4026/1910/2575 4027/1917/2575 4028/1918/2575
f 4025/1909/2575 4027/1917/2575 4026/1910/2575
f 4028/1918/2575 4029/1919/2575 4030/1916/2575
f 4027/1917/2575 4029/1919/2575 4028/1918/2575
f 4025/1909/2575 4034/1920/2575 4035/1921/2575 4036/1922/2575
f 4030/1916/2575 4029/1919/2575 4033/1913/2575
f 4034/1920/2575 4033/1913/2575 4035/1921/2575
f 4029/1919/2575 4035/1921/2575 4033/1913/2575
f 4025/1909/2575 4036/1922/2575 4027/1917/2575
f 4022/1912/2575 4024/1911/2575 4023/1923/2575 4021/1924/2575
f 4041/1925/2575 4042/1926/2575 4040/1927/2575 4038/1928/2575
f 4041/1925/2575 4044/1929/2575 4043/1930/2575 4042/1926/2575
f 4044/1929/2575 4046/1931/2575 4045/1932/2575 4043/1930/2575
f 4047/1933/2575 4048/1934/2575 4045/1932/2575 4046/1931/2575
f 4038/1928/2575 4040/1927/2575 4039/1935/2575 4037/1936/2575
f 4050/1937/2575 4054/1938/2575 4053/1939/2575 4052/1940/2575
f 4054/1938/2575 4058/1941/2575 4055/1942/2575 4053/1939/2575
f 4058/1941/2575 4056/1943/2575 4057/1944/2575 4055/1942/2575
f 4060/1945/2575 4057/1944/2575 4056/1943/2575 4059/1946/2575
f 4050/1937/2575 4052/1940/2575 4051/1947/2575 4049/1948/2575
f 4065/1949/2575 4066/1950/2575 4064/1951/2575 4062/1952/2575
f 4072/1953/2575 4073/1954/2575 4070/1955/2575 4071/1956/2575
f 4065/1949/2575 4067/1957/2575 4066/1950/2575
f 4066/1950/2575 4067/1957/2575 4068/1958/2575
f 4068/1958/2575 4069/1959/2575 4070/1955/2575
f 4067/1957/2575 4069/1959/2575 4068/1958/2575
f 4076/1960/2575 4065/1949/2575 4075/1961/2575 4074/1962/2575
f 4074/1962/2575 4071/1956/2575 4070/1955/2575
f 4069/1959/2575 4074/1962/2575 4070/1955/2575
f 4071/1956/2575 4074/1962/2575 4075/1961/2575
f 4065/1949/2575 4076/1960/2575 4067/1957/2575
f 4062/1952/2575 4064/1951/2575 4063/1963/2575 4061/1964/2575
f 4083/1965/2575 4081/1966/2575 4079/1967/2575 4080/1968/2575
f 4081/1966/2575 4082/1969/2575 4079/1967/2575
f 4078/1970/2575 4080/1968/2575 4079/1967/2575 4077/1971/2575
f 4084/1972/2575 4088/1973/2575 4085/1974/2575
f 4084/1972/2575 4085/1974/2575 4086/1975/2575
f 4084/1972/2575 4086/1975/2575 4089/1976/2575
f 4092/1977/2575 4093/1978/2575 4091/1979/2575 4086/1975/2575
f 4089/1976/2575 4086/1975/2575 4091/1979/2575
f 4093/1978/2575 4094/1980/2575 4095/1981/2575
f 4092/1977/2575 4094/1980/2575 4093/1978/2575
f 4090/1982/2575 4084/1972/2575 4089/1976/2575 4087/1983/2575
f 4096/1984/2575 4097/1985/2575 4093/1978/2575 4095/1981/2575
f 4088/1973/2575 4095/1981/2575 4094/1980/2575
f 4085/1974/2575 4088/1973/2575 4094/1980/2575
f 4098/1986/2575 4099/1987/2575 4097/1985/2575 4096/1984/2575
f 4101/1988/2575 4103/1989/2575 4102/1990/2575 4100/1991/2575
f 4101/1988/2575 4104/1992/2575 4105/1993/2575 4103/1989/2575
f 4104/1992/2575 4107/1994/2575 4106/1995/2575 4105/1993/2575
f 4107/1994/2575 4110/1996/2575 4108/1997/2575 4106/1995/2575
f 4110/1996/2575 4109/1998/2575 4111/1999/2575 4108/1997/2575
f 4113/2000/2575 4115/2001/2575 4114/2002/2575 4112/2003/2575
f 4113/2000/2575 4116/2004/2575 4117/2005/2575 4115/2001/2575
f 4116/2004/2575 4119/2006/2575 4118/2007/2575 4117/2005/2575
f 4119/2006/2575 4121/2008/2575 4120/2009/2575 4118/2007/2575
f 4122/2010/2575 4123/2011/2575 4120/2009/2575 4121/2008/2575
f 4125/2012/2575 4127/2013/2575 4126/2014/2575 4124/2015/2575
f 4125/2012/2575 4129/2016/2575 4128/2017/2575 4127/2013/2575
f 4129/2016/2575 4133/2018/2575 4130/2019/2575 4128/2017/2575
f 4133/2018/2575 4131/2020/2575 4132/2021/2575 4130/2019/2575
f 4131/2020/2575 4134/2022/2575 4135/2023/2575 4132/2021/2575
f 4150/2024/2575 4146/2025/2575 4151/2026/2575 4137/2027/2575
f 4136/2028/2575 4137/2027/2575 4138/2029/2575
f 4136/2028/2575 4138/2029/2575 4139/2030/2575
f 4141/2031/2575 4140/2032/2575 4136/2028/2575
f 4140/2032/2575 4143/2033/2575 4142/2034/2575
f 4138/2029/2575 4144/2035/2575 4139/2030/2575
f 4139/2030/2575 4144/2035/2575 4145/2036/2575
f 4144/2035/2575 4146/2025/2575 4145/2036/2575
f 4146/2025/2575 4148/2037/2575 4145/2036/2575
f 4140/2032/2575 4142/2034/2575 4137/2027/2575 4136/2028/2575
f 4150/2024/2575 4148/2037/2575 4146/2025/2575
f 4138/2029/2575 4137/2027/2575 4151/2026/2575
f 4148/2037/2575 4147/2038/2575 4149/2039/2575 4145/2036/2575
f 4160/2040/2575 4154/2041/2575 4161/2042/2575 4157/2043/2575
f 4156/2044/2575 4152/2045/2575 4153/2046/2575 4155/2047/2575
f 4158/2048/2575 4154/2041/2575 4160/2040/2575
f 4154/2041/2575 4158/2048/2575 4159/2049/2575
f 4161/2042/2575 4162/2050/2575 4157/2043/2575
f 4157/2043/2575 4162/2050/2575 4163/2051/2575
f 4162/2050/2575 4164/2052/2575 4163/2051/2575
f 4154/2041/2575 4159/2049/2575 4153/2046/2575 4152/2045/2575
f 4164/2052/2575 4167/2053/2575 4163/2051/2575
f 4163/2051/2575 4167/2053/2575 4158/2048/2575
f 4167/2053/2575 4159/2049/2575 4158/2048/2575
f 4165/2054/2575 4166/2055/2575 4164/2052/2575 4162/2050/2575
f 4169/2056/2575 4179/2057/2575 4170/2058/2575 4168/2059/2575
f 4170/2058/2575 4172/2060/2575 4171/2061/2575 4168/2059/2575
f 4172/2060/2575 4174/2062/2575 4173/2063/2575 4171/2061/2575
f 4176/2064/2575 4173/2063/2575 4174/2062/2575 4175/2065/2575
f 4177/2066/2575 4178/2067/2575 4176/2064/2575 4175/2065/2575
g Atomic29.002_meshId39_name.007
v 246.071259 176.976074 -0.000013
v 271.796692 143.401886 -0.000011
v 427.700623 342.956970 -0.000026
v 493.608154 260.431335 -0.000019
v 436.621765 334.804474 -0.000025
v 566.584656 35.355091 -0.000003
v 561.310364 90.447273 -0.000007
v 310.458801 35.355087 -0.000003
v 309.075623 49.803402 -0.000004
v 294.916687 98.092636 -0.000007
v 535.596252 178.145538 -0.000013
v -294.916229 -98.093483 0.000008
v -427.700836 -342.956818 0.000041
v -271.796448 -143.402084 0.000011
v -561.309937 -90.447220 0.000007
v -493.607910 -260.431610 0.000020
v -309.075287 -49.803371 0.000004
v -535.595886 -178.146240 0.000014
v -310.458679 -35.355591 0.000004
v -566.584534 -35.355587 0.000004
v -436.621857 -334.804443 0.000026
v -246.071457 -176.975983 0.000021
v 310.458710 -35.355595 0.000003
v 309.075623 -49.802940 0.000004
v 566.584534 -35.355591 0.000003
v 561.310425 -90.446800 0.000007
v 294.916534 -98.092743 0.000008
v 535.596130 -178.145554 0.000014
v 493.608154 -260.431274 0.000020
v 271.796600 -143.401855 0.000011
v 436.622009 -334.804169 0.000026
v 246.071457 -176.975861 0.000013
v 427.700806 -342.956635 0.000026
v 366.369415 -399.003998 0.000030
v 375.290833 -390.851257 0.000030
v 284.984894 -451.080444 0.000034
v 107.340797 -269.507568 0.000021
v 156.921844 -248.379456 0.000019
v 194.941086 -489.451019 0.000037
v 98.974121 -512.949890 0.000039
v 35.355198 -283.977356 0.000022
v 54.498234 -282.446838 0.000022
v 35.355202 -518.036255 0.000039
v 193.661484 -224.870453 0.000017
v -194.940918 -489.451141 0.000037
v -107.340736 -269.507660 0.000021
v -284.984344 -451.080750 0.000034
v -98.974014 -512.949951 0.000039
v -35.355476 -518.036255 0.000062
v -54.498253 -282.446869 0.000022
v -35.355476 -283.977356 0.000034
v -156.921494 -248.379700 0.000019
v -366.369354 -399.004211 0.000030
v -193.661469 -224.870560 0.000027
v -375.290771 -390.851410 0.000047
v 375.290619 390.851501 -0.000029
v 366.369141 399.004456 -0.000030
v 193.661377 224.870712 -0.000017
v 156.921600 248.379807 -0.000019
v 284.984558 451.080811 -0.000034
v 107.340729 269.507812 -0.000020
v 98.974213 512.950073 -0.000038
v 54.498390 282.447021 -0.000021
v 194.940979 489.451233 -0.000037
v 35.355202 518.036438 -0.000039
v 35.355202 283.977509 -0.000021
v -375.290649 390.851532 -0.000046
v -284.984894 451.080658 -0.000034
v -366.368927 399.004456 -0.000030
v -156.921860 248.379700 -0.000019
v -193.661377 224.870789 -0.000027
v -107.340881 269.507721 -0.000020
v -98.974091 512.950073 -0.000038
v -54.498226 282.447021 -0.000021
v -194.941101 489.451141 -0.000037
v -35.355480 283.977509 -0.000034
v -35.355476 518.036438 -0.000062
v -427.700684 342.957001 -0.000041
v -436.621979 334.804199 -0.000025
v -246.071335 176.976196 -0.000021
v -271.796417 143.402176 -0.000011
v -294.916534 98.092583 -0.000007
v -535.596130 178.145401 -0.000013
v -566.584839 35.355095 -0.000004
v -309.075684 49.802753 -0.000004
v -493.607971 260.431549 -0.000019
v -561.310364 90.446640 -0.000007
v -310.458923 35.355087 -0.000004
vn -0.0000 -0.0000 1.0000
vt 0.993105 0.910582
vt 0.700442 0.981508
vt 0.961708 0.923587
vt 0.167771 0.958250
vt 0.433089 0.993181
vt 0.463183 0.303955
vt 0.317091 0.284721
vt 0.610396 0.297528
vt 0.728339 0.271380
vt 0.272278 0.272088
vt 0.008270 0.909455
s 0
usemtl f008_001_fl03q.007
f 4182/2068/2576 4183/2069/2576 4184/2070/2576
f 4186/2071/2576 4190/2072/2576 4189/2073/2576 4188/2074/2576
f 4183/2069/2576 4181/2075/2576 4189/2073/2576 4190/2072/2576
f 4181/2075/2576 4183/2069/2576 4182/2068/2576 4180/2076/2576
f 4186/2071/2576 4188/2074/2576 4187/2077/2576 4185/2078/2576
f 4192/2068/2576 4193/2075/2576 4191/2073/2576 4195/2069/2576
f 4197/2072/2576 4195/2069/2576 4191/2073/2576
f 4196/2074/2576 4194/2071/2576 4197/2072/2576 4191/2073/2576
f 4195/2069/2576 4200/2070/2576 4192/2068/2576
f 4193/2075/2576 4192/2068/2576 4201/2076/2576
f 4199/2078/2576 4194/2071/2576 4196/2074/2576 4198/2077/2576
f 4203/2074/2576 4206/2073/2576 4207/2072/2576 4205/2071/2576
f 4206/2073/2576 4209/2075/2576 4208/2069/2576 4207/2072/2576
f 4211/2076/2576 4212/2068/2576 4210/2070/2576 4209/2075/2576
f 4208/2069/2576 4209/2075/2576 4210/2070/2576
f 4203/2074/2576 4205/2071/2576 4204/2078/2576 4202/2077/2576
f 4213/2070/2576 4214/2068/2576 4215/2069/2576
f 4216/2073/2576 4221/2074/2576 4219/2071/2576 4218/2072/2576
f 4221/2074/2576 4220/2077/2576 4222/2078/2576 4219/2071/2576
f 4214/2068/2576 4223/2076/2576 4217/2075/2576 4215/2069/2576
f 4217/2075/2576 4216/2073/2576 4218/2072/2576 4215/2069/2576
f 4230/2077/2576 4229/2074/2576 4227/2071/2576 4228/2078/2576
f 4229/2074/2576 4225/2073/2576 4224/2072/2576 4227/2071/2576
f 4231/2075/2576 4233/2076/2576 4232/2070/2576 4226/2069/2576
f 4232/2070/2576 4233/2076/2576 4234/2068/2576
f 4225/2073/2576 4231/2075/2576 4226/2069/2576 4224/2072/2576
f 4235/2068/2576 4236/2070/2576 4237/2076/2576
f 4243/2072/2576 4241/2071/2576 4242/2074/2576 4240/2073/2576
f 4241/2071/2576 4244/2078/2576 4245/2077/2576 4242/2074/2576
f 4236/2070/2576 4239/2069/2576 4238/2075/2576 4237/2076/2576
f 4239/2069/2576 4243/2072/2576 4240/2073/2576 4238/2075/2576
f 4246/2068/2576 4247/2069/2576 4248/2070/2576
f 4253/2074/2576 4252/2071/2576 4254/2072/2576 4251/2073/2576
f 4256/2078/2576 4252/2071/2576 4253/2074/2576 4255/2077/2576
f 4246/2068/2576 4250/2076/2576 4249/2075/2576 4247/2069/2576
f 4254/2072/2576 4247/2069/2576 4249/2075/2576 4251/2073/2576
f 4258/2070/2576 4265/2069/2576 4261/2073/2576 4260/2075/2576
f 4266/2071/2576 4263/2078/2576 4264/2074/2576 4261/2073/2576
f 4262/2072/2576 4266/2071/2576 4261/2073/2576
f 4261/2073/2576 4265/2069/2576 4262/2072/2576
f 4263/2078/2576 4267/2077/2576 4264/2074/2576
f 4258/2070/2576 4260/2075/2576 4259/2076/2576 4257/2068/2576
g Atomic30_meshId40_name.007
g Atomic31_meshId42_name.007
v 2304.824463 185.710281 2.000205
v 2251.784668 437.155396 2.000269
v 1902.405151 100.283112 2.000102
v 1849.365234 351.728271 2.000122
v 1499.909546 15.836257 2.000016
v 1446.869751 267.281403 1.999999
v 2357.864502 -65.734825 2.000142
v 1955.445068 -151.162048 2.000082
v 1552.949219 -235.608932 2.000034
vn -0.9783 -0.2070 -0.0000
vn 0.2077 -0.9782 -0.0000
vn -0.0000 -0.0000 1.0000
vn 0.2064 -0.9785 0.0024
vn 0.2064 -0.9785 0.0004
vn -0.2064 0.9785 -0.0024
vn -0.2072 0.9783 -0.0024
vn -0.2064 0.9785 -0.0004
vt 0.194654 0.309131
vt 0.004540 0.428133
vt 0.004540 0.004540
vt 0.627327 0.004540
vt 0.322736 0.194654
vt 0.203734 0.004540
vt 0.995348 0.471275
vt 0.995348 0.695562
vt 0.636407 0.471664
vt 0.995349 0.461806
vt 0.636408 0.462195
vt 0.636408 0.237908
vt 0.995460 0.228827
vt 0.636407 0.228366
vt 0.995460 0.004540
vt 0.394069 0.437213
vt 0.394069 0.860317
vt 0.203735 0.741667
vt 0.194655 0.556214
vt 0.004540 0.860673
vt 0.004540 0.437213
vt 0.203735 0.203734
vt 0.627194 0.203734
vt 0.508194 0.393849
s 1
usemtl Material__0.007
f 4268/2079/2577 4269/2080/2578 4270/2081/2579
f 4269/2082/2578 4271/2083/2580 4270/2084/2579
f 4270/2085/2579 4271/2086/2580 4272/2087/2579
f 4271/2088/2580 4273/2089/2581 4272/2090/2579
f 4268/2091/2577 4270/2092/2579 4274/2093/2582
f 4274/2094/2582 4270/2095/2579 4275/2096/2583
f 4270/2097/2579 4272/2098/2579 4275/2099/2583
f 4275/2100/2583 4272/2101/2579 4276/2102/2584
g Atomic31.001_meshId43_name.007
v 2357.864746 -65.734825 2.000142
v 2357.864746 -65.734680 349.999969
v 2304.824707 185.710297 2.000205
v 2251.784668 437.155579 350.000122
v 2251.784668 437.155396 2.000269
v 1552.878906 -235.538315 349.999847
v 1955.371582 -150.636490 349.999908
v 1552.949219 -235.608932 2.000034
v 1955.444946 -151.162048 2.000082
v 1849.365234 351.728271 2.000122
v 1849.374756 352.271240 349.999969
v 1446.964966 267.386902 349.999817
v 1446.869751 267.281403 1.999999
vn -0.2077 0.9782 -0.0024
vn -0.2064 0.9785 -0.0000
vn -0.9785 -0.2064 -0.0000
vn 0.2064 -0.9785 0.0024
vn 0.2077 -0.9782 -0.0000
vn -0.2064 0.9785 -0.0002
vn -0.2076 0.9782 -0.0023
vn -0.2064 0.9785 -0.0004
vn -0.2076 0.9782 -0.0024
vn -0.2077 0.9782 -0.0026
vn 0.2064 -0.9785 0.0023
vn 0.2064 -0.9785 0.0020
vn 0.2064 -0.9785 0.0019
vn 0.2064 -0.9785 0.0021
vn 0.2053 -0.9787 0.0004
vn 0.2063 -0.9785 0.0022
vn 0.2053 -0.9787 0.0002
vt 0.754534 0.450326
vt 0.957277 0.416007
vt 0.957277 0.525184
vt 0.250542 0.252848
vt 0.250542 0.433653
vt 0.005696 0.343251
vt 0.486903 0.579166
vt 0.486903 0.688343
vt 0.284160 0.654023
vt 0.230753 0.463461
vt 0.005696 0.596783
vt 0.005696 0.439349
vt 0.723368 0.252848
vt 0.723368 0.410282
vt 0.498360 0.386141
vt 0.498294 0.416007
vt 0.743142 0.416377
vt 0.498294 0.560729
vt 0.743142 0.566424
vt 0.743142 0.711133
vt 0.498294 0.710776
vt 0.486969 0.386187
vt 0.261934 0.410311
vt 0.261934 0.252848
vt 0.486903 0.573470
vt 0.261934 0.440171
vt 0.486903 0.416007
vt 0.734759 0.397527
vt 0.734759 0.252848
vt 0.979608 0.397127
vt 0.246791 0.747152
vt 0.005696 0.602479
vt 0.250549 0.602479
s 1
usemtl f008_001_gsft1.015
f 4277/2103/2585 4278/2104/2586 4279/2105/2587
f 4278/2106/2586 4280/2107/2588 4279/2108/2587
f 4279/2109/2587 4280/2110/2588 4281/2111/2589
s 0
f 4282/2112/2590 4283/2113/2591 4284/2114/2590
f 4284/2115/2592 4283/2116/2593 4285/2117/2593
f 4285/2118/2585 4283/2119/2585 4277/2120/2594
f 4283/2121/2593 4278/2122/2586 4277/2123/2591
f 4281/2124/2589 4280/2125/2595 4286/2126/2588
f 4280/2127/2596 4287/2128/2597 4286/2129/2596
f 4287/2130/2598 4288/2131/2599 4286/2132/2598
f 4286/2133/2600 4288/2134/2601 4289/2135/2601
g Atomic32_meshId44_name.007
v 1340.896729 201.589127 531.891418
v 1340.896729 201.589111 356.233337
v 1381.479980 13.487909 531.891357
v 1381.479980 13.487912 356.233337
vn -0.9775 -0.2109 -0.0000
vt 1.000000 1.000000
vt -0.000000 1.000000
vt -0.000000 2.000000
vt 1.000000 2.000000
s 0
usemtl f008_001_hihot.007
f 4291/2136/2602 4293/2137/2602 4292/2138/2602 4290/2139/2602
g Atomic32.001_meshId45_name.007
v 1339.139160 218.655106 402.604492
v 1339.139404 218.655060 297.394867
v 1435.520142 -234.690353 402.604462
v 1435.520508 -234.690338 297.394867
vn -0.9781 -0.2080 -0.0000
vt 0.000500 1.000500
vt 0.999500 1.000500
vt 0.999499 1.999500
vt 0.000499 1.999500
s 0
usemtl f008_001_kanban02a.007
f 4295/2140/2603 4297/2141/2603 4296/2142/2603 4294/2143/2603
g Atomic33_meshId46_name.007
v 1052.105103 421.247681 -0.000032
v 1014.584656 407.383118 -0.000031
v 1072.901855 364.967133 -0.000027
v 1035.381470 351.102600 -0.000026
v 693.438354 288.713104 -0.000022
v 655.917969 274.848633 -0.000021
v 714.234924 232.432587 -0.000017
v 676.714600 218.568069 -0.000016
v 438.355804 -939.329834 0.000071
v 383.538849 -962.975037 0.000073
v 454.198792 -976.058472 0.000074
v 399.105743 -999.822937 0.000076
v 295.690247 -608.589294 0.000046
v 311.533234 -645.318176 0.000049
v 240.597000 -632.353760 0.000048
v 256.440125 -669.082581 0.000051
v -1058.019531 -425.477631 0.000032
v -1020.962036 -410.419403 0.000031
v -1080.606934 -369.891602 0.000028
v -1043.549438 -354.833344 0.000027
v -253.067276 663.564331 -0.000050
v -308.192413 639.874146 -0.000048
v -237.273834 626.814087 -0.000047
v -292.399048 603.124084 -0.000045
v -393.096771 989.402710 -0.000074
v -448.221893 965.712402 -0.000073
v -377.303284 952.652405 -0.000072
v -432.428497 928.962341 -0.000070
v -692.217834 -212.070053 0.000016
v -669.630615 -267.656158 0.000020
v -729.275330 -227.128342 0.000017
v -706.687866 -282.714386 0.000022
vn -0.0000 -0.0000 1.0000
vt 0.420869 0.669023
vt 0.513758 0.669023
vt 0.513758 0.619024
vt 0.420869 0.619024
s 0
usemtl f008_001_kanbant.007
f 4299/2144/2604 4301/2145/2604 4300/2146/2604 4298/2147/2604
f 4303/2144/2604 4305/2145/2604 4304/2146/2604 4302/2147/2604
f 4307/2146/2604 4309/2145/2604 4308/2144/2604 4306/2147/2604
f 4312/2146/2604 4313/2145/2604 4311/2144/2604 4310/2147/2604
f 4315/2145/2604 4317/2144/2604 4316/2147/2604 4314/2146/2604
f 4319/2145/2604 4321/2146/2604 4320/2147/2604 4318/2144/2604
f 4323/2145/2604 4325/2146/2604 4324/2147/2604 4322/2144/2604
f 4328/2147/2604 4329/2146/2604 4327/2145/2604 4326/2144/2604
g fountain-water_meshId47_name.007
v 2199.324951 -1036.259277 11.622081
v 2199.324951 -1036.259277 34.700069
v 1338.555176 -681.914185 11.622055
v 1338.555054 -681.914246 34.700039
v 1283.622314 -702.171387 11.622055
v 1283.622314 -702.171387 34.700043
v 963.244019 -1052.748657 11.622109
v 516.656555 -1288.782471 11.622163
v 469.560272 -1900.533813 11.622209
v 494.663757 -1303.780518 11.622160
v 469.560120 -1350.968384 11.622131
v 516.656616 -1288.782593 34.700089
v 494.663757 -1303.780640 34.700089
v 469.560150 -1350.968506 34.700092
v 469.560242 -1900.533813 34.700134
v 226.917236 0.000003 38.964539
v 160.454758 -143.883301 73.800011
v 160.454758 -143.883301 38.964550
v 58.730522 -196.548340 73.800018
v 58.730518 -196.548340 38.964554
v -58.730492 -196.548340 73.800018
v -58.730488 -196.548340 38.964554
v -160.454742 -143.883408 73.800011
v -160.454727 -143.883408 38.964550
v -226.917236 0.000006 73.800003
v -226.917236 0.000003 38.964539
v -196.516098 101.740974 73.799995
v -196.516098 101.740967 38.964531
v -113.458641 176.220566 73.799988
v -113.458633 176.220459 38.964527
v -0.000011 203.481796 38.964523
v -0.000011 203.481796 73.799988
v 113.458641 176.220566 73.799988
v 113.458633 176.220459 38.964527
v 196.516083 101.740974 73.799995
v 196.516068 101.740967 38.964531
v 226.917236 0.000006 73.800003
v -1283.622314 -702.171387 11.622115
v -1338.555176 -681.914307 11.622113
v -1283.622314 -702.171387 34.700104
v -2199.324951 -1036.259277 11.622170
v -958.313965 -1054.760010 11.622204
v -516.656555 -1288.782471 11.622274
v -494.663757 -1303.780518 11.622274
v -469.560272 -1900.533813 11.622374
v -516.656616 -1288.782593 34.700203
v -494.663757 -1303.780640 34.700203
v -469.560120 -1350.968384 11.622250
v -469.560150 -1350.968506 34.700207
v -469.560242 -1900.533813 34.700302
v -2199.324951 -1036.259277 34.700161
v -1338.555054 -681.914246 34.700100
v 84.395119 34.957523 73.799995
v 91.348618 0.000006 73.800003
v 84.395119 34.957523 37.359013
v 91.348618 0.000003 37.359016
v 64.593231 -64.593254 73.800011
v 64.593231 -64.593262 37.359020
v 0.000012 -91.348625 73.800011
v 0.000012 -91.348633 37.359024
v -64.593231 -64.593254 73.800011
v -64.593231 -64.593262 37.359020
v -91.348625 0.000006 73.800003
v -91.348625 0.000003 37.359016
v -84.395126 34.957523 73.799995
v -84.395126 34.957523 37.359013
vn 0.4914 -0.7000 0.5182
vn 0.2628 -0.4400 0.8587
vn 0.2948 -0.4081 0.8640
vn 0.5278 -0.6876 0.4987
vn 0.9562 -0.2926 -0.0000
vn 0.7087 -0.7055 -0.0000
vn 0.7788 -0.6273 -0.0000
vn 0.9817 -0.1904 -0.0000
vn -0.0914 -0.8394 0.5357
vn 0.0015 -0.8448 0.5351
vn -0.0000 -0.0000 1.0000
vn -0.3807 -0.9247 -0.0000
vn 1.0000 -0.0000 -0.0000
vn 0.2990 -0.4050 0.8641
vn 0.1997 0.9799 -0.0000
vn -0.2732 0.9620 -0.0000
vn -0.1997 0.9799 -0.0000
vn 0.2732 0.9620 -0.0000
vn 0.9996 0.0269 -0.0000
vn 0.9933 0.1152 -0.0000
vn 0.6948 0.7192 -0.0000
vn 0.7498 0.6617 -0.0000
vn -0.9996 0.0269 -0.0000
vn -0.8205 -0.5717 -0.0000
vn -0.8670 -0.4984 -0.0000
vn -0.9935 0.1139 -0.0000
vn -0.4297 -0.9030 -0.0000
vn -0.5001 -0.8660 -0.0000
vn 0.4305 -0.9026 -0.0000
vn 0.4991 -0.8666 -0.0000
vn 0.8670 -0.4984 -0.0000
vn 0.8205 -0.5716 -0.0000
vn -0.0374 -0.9993 -0.0000
vn 0.0374 -0.9993 -0.0000
vn -0.6947 0.7193 -0.0000
vn -0.7512 0.6601 -0.0000
vn 0.0890 -0.8415 0.5328
vn -0.0039 -0.8468 0.5320
vn 0.3807 -0.9247 -0.0000
vn 0.4310 -0.9024 -0.0000
vn -0.4742 -0.7280 0.4951
vn -0.5075 -0.7238 0.4675
vn -0.3669 -0.3797 0.8492
vn -0.3135 -0.4052 0.8588
vn -0.9817 -0.1904 -0.0000
vn -0.9562 -0.2926 -0.0000
vn -1.0000 -0.0000 -0.0000
vn -0.7788 -0.6273 -0.0000
vn -0.7087 -0.7055 -0.0000
vn -0.3146 -0.3983 0.8616
vn 0.9861 -0.1660 -0.0001
vn 0.9808 0.1951 -0.0000
vn 0.9996 -0.0296 -0.0000
vn 0.0711 -0.9975 -0.0000
vn -0.0711 -0.9975 -0.0000
vn 0.6550 -0.7556 -0.0000
vn 0.7556 -0.6550 -0.0000
vn -0.9996 -0.0296 -0.0000
vn -0.7556 -0.6551 -0.0000
vn -0.6551 -0.7556 -0.0000
vn -0.9861 -0.1661 -0.0000
vn -0.9808 0.1951 -0.0000
vt -5.593619 1.013487
vt 3.962825 1.013623
vt 3.962111 1.257103
vt -5.593621 1.257103
vt -6.358505 1.012449
vt -5.825062 1.012450
vt -5.825062 1.258130
vt -6.358505 1.258130
vt 4.516407 1.013623
vt 4.516406 1.256957
vt -0.165034 2.677279
vt -2.737061 1.295877
vt -2.876319 -2.014517
vt 12.810723 1.013632
vt 12.810723 1.256966
vt -11.207882 1.258137
vt -11.207879 1.012457
vt -0.718726 1.013489
vt 6.719280 2.779909
vt 1.944294 4.745583
vt 1.639563 4.633210
vt -2.615060 1.379077
vt -2.876319 1.034110
vt -5.590167 1.258130
vt -5.590167 1.012450
vt -0.722587 2.000950
vt 1.722586 2.000950
vt 1.722586 1.100065
vt -0.722587 1.100065
vt -6.113884 1.100065
vt -6.113884 2.000950
vt -3.035981 2.000950
vt -3.035981 1.100065
vt 7.113883 2.000950
vt 9.125361 2.000950
vt 9.125361 1.100065
vt 7.113883 1.100065
vt 11.319194 2.000950
vt 11.319194 1.100065
vt -10.319194 1.100065
vt -10.319194 2.000950
vt -8.125360 2.000950
vt -8.125360 1.100065
vt 0.500000 2.921172
vt -0.967913 2.235840
vt -0.698546 0.581302
vt 1.698546 0.581302
vt -12.727769 1.100065
vt -12.727769 2.000950
vt 4.035982 1.100065
vt 4.035982 2.000950
vt 13.727769 1.100065
vt 13.727769 2.000950
vt 0.061302 0.226548
vt 0.938698 0.226548
vt 2.195000 1.550508
vt 1.967913 2.235840
vt 1.347500 2.737538
vt -0.347500 2.737538
vt -1.195000 1.550508
vt 3.962825 1.256958
vt 3.962111 1.013487
vt 3.970470 1.100065
vt 4.834450 1.100065
vt 4.834450 2.000950
vt 3.970470 2.000950
vt 0.500000 2.000950
vt 0.500000 1.100065
vt 2.237561 1.100065
vt 2.237561 2.000950
vt -2.970469 1.100065
vt -1.237561 1.100065
vt -1.237561 2.000950
vt -2.970469 2.000950
vt -3.834449 2.000950
vt -3.834449 1.100065
s 1
usemtl f008_001_fun01t.007
f 4337/2148/2605 4334/2149/2606 4335/2150/2607 4341/2151/2608
f 4340/2152/2609 4339/2153/2610 4342/2154/2611 4343/2155/2612
f 4334/2149/2606 4332/2156/2613 4333/2157/2614 4335/2150/2607
s 0
f 4336/2158/2615 4339/2159/2615 4338/2160/2615
s 1
f 4333/2157/2614 4332/2156/2613 4330/2161/2616 4331/2162/2616
f 4343/2155/2612 4344/2163/2617 4338/2164/2617 4340/2152/2609
f 4337/2148/2605 4336/2165/2618 4334/2149/2606
s 0
f 4338/2160/2615 4330/2166/2615 4332/2167/2615
f 4332/2167/2615 4334/2168/2615 4336/2158/2615
f 4336/2158/2615 4337/2169/2615 4339/2159/2615
f 4339/2159/2615 4340/2170/2615 4338/2160/2615
f 4338/2160/2615 4332/2167/2615 4336/2158/2615
s 1
f 4341/2171/2608 4342/2154/2611 4339/2153/2610 4337/2172/2605
f 4350/2173/2619 4348/2174/2620 4349/2175/2621 4351/2176/2622
f 4355/2177/2623 4354/2178/2624 4352/2179/2625 4353/2180/2626
f 4366/2181/2627 4364/2182/2628 4365/2183/2629 4345/2184/2630
f 4364/2182/2628 4362/2185/2631 4363/2186/2632 4365/2183/2629
f 4359/2187/2633 4358/2188/2634 4356/2189/2635 4357/2190/2636
s 0
f 4360/2191/2615 4357/2192/2615 4353/2193/2615 4347/2194/2615
s 1
f 4360/2195/2637 4361/2196/2638 4358/2188/2634 4359/2187/2633
f 4353/2180/2626 4352/2179/2625 4350/2173/2619 4351/2176/2622
f 4345/2184/2630 4347/2197/2639 4346/2198/2640 4366/2181/2627
f 4360/2199/2637 4363/2186/2632 4362/2185/2631 4361/2200/2638
f 4357/2190/2636 4356/2189/2635 4354/2178/2624 4355/2177/2623
s 0
f 4351/2201/2615 4349/2202/2615 4347/2194/2615
f 4347/2194/2615 4345/2203/2615 4365/2204/2615
f 4365/2204/2615 4363/2205/2615 4360/2191/2615
f 4360/2191/2615 4359/2206/2615 4357/2192/2615
f 4357/2192/2615 4355/2207/2615 4353/2193/2615
f 4353/2193/2615 4351/2201/2615 4347/2194/2615
f 4347/2194/2615 4365/2204/2615 4360/2191/2615
s 1
f 4349/2175/2621 4348/2174/2620 4346/2198/2640 4347/2197/2639
f 4368/2156/2641 4381/2157/2642 4380/2162/2643 4370/2161/2644
s 0
f 4374/2160/2615 4373/2159/2615 4371/2158/2615
s 1
f 4372/2148/2645 4375/2151/2646 4369/2208/2647 4367/2209/2648
f 4368/2156/2641 4367/2209/2648 4369/2208/2647 4381/2157/2642
f 4378/2155/2649 4377/2152/2650 4374/2164/2651 4379/2163/2651
s 0
f 4371/2158/2615 4367/2168/2615 4368/2167/2615
f 4368/2167/2615 4370/2166/2615 4374/2160/2615
f 4374/2160/2615 4377/2170/2615 4373/2159/2615
f 4373/2159/2615 4372/2169/2615 4371/2158/2615
f 4371/2158/2615 4368/2167/2615 4374/2160/2615
s 1
f 4376/2154/2652 4373/2153/2653 4377/2152/2650 4378/2155/2649
f 4367/2209/2648 4371/2165/2654 4372/2148/2645
f 4375/2171/2646 4372/2172/2645 4373/2153/2653 4376/2154/2652
f 4385/2210/2655 4384/2211/2656 4382/2212/2656 4383/2213/2657
f 4388/2214/2658 4389/2215/2659 4387/2216/2660 4386/2217/2661
f 4387/2216/2660 4385/2210/2655 4383/2213/2657 4386/2217/2661
f 4393/2218/2662 4391/2219/2663 4390/2220/2664 4392/2221/2665
f 4394/2222/2666 4395/2223/2666 4393/2218/2662 4392/2221/2665
f 4388/2214/2658 4390/2220/2664 4391/2219/2663 4389/2215/2659
g fountain_meshId48_name.007
v -1338.198242 -675.689453 50.072819
v -1338.555176 -681.914307 42.369278
v -421.852539 -1343.169067 47.520199
v -463.397278 -1349.961182 50.072964
v -490.359131 -1299.256836 50.072952
v -418.047852 -1342.547119 42.764309
v -458.683441 -1265.967285 42.764294
v -1290.898438 -643.273865 47.520054
v -1250.132690 -659.579529 36.601345
v -493.716309 -1239.604492 36.601513
v -494.663757 -1303.780762 42.369408
v -469.560120 -1350.968384 42.369411
v -469.560242 -1900.533936 42.369537
v -463.397400 -1900.533936 50.073078
v -426.782928 -1900.533936 50.073021
v -421.852661 -1900.533203 47.520325
v -418.048035 -1900.533936 42.764439
v -418.048035 -1900.533936 -43.595299
v -418.047852 -1342.547119 -43.595280
v -458.683441 -1265.967285 -43.595264
v -461.340942 -1268.760132 -48.351154
v -421.852539 -1343.169189 -48.351166
v -421.852661 -1900.533203 -48.351189
v -457.257050 -1264.468140 -0.415497
v -493.716309 -1239.604492 -0.415359
v -469.560242 -1900.533813 34.700302
v -469.560150 -1350.968506 34.700207
v -494.663757 -1303.780640 34.700203
v -1338.555054 -681.914246 34.700100
v -2199.324951 -1036.259521 42.369335
v -2201.933350 -1030.671143 50.072876
v -2217.427490 -997.476013 50.072876
v -2219.512451 -993.004761 47.520107
v -2221.985107 -987.701904 36.601402
v -1335.792969 -633.727295 47.520054
v -1335.454468 -627.821716 36.601349
v -2199.324951 -1036.259277 34.700161
v 260.041595 62.481812 72.993233
v 190.363647 170.703369 72.993217
v 193.398972 173.425171 77.661324
v 193.398956 173.425171 85.163857
v 136.753723 212.401611 85.163849
v 236.864380 122.630135 85.163864
v 229.393173 118.762093 89.831955
v 264.187958 63.478035 85.163864
v 264.187958 63.478035 77.661339
v 264.187958 -63.478020 77.661354
v 260.041595 -62.481686 72.993248
v 264.187958 -63.478020 85.163879
v 193.399033 -173.425171 77.661362
v 190.363693 -170.703369 72.993256
v 193.399033 -173.425171 85.163887
v 187.298798 -167.955078 89.831978
v 164.193222 -147.235718 89.831970
v 68.556152 -229.430786 89.831978
v 70.788971 -236.903305 85.163887
v 60.098885 -201.127792 89.831978
v -68.556068 -229.430786 89.831978
v -70.788910 -236.903305 85.163887
v -70.788910 -236.903305 77.661362
v -193.398956 -173.425293 85.163887
v -187.298737 -167.955078 89.831978
v -164.193146 -147.235718 89.831970
v -60.098854 -201.127792 89.831978
v -58.730495 -196.548340 84.082565
v -58.730492 -196.548340 73.800018
v 58.730522 -196.548340 73.800018
v 58.730530 -196.548340 84.082565
v 160.454758 -143.883301 73.800011
v 160.454773 -143.883301 84.082558
v 226.917267 0.000006 84.082550
v 232.204193 0.000007 89.831963
v 255.854889 -61.475697 89.831970
v 201.094711 104.111328 89.831955
v 196.516098 101.740974 84.082542
v 196.516083 101.740974 73.799995
v 113.458633 176.220459 84.082535
v 113.458641 176.220566 73.799988
v 116.102104 180.326172 89.831947
v 132.440247 205.702026 89.831947
v -0.000011 237.524277 89.831947
v -0.000012 245.260254 85.163849
v -68.556107 229.430786 89.831947
v -0.000011 208.222778 89.831947
v -60.098885 201.127686 89.831947
v -0.000011 203.481796 84.082535
v -0.000011 203.481796 73.799988
v -113.458641 176.220566 73.799988
v -113.458633 176.220459 84.082535
v -196.516098 101.740974 73.799995
v -196.516144 101.740974 84.082542
v -226.917236 0.000006 73.800003
v -226.917267 0.000006 84.082550
v -232.204193 0.000007 89.831963
v -264.880493 0.000007 89.831963
v -273.507446 0.000006 85.163872
v -264.187958 -63.478020 85.163879
v -160.454727 -143.883423 84.082558
v -160.454742 -143.883408 73.800011
v -264.187958 -63.478020 77.661354
v -193.398956 -173.425293 77.661362
v -190.363617 -170.703369 72.993256
v -69.677910 -233.185059 72.993256
v 69.677963 -233.185059 72.993256
v 70.788971 -236.903305 77.661362
v -260.041595 -62.481804 72.993248
v -260.041595 62.481812 72.993233
v -264.187958 63.478035 77.661339
v -264.187958 63.478035 85.163864
v -193.399002 173.425171 77.661324
v -193.399002 173.425171 85.163849
v -187.298798 167.954956 89.831947
v -201.094727 104.111328 89.831955
v -164.193176 147.235718 89.831955
v -136.753723 212.401611 85.163849
v -190.363708 170.703247 72.993217
v 226.917236 0.000006 73.800003
v 493.716309 -1239.604492 36.601406
v 458.683441 -1265.967285 42.764191
v 431.888519 -1301.347290 42.764194
v 418.047852 -1342.547119 42.764198
v 435.297089 -1303.148560 47.520081
v 421.852661 -1900.533203 47.520157
v 426.782928 -1900.533936 50.072861
v 418.048035 -1900.533936 42.764267
v 457.257050 -1264.468140 -0.415499
v 493.716309 -1239.604492 -0.415468
v 458.683441 -1265.967285 -43.595173
v 461.340942 -1268.760132 -48.351063
v 421.852539 -1343.169189 -48.351055
v 418.047852 -1342.547119 -43.595169
v 421.852661 -1900.533203 -48.351044
v 418.048035 -1900.533936 -43.595154
v 463.397400 -1900.533936 50.072922
v 469.560242 -1900.533936 42.369370
v 463.397278 -1349.961182 50.072853
v 469.560120 -1350.968384 42.369301
v 494.663757 -1303.780762 42.369297
v 494.663757 -1303.780640 34.700089
v 1290.898438 -643.273865 47.520004
v 1338.198242 -675.689453 50.072769
v 1338.555176 -681.914307 42.369217
v 1338.555054 -681.914246 34.700039
v 2199.324951 -1036.259521 42.369244
v 2201.933350 -1030.671143 50.072792
v 2217.427490 -997.476013 50.072792
v 2219.512451 -993.004761 47.520027
v 1335.572754 -629.884277 42.764141
v 1289.536133 -639.673828 42.764145
v 1335.454468 -627.821655 36.601295
v 2221.985107 -987.701904 36.601318
v 1250.132690 -659.579468 36.601292
v 2199.324951 -1036.259277 34.700069
v 469.560150 -1350.968506 34.700092
v 469.560242 -1900.533813 34.700134
v -70.788910 -236.903305 -77.661301
v 70.788971 -236.903305 -77.661301
v -70.788910 -236.903305 -85.163834
v 70.788971 -236.903305 -85.163834
v 193.399017 -173.425293 -85.163834
v 193.399017 -173.425171 -77.661301
v 190.363678 -170.703369 -72.993217
v 183.729050 -164.753906 -72.993187
v 67.249519 -225.058105 -72.993202
v 69.677971 -233.185059 -72.993217
v -67.249466 -225.058105 -72.993187
v -69.677910 -233.185059 -72.993217
v -190.363617 -170.703369 -72.993217
v -183.728989 -164.753906 -72.993187
v -193.398911 -173.425293 -77.661301
v -260.041565 -62.481812 -72.993225
v -264.187958 -63.478035 -77.661308
v -264.187927 -63.478035 -85.163841
v -264.187958 63.478020 -77.661324
v -264.187927 63.478020 -85.163857
v -260.041565 62.481686 -72.993240
v -193.398972 173.425171 -77.661324
v -190.363708 170.703247 -72.993256
v -183.729172 164.753769 -72.993225
v -250.978516 60.304073 -72.993210
v -250.978516 -60.304203 -72.993195
v -250.978516 -60.304195 72.993248
v -183.728973 -164.753906 72.993256
v -67.249466 -225.058105 72.993256
v 67.249527 -225.058105 72.993256
v 183.729065 -164.753906 72.993256
v 250.978516 -60.304073 72.993233
v 250.978516 -60.304081 -72.993187
v 260.041626 -62.481812 -72.993225
v 250.978516 60.304195 -72.993210
v 260.041626 62.481804 -72.993240
v 264.187958 -63.478035 -77.661308
v 264.187958 63.478020 -77.661324
v 264.187927 -63.478035 -85.163841
v 264.187927 63.478020 -85.163857
v 193.398941 173.425171 -85.163864
v 193.398956 173.425171 -77.661324
v 190.363647 170.703369 -72.993248
v 183.729019 164.753906 -72.993217
v 250.978516 60.304203 72.993233
v 183.729019 164.753906 72.993217
v -250.978516 60.304203 72.993233
v -183.729187 164.753769 72.993217
v -193.398972 173.425171 -85.163864
v -193.398911 -173.425293 -85.163834
v 82.867592 0.000007 88.157112
v 91.348625 0.000006 80.460083
v 76.559662 31.712042 88.157120
v -82.867592 0.000007 88.157112
v -76.559669 31.712042 88.157120
v -91.348625 0.000006 80.460083
v -58.596230 -58.596191 88.157127
v -64.593231 -64.593254 80.460091
v 0.000011 -82.867668 88.157127
v 58.596245 -58.596191 88.157127
v 64.593239 -64.593254 80.460091
v 64.593231 -64.593254 73.800011
v 91.348618 0.000006 73.800003
v 84.395119 34.957523 73.799995
v 84.395119 34.957527 80.460083
v 34.957596 84.395149 80.460075
v 31.712051 76.559700 88.157112
v -0.000004 91.348640 80.460075
v -34.957611 84.395149 80.460075
v -0.000004 82.867561 88.157104
v -31.712051 76.559700 88.157112
v -84.395126 34.957527 80.460083
v -84.395126 34.957523 73.799995
v -91.348625 0.000006 73.800003
v -64.593231 -64.593254 73.800011
v 0.000012 -91.348625 73.800011
v 0.000012 -91.348625 80.460091
vn 0.0744 0.0925 0.9929
vn 0.3058 0.1610 0.9384
vn 0.1676 0.2641 0.9498
vn -0.4091 0.0234 0.9122
vn -0.2416 -0.1321 0.9613
vn -0.8468 -0.2557 0.4664
vn -0.9506 -0.0000 0.3104
vn 0.3807 -0.9247 -0.0000
vn -0.1219 -0.9923 0.0239
vn -0.1292 -0.8585 0.4963
vn 0.4740 -0.7514 0.4590
vn 0.1014 -0.1758 0.9792
vn -0.0013 -0.3609 0.9326
vn 0.9545 0.0137 -0.2977
vn 0.8118 0.0276 -0.5833
vn 0.6225 0.0479 -0.7812
vn 0.6165 -0.0228 -0.7870
vn 0.9183 0.3620 -0.1603
vn 0.6408 -0.0203 -0.7674
vn -0.7475 -0.5929 0.2997
vn -0.2070 -0.2950 0.9328
vn -0.7903 -0.6127 -0.0000
vn -0.9816 -0.1910 0.0005
vn 0.3973 0.3750 0.8376
vn -1.0000 -0.0000 -0.0000
vn -0.2297 0.3440 0.9104
vn 0.0677 -0.0047 0.9977
vn 0.2100 0.0221 0.9774
vn 0.9341 0.1418 0.3277
vn 0.9474 0.1928 0.2556
vn -0.2842 0.6920 0.6636
vn -0.1201 0.3071 0.9441
vn -0.0799 0.5234 0.8483
vn 0.7658 0.5553 0.3244
vn 0.7881 0.4578 0.4115
vn -0.1066 0.0415 0.9934
vn 0.2673 0.3745 0.8879
vn 0.4542 -0.7596 0.4656
vn 0.7903 -0.3816 0.4794
vn 0.2523 -0.0121 0.9676
vn 0.0203 -0.1983 0.9799
vn -0.1036 0.9423 0.3183
vn -0.2730 0.9620 -0.0000
vn 0.1991 0.9800 -0.0000
vn 0.2946 0.8844 0.3619
vn -0.4428 -0.7159 0.5399
vn -0.5235 -0.8063 -0.2752
vn -0.1823 -0.8532 -0.4886
vn -0.0149 -0.8461 0.5328
vn 0.7253 -0.6168 -0.3058
vn 0.9431 -0.2690 -0.1955
vn -0.4896 -0.1190 -0.8638
vn -0.4053 -0.4109 -0.8167
vn -0.7586 -0.4026 -0.5123
vn -0.8930 -0.1950 0.4056
vn -0.3479 0.2803 0.8947
vn -0.9223 0.1927 0.3351
vn -0.0486 0.0458 0.9978
vn -0.0108 0.1415 0.9899
vn 0.8229 0.5401 0.1763
vn 0.1333 0.2054 0.9695
vn -0.7497 0.6618 -0.0000
vn -0.5278 0.7533 0.3924
vn -0.8201 -0.5723 -0.0000
vn -0.9996 0.0271 -0.0000
vn -0.9596 0.0595 0.2749
vn -0.8153 -0.4352 0.3818
vn 0.3171 -0.8502 -0.4203
vn -0.1484 -0.5231 -0.8392
vn 0.1181 -0.5880 -0.8002
vn -0.5411 -0.7779 0.3197
vn -0.4289 -0.9034 -0.0000
vn 0.6933 0.7206 -0.0000
vn 0.7555 0.5582 0.3430
vn -0.0347 -0.2961 0.9545
vn -0.0774 -0.1135 0.9905
vn 0.2278 -0.9263 0.3002
vn 0.8589 0.0710 -0.5073
vn 0.8822 -0.0202 0.4705
vn 0.4990 -0.8666 -0.0000
vn 0.0375 -0.9993 -0.0000
vn -0.0138 -0.8447 0.5351
vn 0.3965 -0.7690 0.5013
vn -0.3193 0.3630 0.8754
vn -0.3408 0.0556 0.9385
vn 0.2853 -0.4957 -0.8203
vn 0.5305 -0.0871 -0.8432
vn 0.9934 0.1150 -0.0000
vn 0.9080 0.1955 0.3705
vn -0.7981 0.3657 -0.4788
vn -0.8863 0.0998 -0.4522
vn -0.8168 0.2351 0.5268
vn 0.0612 -0.3152 0.9471
vn -0.0097 -0.2172 0.9761
vn -0.0123 0.0677 0.9976
vn -0.1631 0.2144 0.9630
vn -0.5290 0.1856 -0.8280
vn -0.1375 0.1033 0.9851
vn -0.2626 -0.3309 0.9064
vn -0.2437 -0.2090 0.9470
vn 0.0765 0.0910 0.9929
vn 0.8669 -0.4985 -0.0000
vn 0.7888 -0.5317 0.3084
vn 0.1452 0.4231 0.8944
vn -0.0284 0.4499 0.8926
vn -0.5735 0.1243 -0.8097
vn 0.2514 0.3594 0.8987
vn 0.3496 -0.2697 0.8972
vn 0.4034 -0.0569 0.9132
vn 0.5133 0.5264 0.6778
vn 0.5413 0.1303 -0.8307
vn 0.5735 0.1242 -0.8097
vn 0.6853 0.4807 -0.5470
vn 0.2283 -0.2645 0.9370
vn 0.1339 0.2142 0.9676
vn -0.0030 0.1541 0.9881
vn -0.2136 -0.0616 0.9750
vn -0.3480 0.4416 0.8270
vn -0.3009 0.4709 0.8293
vn 0.0497 0.5684 0.8212
vn -0.1361 0.7171 0.6835
vn -0.2376 0.4475 0.8622
vn 0.4064 0.4222 0.8103
vn 0.7565 -0.6533 0.0288
vn 0.1643 -0.9864 -0.0000
vn 0.0239 -0.9992 0.0318
vn 0.7107 -0.6691 -0.2173
vn -0.6166 -0.0227 -0.7870
vn -0.6226 0.0480 -0.7811
vn -0.8119 0.0274 -0.5832
vn -0.9172 0.3086 -0.2521
vn -0.2835 -0.3032 0.9098
vn -0.0083 -0.6466 0.7628
vn -0.3079 -0.7527 0.5820
vn 0.9506 -0.0000 0.3105
vn 1.0000 -0.0000 -0.0000
vn 0.9816 -0.1910 -0.0000
vn 0.9762 -0.2170 -0.0029
vn -0.8975 0.1393 -0.4185
vn -0.7787 0.3614 0.5129
vn -0.6396 0.6904 0.3381
vn -0.0923 0.4211 0.9023
vn 0.1424 0.3698 0.9181
vn -0.8372 0.5122 0.1917
vn -0.4134 0.5576 0.7199
vn 0.6242 -0.2112 0.7522
vn 0.4124 0.0184 0.9108
vn -0.3807 -0.9247 -0.0000
vn 0.0406 0.1696 0.9847
vn -0.6605 0.0100 0.7508
vn 0.0179 0.0131 0.9998
vn -0.1363 0.0397 0.9899
vn -0.6687 0.3789 0.6397
vn -0.6375 0.0775 -0.7665
vn 0.1135 0.0326 0.9930
vn 0.9441 0.3295 -0.0000
vn 0.9539 0.2384 0.1824
vn 0.8646 -0.1873 0.4662
vn 0.9437 -0.3308 -0.0000
vn 0.6243 -0.6259 0.4675
vn 0.3553 -0.3380 0.8715
vn 0.2793 -0.4606 0.8425
vn 0.8408 0.5413 -0.0000
vn 0.9581 0.2817 -0.0511
vn 0.2178 0.9388 0.2669
vn 0.3216 0.1863 0.9284
vn -0.7981 0.3657 0.4788
vn -0.8400 0.5408 0.0436
vn -0.9726 0.2327 -0.0000
vn -0.8369 0.4189 0.3523
vn 0.6886 0.6730 0.2699
vn 0.9526 -0.3006 0.0473
vn 0.6374 -0.7705 -0.0000
vn -0.1538 -0.9866 0.0539
vn 0.5301 -0.8401 0.1151
vn 0.2770 -0.9609 -0.0000
vn -0.1958 -0.9806 -0.0000
vn -0.2854 0.2292 0.9306
vn -0.5269 -0.0149 0.8498
vn -0.9437 -0.3308 -0.0000
vn -0.9722 0.2340 -0.0000
vn -0.9378 0.3464 0.0220
vn -0.7113 0.4489 0.5409
vn -0.9441 -0.3296 -0.0000
vn -0.9421 -0.0472 0.3319
vn -0.9210 0.3778 0.0945
vn -0.8408 0.5413 -0.0000
vn -0.4125 0.0918 0.9063
vn 0.9353 -0.2087 0.2859
vn 0.7062 -0.7080 -0.0000
vn -0.4872 -0.8238 0.2899
vn -0.0698 -0.9358 0.3456
vn -0.2674 -0.3784 0.8862
vn -0.1794 -0.5161 0.8375
vn 0.1980 -0.9600 0.1979
vn 0.2777 -0.9607 -0.0000
vn 0.5000 -0.0149 0.8659
vn 0.0221 -0.2586 0.9657
vn -0.6392 -0.7690 -0.0000
vn -0.1961 -0.9806 -0.0000
vn -0.9090 0.2459 0.3366
vn -0.6592 -0.7507 -0.0426
vn 0.8428 0.3751 0.3860
vn 0.5040 0.3418 0.7932
vn -0.8369 0.0355 0.5462
vn -0.3829 0.3482 0.8557
vn -0.2377 0.4085 0.8813
vn 0.2824 -0.4380 0.8535
vn 0.5034 -0.7368 0.4514
vn 0.8353 -0.0773 0.5444
vn 0.4733 -0.0146 0.8808
vn -0.5026 -0.7415 0.4445
vn 0.1748 -0.8846 0.4324
vn 0.0161 -0.2835 0.9588
vn -0.2532 -0.1831 0.9499
vn 0.0332 0.5023 0.8640
vn 0.0165 0.4230 0.9060
vn 0.2719 0.4442 0.8537
vn 0.2928 0.3768 0.8788
vn -0.5306 0.0774 0.8441
vn 0.7557 -0.6550 -0.0000
vn 0.9996 -0.0295 -0.0000
vn -0.9861 -0.1661 -0.0000
vn -0.6550 -0.7557 -0.0000
vn -0.1134 0.3561 0.9275
vn 0.9808 0.1951 -0.0000
vn 0.7642 0.1879 0.6170
vn 0.0712 -0.9975 -0.0000
vn -0.6127 0.2946 0.7334
vn -0.9808 0.1951 -0.0000
vn 0.4048 0.3334 0.8515
vt -5.902298 1.536033
vt 0.090623 1.448884
vt -5.691557 1.448884
vt 4.422589 1.837121
vt 0.896362 1.837121
vt 0.896362 1.931999
vt 4.422589 1.931999
vt -10.738035 1.999734
vt -6.109538 1.999734
vt -6.109538 1.931999
vt -10.738035 1.931999
vt -10.738035 1.837121
vt -6.109538 1.837121
vt 0.896362 1.498092
vt 4.422589 1.498092
vt 4.422589 1.536033
vt 0.896362 1.536033
vt 0.327521 1.498092
vt 0.327521 1.536033
vt 0.327521 1.931999
vt 0.327521 1.837121
vt 0.327521 1.999734
vt 0.896362 1.999734
vt 4.422589 1.999734
vt -6.109538 1.536033
vt -10.738035 1.572341
vt -10.738035 1.448884
vt -10.738035 1.536033
vt -6.109538 1.448884
vt 0.327521 1.010583
vt 4.422589 1.572341
vt 0.090623 1.010583
vt 1.500000 1.550961
vt 2.500000 1.550961
vt 2.500000 1.617805
vt 1.500000 1.617805
vt 0.500654 1.941071
vt 0.500654 1.999734
vt -0.500000 1.999734
vt -0.500000 1.941071
vt -1.500000 1.550961
vt -1.500000 1.498070
vt -0.500000 1.498070
vt -0.500000 1.550961
vt 1.500000 1.498070
vt 2.500000 1.498070
vt -2.500000 1.447285
vt -1.500000 1.447285
vt -2.500000 1.498070
vt -2.500000 1.550961
vt -4.500000 1.550961
vt -3.000000 1.550961
vt -3.000000 1.617805
vt -4.500000 1.617805
vt 4.000000 1.550961
vt 4.000000 1.617805
vt 1.500000 1.999734
vt 1.500000 1.941071
vt 4.000000 1.999734
vt 3.000000 1.999734
vt 3.000000 1.941071
vt 4.000000 1.941071
vt 0.500654 1.498070
vt -0.500000 1.447285
vt 0.500654 1.447285
vt 5.000000 1.941071
vt 5.000000 1.999734
vt -1.500000 1.999734
vt -1.500000 1.941071
vt 0.500654 1.617805
vt -0.500000 1.617805
vt 0.500654 1.550961
vt 3.500000 1.498070
vt 3.500000 1.550961
vt -5.000000 1.999734
vt -6.000000 1.999734
vt -6.000000 1.941071
vt -5.000000 1.941071
vt 1.500000 1.837121
vt 3.000000 1.837121
vt 1.500000 1.447285
vt 2.500000 1.447285
vt -3.000000 1.999734
vt -3.000000 1.941071
vt -4.500000 1.498070
vt -3.500000 1.498070
vt -3.500000 1.550961
vt 6.000000 1.941071
vt 6.000000 1.999734
vt -5.500000 1.837121
vt -6.000000 1.837121
vt -6.000000 1.617805
vt -5.500000 1.617805
vt -3.500000 1.447285
vt -5.000000 1.550961
vt 5.000000 1.837121
vt 4.000000 1.837121
vt 5.000000 1.617805
vt -4.000000 1.999734
vt -4.000000 1.941071
vt -0.500000 1.837121
vt 0.500654 1.837121
vt -4.500000 1.447285
vt -1.500000 1.837121
vt -4.000000 1.837121
vt -3.000000 1.837121
vt 4.500000 1.550961
vt 3.500000 1.447285
vt 4.500000 1.447285
vt 4.500000 1.498070
vt -4.500000 1.837121
vt 5.000000 1.550961
vt 6.000000 1.550961
vt 6.000000 1.617805
vt 6.000000 1.837121
vt -1.500000 1.617805
vt -6.000000 1.550961
vt -5.902298 1.498092
vt -6.109538 1.498092
vt 0.594151 1.536033
vt 0.594150 1.498092
vt 2.752266 1.444811
vt 2.247483 1.444811
vt 1.749833 1.444811
vt 0.251175 1.444811
vt 0.748825 1.444811
vt -0.748782 1.444811
vt -1.247550 1.444811
vt -1.749706 1.444811
vt 1.246475 1.444811
vt 0.539431 1.488684
vt -0.250233 1.444811
vt -1.500000 1.548302
vt -2.000000 1.617973
vt -3.000000 1.548302
vt 1.500000 1.617973
vt 1.500000 1.548302
vt 2.500000 1.548302
vt 2.500000 1.617973
vt -0.500000 1.548302
vt 0.500000 1.548302
vt 0.500000 1.617973
vt -0.500000 1.617973
vt 4.500000 1.548302
vt 4.500000 1.617973
vt 4.000000 1.617973
vt 4.000000 1.548302
vt -1.500000 1.617973
vt 1.500000 1.498391
vt 2.500000 1.498391
vt -1.500000 1.498391
vt -0.500000 1.498391
vt 0.221862 1.658681
vt 0.077672 1.801708
vt 0.166683 1.669657
vt 0.366051 1.801709
vt -3.500000 1.548302
vt -3.000000 1.617973
vt -3.500000 1.617973
vt 3.000000 1.498391
vt 3.000000 1.548302
vt 0.500000 1.498391
vt -2.000000 1.548302
vt -2.000000 1.498391
vt 3.000000 1.617973
vt 0.119904 1.700913
vt 0.088648 1.747691
vt 0.277041 1.669657
vt 0.355075 1.747692
vt 0.323819 1.700914
s 1
usemtl f008_001_fun02t.007
f 4403/2224/2667 4405/2225/2668 4404/2226/2669
f 4409/2227/2670 4399/2228/2671 4407/2229/2672 4408/2230/2673
f 4432/2231/2674 4424/2232/2675 4397/2233/2676 4425/2234/2677
f 4426/2235/2678 4425/2234/2677 4397/2233/2676 4396/2236/2679
f 4414/2237/2680 4413/2238/2681 4418/2239/2682 4417/2240/2683
f 4415/2241/2684 4414/2237/2680 4417/2240/2683 4416/2242/2685
f 4397/2233/2676 4406/2243/2686 4400/2244/2687 4396/2236/2679
f 4406/2243/2686 4397/2233/2676 4424/2232/2675 4423/2245/2688
f 4406/2243/2686 4423/2245/2688 4422/2246/2689 4407/2229/2672
f 4398/2240/2690 4396/2236/2679 4400/2244/2687
f 4407/2229/2672 4422/2246/2689 4421/2247/2691 4408/2230/2673
f 4430/2248/2692 4427/2249/2693 4403/2224/2667
f 4399/2228/2671 4409/2227/2670 4411/2239/2694 4398/2240/2690
f 4412/2238/2695 4401/2237/2696 4398/2240/2690 4411/2239/2694
f 4403/2224/2667 4398/2240/2690 4401/2237/2696
f 4429/2250/2697 4428/2251/2698 4430/2248/2692 4431/2252/2699
f 4403/2224/2667 4401/2237/2696 4402/2241/2700
f 4431/2252/2699 4430/2248/2692 4403/2224/2667
f 4404/2226/2669 4431/2252/2699 4403/2224/2667
f 4403/2224/2667 4402/2241/2700 4405/2225/2668
f 4414/2237/2680 4415/2241/2684 4419/2253/2701
f 4402/2241/2700 4401/2237/2696 4414/2237/2680 4419/2253/2701
f 4409/2227/2670 4410/2254/2702 4411/2239/2694
f 4403/2224/2667 4427/2249/2693 4426/2235/2678
f 4403/2224/2667 4426/2235/2678 4396/2236/2679
f 4420/2255/2703 4405/2225/2668 4402/2241/2700 4419/2253/2701
f 4398/2240/2690 4403/2224/2667 4396/2236/2679
f 4400/2244/2687 4399/2228/2671 4398/2240/2690
f 4430/2248/2692 4428/2251/2698 4427/2249/2693
f 4406/2243/2686 4407/2229/2672 4399/2228/2671 4400/2244/2687
f 4401/2237/2696 4412/2238/2695 4413/2238/2681 4414/2237/2680
f 4447/2256/2704 4444/2257/2705 4468/2258/2706 4448/2259/2707
f 4463/2260/2708 4462/2261/2709 4461/2262/2710 4460/2263/2711
f 4456/2264/2712 4496/2265/2713 4455/2266/2714 4454/2267/2715
f 4447/2256/2704 4445/2268/2716 4442/2269/2717 4444/2257/2705
f 4501/2270/2718 4497/2271/2719 4496/2265/2713 4495/2272/2720
f 4456/2264/2712 4492/2273/2721 4495/2272/2720 4496/2265/2713
f 4506/2274/2722 4491/2275/2723 4490/2276/2724 4507/2277/2725
f 4438/2278/2726 4439/2279/2727 4468/2258/2706 4444/2257/2705
f 4464/2280/2728 4462/2261/2709 4463/2260/2708 4465/2281/2729
f 4471/2282/2730 4512/2283/2731 4466/2284/2732 4470/2285/2733
f 4500/2286/2734 4455/2266/2714 4498/2287/2735 4499/2288/2736
f 4471/2282/2730 4470/2285/2733 4472/2289/2737 4473/2290/2738
f 4461/2262/2710 4494/2291/2739 4493/2292/2740 4460/2263/2711
f 4450/2293/2741 4453/2294/2742 4454/2267/2715 4451/2295/2743
f 4444/2257/2705 4442/2269/2717 4441/2296/2744 4440/2297/2745
f 4483/2298/2746 4482/2299/2747 4481/2300/2748 4484/2301/2749
f 4449/2302/2750 4467/2303/2751 4466/2284/2732 4465/2281/2729
f 4445/2268/2716 4446/2304/2752 4443/2305/2753 4442/2269/2717
f 4494/2291/2739 4487/2306/2754 4488/2307/2755 4493/2292/2740
f 4506/2274/2722 4505/2308/2756 4503/2309/2757 4504/2310/2758
f 4481/2311/2748 4482/2312/2747 4473/2290/2738 4472/2289/2737
f 4480/2313/2759 4479/2314/2760 4476/2315/2761 4478/2316/2762
f 4495/2272/2720 4503/2309/2757 4502/2317/2763 4501/2270/2718
f 4510/2318/2764 4506/2274/2722 4478/2316/2762
f 4474/2319/2765 4469/2320/2766 4439/2279/2727 4475/2321/2767
f 4485/2322/2768 4483/2298/2746 4484/2301/2749 4486/2323/2769
f 4503/2309/2757 4495/2272/2720 4492/2273/2721 4504/2310/2758
f 4451/2295/2743 4447/2256/2704 4448/2259/2707 4450/2293/2741
f 4463/2260/2708 4460/2263/2711 4459/2324/2770 4452/2325/2771
f 4503/2309/2757 4505/2308/2756 4511/2326/2772 4502/2317/2763
f 4459/2324/2770 4460/2263/2711 4493/2292/2740 4458/2327/2773
f 4508/2328/2774 4489/2329/2775 4488/2307/2755 4486/2323/2769
f 4466/2284/2732 4512/2283/2731 4464/2280/2728 4465/2281/2729
f 4441/2296/2744 4436/2330/2776 4438/2278/2726
f 4433/2331/2777 4434/2332/2778 4435/2333/2779 4441/2296/2744
f 4445/2268/2716 4500/2286/2734 4499/2288/2736 4446/2304/2752
f 4484/2301/2749 4480/2313/2759 4509/2334/2780
f 4487/2306/2754 4485/2322/2768 4486/2323/2769 4488/2307/2755
f 4437/2335/2781 4477/2336/2782 4476/2337/2761 4475/2321/2767
f 4454/2267/2715 4455/2266/2714 4500/2286/2734 4451/2295/2743
f 4497/2271/2719 4498/2287/2735 4455/2266/2714 4496/2265/2713
f 4492/2273/2721 4491/2275/2723 4504/2310/2758
f 4443/2305/2753 4433/2331/2777 4441/2296/2744 4442/2269/2717
f 4438/2278/2726 4437/2335/2781 4475/2321/2767 4439/2279/2727
f 4444/2257/2705 4440/2297/2745 4438/2278/2726
f 4479/2338/2760 4474/2319/2765 4475/2321/2767 4476/2337/2761
f 4452/2325/2771 4459/2324/2770 4453/2294/2742 4450/2293/2741
f 4508/2328/2774 4509/2334/2780 4507/2277/2725
f 4449/2302/2750 4452/2325/2771 4450/2293/2741 4448/2259/2707
f 4508/2328/2774 4507/2277/2725 4490/2276/2724
f 4489/2329/2775 4508/2328/2774 4490/2276/2724
f 4468/2258/2706 4439/2279/2727 4469/2320/2766
f 4468/2258/2706 4469/2320/2766 4467/2303/2751
f 4448/2259/2707 4468/2258/2706 4467/2303/2751
f 4448/2259/2707 4467/2303/2751 4449/2302/2750
f 4478/2316/2762 4507/2277/2725 4509/2334/2780 4480/2313/2759
f 4459/2324/2770 4458/2327/2773 4457/2339/2783 4453/2294/2742
f 4465/2281/2729 4463/2260/2708 4452/2325/2771 4449/2302/2750
f 4456/2264/2712 4454/2267/2715 4453/2294/2742 4457/2339/2783
f 4438/2278/2726 4436/2330/2776 4437/2335/2781
f 4506/2274/2722 4504/2310/2758 4491/2275/2723
f 4491/2275/2723 4456/2264/2712 4457/2339/2783 4490/2276/2724
f 4478/2316/2762 4476/2315/2761 4477/2340/2782
f 4478/2316/2762 4477/2340/2782 4510/2318/2764
f 4506/2274/2722 4507/2277/2725 4478/2316/2762
f 4458/2327/2773 4493/2292/2740 4488/2307/2755 4489/2329/2775
f 4458/2327/2773 4489/2329/2775 4490/2276/2724 4457/2339/2783
f 4491/2275/2723 4492/2273/2721 4456/2264/2712
f 4474/2319/2765 4479/2338/2760 4481/2311/2748 4472/2289/2737
f 4469/2320/2766 4470/2285/2733 4466/2284/2732 4467/2303/2751
f 4469/2320/2766 4474/2319/2765 4472/2289/2737 4470/2285/2733
f 4438/2278/2726 4440/2297/2745 4441/2296/2744
f 4441/2296/2744 4435/2333/2779 4436/2330/2776
f 4508/2328/2774 4486/2323/2769 4484/2301/2749
f 4484/2301/2749 4481/2300/2748 4479/2314/2760
f 4509/2334/2780 4508/2328/2774 4484/2301/2749
f 4484/2301/2749 4479/2314/2760 4480/2313/2759
f 4451/2295/2743 4500/2286/2734 4445/2268/2716 4447/2256/2704
f 4547/2226/2784 4513/2225/2785 4544/2341/2786
f 4543/2342/2787 4535/2224/2788 4542/2251/2789
f 4534/2245/2790 4538/2232/2791 4537/2233/2792 4533/2243/2793
f 4525/2240/2794 4527/2239/2795 4528/2238/2796 4526/2237/2797
f 4540/2235/2798 4536/2236/2799 4537/2233/2792 4539/2234/2800
f 4530/2230/2801 4550/2247/2802 4549/2246/2803 4532/2229/2804
f 4523/2241/2805 4526/2237/2797 4516/2237/2806 4514/2241/2807
f 4544/2341/2786 4535/2224/2788 4543/2342/2787 4545/2252/2808
f 4545/2252/2808 4543/2342/2787 4542/2251/2789 4546/2250/2809
f 4521/2253/2810 4514/2241/2807 4513/2225/2785 4522/2255/2811
f 4532/2229/2804 4531/2228/2812 4529/2227/2813 4530/2230/2801
f 4537/2233/2792 4538/2232/2791 4548/2231/2814 4539/2234/2800
f 4542/2251/2789 4535/2224/2788 4541/2249/2815
f 4533/2243/2793 4532/2229/2804 4549/2246/2803 4534/2245/2790
f 4520/2238/2816 4518/2239/2817 4517/2343/2818 4515/2344/2819
f 4514/2241/2807 4515/2344/2819 4517/2343/2818
f 4536/2236/2799 4531/2228/2812 4532/2229/2804 4537/2233/2792
f 4517/2343/2818 4535/2224/2788 4544/2341/2786
f 4513/2225/2785 4514/2241/2807 4517/2343/2818
f 4544/2341/2786 4545/2252/2808 4547/2226/2784
f 4513/2225/2785 4517/2343/2818 4544/2341/2786
f 4526/2237/2797 4523/2241/2805 4524/2242/2820 4525/2240/2794
f 4532/2229/2804 4533/2243/2793 4537/2233/2792
f 4516/2237/2806 4515/2344/2819 4514/2241/2807
f 4514/2241/2807 4521/2253/2810 4523/2241/2805
f 4515/2344/2819 4516/2237/2806 4520/2238/2816
f 4517/2343/2818 4518/2239/2817 4519/2254/2821
f 4519/2254/2821 4529/2227/2813 4531/2228/2812
f 4536/2236/2799 4540/2235/2798 4541/2249/2815
f 4517/2343/2818 4519/2254/2821 4531/2228/2812
f 4536/2236/2799 4541/2249/2815 4535/2224/2788
f 4517/2343/2818 4531/2228/2812 4536/2236/2799 4535/2224/2788
f 4516/2237/2806 4526/2237/2797 4528/2238/2796 4520/2238/2816
f 4590/2297/2822 4588/2296/2823 4587/2269/2824 4589/2257/2825
f 4556/2268/2826 4587/2269/2824 4584/2305/2827 4557/2304/2828
f 4596/2345/2829 4595/2346/2830 4585/2346/2831 4594/2345/2832
f 4572/2308/2833 4599/2274/2834 4570/2310/2835 4569/2309/2836
f 4583/2347/2837 4585/2346/2831 4595/2346/2830 4582/2347/2838
f 4556/2268/2826 4555/2256/2839 4589/2257/2825 4587/2269/2824
f 4561/2348/2840 4559/2349/2841 4580/2349/2842 4579/2348/2843
f 4572/2308/2833 4569/2309/2836 4571/2317/2844 4573/2326/2845
f 4577/2350/2846 4597/2351/2847 4575/2351/2848 4576/2350/2849
f 4570/2310/2835 4568/2273/2850 4567/2272/2851 4569/2309/2836
f 4574/2352/2852 4575/2351/2848 4597/2351/2847 4598/2352/2853
f 4569/2309/2836 4567/2272/2851 4566/2270/2854 4571/2317/2844
f 4559/2349/2841 4558/2353/2855 4581/2353/2856 4580/2349/2842
f 4565/2265/2857 4551/2266/2858 4562/2287/2859 4563/2271/2860
f 4552/2286/2861 4554/2295/2862 4555/2256/2839 4556/2268/2826
f 4588/2296/2823 4586/2331/2863 4584/2305/2827 4587/2269/2824
f 4551/2266/2858 4552/2286/2861 4560/2288/2864 4562/2287/2859
f 4571/2354/2844 4566/2354/2854 4576/2354/2849 4575/2354/2848
f 4565/2265/2857 4600/2264/2865 4553/2267/2866 4551/2266/2858
f 4576/2350/2849 4564/2355/2867 4578/2355/2868 4577/2350/2846
f 4590/2297/2822 4591/2330/2829 4592/2333/2869 4588/2296/2823
f 4567/2272/2851 4568/2273/2850 4600/2264/2865 4565/2265/2857
f 4554/2295/2862 4552/2286/2861 4551/2266/2858 4553/2267/2866
f 4582/2347/2838 4581/2353/2856 4558/2353/2855 4583/2347/2837
f 4566/2270/2854 4567/2272/2851 4565/2265/2857 4563/2271/2860
f 4563/2354/2860 4562/2354/2859 4561/2354/2840 4564/2354/2867
f 4573/2354/2845 4571/2354/2844 4575/2354/2848 4574/2354/2852
f 4585/2354/2831 4583/2354/2837 4584/2354/2827 4586/2354/2863
f 4583/2354/2837 4558/2354/2855 4557/2354/2828 4584/2354/2827
f 4594/2354/2832 4585/2354/2831 4586/2354/2863 4593/2354/2870
f 4566/2354/2854 4563/2354/2860 4564/2354/2867 4576/2354/2849
f 4558/2354/2855 4559/2354/2841 4560/2354/2864 4557/2354/2828
f 4560/2354/2864 4559/2354/2841 4561/2354/2840 4562/2354/2859
f 4586/2354/2863 4588/2354/2823 4592/2354/2869 4593/2354/2870
f 4557/2304/2828 4560/2288/2864 4552/2286/2861 4556/2268/2826
f 4578/2355/2868 4564/2355/2867 4561/2348/2840 4579/2348/2843
f 4606/2356/2871 4605/2357/2872 4619/2358/2873
f 4610/2359/2874 4611/2360/2875 4602/2361/2876 4601/2362/2877
f 4608/2363/2878 4627/2364/2879 4609/2365/2880 4607/2366/2881
f 4618/2367/2882 4620/2368/2883 4617/2369/2884 4616/2370/2885
f 4607/2366/2881 4604/2371/2886 4606/2356/2871 4608/2363/2878
f 4602/2361/2876 4611/2360/2875 4612/2372/2887 4613/2373/2888
f 4606/2356/2871 4624/2374/2889 4625/2375/2890 4608/2363/2878
f 4609/2376/2880 4601/2377/2877 4617/2378/2884 4604/2379/2886
f 4618/2380/2882 4619/2358/2873 4621/2381/2891 4620/2382/2883
f 4609/2365/2880 4627/2364/2879 4611/2360/2875 4610/2359/2874
f 4613/2373/2888 4614/2383/2892 4615/2384/2893 4602/2361/2876
f 4627/2364/2879 4626/2385/2894 4612/2372/2887 4611/2360/2875
f 4622/2386/2895 4623/2387/2896 4624/2374/2889 4606/2356/2871
f 4616/2370/2885 4603/2388/2897 4602/2361/2876
f 4619/2358/2873 4622/2386/2895 4606/2356/2871
f 4606/2356/2871 4604/2371/2886 4605/2357/2872
f 4605/2357/2872 4621/2381/2891 4619/2358/2873
f 4609/2376/2880 4610/2389/2874 4601/2377/2877
f 4601/2377/2877 4603/2390/2897 4617/2378/2884
f 4617/2378/2884 4620/2376/2883 4621/2391/2891
f 4621/2391/2891 4605/2392/2872 4604/2379/2886
f 4604/2379/2886 4607/2393/2881 4609/2376/2880
f 4617/2378/2884 4621/2391/2891 4604/2379/2886
f 4602/2361/2876 4615/2384/2893 4616/2370/2885
f 4616/2370/2885 4617/2369/2884 4603/2388/2897
f 4603/2388/2897 4601/2362/2877 4602/2361/2876
f 4608/2363/2878 4625/2375/2890 4626/2385/2894 4627/2364/2879
g Atomic35_meshId49_name.007
v -1472.089355 -1060.081299 78.351715
v -1425.943726 -980.154663 78.351700
v -1333.652588 -1140.007690 78.351723
v -1425.943726 -1140.007690 78.351723
v -1287.506836 -1060.081299 78.351715
v -1333.652588 -980.154663 78.351700
v -714.283447 -1367.813843 78.351662
v -668.137817 -1447.740479 78.351669
v -760.429077 -1540.031616 78.351692
v -840.355591 -1493.886108 78.351692
v -840.355591 -1401.594727 78.351669
v -681.473816 -1447.740479 80.109406
v -729.511963 -1447.740479 11.237327
v -760.429077 -1478.657471 11.237332
v -787.203979 -1463.198975 11.237328
v -787.203979 -1432.281738 11.237325
v -775.887512 -1420.965454 11.237319
v -799.906616 -1379.363159 80.109398
v -828.806274 -1487.218018 80.109413
v -760.429077 -1526.695679 80.109413
v -744.970520 -1420.965454 11.237319
v -720.951416 -1379.363159 80.109398
v -1353.023193 -1075.539795 11.237366
v -1311.420898 -1099.558838 80.109444
v -1340.320557 -991.703979 80.109436
v -1364.339600 -1033.306274 11.237363
v -1379.798218 -1139.036377 80.109459
v -1448.175171 -1099.558838 80.109444
v -1458.753296 -1060.081299 80.109436
v -1406.572998 -1075.539795 11.237366
v -1419.275635 -991.703979 80.109436
v -1395.256592 -1033.306274 11.237363
v -1379.798218 -1090.998291 11.237371
vn 0.0137 0.0483 0.9987
vn -0.0350 0.0360 0.9987
vn -0.0487 -0.0123 0.9987
vn -0.0137 -0.0483 0.9987
vn 0.0350 -0.0360 0.9987
vn 0.0487 0.0123 0.9987
vn -0.0123 0.0487 0.9987
vn -0.0485 0.0129 0.9987
vn -0.0251 -0.0435 0.9987
vn 0.0356 -0.0355 0.9987
vn 0.0435 0.0252 0.9987
vn 0.8075 -0.0542 -0.5873
vn 0.8277 -0.1645 -0.5365
vn 0.1590 -0.7979 -0.5815
vn 0.1908 -0.8469 -0.4963
vn -0.7233 -0.3928 -0.5679
vn -0.8774 0.2352 -0.4182
vn -0.8973 0.1460 -0.4167
vn -0.7930 -0.3596 -0.4919
vn -0.8774 0.2351 -0.4183
vn 0.7472 0.4350 -0.5025
vn 0.7413 0.4280 -0.5170
vn 0.7705 -0.2612 -0.5815
vn 0.8289 -0.2582 -0.4963
vn 0.8663 0.2321 -0.4423
vn -0.8094 0.1365 -0.5712
vn -0.6613 -0.3614 -0.6573
vn -0.7666 -0.2746 -0.5805
vn -0.8000 0.1405 -0.5833
vn -0.0683 -0.8413 -0.5363
vn 0.0860 -0.8071 -0.5842
vn -0.7934 0.1972 -0.5759
vt 0.193985 0.494596
vt 0.356311 0.400876
vt 0.031659 0.400878
vt 0.287704 0.469484
vt 0.381422 0.313787
vt 0.100266 0.469484
vt 0.153471 0.008634
vt 0.153471 0.306725
vt 0.385249 0.306725
vt 0.385249 0.008634
vt 0.231233 0.306725
vt 0.006145 0.008634
vt 0.075898 0.008634
vt 0.231233 0.008634
vt 0.006145 0.306725
s 1
usemtl f008_001_fun03t1.015
f 4628/2394/2898 4631/2395/2899 4630/2395/2900
f 4630/2395/2900 4632/2394/2901 4633/2396/2902
f 4633/2396/2902 4629/2396/2903 4628/2394/2898 4630/2395/2900
f 4637/2397/2904 4636/2398/2905 4635/2394/2906
f 4635/2394/2906 4634/2396/2907 4638/2399/2908 4637/2397/2904
f 4640/2400/2909 4639/2401/2910 4647/2402/2911 4641/2403/2912
f 4646/2404/2913 4644/2405/2914 4643/2406/2915
f 4641/2403/2912 4647/2402/2911 4646/2404/2913 4642/2407/2916
f 4643/2406/2915 4642/2407/2916 4646/2404/2913
f 4646/2404/2913 4645/2408/2917 4644/2405/2914
f 4639/2401/2910 4640/2400/2909 4648/2405/2918 4649/2408/2919
f 4651/2404/2920 4650/2407/2921 4653/2405/2922 4652/2408/2922
f 4659/2405/2923 4657/2407/2924 4655/2404/2925 4656/2401/2926
f 4650/2407/2921 4651/2404/2920 4654/2402/2927 4660/2403/2928
f 4656/2401/2926 4658/2408/2929 4659/2405/2923
f 4655/2404/2925 4657/2407/2924 4660/2403/2928 4654/2402/2927
g Atomic36_meshId50_name.007
v 760.429077 -1540.031616 78.351677
v 840.355591 -1493.886108 78.351677
v 840.355591 -1401.594727 78.351669
v 714.283447 -1367.813843 78.351669
v 668.137817 -1447.740479 78.351669
v 729.511963 -1447.740479 11.237327
v 681.473816 -1447.740479 80.109406
v 744.970520 -1420.965454 11.237324
v 760.429077 -1526.695679 80.109413
v 760.429077 -1478.657471 11.237329
v 787.203979 -1463.198975 11.237328
v 828.806274 -1487.218018 80.109413
v 799.906616 -1379.363159 80.109406
v 775.887512 -1420.965454 11.237324
v 787.203979 -1432.281738 11.237325
v 720.951416 -1379.363159 80.109406
v 1472.089355 -1060.081299 78.351639
v 1425.943726 -1140.007690 78.351646
v 1333.652588 -1140.007690 78.351646
v 1333.652588 -980.154663 78.351639
v 1425.943726 -980.154663 78.351639
v 1287.506836 -1060.081299 78.351639
v 1340.320557 -991.703979 80.109375
v 1311.420898 -1020.603516 80.109375
v 1311.420898 -1099.558838 80.109383
v 1364.339600 -1086.856201 11.237299
v 1353.023193 -1075.539795 11.237298
v 1419.275757 -1128.458374 80.109383
v 1458.753296 -1060.081299 80.109375
v 1410.715088 -1060.081299 11.237297
v 1419.275635 -991.703979 80.109375
v 1395.256592 -1033.306274 11.237295
v 1395.256592 -1086.856201 11.237299
v 1364.339600 -1033.306274 11.237295
vn 0.0485 0.0129 0.9987
vn 0.0123 0.0487 0.9987
vn -0.0435 0.0252 0.9987
vn -0.0356 -0.0355 0.9987
vn 0.0251 -0.0435 0.9987
vn 0.7044 -0.3605 -0.6114
vn 0.7285 -0.3723 -0.5750
vn 0.8972 0.1461 -0.4167
vn 0.8774 0.2351 -0.4183
vn -0.0966 -0.7664 -0.6351
vn -0.2266 -0.7805 -0.5827
vn -0.8148 -0.0169 -0.5795
vn -0.8501 -0.0719 -0.5217
vn 0.8816 0.2408 -0.4059
vn -0.7413 0.4280 -0.5170
vn -0.7631 0.4603 -0.4536
vn 0.0137 -0.0483 0.9987
vn 0.0487 -0.0123 0.9987
vn 0.0350 0.0360 0.9987
vn -0.0137 0.0483 0.9987
vn -0.0487 0.0123 0.9987
vn -0.0350 -0.0360 0.9987
vn 0.7758 0.3811 -0.5028
vn 0.8133 -0.0700 -0.5777
vn 0.8483 -0.0695 -0.5249
vn 0.7413 0.4280 -0.5170
vn 0.2891 -0.7275 -0.6223
vn -0.6900 -0.2893 -0.6635
vn -0.3203 -0.8456 -0.4270
vn -0.7890 0.2114 -0.5769
vn -0.6405 -0.3341 -0.6914
vn -0.7942 0.1986 -0.5743
vn -0.7632 0.2783 -0.5832
vn 0.2166 -0.7996 -0.5602
vt 0.381422 0.313787
vt 0.287704 0.469484
vt 0.100266 0.469484
vt 0.031659 0.400878
vt 0.193985 0.494596
vt 0.231233 0.306725
vt 0.231233 0.008634
vt 0.075898 0.008634
vt 0.006145 0.306725
vt 0.385249 0.306725
vt 0.385249 0.008634
vt 0.153471 0.306725
vt 0.153471 0.008634
vt 0.006145 0.008634
vt 0.356311 0.400876
vt 0.309320 0.306725
vt 0.309320 0.008634
vt 0.075898 0.306725
s 1
usemtl f008_001_fun03t1.015
f 4661/2409/2930 4662/2410/2931 4663/2411/2932
f 4664/2412/2933 4665/2413/2934 4661/2409/2930 4663/2411/2932
f 4672/2414/2935 4671/2415/2936 4675/2416/2937 4673/2417/2938
f 4671/2415/2936 4672/2414/2935 4669/2418/2939 4670/2419/2940
f 4669/2418/2939 4667/2420/2941 4666/2421/2942 4670/2419/2940
f 4675/2416/2937 4674/2422/2943 4673/2417/2938
f 4667/2420/2941 4676/2417/2944 4668/2422/2945 4666/2421/2942
f 4682/2413/2946 4679/2423/2947 4678/2423/2948
f 4678/2423/2948 4677/2413/2949 4681/2412/2950
f 4681/2412/2950 4680/2412/2951 4682/2413/2946 4678/2423/2948
f 4691/2417/2952 4689/2420/2953 4690/2421/2954 4692/2422/2955
f 4688/2424/2956 4687/2415/2957 4686/2425/2958
f 4694/2422/2959 4687/2415/2957 4685/2414/2960 4683/2417/2961
f 4685/2414/2960 4684/2426/2962 4683/2417/2961
f 4686/2425/2958 4693/2425/2963 4688/2424/2956
f 4688/2424/2956 4685/2414/2960 4687/2415/2957
f 4690/2421/2954 4689/2420/2953 4688/2424/2956 4693/2425/2963
g Atomic37_meshId51_name.007
v 1950.883301 -558.684509 352.948151
v 1948.325928 -557.550049 352.948151
v 1970.145996 -515.260864 352.948151
v 1967.588623 -514.126404 352.948151
v 1949.604614 -558.117310 355.371002
v 1968.867432 -514.693604 355.371002
v 1949.972656 -557.297119 353.816559
v 1949.972656 -557.297119 264.583527
v 1968.864014 -514.930786 342.182953
v 1975.293091 -517.782715 353.604370
v 1962.264648 -512.003296 353.907196
v 1968.693604 -514.855225 365.328613
v 1966.499390 -520.041260 353.816559
v 1966.499390 -520.041260 264.583527
vn 0.4559 -0.1950 -0.8684
vn 0.4872 -0.6245 0.6104
vn -0.9515 -0.0095 0.3074
vn 0.4248 -0.1885 -0.8854
vn 0.4885 -0.2167 0.8452
vn -0.9134 0.4052 0.0401
vn 0.9141 -0.4055 -0.0000
vn -0.4055 -0.9141 -0.0000
vt 0.512501 0.495065
vt 0.540809 0.513932
vt 0.512501 0.532611
vt 0.512219 0.533048
vt 0.512219 0.495065
vt 0.997656 0.495065
vt 0.997656 0.533048
vt 0.997656 0.570581
vt 0.512219 0.570581
vt 0.997656 0.457657
vt 0.512219 0.457657
vt 0.997656 0.453502
vt 0.997656 0.010058
vt 0.512219 0.010058
vt 0.512219 0.453502
vt 0.751941 0.585617
vt 0.640171 0.723270
vt 0.749054 0.857367
vt 0.860824 0.719714
s 1
usemtl f008_001_ligflat1.127
f 4695/2427/2964 4699/2428/2965 4696/2429/2966
f 4699/2430/2965 4695/2431/2964 4697/2432/2967 4700/2433/2968
f 4698/2434/2969 4696/2435/2966 4699/2430/2965 4700/2433/2968
f 4696/2431/2966 4698/2432/2969 4697/2436/2967 4695/2437/2964
s 0
f 4702/2438/2970 4708/2439/2970 4707/2440/2970 4701/2441/2970
f 4704/2442/2971 4706/2443/2971 4705/2444/2971 4703/2445/2971
g Atomic38_meshId52_name.007
v 1406.939209 -308.537018 352.948151
v 1405.100830 -306.428070 352.948151
v 1442.748779 -277.322601 352.948151
v 1440.910522 -275.213654 352.948151
v 1406.020020 -307.482574 355.371002
v 1441.829590 -276.268127 355.371002
v 1406.700195 -306.894897 353.816559
v 1406.700195 -306.894897 264.583527
v 1441.726440 -276.481750 342.182953
v 1446.347778 -281.783447 353.604370
v 1436.982422 -271.039490 353.907196
v 1441.603882 -276.341187 365.328613
v 1437.423584 -280.114075 353.816559
v 1437.423584 -280.114075 264.583527
vn 0.3309 -0.3696 -0.8683
vn -0.3264 0.3844 0.8636
vn -0.8467 -0.5169 -0.1259
vn 0.3512 -0.4029 0.8452
vn -0.6564 0.7534 0.0402
vn 0.3052 -0.3505 -0.8854
vn 0.6571 -0.7538 -0.0000
vn -0.7538 -0.6571 -0.0000
vt 0.512501 0.495065
vt 0.540809 0.513932
vt 0.512501 0.532611
vt 0.512219 0.570581
vt 0.512219 0.533048
vt 0.997656 0.533048
vt 0.997656 0.570581
vt 0.512219 0.495065
vt 0.997656 0.495065
vt 0.997656 0.457657
vt 0.512219 0.457657
vt 0.997656 0.453502
vt 0.997656 0.010058
vt 0.512219 0.010058
vt 0.512219 0.453502
vt 0.751941 0.585617
vt 0.640171 0.723270
vt 0.749054 0.857367
vt 0.860824 0.719714
s 1
usemtl f008_001_ligflat1.127
f 4709/2446/2972 4713/2447/2973 4710/2448/2974
f 4710/2449/2974 4713/2450/2973 4714/2451/2975 4712/2452/2976
f 4710/2453/2974 4712/2454/2976 4711/2455/2977 4709/2456/2972
f 4714/2451/2975 4713/2450/2973 4709/2453/2972 4711/2454/2977
s 0
f 4716/2457/2978 4722/2458/2978 4721/2459/2978 4715/2460/2978
f 4718/2461/2979 4720/2462/2979 4719/2463/2979 4717/2464/2979
g Atomic39_meshId53_name.007
v 1328.405029 238.229324 352.948090
v 1328.017456 239.573456 355.370941
v 1282.758667 225.073196 352.948090
v 1282.371216 226.417328 355.370941
v 1281.983887 227.761444 352.948090
v 1327.630127 240.917572 352.948090
v 1283.236084 226.662445 353.816498
v 1283.236084 226.662415 264.583466
v 1327.833740 239.423462 342.182892
v 1325.834229 246.360687 353.907135
v 1329.781494 232.665405 353.604309
v 1327.782104 239.602615 365.328552
v 1322.398926 237.949921 353.816498
v 1322.398926 237.949890 264.583466
vn 0.1480 -0.5135 0.8452
vn -0.9402 -0.2706 0.2070
vn 0.2831 -0.9591 0.0048
vn 0.1285 -0.4467 -0.8854
vn -0.6190 0.7227 0.3074
vn -0.2768 0.9601 0.0403
vn 0.2769 -0.9609 -0.0000
vn -0.9609 -0.2769 -0.0000
vt 0.997656 0.533048
vt 0.512219 0.533048
vt 0.512219 0.495065
vt 0.997656 0.495065
vt 0.512501 0.495065
vt 0.540809 0.513932
vt 0.512501 0.532611
vt 0.997656 0.570581
vt 0.512219 0.570581
vt 0.997656 0.457657
vt 0.512219 0.457657
vt 0.997656 0.453502
vt 0.997656 0.010058
vt 0.512219 0.010058
vt 0.512219 0.453502
vt 0.751941 0.585617
vt 0.640171 0.723270
vt 0.749054 0.857367
vt 0.860824 0.719714
s 1
usemtl f008_001_ligflat1.127
f 4724/2465/2980 4726/2466/2981 4725/2467/2982 4723/2468/2983
f 4725/2469/2982 4726/2470/2981 4727/2471/2984
f 4724/2465/2980 4728/2472/2985 4727/2473/2984 4726/2466/2981
f 4728/2468/2985 4723/2474/2983 4725/2475/2982 4727/2467/2984
s 0
f 4730/2476/2986 4736/2477/2986 4735/2478/2986 4729/2479/2986
f 4733/2480/2987 4734/2481/2987 4732/2482/2987 4731/2483/2987
g Atomic40_meshId54_name.007
v 1102.617432 662.890259 352.948059
v 1101.038818 665.200134 352.948059
v 1141.837769 689.693848 352.948059
v 1140.259277 692.003662 352.948059
v 1101.828125 664.045227 355.370911
v 1141.048584 690.848816 355.370911
v 1102.572510 664.549133 353.816467
v 1102.572510 664.549194 264.583435
v 1140.921021 690.648682 342.182861
v 1144.889282 684.841980 353.604279
v 1136.847412 696.609314 353.907104
v 1140.815796 690.802612 365.328522
v 1136.222168 687.545532 353.816467
v 1136.222168 687.545532 264.583435
vn 0.0859 -0.7874 0.6104
vn 0.2854 -0.4058 -0.8683
vn 0.2622 -0.3837 -0.8854
vn 0.3017 -0.4410 0.8452
vn -0.8144 0.4922 0.3075
vn -0.5636 0.8251 0.0402
vn 0.5642 -0.8256 -0.0000
vn -0.8256 -0.5642 -0.0000
vt 0.512219 0.533048
vt 0.512219 0.495065
vt 0.997656 0.495065
vt 0.997656 0.533048
vt 0.512501 0.495065
vt 0.540809 0.513932
vt 0.512501 0.532611
vt 0.997656 0.570581
vt 0.512219 0.570581
vt 0.997656 0.457657
vt 0.512219 0.457657
vt 0.997656 0.453502
vt 0.997656 0.010058
vt 0.512219 0.010058
vt 0.512219 0.453502
vt 0.751941 0.585617
vt 0.640171 0.723270
vt 0.749054 0.857367
vt 0.860824 0.719714
s 1
usemtl f008_001_ligflat1.127
f 4741/2484/2988 4737/2485/2989 4739/2486/2990 4742/2487/2991
f 4737/2488/2989 4741/2489/2988 4738/2490/2992
f 4740/2491/2993 4738/2492/2992 4741/2484/2988 4742/2487/2991
f 4738/2485/2992 4740/2486/2993 4739/2493/2990 4737/2494/2989
s 0
f 4744/2495/2994 4750/2496/2994 4749/2497/2994 4743/2498/2994
f 4746/2499/2995 4748/2500/2995 4747/2501/2995 4745/2502/2995
g Atomic41_meshId55_name.007
v 796.264832 1035.475464 352.948029
v 795.104858 1036.257202 355.370880
v 769.714417 996.083252 352.948059
v 768.554504 996.864990 355.370911
v 767.394531 997.646912 352.948059
v 793.944946 1037.039062 352.948029
v 769.060181 997.608276 353.816467
v 769.060181 997.608276 264.583435
v 795.060242 1036.024292 342.182831
v 789.073486 1040.059326 353.907074
v 800.892334 1032.093384 353.604248
v 794.905579 1036.128418 365.328491
v 791.839478 1031.405273 353.816437
v 791.839478 1031.405273 264.583405
vn 0.4428 -0.2992 0.8452
vn -0.8286 0.5585 0.0402
vn -0.4138 0.3050 -0.8578
vn -0.4144 0.2872 0.8636
vn 0.8329 -0.5535 0.0048
vn 0.3855 -0.2595 -0.8855
vn 0.8292 -0.5589 -0.0000
vn -0.5589 -0.8292 -0.0000
vt 0.997656 0.533048
vt 0.997656 0.570581
vt 0.512219 0.570581
vt 0.512219 0.533048
vt 0.512219 0.495065
vt 0.997656 0.495065
vt 0.512501 0.495065
vt 0.540809 0.513932
vt 0.512501 0.532611
vt 0.997656 0.457657
vt 0.512219 0.457657
vt 0.997656 0.453502
vt 0.997656 0.010058
vt 0.512219 0.010058
vt 0.512219 0.453502
vt 0.751941 0.585617
vt 0.640171 0.723270
vt 0.749054 0.857367
vt 0.860824 0.719714
s 1
usemtl f008_001_ligflat1.127
f 4752/2503/2996 4756/2504/2997 4755/2505/2998 4754/2506/2999
f 4752/2503/2996 4754/2506/2999 4753/2507/3000 4751/2508/3001
f 4753/2509/3000 4754/2510/2999 4755/2511/2998
f 4755/2507/2998 4756/2508/2997 4751/2512/3001 4753/2513/3000
s 0
f 4758/2514/3002 4764/2515/3002 4763/2516/3002 4757/2517/3002
f 4761/2518/3003 4762/2519/3003 4760/2520/3003 4759/2521/3003
g Atomic42_meshId56_name.007
v 309.794830 1221.367065 352.948029
v 306.997131 1221.367065 352.948029
v 309.794861 1268.871460 352.948029
v 306.997131 1268.871460 352.948029
v 308.395996 1221.367065 355.370880
v 308.395996 1268.871460 355.370880
v 308.489258 1268.653320 342.182831
v 315.522400 1268.653320 353.604248
v 301.269623 1268.653320 353.907074
v 308.302765 1268.653320 365.328491
v 308.399994 1222.265991 353.816437
v 308.399994 1222.265991 264.583405
v 308.399994 1263.023071 353.816437
v 308.399994 1263.023071 264.583405
vn 0.4954 0.0062 -0.8686
vn -0.5042 0.0065 0.8636
vn -0.1667 -0.9779 -0.1258
vn 0.4647 -0.0003 -0.8854
vn 0.5345 -0.0000 0.8452
vn -0.9992 -0.0000 0.0403
vn -0.0000 -1.0000 -0.0000
vn -1.0000 -0.0000 -0.0000
vt 0.512501 0.495065
vt 0.540809 0.513932
vt 0.512501 0.532611
vt 0.512219 0.533048
vt 0.512219 0.495065
vt 0.997656 0.495065
vt 0.997656 0.533048
vt 0.997656 0.457657
vt 0.512219 0.457657
vt 0.512219 0.570581
vt 0.997656 0.570581
vt 0.751941 0.585617
vt 0.640171 0.723270
vt 0.749054 0.857367
vt 0.860824 0.719714
vt 0.512219 0.010058
vt 0.997656 0.010058
vt 0.997656 0.453502
vt 0.512219 0.453502
s 1
usemtl f008_001_ligflat1.127
f 4765/2522/3004 4769/2523/3005 4766/2524/3006
f 4769/2525/3005 4765/2526/3004 4767/2527/3007 4770/2528/3008
f 4768/2527/3009 4767/2529/3007 4765/2530/3004 4766/2526/3006
f 4766/2531/3006 4769/2525/3005 4770/2528/3008 4768/2532/3009
s 0
f 4772/2533/3010 4774/2534/3010 4773/2535/3010 4771/2536/3010
f 4777/2537/3011 4778/2538/3011 4776/2539/3011 4775/2540/3011
g Atomic43_meshId57_name.007
v -307.009277 1221.367065 352.948029
v -309.806946 1221.367065 352.948029
v -307.009277 1268.871460 352.948029
v -309.806946 1268.871460 352.948029
v -308.408081 1221.367065 355.370880
v -308.408081 1268.871460 355.370880
v -308.314850 1268.653320 342.182831
v -301.281708 1268.653320 353.604248
v -315.534485 1268.653320 353.907074
v -308.501343 1268.653320 365.328491
v -308.404114 1222.265991 353.816437
v -308.404114 1222.265991 264.583405
v -308.404114 1263.023071 353.816437
v -308.404114 1263.023071 264.583405
vn 0.4958 0.0066 -0.8684
vn -0.5042 0.0065 0.8636
vn -0.1667 -0.9779 -0.1259
vn -0.9992 -0.0000 0.0403
vn 0.4647 -0.0000 -0.8854
vn 0.5345 -0.0000 0.8452
vn -0.0000 -1.0000 -0.0000
vn -1.0000 -0.0000 -0.0000
vt 0.512501 0.495065
vt 0.540809 0.513932
vt 0.512501 0.532611
vt 0.997656 0.495065
vt 0.997656 0.457657
vt 0.512219 0.457657
vt 0.512219 0.495065
vt 0.512219 0.533048
vt 0.997656 0.533048
vt 0.512219 0.570581
vt 0.997656 0.570581
vt 0.751941 0.585617
vt 0.640171 0.723270
vt 0.749054 0.857367
vt 0.860824 0.719714
vt 0.512219 0.010058
vt 0.997656 0.010058
vt 0.997656 0.453502
vt 0.512219 0.453502
s 1
usemtl f008_001_ligflat1.127
f 4779/2541/3012 4783/2542/3013 4780/2543/3014
f 4782/2544/3015 4781/2545/3016 4779/2546/3012 4780/2547/3014
f 4783/2548/3013 4779/2547/3012 4781/2544/3016 4784/2549/3017
f 4780/2550/3014 4783/2548/3013 4784/2549/3017 4782/2551/3015
s 0
f 4786/2552/3018 4788/2553/3018 4787/2554/3018 4785/2555/3018
f 4791/2556/3019 4792/2557/3019 4790/2558/3019 4789/2559/3019
g Atomic44_meshId58_name.007
v -770.469788 996.373047 352.981873
v -772.789612 994.809326 352.981873
v -797.019958 1035.765381 352.981842
v -799.339966 1034.201660 352.981842
v -771.629761 995.591125 355.404694
v -798.179932 1034.983398 355.404663
v -797.980652 1034.854614 342.216644
v -792.148560 1038.785522 353.638062
v -803.967468 1030.819580 353.940887
v -798.135315 1034.750488 365.362305
v -772.128845 996.338867 353.850281
v -772.128845 996.338867 264.617249
v -794.907898 1030.135986 353.850250
v -794.907898 1030.135986 264.617218
vn 0.4076 0.2829 -0.8682
vn -0.4217 -0.2764 0.8636
vn 0.4084 -0.9041 -0.1258
vn 0.4432 0.2987 0.8452
vn 0.3853 0.2600 -0.8854
vn -0.8286 -0.5585 0.0402
vn 0.5589 -0.8292 -0.0000
vn -0.8292 -0.5589 -0.0000
vt 0.512501 0.495065
vt 0.540809 0.513932
vt 0.512501 0.532611
vt 0.997656 0.533048
vt 0.512219 0.533048
vt 0.512219 0.495065
vt 0.997656 0.495065
vt 0.512219 0.570581
vt 0.997656 0.570581
vt 0.997656 0.457657
vt 0.512219 0.457657
vt 0.751941 0.585617
vt 0.640171 0.723270
vt 0.749054 0.857367
vt 0.860824 0.719714
vt 0.512219 0.010058
vt 0.997656 0.010058
vt 0.997656 0.453502
vt 0.512219 0.453502
s 1
usemtl f008_001_ligflat1.127
f 4793/2560/3020 4797/2561/3021 4794/2562/3022
f 4798/2563/3023 4797/2564/3021 4793/2565/3020 4795/2566/3024
f 4794/2567/3022 4797/2564/3021 4798/2563/3023 4796/2568/3025
f 4796/2566/3025 4795/2569/3024 4793/2570/3020 4794/2565/3022
s 0
f 4800/2571/3026 4802/2572/3026 4801/2573/3026 4799/2574/3026
f 4805/2575/3027 4806/2576/3027 4804/2577/3027 4803/2578/3027
g Atomic45_meshId59_name.007
v -1101.372559 665.855957 352.981873
v -1102.951050 663.546204 352.981873
v -1140.592529 692.659851 352.981873
v -1142.171265 690.349976 352.981873
v -1102.161865 664.701050 355.404694
v -1141.382080 691.504883 355.404694
v -1141.149292 691.458740 342.216675
v -1137.180908 697.265442 353.638092
v -1145.222900 685.498108 353.940918
v -1141.254517 691.304810 365.362335
v -1102.901733 665.211548 353.850281
v -1102.901733 665.211548 264.617249
v -1136.551147 688.208252 353.850281
v -1136.551147 688.208252 264.617249
vn 0.2744 0.4133 -0.8683
vn -0.2899 -0.4125 0.8636
vn 0.7133 -0.6895 -0.1257
vn -0.5638 -0.8249 0.0402
vn 0.3013 0.4414 0.8452
vn 0.2623 0.3837 -0.8854
vn 0.8256 -0.5642 -0.0000
vn -0.5642 -0.8256 -0.0000
vt 0.512501 0.495065
vt 0.540809 0.513932
vt 0.512501 0.532611
vt 0.997656 0.570581
vt 0.512219 0.570581
vt 0.512219 0.533048
vt 0.997656 0.533048
vt 0.512219 0.495065
vt 0.997656 0.495065
vt 0.997656 0.457657
vt 0.512219 0.457657
vt 0.751941 0.585617
vt 0.640171 0.723270
vt 0.749054 0.857367
vt 0.860824 0.719714
vt 0.512219 0.010058
vt 0.997656 0.010058
vt 0.997656 0.453502
vt 0.512219 0.453502
s 1
usemtl f008_001_ligflat1.127
f 4807/2579/3028 4811/2580/3029 4808/2581/3030
f 4810/2582/3031 4808/2583/3030 4811/2584/3029 4812/2585/3032
f 4811/2584/3029 4807/2586/3028 4809/2587/3033 4812/2585/3032
f 4808/2586/3030 4810/2587/3031 4809/2588/3033 4807/2589/3028
s 0
f 4814/2590/3034 4816/2591/3034 4815/2592/3034 4813/2593/3034
f 4819/2594/3035 4820/2595/3035 4818/2596/3035 4817/2597/3035
g Atomic46_meshId60_name.007
v -1282.113892 227.947388 352.981903
v -1282.888672 225.259140 352.981903
v -1327.760132 241.103302 352.981903
v -1328.534912 238.415070 352.981903
v -1282.501221 226.603287 355.404724
v -1328.147705 239.759216 355.404724
v -1327.911987 239.788361 342.216705
v -1325.964355 246.546417 353.638123
v -1329.911499 232.851089 353.940948
v -1327.963745 239.609161 365.362366
v -1283.363892 226.856079 353.850311
v -1283.363892 226.856049 264.617279
v -1322.526611 238.143311 353.850311
v -1322.526611 238.143311 264.617279
vn -0.2766 -0.9601 0.0402
vn 0.8936 -0.4309 -0.1259
vn 0.6709 -0.6760 0.3047
vn 0.1479 0.5135 0.8452
vn 0.9898 -0.0985 -0.1034
vn 0.1288 0.4465 -0.8855
vn 0.9609 -0.2769 -0.0000
vn -0.2769 -0.9609 -0.0000
vt 0.997656 0.570581
vt 0.512219 0.570581
vt 0.512219 0.533048
vt 0.997656 0.533048
vt 0.512501 0.495065
vt 0.540809 0.513932
vt 0.512501 0.532611
vt 0.512219 0.495065
vt 0.997656 0.495065
vt 0.997656 0.457657
vt 0.512219 0.457657
vt 0.751941 0.585617
vt 0.640171 0.723270
vt 0.749054 0.857367
vt 0.860824 0.719714
vt 0.512219 0.010058
vt 0.997656 0.010058
vt 0.997656 0.453502
vt 0.512219 0.453502
s 1
usemtl f008_001_ligflat1.127
f 4824/2598/3036 4822/2599/3037 4825/2600/3038 4826/2601/3039
f 4821/2602/3040 4825/2603/3038 4822/2604/3037
f 4825/2600/3038 4821/2605/3040 4823/2606/3041 4826/2601/3039
f 4824/2606/3036 4823/2607/3041 4821/2608/3040 4822/2605/3037
s 0
f 4828/2609/3042 4830/2610/3042 4829/2611/3042 4827/2612/3042
f 4833/2613/3043 4834/2614/3043 4832/2615/3043 4831/2616/3043
g Atomic47_meshId61_name.007
v -1405.752808 -305.840912 352.981964
v -1407.591064 -307.949829 352.981964
v -1441.562500 -274.626648 352.981964
v -1443.400757 -276.735565 352.981964
v -1406.671875 -306.895386 355.404785
v -1442.481689 -275.681122 355.404785
v -1442.255859 -275.754181 342.216766
v -1437.634521 -270.452454 353.638184
v -1446.999756 -281.196472 353.941010
v -1442.378418 -275.894745 365.362427
v -1407.346924 -306.301697 353.850372
v -1407.346924 -306.301697 264.617340
v -1438.070312 -279.521057 353.850372
v -1438.070312 -279.521057 264.617340
vn 0.3209 0.3780 -0.8684
vn -0.3362 -0.3758 0.8636
vn 0.6276 -0.7683 -0.1259
vn 0.3509 0.4030 0.8452
vn 0.3057 0.3502 -0.8854
vn -0.6565 -0.7532 0.0403
vn 0.7538 -0.6571 -0.0000
vn -0.6571 -0.7538 -0.0000
vt 0.512501 0.495065
vt 0.540809 0.513932
vt 0.512501 0.532611
vt 0.997656 0.533048
vt 0.512219 0.533048
vt 0.512219 0.495065
vt 0.997656 0.495065
vt 0.512219 0.570581
vt 0.997656 0.570581
vt 0.997656 0.457657
vt 0.512219 0.457657
vt 0.751941 0.585617
vt 0.640171 0.723270
vt 0.749054 0.857367
vt 0.860824 0.719714
vt 0.512219 0.010058
vt 0.997656 0.010058
vt 0.997656 0.453502
vt 0.512219 0.453502
s 1
usemtl f008_001_ligflat1.127
f 4835/2617/3044 4839/2618/3045 4836/2619/3046
f 4840/2620/3047 4839/2621/3045 4835/2622/3044 4837/2623/3048
f 4836/2624/3046 4839/2621/3045 4840/2620/3047 4838/2625/3049
f 4838/2623/3049 4837/2626/3048 4835/2627/3044 4836/2622/3046
s 0
f 4842/2628/3050 4844/2629/3050 4843/2630/3050 4841/2631/3050
f 4847/2632/3051 4848/2633/3051 4846/2634/3051 4845/2635/3051
g Atomic48_meshId62_name.007
v -1949.295166 -557.003662 352.981964
v -1951.852539 -558.138123 352.981964
v -1968.558105 -513.580200 352.981964
v -1971.115479 -514.714539 352.981964
v -1950.573853 -557.570923 355.404785
v -1969.836670 -514.147339 355.404785
v -1969.662964 -514.308960 342.216766
v -1963.234009 -511.456970 353.638184
v -1976.262451 -517.236450 353.941010
v -1969.833618 -514.384521 365.362427
v -1950.934814 -556.747559 353.850372
v -1950.934814 -556.747559 264.617340
v -1967.461426 -519.491821 353.850372
v -1967.461426 -519.491821 264.617340
vn 0.2442 -0.9615 -0.1259
vn -0.0866 -0.9485 0.3047
vn 0.4884 0.2166 0.8453
vn -0.9134 -0.4051 0.0401
vn 0.5605 -0.8216 -0.1036
vn 0.4251 0.1880 -0.8854
vn 0.4055 -0.9141 -0.0000
vn -0.9141 -0.4055 -0.0000
vt 0.512219 0.570581
vt 0.512219 0.533048
vt 0.997656 0.533048
vt 0.997656 0.570581
vt 0.512501 0.495065
vt 0.540809 0.513932
vt 0.512501 0.532611
vt 0.512219 0.495065
vt 0.997656 0.495065
vt 0.997656 0.457657
vt 0.512219 0.457657
vt 0.751941 0.585617
vt 0.640171 0.723270
vt 0.749054 0.857367
vt 0.860824 0.719714
vt 0.512219 0.010058
vt 0.997656 0.010058
vt 0.997656 0.453502
vt 0.512219 0.453502
s 1
usemtl f008_001_ligflat1.127
f 4850/2636/3052 4853/2637/3053 4854/2638/3054 4852/2639/3055
f 4849/2640/3056 4853/2641/3053 4850/2642/3052
f 4853/2637/3053 4849/2643/3056 4851/2644/3057 4854/2638/3054
f 4850/2643/3052 4852/2644/3055 4851/2645/3057 4849/2646/3056
s 0
f 4856/2647/3058 4858/2648/3058 4857/2649/3058 4855/2650/3058
f 4861/2651/3059 4862/2652/3059 4860/2653/3059 4859/2654/3059
g Atomic49_meshId63_name.007
v -790.308411 968.414795 266.348541
v -859.748230 1037.854858 308.172821
v -1137.854492 759.748108 308.172882
v -1068.414795 690.308472 266.348572
v -790.308411 968.414795 242.201309
v -1068.414673 690.308472 242.201370
vn 0.6684 0.2964 0.6822
vn 0.1861 -0.1860 0.9648
vn 0.7071 -0.7071 -0.0000
vn 0.1616 -0.2184 0.9624
vn 0.1861 -0.1861 0.9648
vt 1.000000 -0.837438
vt -1.000000 -0.837438
vt -1.000000 -0.987079
vt 1.000000 -0.987079
vt -1.000000 -0.014494
vt 1.000000 -0.014494
s 1
usemtl f008_001_acyanet.007
f 4863/2655/3060 4866/2656/3061 4868/2657/3062 4867/2658/3062
s 0
f 4865/2659/3063 4866/2656/3064 4863/2655/3064 4864/2660/3064
g Atomic49.001_meshId64_name.007
v 1531.804688 -158.223236 273.529297
v 1530.483765 -151.961029 265.529297
v 1531.804688 -158.223251 210.000107
v 1530.483765 -151.961029 228.000061
v 1530.483765 -151.961029 202.000061
v 1531.804932 -158.223251 0.000105
v 1530.483887 -151.961044 8.000105
v 1514.861694 -77.901604 265.529297
v 1513.540771 -71.639412 273.529297
v 1513.540894 -71.639420 0.000113
v 1514.861816 -77.901611 8.000113
v 1513.540894 -71.639412 210.000107
v 1514.861694 -77.901611 202.000092
v 1517.454590 -70.813812 0.000157
v 1517.454346 -70.813797 210.000107
v 1512.219727 -65.377205 265.529297
v 1489.239624 43.564117 265.529297
v 1487.918701 49.826309 273.529297
v 1486.597656 56.088505 265.529297
v 1487.918701 49.826294 210.000107
v 1486.597656 56.088505 228.000107
v 1489.239624 43.564106 228.000107
v 1512.219727 -65.377235 228.000092
v 1491.832153 50.651905 210.000122
v 1491.832520 50.651886 0.000186
v 1487.918823 49.826267 0.000143
v 1460.069702 181.849915 265.529358
v 1458.748535 188.112122 273.529358
v 1460.069702 181.849915 228.000137
v 1458.748535 188.112106 210.000153
v 1514.861572 -77.901619 228.000092
v 1340.411377 326.919220 273.154327
v 1338.880615 330.614746 268.154327
v 1340.411255 326.919250 209.999954
v 1304.328003 414.031952 268.154327
v 1302.797363 417.727509 273.154327
v 1301.266479 421.422974 268.154327
v 1302.797119 417.727539 209.999954
v 1304.328003 414.031952 224.999939
v 1252.494141 539.169800 268.154327
v 1250.963379 542.865234 273.154327
v 1209.800659 642.241211 268.154297
v 1208.269897 645.936707 273.154297
v 1252.494141 539.169800 224.999924
v 1249.432617 546.560730 268.154327
v 1250.963623 542.865295 209.999939
v 1250.963501 542.865295 29.999958
v 1249.432861 546.560791 224.999924
v 1253.180664 543.783752 209.999924
v 1301.266479 421.422974 224.999939
v 1249.432861 546.560791 204.999924
v 1209.800781 642.241333 204.999924
v 1208.270020 645.936768 209.999939
v 1209.800781 642.241333 224.999924
v 1208.270020 645.936768 29.999952
v 1209.800781 642.241272 29.999941
v 1208.270020 645.936768 -0.000052
v 1249.432739 546.560791 29.999952
v 1250.963501 542.865295 -0.000042
v 1253.180664 543.783752 -0.000042
v 1253.180664 543.783813 29.999954
v 1338.880615 330.614746 224.999939
v 1305.014526 418.645905 209.999939
v 1305.014526 418.645935 29.999964
v 1302.797241 417.727509 29.999962
v 1304.328003 414.031952 204.999939
v 1304.328003 414.031952 29.999964
v 1302.797241 417.727478 -0.000032
v 1338.880371 330.614777 29.999969
v 1340.411133 326.919281 -0.000025
v 1340.411133 326.919281 29.999971
v 1338.880615 330.614746 204.999939
v 1305.014526 418.645905 -0.000032
v 620.492004 1229.503784 -0.000070
v 620.491821 1229.503784 268.154266
v 616.796509 1231.034546 -0.000077
v 620.491943 1229.503906 204.999832
v 621.410461 1231.721069 -0.000086
v 621.410339 1231.721069 204.999802
v 767.650940 1171.146606 204.999817
v 767.651001 1171.146362 -0.000190
v 766.732361 1168.929321 204.999847
v 725.596680 1188.565918 204.999802
v 725.596680 1188.565796 -0.000160
v 766.732361 1168.929321 268.154205
v 766.732422 1168.929077 -0.000172
v 770.427917 1167.398682 273.154205
v 770.428040 1167.398315 -0.000185
v 616.796387 1231.034668 273.154327
v 616.796509 1231.034546 29.999903
v 603.762756 1223.882446 29.999897
v 603.762573 1223.882568 260.034912
v 544.858276 1191.559082 273.154266
v 544.858276 1191.559082 260.034943
v 426.918793 1240.411377 273.154297
v 440.475311 1234.796143 260.034943
v 440.475403 1234.796265 29.999901
v 426.918915 1240.411621 -0.000091
v 544.858459 1191.559448 29.999899
v 426.918915 1240.411621 29.999903
v 544.858459 1191.559448 -0.000097
v 1132.228516 786.851013 -1.368841
v 1132.228516 786.851013 211.102646
v 1114.496826 804.582703 -1.368781
v 1114.496704 804.582642 211.102722
v 1126.078735 816.164673 -1.368782
v 1126.078613 816.164612 211.102722
v 1127.932861 783.767761 209.999786
v 883.767273 1027.933105 209.999847
v 1142.074829 797.909912 209.999786
v 1127.932861 783.767700 252.319321
v 883.767456 1027.932983 252.319305
v 880.231873 1024.397461 252.319305
v 1124.397339 780.232117 252.319321
v 880.231873 1024.397339 262.736786
v 1124.397339 780.232117 262.736755
v 876.696289 1020.861938 262.736786
v 1120.861816 776.696533 262.736755
v 876.696289 1020.861877 273.154266
v 1120.861816 776.696533 273.154205
v 897.909424 1042.075195 209.999863
v 1046.365845 903.775879 211.102646
v 1032.223877 889.633667 211.102646
v 1046.365845 903.775757 -1.368834
v 1032.223877 889.633667 -1.368833
v 989.252930 932.604248 211.102737
v 989.253113 932.604614 -1.368776
v 1003.395081 946.746521 211.102722
v 1003.395203 946.746582 -1.368777
v 916.165710 1026.077515 211.102661
v 904.583740 1014.495544 211.102661
v 916.165710 1026.077515 -1.368844
v 904.583740 1014.495544 -1.368843
v 886.852051 1032.227295 -1.368783
v 886.852051 1032.227173 211.102722
v -426.919189 1240.411621 -0.000094
v -431.353821 1238.574585 5.999906
v -488.431396 1214.932373 -0.000090
v -493.757111 1227.789429 -0.717583
v -483.996796 1216.769287 5.999907
v -483.996796 1216.769409 80.399902
v -431.353821 1238.574829 86.382462
v -483.996796 1216.769409 86.382477
v -431.353851 1238.574951 80.399902
v -483.996796 1216.769409 203.999847
v -488.431488 1214.932617 209.999893
v -426.919189 1240.411621 209.999817
v -431.353851 1238.574707 203.999832
v -426.919189 1240.411499 273.154022
v -431.353851 1238.574707 215.999832
v -431.353851 1238.574585 267.154022
v -483.996796 1216.769287 267.154022
v -488.431396 1214.932495 273.154083
v -483.996796 1216.769409 215.999847
v -581.993286 1176.177734 267.154144
v -492.866058 1213.095459 267.154022
v -586.427856 1174.340820 273.154114
v -684.424255 1133.749512 273.154205
v -679.989624 1135.586426 267.154175
v -581.993286 1176.177979 215.999878
v -590.862427 1172.503906 267.154144
v -586.427795 1174.340942 209.999878
v -492.866058 1213.095581 215.999847
v -689.756226 1146.621948 209.999878
v -590.862427 1172.504150 215.999878
v -684.424316 1133.749634 209.999893
v -688.858887 1131.912598 267.154175
v -679.989624 1135.586426 215.999893
v -688.858887 1131.912598 203.999893
v -741.501953 1110.107178 203.999954
v -688.858887 1131.912598 215.999893
v -745.936584 1108.270386 209.999954
v -741.501953 1110.107178 215.999954
v -745.936646 1108.270386 273.154266
v -741.501953 1110.107300 267.154266
v -741.502075 1110.107300 86.382538
v -741.502014 1110.107300 80.399910
v -745.936584 1108.270142 -0.000080
v -741.502014 1110.107056 5.999923
v -688.859009 1131.912476 5.999914
v -684.424316 1133.749390 -0.000087
v -689.750122 1146.606445 -0.717601
v -688.859009 1131.912598 80.399910
v -688.858948 1131.912598 86.382500
v -493.763336 1227.804932 209.999878
v -1208.269531 645.936523 230.023956
v -1210.106445 641.501831 210.524902
v -1208.269531 645.936523 210.494125
v -1210.106934 641.502014 5.999917
v -1208.269897 645.936646 5.994182
v -1208.270020 645.936646 -0.000081
v -1229.318115 595.122009 -0.000077
v -1227.481323 599.556580 5.999920
v -1227.480835 599.556458 210.524902
v -1229.318115 595.121948 6.005691
v -1229.317749 595.121948 210.505615
v -1319.362793 377.733887 210.494156
v -1319.363159 377.733856 5.994232
v -1321.200073 373.299286 5.999969
v -1321.199585 373.299286 210.524963
v -1338.573975 331.353912 210.499878
v -1340.411011 326.919312 230.024033
v -1340.411011 326.919312 210.505676
v -1338.574463 331.353851 5.999973
v -1340.411133 326.919220 6.005741
v -1340.411377 326.919250 -0.000025
v -1319.363159 377.733856 -0.000029
v -872.975098 1016.806030 86.814018
v -874.747253 1015.104919 86.939522
v -872.963257 1016.808594 7.324435
v -874.751221 1015.109009 7.029450
v -876.347229 1016.704895 86.939720
v -876.351257 1016.708923 7.029725
v -872.758972 1016.924561 -0.000080
v -946.578552 943.104736 -0.000073
v -990.449585 986.975647 -0.000057
v -916.629944 1060.795410 7.619436
v -872.786621 1016.923462 89.516945
v -946.581482 943.120605 89.516953
v -946.580933 946.321106 89.516953
v -874.386658 1018.523499 89.516945
v -988.824280 988.592529 89.516968
v -990.424805 986.993103 89.516975
v -946.629761 943.262878 86.814026
v -872.786621 1016.923462 50.565712
v -946.581482 943.120605 50.565716
v -872.786621 1016.923401 47.737282
v -946.580933 946.321106 50.565716
v -874.386658 1018.523499 50.565712
v -988.824280 988.592529 50.565731
v -990.424805 986.993103 50.565731
v -990.424805 986.993103 47.737297
v -946.581482 943.120605 47.737286
v -909.002625 981.028198 86.939461
v -910.586304 979.444458 86.939461
v -909.006592 981.032166 7.029388
v -910.606628 982.632141 7.029666
v -910.602600 982.628235 86.939667
v -910.590332 979.448486 7.029388
v -912.186279 981.044495 86.939667
v -912.190247 981.048462 7.029667
v -945.094421 944.988953 86.939529
v -945.098328 944.992798 7.029398
v -946.698364 946.592834 7.029673
v -946.694397 946.588867 86.939812
v -946.630249 943.256897 7.324413
v -948.282043 945.009094 7.029673
v -948.278076 945.005127 86.939812
v -893.532043 1037.697510 273.154236
v -877.033508 1021.198975 273.154236
v -1137.697144 793.531860 273.154266
v -1121.198730 777.033325 273.154266
v -891.810974 1035.976440 235.699905
v -891.810974 1035.976562 273.154205
v -1135.976074 791.810791 235.699921
v -1165.169434 820.916016 235.699875
v -921.004272 1065.081543 235.699860
v -1135.976074 791.810791 273.154266
v -987.025269 986.899536 86.939522
v -987.029236 986.903564 7.029388
v -988.608887 985.315857 86.939522
v -988.629211 988.503540 7.029663
v -988.625305 988.499573 86.939804
v -988.612976 985.319702 7.029388
v -990.316895 986.954468 86.814171
v -990.331299 986.947632 7.324553
v -1043.273193 846.561401 7.324382
v -1043.277588 846.565430 86.814003
v -1045.025146 844.960327 7.029334
v -1045.041504 848.143982 7.029616
v -1045.037476 848.140076 86.939751
v -1045.021240 844.956421 86.939476
v -1046.625122 846.560303 7.029616
v -1046.469238 846.573853 86.814140
v -1043.104736 846.578735 -0.000070
v -1116.924316 772.759033 -0.000062
v -1116.824707 772.894287 7.324431
v -1160.795288 816.629944 7.619455
v -1086.975708 890.449585 -0.000054
v -1046.317261 846.591431 89.516960
v -1043.117798 846.590759 89.516960
v -1088.561279 888.863403 89.516975
v -1088.546509 888.675293 86.814133
v -1118.551880 774.357910 89.516960
v -1116.951904 772.757996 89.516960
v -1116.836426 772.891724 86.814011
v -1086.960571 890.462769 89.516968
v -1046.317261 846.591431 50.565720
v -1043.117798 846.590759 50.565720
v -1088.561279 888.863403 50.565735
v -1088.561157 888.863342 47.737305
v -1118.551880 774.357910 50.565731
v -1116.951904 772.757996 50.565731
v -1046.317261 846.591370 47.737289
v -1116.951904 772.757935 47.737301
v -1043.117798 846.590759 47.737289
v -1086.960571 890.462769 50.565735
v -1079.480835 810.452332 7.029344
v -1079.476807 810.448364 86.939415
v -1081.064697 808.868530 7.029344
v -1081.076904 812.048401 86.939613
v -1081.080811 812.052307 7.029618
v -1081.060791 808.864624 86.939415
v -1082.664551 810.468506 7.029619
v -1082.660645 810.464600 86.939613
v -1085.352295 888.474976 7.029307
v -1085.348389 888.470947 86.939438
v -1086.935913 886.891113 7.029308
v -1086.948242 890.070923 86.939713
v -1086.963867 890.262268 7.324514
v -1086.931885 886.887329 86.939438
v -1088.535889 888.491089 7.029582
v -1115.141357 774.613220 7.029423
v -1115.137207 774.609253 86.939484
v -1116.741211 776.213257 7.029694
v -1116.737305 776.209290 86.939682
v -1230.929443 591.231140 260.962982
v -1236.072021 578.815796 240.963074
v -1212.691406 635.261841 260.962860
v -1208.269531 645.936646 240.963074
v -1229.122925 595.591980 240.963074
v -1208.269775 645.936646 260.997284
v -1208.269775 645.936523 333.297272
v -1212.691284 635.261719 333.262970
v -1208.269897 645.936523 341.913605
v -1258.095947 525.645325 333.257782
v -1340.411255 326.919312 341.913635
v -1335.989380 337.594086 333.299835
v -1259.695679 521.783325 314.427307
v -1288.985107 451.072601 314.427338
v -1290.584839 447.210419 333.257812
v -1312.608765 394.039948 240.963135
v -1317.751343 381.624725 260.963013
v -1319.557373 377.263763 240.963120
v -1340.411011 326.919220 240.963135
v -1335.989502 337.594086 260.999847
v -1340.411133 326.919281 261.002411
v -1340.411133 326.919312 333.302368
v -1316.588257 375.631805 -0.000024
v -1324.219604 378.761292 -0.000019
v -1310.149292 391.333374 -0.000029
v -1317.780640 394.462891 -0.000024
v -1316.046509 398.632202 230.024033
v -1307.582886 395.161285 230.024048
v -1317.448486 371.104492 230.024048
v -1325.911987 374.575378 230.024033
v -1403.812378 97.744362 250.747925
v -1399.014404 120.490562 262.763153
v -1400.561279 113.157562 246.677261
v -1394.296631 142.856308 225.142731
v -1397.598877 127.200821 221.227524
v -1394.296387 142.856262 19.999979
v -1397.598755 127.200813 19.999977
v -1409.340332 129.677536 19.999977
v -1412.302734 115.634315 246.677261
v -1436.172119 2.476645 250.747894
v -1424.430542 -0.000131 250.747910
v -1445.048706 -97.744629 250.747910
v -1448.300049 -113.157814 246.677261
v -1460.041748 -110.681038 246.677261
v -1449.847046 -120.490814 262.763153
v -1454.564575 -142.856552 225.142715
v -1451.262207 -127.201080 221.227524
v -1454.564697 -142.856567 19.999998
v -1451.262451 -127.201126 19.999998
v -1463.003906 -124.724304 19.999996
v -1223.276611 598.455750 230.023972
v -1233.311035 574.469177 230.023972
v -1231.715332 601.986267 230.023956
v -1233.478638 597.829529 -0.000070
v -1225.869629 594.646179 -0.000077
v -1232.419312 578.990417 -0.000076
v -1240.028198 582.173706 -0.000076
v -1241.750122 577.999695 230.023956
v -1204.088867 644.204773 229.446869
v -1204.088867 644.204773 242.320724
v -1336.230103 325.187012 229.446884
v -1212.450684 647.668396 229.446869
v -1344.591675 328.651489 229.446884
v -1336.230225 325.187012 242.320740
v -1212.450684 647.668396 242.320709
v -1344.591675 328.651489 242.320724
vn -0.2064 0.9785 -0.0000
vn -0.9785 -0.2064 -0.0000
vn 0.2064 -0.9785 -0.0000
vn -0.2064 0.9785 0.0002
vn 0.0691 -0.3278 0.9422
vn -0.0691 0.3278 0.9422
vn 0.0692 -0.3278 0.9422
vn -0.9785 -0.2064 -0.0001
vn -0.0692 0.3278 0.9422
vn -0.9239 -0.3827 -0.0000
vn -0.2882 -0.9576 -0.0000
vn -0.3827 0.9239 0.0003
vn 0.9673 -0.2536 -0.0000
vn -0.8640 -0.5035 0.0077
vn 0.3827 -0.9239 -0.0000
vn -0.5585 -0.2314 -0.7965
vn -0.8634 0.5045 -0.0000
vn 0.4733 0.8809 -0.0000
vn -0.9324 -0.3614 -0.0003
vn -0.3827 0.9239 -0.0000
vn -0.5845 -0.2421 0.7744
vn -0.9239 -0.3826 -0.0000
vn -0.1272 -0.0443 -0.9909
vn -0.5586 -0.2313 -0.7965
vn 0.1941 -0.5284 0.8265
vn -0.9239 -0.3827 -0.0001
vn 0.4811 -0.8767 -0.0000
vn -0.3827 -0.9239 -0.0000
vn -0.0000 -0.0000 -1.0000
vn -0.2406 -0.9049 -0.3510
vn 0.4813 -0.8766 -0.0000
vn -0.3827 -0.9239 0.0001
vn 0.0022 0.0054 -1.0000
vn -0.0780 -0.0321 -0.9964
vn -0.9533 0.3021 -0.0000
vn -0.3829 -0.9238 -0.0000
vn 0.4049 -0.9144 -0.0000
vn -0.3829 -0.9238 0.0001
vn -0.3827 -0.9239 0.0003
vn 0.9239 -0.3827 -0.0000
vn -0.0001 -0.0000 -1.0000
vn -0.7071 -0.7071 -0.0000
vn -0.7071 0.7071 -0.0000
vn -0.7139 -0.7003 -0.0000
vn 0.7071 -0.7071 -0.0001
vn 0.7071 -0.7071 -0.0000
vn -0.7071 0.7071 0.0001
vn 0.3419 -0.9397 -0.0000
vn 0.9239 0.3827 -0.0000
vn -0.0000 -0.0001 -1.0000
vn 0.2698 0.6533 -0.7074
vn 0.2110 -0.0761 -0.9745
vn 0.7724 0.1564 -0.6155
vn -0.8514 0.5228 -0.0415
vn -0.4891 0.7860 -0.3782
vn -0.0564 -0.1565 0.9861
vn 0.7036 0.1279 0.6990
vn 0.3826 -0.9239 -0.0000
vn -0.8469 -0.4839 0.2203
vn 0.3828 -0.9239 -0.0000
vn 0.3828 -0.9238 -0.0000
vn -0.0001 0.0001 -1.0000
vn 0.9239 -0.3826 0.0001
vn 0.9239 -0.3827 -0.0001
vn 0.9239 -0.3827 0.0001
vn 0.9239 -0.3827 -0.0002
vn 0.9239 -0.3826 -0.0001
vn -0.7071 -0.7071 -0.0001
vn -0.7072 -0.7070 -0.0000
vn -0.0000 -0.0000 1.0000
vn -0.6904 -0.7234 -0.0000
vn -0.0000 -0.0461 0.9989
vn -0.0001 -0.0000 1.0000
vn -0.0000 -0.0743 0.9972
vn -0.7075 -0.7067 0.0003
vn -0.7073 -0.7069 -0.0000
vn -0.7076 -0.7066 -0.0000
vn 0.7071 0.7071 -0.0000
vn -0.7070 -0.7072 0.0001
vn 0.7070 0.7072 0.0001
vn 0.7070 0.7072 -0.0000
vn -0.7071 -0.7072 -0.0000
vn 0.7071 0.7071 0.0001
vn 0.7231 -0.6907 -0.0000
vn 0.0470 0.0001 0.9989
vn -0.0001 0.0001 1.0000
vn -0.0001 0.0002 1.0000
vn 0.0001 -0.0000 1.0000
vn -0.7072 -0.7071 -0.0000
vn 0.7072 0.7070 -0.0000
vn 0.7072 0.7071 -0.0000
vn -0.7070 -0.7072 -0.0000
vn 0.7071 0.7072 -0.0000
vn 0.7072 -0.7071 -0.0001
vn 0.9239 -0.3827 0.0002
vn 0.5074 -0.2770 0.8160
vn 0.7701 -0.3647 -0.5234
vn -0.3442 -0.9318 -0.1151
vn 0.8049 0.4353 0.4032
vn -0.3794 -0.9250 -0.0196
vn 0.3794 0.9250 -0.0196
vn 0.3759 0.9164 -0.1375
vn -0.1585 0.9860 -0.0521
vn 0.5902 0.4653 -0.6596
vn 0.4042 0.8159 -0.4135
vn 0.9785 -0.2064 -0.0000
vn 0.4010 -0.9147 -0.0507
vn 0.1970 -0.4689 -0.8610
vn 0.1188 0.7699 -0.6270
vn 0.1491 0.0041 -0.9888
vn 0.3884 0.9194 -0.0620
vn 0.8865 0.4610 -0.0401
vn 0.2453 -0.7125 -0.6574
vn 0.2761 -0.9595 -0.0558
vn 0.9985 0.0411 -0.0368
vn 0.6417 -0.6676 0.3775
vn 0.7624 0.1494 0.6297
vn -0.0014 -0.0355 -0.9994
vn 0.1488 0.0042 -0.9889
vn 0.1189 0.7699 -0.6270
vn 0.1856 0.7725 -0.6073
vn 0.1489 0.0043 -0.9888
vn 0.5908 0.6903 -0.4176
vn 0.1344 -0.0639 -0.9889
vn 0.3858 0.9225 -0.0130
vn 0.7608 -0.3684 -0.5344
vn -0.3347 -0.9355 -0.1134
vn -0.3498 -0.8862 -0.3039
vn -0.3823 -0.9138 -0.1375
vn -0.3859 -0.9223 -0.0196
vn 0.3859 0.9223 -0.0196
vn 0.3824 0.9137 -0.1375
vn 0.9239 -0.3827 0.0003
vn 0.9206 -0.3815 0.0832
vn -0.0000 0.0001 1.0000
vt 0.303091 -0.332546
vt 0.286138 -0.332546
vt 0.286138 -0.992720
vt 0.303091 -0.992720
vt 0.303091 -0.965284
vt 0.286138 -0.344945
vt 0.303091 -0.378450
vt 0.286138 -0.342070
vt 0.303091 -0.375575
vt 0.303091 -0.964239
vt 0.303091 -0.374850
vt 0.303091 -0.375837
vt 0.303091 -0.374902
vt 0.286138 -0.341397
vt 0.286138 -0.345932
vt 0.264176 -0.356630
vt 0.286138 -0.995796
vt 0.264176 -0.972090
vt 0.216517 -0.679398
vt 0.263279 -0.679398
vt 0.263279 -0.996336
vt 0.216517 -0.984211
vt 0.264176 -0.938695
vt 0.216568 -0.686598
vt 0.263229 -0.686598
vt 0.263229 -0.679749
vt 0.216568 -0.679749
vt 0.216517 -0.691523
vt 0.286138 -0.995796
vt 0.286138 -0.995968
vt 0.264176 -0.355688
vt 0.264176 -0.388206
vt 0.264176 -0.350196
vt 0.264176 -0.995968
vt 0.264176 -0.332546
vt 0.264176 -0.972714
vt 0.264176 -0.386951
vt 0.264176 -0.386837
vt 0.286138 -0.992373
vt 0.216517 -0.996336
vt 0.264176 -0.970785
vt 0.286138 -0.992508
vt 0.264176 -0.353759
vt 0.286138 -0.990882
vt 0.563055 -0.362449
vt 0.539967 -0.994087
vt 0.539967 -0.326022
vt 0.539967 -0.584047
vt 0.563055 -0.947776
vt 0.563055 -0.584047
vt 0.512059 -0.441148
vt 0.512059 -0.995571
vt 0.523856 -0.995493
vt 0.523856 -0.441070
vt 0.539967 -0.940021
vt 0.563055 -0.994551
vt 0.539967 -0.326486
vt 0.539967 -0.994551
vt 0.563055 -0.338844
vt 0.563055 -0.994551
vt 0.611875 -0.583583
vt 0.563055 -0.583583
vt 0.563055 -0.947313
vt 0.611875 -0.994551
vt 0.563055 -0.326486
vt 0.539967 -0.326486
vt 0.539967 -0.992147
vt 0.563055 -0.982261
vt 0.563055 -0.339816
vt 0.539967 -0.329929
vt 0.611875 -0.326486
vt 0.563055 -0.374347
vt 0.563055 -0.374811
vt 0.539967 -0.326949
vt 0.563055 -0.326486
vt 0.390672 -0.441204
vt 0.390672 -0.995220
vt 0.512109 -0.995220
vt 0.512109 -0.441204
vt 0.563055 -0.994087
vt 0.539967 -0.995015
vt 0.539967 -0.994551
vt 0.563055 -0.338844
vt 0.306761 -0.328668
vt 0.306761 -0.994581
vt 0.390995 -0.994581
vt 0.390995 -0.328668
vt 0.152799 -0.010680
vt 0.186270 -0.010680
vt 0.186270 -0.496011
vt 0.152799 -0.496011
vt 0.019752 -0.009721
vt 0.029134 -0.009721
vt 0.029134 -0.996703
vt 0.019752 -0.996703
vt 0.092930 -0.009721
vt 0.126352 -0.009721
vt 0.126352 -0.996703
vt 0.092930 -0.996703
vt 0.004114 -0.009721
vt 0.004114 -0.996703
vt 0.264724 -0.496011
vt 0.264724 -0.010680
vt 0.634163 -0.999198
vt 0.617217 -0.999198
vt 0.617217 0.000168
vt 0.634163 0.000168
vt 0.617217 -0.146321
vt 0.634163 -0.919644
vt 0.617217 -0.838462
vt 0.617217 -0.982580
vt 0.617217 -0.027965
vt 0.634163 -0.071396
vt 0.634163 -0.939831
vt 0.634430 -0.959817
vt 0.634430 -0.584626
vt 0.619139 -0.007633
vt 0.634163 -0.079922
vt 0.617217 -0.036880
vt 0.617217 -0.992995
vt 0.634163 -0.949786
vt 0.617217 -0.999200
vt 0.634163 -0.999200
vt 0.617217 -0.982580
vt 0.634163 -0.936760
vt 0.617217 -0.979969
vt 0.617217 -0.024384
vt 0.634163 -0.067427
vt 0.617217 -0.146322
vt 0.634163 -0.919646
vt 0.617217 -0.993235
vt 0.634163 -0.080381
vt 0.634163 -0.950247
vt 0.619139 -0.612550
vt 0.634430 -0.987823
vt 0.619139 -0.035639
vt 0.617217 -0.027725
vt 0.634163 -0.939370
vt 0.634163 -0.070935
vt 0.617217 -0.126609
vt 0.617217 -0.916538
vt 0.634163 -0.916538
vt 0.634163 -0.126609
vt 0.617217 -0.145050
vt 0.634163 -0.919102
vt 0.619139 -0.035639
vt 0.634163 -0.918560
vt 0.617217 -0.145052
vt 0.617217 -0.837358
vt 0.634163 -0.126610
vt 0.634163 -0.916539
vt 0.617217 -0.983082
vt 0.617217 -0.060325
vt 0.617217 -0.980210
vt 0.634163 -0.067313
vt 0.634163 -0.936769
vt 0.617217 -0.917248
vt 0.617217 -0.127319
vt 0.634163 -0.127318
vt 0.634163 -0.917248
vt 0.634163 -0.917246
vt 0.634163 -0.127317
vt 0.617217 -0.983790
vt 0.634430 -0.584626
vt 0.619139 -0.007633
vt 0.617217 -0.979970
vt 0.634163 -0.065139
vt 0.619139 -0.987823
vt 0.634430 -0.612550
vt 0.634430 -0.035639
vt 0.619139 -0.584626
vt 0.619139 -0.959817
vt 0.634430 -0.007634
vt 0.617217 -0.838464
vt 0.634163 -0.499516
vt 0.617217 -0.837356
vt 0.634163 -0.064495
vt 0.617217 -0.838464
vt 0.634430 -0.007633
vt 0.619139 -0.584626
vt 0.634430 -0.035638
vt 0.873821 -0.996697
vt 0.873820 -0.787486
vt 0.853076 -0.787487
vt 0.853005 -0.978440
vt 0.873820 -0.787805
vt 0.853076 -0.806063
vt 0.853005 -0.978758
vt 0.853005 -0.997321
vt 0.853005 -0.009200
vt 0.839411 -0.009200
vt 0.839413 -0.997321
vt 0.835959 -0.853686
vt 0.835957 -0.023441
vt 0.807531 -0.009713
vt 0.853005 -0.997016
vt 0.873821 -0.997016
vt 0.853076 -0.787805
vt 0.807533 -0.997260
vt 0.835959 -0.997260
vt 0.835959 -0.983532
vt 0.835959 -0.839959
vt 0.835957 -0.167014
vt 0.835957 -0.153287
vt 0.835957 -0.009713
vt 0.853076 -0.805744
vt 0.853005 -0.996697
vt 0.265979 -0.324733
vt 0.475812 -0.324733
vt 0.475812 -0.302723
vt 0.265979 -0.302723
vt 0.265444 -0.275380
vt 0.265444 -0.302348
vt 0.500217 -0.302348
vt 0.500217 -0.275380
vt 0.500217 -0.044879
vt 0.265444 -0.044879
vt 0.270615 -0.324733
vt 0.265933 -0.302723
vt 0.265837 -0.302723
vt 0.265837 -0.324733
vt 0.477882 -0.302436
vt 0.267423 -0.302436
vt 0.267423 -0.324733
vt 0.477882 -0.324733
vt 0.634880 -0.163444
vt 0.634881 -0.999408
vt 0.666316 -0.999408
vt 0.666315 -0.163444
vt 0.779660 -0.163597
vt 0.721478 -0.163444
vt 0.721478 -0.999408
vt 0.779660 -0.999560
vt 0.666339 -0.163444
vt 0.666339 -0.999408
vt 0.266142 -0.302723
vt 0.270872 -0.324733
vt 0.470345 -0.302436
vt 0.267564 -0.302436
vt 0.267564 -0.324733
vt 0.470345 -0.324733
vt 0.265990 -0.324733
vt 0.265990 -0.302723
vt 0.873542 -0.996750
vt 0.873542 -0.788321
vt 0.853076 -0.788421
vt 0.853005 -0.996849
vt 0.836860 -0.997260
vt 0.836859 -0.841414
vt 0.806962 -0.827915
vt 0.805330 -0.964216
vt 0.853005 -0.964215
vt 0.853074 -0.382085
vt 0.806836 -0.624302
vt 0.836734 -0.623787
vt 0.836733 -0.383533
vt 0.806836 -0.383631
vt 0.836858 -0.165559
vt 0.805328 -0.009713
vt 0.806961 -0.042758
vt 0.806837 -0.921131
vt 0.806837 -0.995741
vt 0.836734 -0.980465
vt 0.836732 -0.025489
vt 0.806835 -0.010770
vt 0.806835 -0.085381
vt 0.853075 -0.624888
vt 0.853005 -0.042758
vt 0.806961 -0.179059
vt 0.836858 -0.009713
vt 0.805330 -0.997261
vt 0.853005 -0.996856
vt 0.873542 -0.996864
vt 0.873542 -0.788435
vt 0.853076 -0.788428
vt 0.927903 -0.993317
vt 0.927429 -0.004766
vt 0.860077 -0.004766
vt 0.874733 -0.993307
vt 0.874733 -0.990943
vt 0.874733 -0.004766
vt 0.927903 -0.004766
vt 0.927903 -0.990943
vt 0.992554 -0.436432
vt 0.992554 -0.336979
vt 0.967036 -0.336979
vt 0.967036 -0.436432
vt 0.992554 -0.276400
vt 0.967803 -0.276779
vt 0.992554 -0.336232
vt 0.992554 -0.017615
vt 0.992554 -0.445580
vt 0.967036 -0.992751
vt 0.992554 -0.992751
vt 0.992554 -0.992570
vt 0.967803 -0.336232
vt 0.967803 -0.436964
vt 0.967803 -0.336232
vt 0.967804 -0.992570
vt 0.992554 -0.336232
vt 0.992554 -0.019117
vt 0.967803 -0.017615
vt 0.992554 -0.436964
vt 0.967803 -0.992570
vt 0.992554 -0.276779
vt 0.967803 -0.017615
vt 0.927903 -0.993308
vt 0.927387 -0.004766
vt 0.860034 -0.004766
vt 0.874733 -0.993317
vt 0.927903 -0.990943
vt 0.874733 -0.990943
vt 0.805330 -0.996609
vt 0.839413 -0.996608
vt 0.839411 -0.010167
vt 0.805328 -0.010167
vt 0.807291 -0.996609
vt 0.837453 -0.996608
vt 0.837451 -0.010167
vt 0.807289 -0.010167
s 0
usemtl f008_001_enter01t.007
f 4880/2661/3065 4883/2662/3065 4882/2663/3065 4878/2664/3065
f 4875/2665/3066 4871/2666/3066 4873/2667/3066
s 1
f 4890/2665/3066 4888/2663/3067 4880/2668/3068 4891/2669/3066
s 0
f 4885/2665/3066 4887/2670/3066 4888/2666/3069
f 4897/2665/3066 4898/2663/3066 4888/2666/3070 4889/2667/3066
f 4876/2665/3066 4870/2667/3066 4869/2666/3066 4877/2663/3066
s 1
f 4872/2667/3066 4899/2665/3066 4880/2663/3069 4873/2671/3066
s 0
f 4895/2665/3066 4887/2667/3066 4886/2666/3066 4896/2663/3066
f 4872/2671/3066 4869/2663/3066 4870/2670/3066
f 4877/2663/3066 4891/2672/3066 4876/2665/3066
f 4875/2665/3066 4874/2663/3066 4871/2666/3066
s 1
f 4873/2671/3066 4871/2666/3066 4872/2667/3066
f 4880/2663/3069 4881/2670/3066 4873/2671/3066
s 0
f 4888/2666/3069 4890/2671/3066 4885/2665/3066
f 4885/2665/3066 4884/2667/3066 4877/2666/3066
f 4877/2666/3066 4886/2663/3066 4887/2670/3066
f 4887/2670/3066 4889/2671/3066 4888/2666/3071
f 4885/2665/3072 4877/2666/3072 4887/2670/3072
f 4898/2666/3066 4897/2671/3066 4895/2665/3066
f 4896/2663/3066 4898/2666/3066 4895/2665/3066
s 1
f 4879/2665/3066 4881/2673/3066 4880/2674/3069
f 4879/2665/3066 4880/2674/3069 4878/2663/3065
s 0
f 4872/2671/3066 4871/2666/3066 4869/2663/3066
s 1
f 4878/2663/3065 4874/2666/3066 4875/2671/3066 4879/2665/3066
s 0
f 4877/2663/3066 4884/2670/3066 4891/2672/3066
f 4891/2672/3066 4880/2675/3073 4899/2672/3066
f 4891/2672/3066 4899/2672/3066 4876/2665/3066
f 4888/2662/3067 4894/2663/3067 4893/2664/3067 4892/2661/3067
f 4913/2676/3074 4909/2662/3074 4911/2677/3074 4910/2678/3074
s 1
f 4933/2679/3075 4936/2680/3076 4938/2681/3074 4937/2682/3074
s 0
f 4904/2662/3074 4918/2683/3074 4907/2683/3074
s 1
f 4915/2684/3077 4927/2685/3078 4928/2686/3079 4929/2687/3079
s 0
f 4926/2688/3074 4925/2681/3074 4915/2679/3080
s 1
f 4912/2678/3074 4914/2689/3079 4906/2662/3074 4918/2676/3074
f 4916/2683/3074 4912/2683/3074 4909/2662/3074
s 0
f 4930/2676/3074 4907/2678/3074 4906/2690/3074 4940/2691/3074
f 4911/2662/3074 4922/2683/3074 4910/2692/3074
s 1
f 4919/2693/3074 4915/2690/3081 4914/2662/3079
f 4933/2694/3082 4906/2695/3083 4931/2662/3084 4932/2690/3084
s 0
f 4934/2693/3074 4933/2690/3085 4935/2694/3074
f 4920/2693/3074 4923/2690/3074 4924/2694/3074
f 4909/2689/3074 4908/2678/3074 4905/2676/3074 4904/2662/3074
f 4940/2693/3086 4939/2690/3086 4902/2662/3086
s 1
f 4914/2662/3079 4916/2676/3074 4922/2678/3074 4920/2696/3074
s 0
f 4917/2695/3079 4914/2662/3079 4915/2690/3079 4929/2694/3079
f 4900/2662/3074 4904/2689/3074 4903/2678/3074 4901/2676/3074
f 4930/2683/3074 4900/2662/3074 4901/2697/3074
f 4907/2683/3086 4903/2697/3086 4904/2662/3086
f 4904/2662/3074 4905/2698/3074 4918/2683/3074
f 4918/2683/3074 4906/2699/3074 4907/2683/3074
f 4924/2682/3074 4923/2700/3074 4925/2681/3074
f 4925/2681/3074 4927/2680/3087 4915/2679/3088
f 4926/2688/3074 4924/2682/3074 4925/2681/3074
f 4940/2691/3074 4902/2662/3074 4930/2676/3074
f 4906/2690/3074 4934/2701/3074 4940/2691/3074
s 1
f 4909/2662/3074 4913/2692/3074 4916/2683/3074
f 4916/2683/3074 4914/2702/3079 4912/2683/3074
f 4912/2683/3074 4908/2698/3074 4909/2662/3074
f 4922/2678/3074 4921/2690/3074 4920/2696/3074
f 4920/2696/3074 4919/2703/3074 4914/2662/3079
s 0
f 4911/2662/3074 4921/2704/3074 4922/2683/3074
s 1
f 4919/2693/3074 4926/2694/3074 4915/2690/3081
s 0
f 4934/2693/3074 4906/2662/3089 4933/2690/3085
f 4920/2693/3074 4921/2662/3074 4923/2690/3074
f 4940/2693/3074 4937/2694/3074 4939/2690/3074
s 1
f 4937/2682/3074 4935/2688/3090 4933/2679/3075
f 4938/2681/3074 4939/2700/3074 4937/2682/3074
s 0
f 4930/2683/3074 4902/2699/3074 4900/2662/3074
f 4941/2685/3084 4936/2686/3084 4933/2687/3084 4932/2684/3084
f 4960/2705/3091 4958/2706/3091 4957/2707/3091
f 4961/2708/3092 4964/2709/3092 4962/2710/3092
f 4950/2711/3093 4945/2712/3093 4947/2713/3093 4948/2714/3093
s 1
f 4958/2715/3094 4942/2716/3092 4957/2717/3095
s 0
f 4956/2718/3092 4953/2719/3092 4954/2720/3092
f 4969/2721/3092 4967/2722/3092 4965/2723/3092 4966/2724/3092
s 1
f 4954/2720/3096 4950/2725/3097 4948/2726/3098 4949/2718/3099
f 4957/2727/3095 4943/2728/3092 4953/2729/3092 4955/2730/3092
f 4967/2722/3100 4969/2721/3100 4944/2731/3101 4959/2732/3091
f 4961/2708/3102 4960/2733/3091 4957/2734/3091
s 0
f 4968/2706/3092 4964/2705/3092 4963/2707/3092
s 1
f 4947/2735/3093 4945/2717/3093 4942/2718/3103 4946/2720/3104
f 4953/2736/3092 4943/2737/3092 4945/2738/3105 4950/2739/3093
s 0
f 4960/2705/3091 4959/2740/3091 4958/2706/3091
f 4961/2708/3092 4963/2741/3092 4964/2709/3092
s 1
f 4958/2715/3094 4944/2742/3101 4942/2716/3092
f 4942/2716/3092 4943/2743/3092 4957/2717/3095
s 0
f 4956/2718/3092 4955/2726/3092 4953/2719/3092
s 1
f 4944/2731/3101 4958/2725/3094 4959/2732/3091
s 0
f 4965/2723/3092 4968/2720/3092 4966/2724/3092
s 1
f 4961/2708/3102 4962/2710/3100 4960/2733/3091
s 0
f 4968/2706/3092 4965/2740/3092 4964/2705/3092
s 1
f 4951/2744/3092 4952/2745/3092 4949/2746/3099 4948/2747/3098
f 4971/2748/3106 4973/2749/3107 4972/2750/3107 4970/2751/3106
s 0
f 4974/2750/3107 4972/2751/3107 4973/2748/3107 4975/2749/3107
f 4981/2752/3108 4980/2753/3106 4979/2754/3106 4982/2755/3106
s 1
f 4977/2756/3106 4989/2757/3093 4978/2758/3093 4976/2759/3106
s 0
f 4985/2752/3108 4983/2753/3106 4984/2754/3106 4986/2755/3106
f 4987/2760/3106 4985/2752/3106 4986/2755/3106 4988/2761/3106
f 4983/2760/3106 4981/2752/3106 4982/2755/3106 4984/2761/3106
f 4980/2753/3106 4977/2756/3106 4976/2759/3106 4979/2754/3106
f 4995/2751/3107 4994/2748/3107 4996/2749/3107 4997/2750/3107
s 1
f 4995/2762/3107 4993/2750/3109 4991/2749/3110 4994/2763/3111
s 0
f 4993/2750/3110 4992/2751/3110 4990/2748/3110 4991/2749/3110
s 1
f 4999/2749/3110 5003/2748/3106 5002/2751/3106 5001/2750/3110
s 0
f 4999/2749/3110 5001/2750/3110 5000/2751/3110 4998/2748/3110
s 1
f 5049/2764/3112 5050/2765/3113 5032/2766/3114 5034/2767/3115
s 0
f 5018/2768/3079 5017/2769/3079 5019/2770/3079
f 5025/2771/3079 5026/2772/3079 5027/2773/3079 5029/2774/3079
s 1
f 5008/2775/3079 5011/2776/3079 5014/2777/3116
s 0
f 5016/2778/3079 5015/2779/3079 5014/2780/3117 5013/2781/3079
f 5053/2766/3074 5007/2782/3074 5006/2783/3118 5014/2767/3119
s 1
f 5036/2773/3079 5034/2772/3120 5030/2784/3093 5033/2774/3079
f 5022/2785/3079 5014/2786/3121 5015/2787/3079 5018/2788/3079
f 5022/2789/3079 5021/2790/3079 5031/2789/3079
f 5034/2791/3115 5040/2779/3079 5038/2792/3079 5037/2793/3079
s 0
f 5012/2794/3122 5004/2795/3122 5016/2796/3122
s 1
f 5033/2789/3079 5028/2789/3079 5025/2790/3079
s 0
f 5021/2797/3079 5025/2771/3079 5023/2798/3079 5024/2799/3079
f 5010/2800/3079 5011/2801/3079 5009/2802/3079 5012/2803/3079
s 1
f 5039/2804/3079 5036/2789/3079 5026/2805/3079
f 5051/2794/3079 5049/2795/3112 5037/2806/3079
s 0
f 5042/2807/3079 5041/2808/3079 5043/2809/3079
s 1
f 5005/2810/3079 5008/2811/3079 5006/2812/3074 5004/2813/3079
s 0
f 5026/2814/3079 5042/2787/3079 5043/2815/3079 5035/2816/3079
f 5041/2815/3079 5040/2787/3079 5034/2814/3123 5039/2816/3079
s 1
f 5031/2799/3079 5028/2798/3079 5030/2784/3093 5014/2797/3121
s 0
f 5052/2817/3079 5044/2818/3079 5045/2819/3079 5051/2820/3079
f 5048/2821/3079 5047/2822/3079 5046/2813/3079 5049/2823/3079
f 5044/2824/3124 5040/2825/3124 5047/2775/3124
f 5021/2826/3079 5020/2785/3079 5019/2788/3079 5017/2787/3079
f 5018/2768/3079 5015/2827/3079 5017/2769/3079
s 1
f 5014/2777/3116 5006/2828/3074 5008/2775/3079
f 5008/2775/3079 5009/2829/3125 5011/2776/3079
f 5011/2776/3079 5013/2830/3079 5014/2777/3116
f 5031/2789/3079 5014/2827/3121 5022/2789/3079
f 5022/2789/3079 5020/2770/3079 5021/2790/3079
f 5021/2790/3079 5024/2770/3079 5031/2789/3079
s 0
f 5016/2796/3122 5010/2831/3122 5012/2794/3122
f 5012/2794/3079 5005/2832/3079 5004/2795/3079
f 5004/2795/3079 5015/2833/3079 5016/2796/3079
s 1
f 5025/2790/3079 5029/2834/3079 5033/2789/3079
f 5033/2789/3079 5030/2827/3093 5028/2789/3079
f 5028/2789/3079 5023/2834/3079 5025/2790/3079
s 0
f 5014/2783/3126 5030/2835/3126 5034/2767/3126
s 1
f 5026/2805/3079 5035/2836/3079 5039/2804/3079
f 5039/2804/3079 5034/2837/3120 5036/2789/3079
f 5036/2789/3079 5027/2838/3079 5026/2805/3079
f 5051/2794/3079 5048/2832/3079 5049/2795/3112
f 5049/2795/3112 5034/2839/3115 5037/2806/3079
f 5037/2806/3079 5052/2840/3079 5051/2794/3079
s 0
f 5042/2807/3079 5040/2837/3079 5041/2808/3079
f 5047/2775/3122 5045/2829/3122 5044/2824/3122
f 5044/2824/3079 5038/2841/3079 5040/2825/3079
f 5040/2825/3079 5046/2828/3079 5047/2775/3079
f 5032/2766/3093 5053/2782/3093 5014/2783/3093 5034/2767/3093
f 5074/2842/3104 5075/2843/3104 5066/2844/3104 5072/2845/3104
f 5059/2846/3104 5057/2847/3104 5061/2848/3104
f 5064/2849/3104 5063/2850/3104 5061/2851/3104 5062/2852/3104
f 5068/2853/3104 5055/2854/3104 5054/2855/3104
f 5056/2852/3104 5055/2849/3104 5057/2850/3104 5058/2851/3104
f 5065/2852/3104 5068/2849/3104 5067/2850/3104 5066/2851/3104
f 5063/2856/3104 5060/2857/3104 5059/2846/3104
f 5059/2846/3104 5058/2858/3104 5057/2847/3104
f 5061/2848/3127 5063/2856/3127 5059/2846/3127
f 5054/2855/3104 5070/2859/3104 5071/2860/3104
f 5071/2860/3104 5069/2861/3104 5068/2853/3104
f 5068/2853/3128 5065/2862/3128 5064/2863/3104
f 5068/2853/3104 5064/2863/3104 5062/2864/3104
f 5054/2855/3129 5071/2860/3129 5068/2853/3129
f 5055/2854/3104 5056/2865/3104 5054/2855/3104
f 5068/2853/3130 5062/2864/3128 5055/2854/3131
f 5066/2844/3104 5067/2866/3104 5072/2845/3104
f 5072/2845/3104 5073/2867/3104 5074/2842/3104
f 5073/2850/3104 5072/2851/3104 5069/2852/3104 5071/2849/3104
f 5080/2868/3106 5081/2869/3106 5079/2870/3106 5077/2871/3106
s 1
f 5077/2868/3132 5079/2869/3133 5078/2870/3109 5076/2871/3109
f 5134/2872/3134 5084/2873/3106 5083/2874/3135 5114/2875/3136
f 5114/2872/3136 5083/2873/3135 5082/2874/3110 5078/2875/3137
s 0
f 5078/2875/3134 5085/2876/3134 5134/2877/3134 5114/2872/3134
f 5088/2878/3134 5087/2879/3134 5089/2869/3134
s 1
f 5087/2869/3138 5092/2870/3139 5076/2880/3110 5086/2881/3137
s 0
f 5088/2878/3134 5090/2869/3134 5091/2870/3134
f 5087/2879/3134 5086/2870/3134 5089/2869/3134
f 5088/2878/3134 5091/2870/3134 5087/2879/3134
s 1
f 5087/2882/3138 5091/2883/3134 5133/2884/3140 5092/2885/3139
f 5094/2869/3138 5101/2870/3141 5095/2880/3110 5093/2881/3134
s 0
f 5094/2879/3134 5097/2869/3134 5096/2878/3134
f 5098/2869/3134 5099/2870/3134 5094/2879/3134
f 5094/2879/3134 5093/2870/3134 5097/2869/3134
f 5096/2878/3134 5098/2869/3134 5094/2879/3134
s 1
f 5094/2882/3138 5099/2883/3134 5100/2884/3140 5101/2885/3141
s 0
f 5109/2869/3106 5107/2870/3106 5103/2871/3106 5108/2868/3106
f 5105/2870/3142 5106/2871/3142 5102/2868/3142 5104/2869/3142
s 1
f 5107/2869/3106 5104/2870/3142 5102/2871/3142 5103/2868/3106
s 0
f 5112/2870/3142 5113/2871/3142 5110/2868/3142 5111/2869/3142
f 5092/2871/3106 5116/2868/3106 5115/2869/3106 5114/2870/3106
s 1
f 5114/2869/3143 5111/2870/3144 5110/2871/3142 5092/2868/3106
s 0
f 5118/2886/3093 5120/2887/3093 5119/2888/3093 5117/2889/3093
s 1
f 5125/2890/3093 5121/2891/3110 5123/2892/3110 5124/2893/3093
s 0
f 5122/2894/3110 5126/2895/3110 5123/2892/3110 5121/2891/3110
f 5134/2869/3106 5132/2870/3106 5129/2871/3106 5133/2868/3106
f 5130/2870/3142 5131/2871/3142 5127/2868/3142 5128/2869/3142
s 1
f 5132/2869/3133 5128/2870/3142 5127/2871/3145 5129/2868/3106
s 0
f 5138/2870/3142 5139/2871/3142 5136/2868/3142 5135/2869/3142
f 5140/2871/3106 5142/2868/3106 5141/2869/3106 5137/2870/3106
s 1
f 5140/2868/3146 5137/2869/3133 5135/2870/3147 5136/2871/3142
f 5143/2873/3148 5147/2874/3142 5178/2875/3134 5135/2872/3149
f 5145/2872/3134 5144/2873/3110 5143/2874/3148 5135/2875/3149
s 0
f 5178/2876/3134 5146/2877/3134 5145/2872/3134 5135/2875/3134
f 5149/2896/3134 5148/2897/3134 5153/2870/3134
s 1
f 5148/2898/3150 5150/2899/3151 5151/2900/3140 5142/2901/3140
s 0
f 5149/2896/3134 5155/2870/3134 5150/2869/3134
f 5148/2897/3134 5152/2869/3134 5153/2870/3134
f 5149/2896/3134 5150/2869/3134 5148/2897/3134
s 1
f 5149/2902/3137 5153/2869/3152 5154/2870/3110 5136/2903/3110
s 0
f 5157/2896/3134 5156/2897/3134 5161/2870/3134
s 1
f 5156/2898/3137 5158/2899/3150 5159/2900/3140 5162/2901/3140
s 0
f 5157/2896/3134 5165/2870/3134 5158/2869/3134
f 5156/2897/3134 5160/2869/3134 5161/2870/3134
f 5157/2896/3134 5158/2869/3134 5156/2897/3134
s 1
f 5157/2902/3137 5161/2869/3134 5163/2870/3110 5164/2903/3110
s 0
f 5171/2871/3106 5173/2868/3106 5172/2869/3106 5168/2870/3106
f 5170/2870/3142 5169/2871/3142 5167/2868/3142 5166/2869/3142
s 1
f 5171/2868/3153 5168/2869/3106 5166/2870/3154 5167/2871/3154
s 0
f 5179/2871/3106 5151/2868/3106 5180/2869/3106 5176/2870/3106
f 5178/2870/3154 5177/2871/3155 5175/2868/3154 5174/2869/3142
s 1
f 5179/2868/3106 5176/2869/3156 5174/2870/3157 5175/2871/3142
s 0
f 5181/2869/3142 5183/2870/3142 5184/2871/3142 5182/2868/3142
s 1
f 5182/2871/3142 5154/2868/3158 5145/2869/3158 5181/2870/3144
s 0
f 5192/2904/3104 5187/2905/3104 5190/2906/3104 5191/2907/3104
f 5203/2908/3104 5202/2909/3104 5201/2910/3104 5204/2911/3104
f 5196/2912/3159 5194/2913/3159 5191/2850/3159
f 5199/2914/3104 5198/2915/3104 5197/2916/3104 5194/2917/3104
f 5189/2918/3104 5190/2919/3104 5187/2920/3104
f 5199/2914/3104 5201/2921/3104 5202/2922/3104
f 5202/2922/3104 5200/2923/3104 5198/2915/3104
f 5197/2916/3104 5186/2924/3104 5189/2925/3104
f 5199/2914/3104 5202/2922/3104 5198/2915/3104
f 5197/2916/3104 5189/2925/3104 5185/2926/3104
f 5197/2916/3104 5185/2926/3104 5194/2917/3104
f 5191/2850/3104 5193/2851/3104 5195/2852/3104
f 5195/2852/3104 5206/2849/3104 5196/2912/3104
f 5196/2912/3104 5199/2927/3128 5194/2913/3104
f 5194/2913/3129 5192/2928/3129 5191/2850/3104
f 5191/2850/3104 5195/2852/3104 5196/2912/3104
f 5187/2920/3104 5185/2929/3104 5189/2918/3104
f 5189/2918/3104 5188/2930/3104 5190/2919/3104
f 5204/2911/3104 5205/2931/3104 5203/2908/3104
f 5196/2932/3104 5206/2933/3104 5205/2934/3104 5204/2935/3104
s 1
f 5209/2936/3160 5212/2937/3161 5213/2938/3162 5207/2939/3163
f 5207/2940/3163 5213/2941/3162 5214/2942/3164 5208/2943/3164
s 0
f 5209/2940/3165 5210/2943/3165 5211/2942/3166 5212/2941/3167
s 1
f 5231/2944/3168 5227/2945/3169 5229/2946/3170 5230/2947/3170
f 5226/2948/3171 5215/2948/3172 5216/2946/3170
s 0
f 5226/2949/3173 5228/2950/3174 5224/2951/3174
s 1
f 5231/2952/3168 5230/2947/3170 5232/2953/3170 5233/2954/3175
f 5234/2955/3176 5227/2956/3169 5231/2957/3168
f 5223/2958/3177 5222/2959/3178 5221/2955/3179 5217/2960/3180
f 5219/2952/3181 5221/2954/3179 5220/2953/3170 5218/2947/3170
f 5217/2945/3180 5219/2944/3181 5218/2947/3170 5216/2946/3170
f 5229/2946/3170 5227/2945/3169 5226/2948/3171
f 5226/2948/3171 5225/2961/3182 5215/2948/3172
f 5215/2948/3172 5217/2945/3180 5216/2946/3170
f 5216/2946/3170 5229/2946/3170 5226/2948/3171
s 0
f 5224/2951/3183 5225/2962/3183 5226/2949/3173
f 5226/2949/3184 5227/2956/3185 5228/2950/3186
s 1
f 5221/2955/3179 5219/2963/3181 5217/2960/3180
f 5231/2957/3168 5233/2964/3175 5234/2955/3176
f 5234/2955/3176 5228/2950/3187 5227/2956/3169
f 5217/2960/3180 5215/2965/3172 5225/2951/3182
f 5224/2966/3188 5223/2958/3177 5217/2960/3180 5225/2951/3182
f 5239/2967/3189 5235/2968/3190 5236/2969/3191 5240/2970/3192
f 5242/2942/3193 5241/2971/3194 5240/2972/3192 5236/2941/3191
s 0
f 5239/2972/3195 5238/2943/3195 5237/2942/3196 5235/2941/3195
f 5250/2973/3134 5248/2974/3134 5244/2975/3134 5249/2976/3134
s 1
f 5247/2974/3093 5246/2975/3093 5243/2976/3197 5245/2973/3198
f 5248/2977/3134 5245/2978/3198 5243/2979/3197 5244/2980/3199
g Atomic49.002_meshId65_name.007
v 1119.273682 808.625854 -1.368842
v 1119.273560 808.625854 211.102646
v 1034.919067 892.980530 -1.368773
v 1034.919067 892.980530 211.102722
v 603.762573 1223.882446 260.034912
v 544.858276 1191.559082 260.034943
v 603.762756 1223.882446 29.999897
v 544.858521 1191.559448 29.999901
v 440.475372 1234.796265 29.999901
v 440.475311 1234.796021 260.034943
v -431.353821 1238.574707 215.999817
v -431.353821 1238.574585 267.153992
v -483.996796 1216.769409 215.999847
v -483.996796 1216.769287 267.154022
v -431.353821 1238.574829 86.382462
v -431.353821 1238.574707 203.999817
v -483.996796 1216.769409 86.382477
v -483.996796 1216.769409 203.999847
v -431.353821 1238.574585 5.999906
v -431.353821 1238.574829 80.399902
v -483.996796 1216.769287 5.999907
v -483.996796 1216.769409 80.399902
v -1338.573975 331.353912 210.499878
v -1338.574463 331.353851 5.999973
v -1321.199585 373.299286 210.524948
v -1321.200073 373.299255 5.999969
v -492.866058 1213.095337 267.154022
v -581.993225 1176.177734 267.154114
v -492.866058 1213.095581 215.999847
v -581.993225 1176.177856 215.999863
v -590.862427 1172.503906 267.154114
v -679.989624 1135.586426 267.154175
v -590.862427 1172.504028 215.999863
v -679.989624 1135.586426 215.999893
v -688.858887 1131.912598 267.154175
v -741.501953 1110.107300 267.154236
v -688.858887 1131.912598 215.999893
v -741.501953 1110.107178 215.999939
v -688.858948 1131.912598 86.382500
v -688.858887 1131.912598 203.999893
v -741.502014 1110.107300 86.382538
v -741.501953 1110.107178 203.999954
v -688.859009 1131.912476 5.999914
v -688.858948 1131.912598 80.399910
v -741.502014 1110.107056 5.999923
v -741.502014 1110.107178 80.399910
v -916.629944 1060.795410 -0.000064
v -916.629944 1060.795410 235.670410
v -990.449585 986.975647 -0.000057
v -990.449585 986.975647 235.670410
v -993.277954 989.803955 -0.000056
v -993.277954 989.803955 235.670410
v -1086.975708 890.449585 -0.000054
v -1086.975586 890.449585 235.670395
v -1160.795288 816.629944 -0.000045
v -1160.795288 816.629822 235.670425
v -1210.106445 641.501831 210.524902
v -1227.480835 599.556458 210.524902
v -1210.106934 641.502014 5.999917
v -1227.481323 599.556580 5.999920
v -1259.695679 521.783325 314.427307
v -1236.072021 578.815796 240.963074
v -1288.984985 451.072571 314.427338
v -1312.608765 394.039948 240.963120
v -1230.929443 591.231140 260.962982
v -1212.691406 635.261841 260.962891
v -1232.972656 586.298523 282.306030
v -1243.863159 560.006470 314.177155
v -1212.691284 635.261719 333.262970
v -1258.095947 525.645325 333.257782
v -1290.584839 447.210419 333.257812
v -1335.989380 337.594086 333.299835
v -1304.817749 412.849335 314.177185
v -1315.708252 386.557343 282.306030
v -1317.751343 381.624725 260.963013
v -1335.989380 337.594086 260.999847
vn -0.7071 -0.7071 -0.0000
vn -0.3829 -0.9238 0.0001
vn -0.3829 -0.9238 0.0004
vn 0.4811 -0.8767 -0.0000
vn -0.3827 -0.9239 -0.0000
vn 0.3827 -0.9239 -0.0000
vn 0.9239 -0.3827 -0.0000
vn 0.7071 -0.7071 -0.0001
vn 0.7071 -0.7071 -0.0000
vt 0.778600 -0.005982
vt 0.994107 -0.005982
vt 0.994107 -0.458303
vt 0.778600 -0.458303
vt 0.693218 -0.006839
vt 0.693219 -0.458297
vt 0.768036 -0.458297
vt 0.768036 -0.006839
vt 0.466406 -0.006839
vt 0.466406 -0.458297
vt 0.570704 -0.470387
vt 0.570703 -0.686835
vt 0.407628 -0.686834
vt 0.407628 -0.470386
vt 0.407628 -0.470387
vt 0.407628 -0.686835
vt 0.570704 -0.686834
vt 0.570703 -0.470386
vt 0.582209 -0.468815
vt 0.582209 -0.681819
vt 0.712348 -0.681818
vt 0.712348 -0.468815
vt 0.004694 -0.953582
vt 0.142452 -0.953582
vt 0.142452 -0.357162
vt 0.004694 -0.357237
vt 0.570086 -0.468677
vt 0.406060 -0.468678
vt 0.406062 -0.687452
vt 0.570087 -0.688543
vt 0.570086 -0.687452
vt 0.406060 -0.688543
vt 0.406062 -0.468677
vt 0.570087 -0.468678
vt 0.594363 -0.498027
vt 0.594363 -0.920662
vt 0.597380 -0.920662
vt 0.597380 -0.498027
vt 0.406467 -0.695512
vt 0.406467 -0.905689
vt 0.711905 -0.905690
vt 0.711905 -0.695513
vt 0.406467 -0.905638
vt 0.406467 -0.695462
vt 0.711905 -0.695460
vt 0.711905 -0.905636
vt 0.142307 -0.357162
vt 0.142307 -0.953582
vt 0.004549 -0.953582
vt 0.004549 -0.357162
vt 0.338975 -0.163907
vt 0.148282 -0.367384
vt 0.338671 -0.163907
vt 0.074221 -0.364275
vt 0.008574 -0.364275
vt 0.082146 -0.300610
vt 0.123925 -0.205457
vt 0.008574 -0.143015
vt 0.178622 -0.143030
vt 0.178767 -0.143030
vt 0.008574 -0.142905
vt 0.124070 -0.205457
vt 0.074367 -0.364275
s 0
usemtl f008_001_enter02t1.007
f 5252/2981/3200 5254/2982/3200 5253/2983/3200 5251/2984/3200
s 1
f 5256/2985/3201 5258/2986/3202 5257/2987/3203 5255/2988/3203
s 0
f 5260/2989/3204 5259/2990/3204 5258/2986/3204 5256/2985/3204
f 5262/2991/3205 5264/2992/3205 5263/2993/3205 5261/2994/3205
f 5266/2995/3205 5268/2996/3205 5267/2997/3205 5265/2998/3205
f 5270/2999/3205 5272/3000/3205 5271/3001/3205 5269/3002/3205
f 5274/3003/3206 5276/3004/3206 5275/3005/3206 5273/3006/3206
f 5278/3007/3205 5280/3008/3205 5279/3009/3205 5277/3010/3205
f 5282/3011/3205 5284/3012/3205 5283/3013/3205 5281/3014/3205
f 5286/3011/3205 5288/3012/3205 5287/3013/3205 5285/3014/3205
f 5290/2995/3205 5292/2996/3205 5291/2997/3205 5289/2998/3205
f 5294/2999/3205 5296/3000/3205 5295/3001/3205 5293/3002/3205
s 1
f 5302/3015/3200 5301/3016/3200 5299/3017/3207 5300/3018/3208
s 0
f 5298/3019/3208 5300/3020/3208 5299/3021/3208 5297/3022/3208
f 5304/3023/3208 5306/3024/3208 5305/3025/3208 5303/3026/3208
f 5308/3027/3206 5310/3028/3206 5309/3029/3206 5307/3030/3206
f 5313/3031/3206 5312/3032/3206 5311/3033/3206
f 5313/3031/3206 5314/3032/3206 5312/3032/3206
f 5315/3034/3206 5316/3035/3206 5317/3036/3206
f 5317/3036/3206 5316/3035/3206 5318/3037/3206
f 5318/3037/3206 5319/3038/3206 5320/3039/3206
f 5316/3035/3206 5319/3038/3206 5318/3037/3206
f 5321/3040/3206 5322/3041/3206 5323/3042/3206
f 5323/3042/3206 5322/3041/3206 5324/3036/3206
f 5324/3036/3206 5322/3041/3206 5325/3043/3206
f 5322/3041/3206 5326/3035/3206 5325/3043/3206
g Atomic49.003_meshId66_name.007
v -732.523254 1110.791992 103.484467
v -693.873352 1126.801270 103.484421
v -732.523254 1110.791992 186.897705
v -693.873352 1126.801270 186.897629
v -480.716400 1215.093750 103.484428
v -434.058411 1234.420166 103.484406
v -480.716309 1215.093750 171.926468
v -434.058350 1234.420166 171.926453
vn 0.3827 -0.9239 -0.0000
vt 0.117953 -0.117811
vt 0.117953 -0.010113
vt 0.050384 -0.010113
vt 0.050384 -0.117811
vt 0.115834 -0.264190
vt 0.115835 -0.133982
vt 0.017347 -0.133982
vt 0.017347 -0.264190
s 0
usemtl f008_001_kanbane.007
f 5328/3044/3209 5330/3045/3209 5329/3046/3209 5327/3047/3209
f 5332/3048/3209 5334/3049/3209 5333/3050/3209 5331/3051/3209
g Atomic49.004_meshId67_name.007
v -112.639732 1437.146851 402.260376
v -73.843018 1437.163452 400.233429
v -109.836166 1437.146851 455.755829
v -71.039467 1437.163330 453.728790
v 176.970184 1714.991943 419.227600
v 248.127014 1715.008545 419.239105
v 176.970169 1714.991943 517.344116
v 248.126968 1715.008301 517.355591
v -29.399271 1437.163330 453.659760
v -68.248886 1437.146851 453.653473
v -29.399240 1437.163452 400.090942
v -68.248878 1437.146851 400.084625
vn 0.0004 -1.0000 -0.0000
vn 0.0002 -1.0000 -0.0000
vt 0.994004 -0.999883
vt 0.994003 0.000000
vt 0.005997 -0.000117
vt 0.005997 -1.000000
s 0
usemtl f008_001_kart.007
f 5336/3052/3210 5338/3053/3210 5337/3054/3210 5335/3055/3210
f 5340/3052/3211 5342/3053/3211 5341/3054/3211 5339/3055/3211
f 5344/3054/3210 5346/3055/3210 5345/3052/3210 5343/3053/3210
g Atomic49.005_meshId68_name.007
v 1514.861572 -77.901596 265.529297
v 1514.861450 -77.901619 228.000076
v 1530.483765 -151.961029 265.529297
v 1530.483765 -151.961029 228.000061
v 1512.219727 -65.377235 228.000076
v 1512.219727 -65.377205 265.529297
v 1489.239502 43.564106 228.000107
v 1489.239502 43.564114 265.529297
v 1514.861694 -77.901604 202.000092
v 1514.861816 -77.901611 8.000113
v 1530.483765 -151.961029 202.000061
v 1530.483887 -151.961044 8.000105
v 1301.266479 421.422943 268.154327
v 1301.266479 421.422943 224.999924
v 1252.494141 539.169739 268.154327
v 1252.494141 539.169800 224.999908
v 1209.800781 642.241272 29.999941
v 1249.432739 546.560791 29.999952
v 1209.800781 642.241272 204.999924
v 1249.432739 546.560791 204.999924
v 1304.328003 414.031952 268.154327
v 1304.328003 414.031952 224.999924
v 1338.880493 330.614746 268.154327
v 1338.880493 330.614746 224.999924
v 1209.800781 642.241272 224.999908
v 1249.432739 546.560791 224.999908
v 1209.800659 642.241211 268.154297
v 1249.432617 546.560730 268.154327
v 1338.880371 330.614777 29.999969
v 1304.328003 414.031952 29.999964
v 1338.880493 330.614746 204.999939
v 1304.328003 414.031952 204.999939
v 1460.069580 181.849899 265.529327
v 1460.069580 181.849899 228.000122
v 1486.597656 56.088505 265.529297
v 1486.597656 56.088505 228.000107
vn -0.9785 -0.2064 -0.0000
vn -0.9239 -0.3827 -0.0000
vt -0.000000 -0.541257
vt 1.000000 -0.541257
vt 1.000000 -0.138600
vt -0.000000 -0.138600
vt 1.000000 -0.138600
vt 0.000000 -0.138600
vt 0.000000 -0.541257
vt 1.000000 -0.541257
vt 0.256156 -0.986696
vt 0.743844 -0.986696
vt 0.743844 -0.008611
vt 0.256156 -0.008611
vt 0.025356 -0.114104
vt 0.025356 -0.516413
vt 0.970673 -0.516413
vt 0.970673 -0.114104
vt 0.846167 -0.987739
vt 0.846167 -0.008662
vt 0.153832 -0.008662
vt 0.153832 -0.987739
vt 0.025356 -0.516413
vt 0.970673 -0.516413
vt 0.025356 -0.114104
vt 0.970673 -0.114104
vt 0.025356 -0.114104
vt 0.025355 -0.516413
vt 0.000000 -0.541257
vt 1.000000 -0.541257
vt 1.000000 -0.138600
vt -0.000000 -0.138600
s 0
usemtl f008_001_glasst.007
f 5348/3056/3212 5350/3057/3212 5349/3058/3212 5347/3059/3212
f 5352/3060/3212 5354/3061/3212 5353/3062/3212 5351/3063/3212
f 5356/3064/3212 5358/3065/3212 5357/3066/3212 5355/3067/3212
f 5361/3068/3213 5362/3069/3213 5360/3070/3213 5359/3071/3213
f 5364/3072/3213 5366/3073/3213 5365/3074/3213 5363/3075/3213
f 5368/3076/3213 5370/3077/3213 5369/3071/3213 5367/3078/3213
f 5372/3077/3213 5374/3079/3213 5373/3080/3213 5371/3081/3213
f 5377/3073/3213 5378/3074/3213 5376/3075/3213 5375/3072/3213
f 5380/3082/3212 5382/3083/3212 5381/3084/3212 5379/3085/3212
g Atomic52_meshId71_name.007
v 136.927673 -287.344757 46.158108
v 136.314148 -290.824219 48.656391
v 132.834732 -290.210693 46.158112
v 133.448242 -286.731293 -43.666107
v 132.834732 -290.210724 -46.164398
v 118.103455 -264.816650 -72.598015
v 116.713867 -267.187744 -75.057465
v 119.417221 -266.692902 -77.569893
v 136.314148 -290.824249 -48.662674
v 101.844933 -241.597061 -72.556229
v 120.911179 -264.299011 -75.304123
v 99.798447 -243.030029 -75.054504
v 101.844917 -241.597061 -77.552788
v 136.927673 -287.344849 -46.164383
v 104.140671 -240.348236 75.296356
v 120.911179 -264.299011 75.297836
v 101.844917 -241.597061 72.549927
v 118.103455 -264.816650 72.591736
v 116.713867 -267.187744 75.051178
v 99.798447 -243.030029 75.048218
v 101.844917 -241.597061 77.546494
v 119.417221 -266.692902 77.563622
v 133.448242 -286.731293 43.659828
v 264.001526 -198.366730 46.158077
v 260.522095 -197.753204 43.659794
v 263.388000 -201.846161 48.656349
v 264.001495 -198.366745 -46.164379
v 247.880646 -175.343735 75.051140
v 230.965256 -151.186035 75.048180
v 246.491074 -177.714813 77.563583
v 245.177338 -175.838562 72.591698
v 228.918777 -152.618988 72.549904
v 259.908600 -201.232651 46.158073
v 228.918777 -152.618988 77.546471
v 259.908569 -201.232697 -46.164379
v 260.522095 -197.753250 -43.666084
v 263.388000 -201.846176 -48.662651
v 246.491058 -177.714874 -77.569870
v 247.880646 -175.343781 -75.057434
v 228.918747 -152.619034 -77.552765
v 230.965240 -151.186081 -75.054482
v 226.872299 -154.051971 -75.054474
v 228.918747 -152.619034 -72.556198
v 245.177292 -175.838608 -72.598000
v 226.872299 -154.051941 95.529984
v 230.351730 -154.665466 95.529984
v 227.485825 -150.572510 95.529976
v 226.872299 -154.051971 -95.536278
v 230.351715 -154.665512 -95.536278
v 227.485809 -150.572556 -95.536293
v 230.965256 -151.186081 -95.536293
v 230.965240 -151.186035 95.529976
v 100.411972 -239.550629 -95.536293
v 99.798447 -243.030029 -95.536293
v 103.891411 -240.164124 -95.536293
v 100.411964 -239.550583 95.529999
v 103.891396 -240.164093 95.529999
v 99.798447 -243.030029 95.529999
v 103.277885 -243.643524 95.529999
v 103.277893 -243.643524 -95.536293
v 226.933502 -154.205658 93.133713
v 165.539413 -197.194290 71.598038
v 104.145317 -240.182892 93.133713
v 104.145309 -240.182922 71.598038
v 226.933502 -154.205658 71.598038
v 104.674767 -240.332947 49.820179
v 227.178177 -154.555099 42.701206
v 261.116455 -203.023941 49.820179
v 261.116455 -203.023941 42.701210
v 138.328247 -289.001221 49.820190
v 138.328247 -289.001190 42.701218
v 104.389999 -240.532333 42.701214
v 131.380707 -278.473022 49.820183
v 165.539398 -197.194290 93.133713
v 104.674774 -240.332962 -49.826469
v 104.390030 -240.532379 -42.707497
v 104.413635 -240.276703 -75.385368
v 131.380707 -278.473022 -49.826462
v 138.328247 -289.001190 -49.826462
v 227.178192 -154.555145 -42.707500
v 261.116425 -203.023987 -49.826469
v 261.116455 -203.023987 -42.707500
v 138.328262 -289.001221 -42.707489
v 227.178177 -154.555145 -93.140007
v 165.784088 -197.543762 -93.140007
v 227.178177 -154.555161 -71.604324
v 165.784088 -197.543762 -71.604324
v 104.389999 -240.532364 -71.604324
v 104.390007 -240.532364 -93.140007
v 104.959526 -240.133545 75.544502
v 121.585114 -263.877350 75.544510
v 253.468994 -192.985855 49.820152
v 226.901413 -154.748917 49.820156
v 226.799484 -154.581177 75.379044
v 243.521652 -178.462952 75.380035
v 121.585114 -263.877350 -75.550789
v 226.901413 -154.748962 -49.826462
v 243.521652 -178.462997 -75.386337
v 226.763062 -154.845856 -75.550766
v 253.468994 -192.985886 -49.826454
vn 0.8910 0.3973 -0.2197
vn 0.7438 0.6660 -0.0573
vn 0.7394 -0.6289 0.2403
vn 0.6030 -0.7132 -0.3573
vn -0.5866 -0.7490 0.3081
vn -0.8174 -0.5287 -0.2289
vn 0.1381 -0.7776 0.6135
vn 0.1011 -0.4421 -0.8912
vn -0.6668 -0.6714 0.3234
vn -0.9401 -0.2748 -0.2018
vn 0.8065 0.4865 0.3360
vn 0.7343 0.6439 0.2150
vn 0.7604 0.5539 -0.3392
vn -0.1695 0.4146 0.8941
vn -0.5894 0.1134 0.7999
vn -0.8730 -0.0749 0.4820
vn -0.3316 0.3010 -0.8941
vn 0.2631 0.5283 -0.8073
vn -0.4865 -0.8675 -0.1037
vn 0.4369 -0.6238 -0.6481
vn -0.8214 0.4063 -0.4002
vn 0.7736 0.5414 0.3294
vn -0.4220 0.8105 0.4062
vn -0.0002 0.0003 1.0000
vn 0.7736 0.5413 0.3294
vn -0.8582 -0.4974 -0.1270
vn -0.6183 -0.7303 -0.2903
vn -0.6171 0.7355 -0.2796
vn -0.4908 0.8529 0.1781
vn 0.7769 0.6296 0.0041
vn 0.9217 0.3143 0.2271
vn 0.6769 -0.6091 -0.4133
vn 0.5581 -0.1437 -0.8172
vn 0.1389 -0.5465 0.8259
vn 0.4467 -0.7801 0.4380
vn 0.9238 0.3653 -0.1146
vn 0.7881 0.6126 -0.0601
vn -0.5167 -0.8340 0.1934
vn -0.7403 -0.5822 0.3362
vn -0.2576 0.3558 -0.8983
vn -0.0215 0.2441 -0.9695
vn 0.3892 -0.4689 0.7929
vn 0.9084 0.3486 0.2307
vn -0.7816 0.2080 0.5881
vn -0.2462 0.3638 0.8984
vn -0.7608 -0.5449 -0.3526
vn -0.8880 -0.3845 -0.2524
vn -0.7403 -0.5821 0.3362
vn 0.5856 0.6929 -0.4208
vn 0.0815 -0.2040 -0.9756
vn -0.8192 -0.5736 -0.0000
vn 0.5736 -0.8192 -0.0000
vn 0.0740 -0.6350 0.7689
vn -0.2591 -0.5283 0.8086
vn -0.1051 0.8842 0.4551
vn -0.7147 0.6988 -0.0295
vn 0.3857 0.8008 0.4582
vn 0.8466 0.4444 0.2930
vn 0.8191 0.5736 0.0030
vn 0.7594 0.6500 0.0286
vn -0.6353 0.7577 0.1489
vn -0.0336 0.7559 0.6538
vn -0.0793 -0.4409 0.8940
vn 0.0609 -0.8317 0.5518
vn 0.5750 -0.8181 0.0009
vn -0.7008 -0.7118 0.0467
vn -0.5736 0.8192 -0.0000
vn 0.3483 -0.4972 -0.7946
vn -0.0124 -0.0718 0.9973
vn -0.1603 -0.9099 0.3826
vn 0.8192 0.5736 -0.0000
vn -0.8394 -0.5435 -0.0000
vn 0.0001 0.0002 1.0000
vn 0.3657 0.6459 0.6701
vn -0.0000 -0.0000 1.0000
vn 0.9134 -0.1610 0.3738
vn 0.8191 0.5736 -0.0000
vn -0.8243 -0.5661 -0.0094
vn 0.0657 0.5414 0.8382
vn -0.8191 -0.5736 -0.0000
vn 0.8192 0.5736 0.0001
vn -0.7791 -0.6237 -0.0635
vn -0.5226 0.7463 -0.4122
vn 0.8191 0.5737 0.0003
vt 0.476135 0.007657
vt 0.476135 0.069655
vt 0.799490 0.131880
vt 0.476135 0.131882
vt 0.799490 0.069654
vt 0.799489 0.007655
vt 0.997436 0.007654
vt 0.997436 0.069653
vt 0.997436 0.131880
vt 0.474945 0.022428
vt 0.426696 0.070676
vt 0.474945 0.118924
vt 0.523193 0.070676
vt 0.007176 0.991337
vt 0.007176 0.786529
vt 0.711942 0.786529
vt 0.711942 0.991339
vt 0.711942 0.991334
vt 0.711942 0.269618
vt 0.711942 0.196603
vt 0.106481 0.269618
vt 0.106481 0.196603
vt 0.995296 0.805717
vt 0.995295 0.497868
vt 0.722644 0.497869
vt 0.722644 0.992372
vt 0.106481 0.196603
vt 0.106481 0.269618
s 1
usemtl f008_001_komonoal1.023
f 5396/3086/3214 5383/3086/3215 5384/3087/3216 5391/3087/3217
f 5401/3088/3218 5385/3089/3219 5384/3087/3216 5404/3090/3220
f 5390/3090/3221 5391/3087/3217 5387/3089/3222 5389/3088/3223
f 5383/3086/3215 5398/3091/3224 5404/3090/3220 5384/3087/3216
f 5393/3091/3225 5459/3092/3226 5392/3093/3227 5388/3090/3228
f 5401/3088/3218 5402/3094/3229 5399/3093/3230 5400/3090/3231
f 5394/3094/3232 5389/3088/3223 5388/3090/3228 5392/3093/3227
f 5459/3092/3226 5393/3091/3225 5390/3090/3221 5395/3093/3233
f 5385/3089/3219 5401/3088/3218 5400/3090/3231 5405/3087/3234
f 5393/3091/3225 5396/3086/3214 5391/3087/3217 5390/3090/3221
f 5400/3090/3231 5399/3093/3230 5397/3092/3235 5398/3091/3224
f 5383/3086/3215 5396/3086/3214 5386/3087/3236 5405/3087/3234
f 5388/3090/3228 5386/3087/3236 5396/3086/3214 5393/3091/3225
f 5401/3088/3218 5404/3090/3220 5403/3093/3237 5402/3094/3229
f 5398/3091/3224 5397/3092/3238 5403/3093/3237 5404/3090/3220
f 5385/3089/3219 5387/3089/3222 5391/3087/3217 5384/3087/3216
f 5387/3089/3222 5385/3089/3219 5405/3087/3234 5386/3087/3236
f 5389/3088/3223 5387/3089/3222 5386/3087/3236 5388/3090/3228
f 5405/3087/3234 5400/3090/3231 5398/3091/3224 5383/3086/3215
f 5395/3093/3233 5390/3090/3221 5389/3088/3223 5394/3094/3232
f 5417/3086/3239 5415/3086/3240 5407/3087/3241 5418/3087/3242
f 5421/3088/3243 5409/3089/3244 5419/3087/3245 5420/3090/3246
f 5412/3090/3247 5408/3087/3248 5406/3089/3249 5410/3088/3250
f 5477/3091/3251 5476/3092/3252 5414/3093/3253 5413/3090/3254
f 5408/3087/3248 5412/3090/3247 5477/3091/3251 5415/3086/3240
f 5416/3093/3255 5412/3090/3247 5410/3088/3250 5411/3094/3256
f 5409/3089/3244 5421/3088/3243 5426/3090/3257 5418/3087/3242
f 5426/3090/3257 5425/3093/3258 5424/3092/3259 5480/3091/3260
f 5416/3093/3255 5476/3092/3261 5477/3091/3251 5412/3090/3247
f 5420/3090/3246 5419/3087/3245 5417/3086/3239 5480/3091/3260
f 5421/3088/3243 5423/3094/3262 5425/3093/3258 5426/3090/3257
f 5419/3087/3245 5408/3087/3248 5415/3086/3240 5417/3086/3239
f 5480/3091/3260 5417/3086/3239 5418/3087/3242 5426/3090/3257
f 5406/3089/3249 5409/3089/3244 5418/3087/3242 5407/3087/3241
f 5422/3093/3263 5423/3094/3262 5421/3088/3243 5420/3090/3246
f 5413/3090/3254 5414/3093/3253 5411/3094/3256 5410/3088/3250
f 5413/3090/3254 5407/3087/3241 5415/3086/3240 5477/3091/3251
f 5409/3089/3244 5406/3089/3249 5408/3087/3248 5419/3087/3245
f 5407/3087/3241 5413/3090/3254 5410/3088/3250 5406/3089/3249
f 5480/3091/3260 5424/3092/3259 5422/3093/3263 5420/3090/3246
f 5430/3086/3264 5431/3087/3265 5428/3087/3266 5427/3086/3267
f 5429/3087/3268 5432/3087/3269 5430/3086/3264 5427/3086/3267
f 5434/3089/3270 5428/3087/3266 5431/3087/3265 5433/3089/3271
f 5434/3095/3270 5429/3096/3268 5427/3097/3267 5428/3098/3266
f 5429/3087/3268 5434/3089/3270 5433/3089/3271 5432/3087/3269
f 5439/3086/3272 5437/3086/3273 5435/3087/3274 5438/3087/3275
f 5438/3096/3275 5440/3095/3276 5441/3098/3277 5439/3097/3272
f 5437/3086/3273 5439/3086/3272 5441/3087/3277 5442/3087/3278
f 5440/3089/3276 5438/3087/3275 5435/3087/3274 5436/3089/3279
f 5441/3087/3277 5440/3089/3276 5436/3089/3279 5442/3087/3278
s 0
f 5456/3099/3280 5444/3100/3280 5446/3101/3280 5445/3102/3280
f 5447/3101/3280 5444/3100/3280 5456/3099/3280 5443/3103/3280
s 1
f 5450/3104/3281 5452/3104/3282 5453/3105/3283 5451/3105/3284
f 5454/3105/3285 5448/3104/3286 5475/3104/3287 5449/3105/3284
s 0
f 5475/3101/3288 5448/3101/3288 5452/3104/3288 5450/3104/3289
s 1
f 5448/3106/3286 5454/3107/3285 5453/3105/3283 5452/3104/3282
s 0
f 5398/3108/3264 5397/3109/3264 5448/3110/3264 5455/3111/3264
f 5450/3104/3284 5451/3105/3290 5449/3112/3284 5475/3113/3290
s 1
f 5465/3105/3291 5461/3104/3265 5463/3104/3284 5464/3105/3292
s 0
f 5393/3108/3264 5460/3111/3264 5457/3110/3293 5459/3109/3293
s 1
f 5479/3104/3294 5457/3104/3264 5458/3105/3295 5462/3105/3296
s 0
f 5461/3104/3264 5465/3105/3264 5458/3107/3264 5457/3106/3264
f 5462/3112/3284 5464/3105/3284 5463/3104/3284 5479/3113/3284
s 1
f 5464/3104/3292 5462/3101/3296 5458/3101/3295 5465/3104/3291
s 0
f 5468/3101/3265 5469/3100/3265 5467/3099/3265 5466/3103/3265
f 5471/3102/3265 5467/3099/3265 5469/3100/3265 5470/3101/3265
f 5473/3108/3284 5455/3111/3284 5448/3110/3284 5472/3109/3284
f 5477/3108/3264 5476/3109/3264 5475/3110/3264 5474/3111/3264
f 5478/3108/3284 5459/3109/3284 5457/3110/3290 5460/3111/3290
f 5480/3108/3297 5481/3109/3297 5479/3110/3297 5482/3111/3297
g Atomic53_meshId72_name.007
v -259.908661 -201.232651 46.158100
v -263.388062 -201.846176 48.656384
v -264.001587 -198.366730 46.158104
v -260.522156 -197.753220 43.659821
v -245.177353 -175.838593 72.591728
v -243.787750 -178.209656 75.051163
v -228.918793 -152.618988 72.549927
v -260.522156 -197.753220 -43.666115
v -259.908661 -201.232651 -46.164391
v -247.880661 -175.343750 75.051170
v -230.965271 -151.186020 75.048210
v -245.177353 -175.838593 -72.598022
v -247.880722 -175.343750 -75.057472
v -246.491119 -177.714828 -77.569901
v -263.388062 -201.846176 -48.662682
v -264.001587 -198.366730 -46.164406
v -228.918823 -152.619003 -72.556229
v -243.787766 -178.209656 -75.057457
v -230.965302 -151.186035 -75.054512
v -228.918823 -152.619003 -77.552788
v -246.491089 -177.714828 77.563614
v -228.918823 -152.618988 77.546494
v -136.927689 -287.344849 46.158081
v -136.927734 -287.344849 -46.164371
v -120.806816 -264.321838 75.051147
v -133.448257 -286.731293 43.659801
v -136.314163 -290.824249 48.656357
v -132.834747 -290.210724 46.158085
v -119.417229 -266.692902 77.563591
v -136.314224 -290.824219 -48.662643
v -119.417259 -266.692902 -77.569862
v -132.834793 -290.210724 -46.164371
v -133.448303 -286.731293 -43.666077
v -116.713921 -267.187744 -75.057426
v -99.798523 -243.030029 -75.054474
v -118.103508 -264.816650 -72.597992
v -101.844994 -241.597061 -72.556198
v -120.911240 -264.299011 -75.304092
v -101.844986 -241.597061 -77.552765
v -101.844940 -241.597061 77.546471
v -116.713867 -267.187744 75.051147
v -118.103470 -264.816650 72.591705
v -99.798462 -243.030029 75.048187
v -101.844948 -241.597061 72.549904
v -227.485840 -150.572510 95.529991
v -227.485886 -150.572540 -95.536301
v -226.872345 -154.051941 95.529999
v -230.965271 -151.186020 95.529991
v -230.351761 -154.665466 95.529999
v -230.965302 -151.186035 -95.536301
v -230.351761 -154.665482 -95.536293
v -226.872330 -154.051956 -95.536293
v -100.411980 -239.550583 95.529984
v -103.891418 -240.164093 95.529984
v -100.412018 -239.550629 -95.536285
v -99.798462 -243.030029 95.529984
v -103.277885 -243.643524 95.529984
v -99.798515 -243.030029 -95.536285
v -103.277946 -243.643524 -95.536278
v -103.891449 -240.164124 -95.536278
v -227.047852 -154.646439 -93.140007
v -165.653763 -197.635040 -93.140007
v -227.047852 -154.646408 -71.604324
v -165.653763 -197.635040 -71.604324
v -104.259659 -240.623657 -71.604324
v -104.259651 -240.623657 -93.140007
v -226.763062 -154.845795 49.820171
v -138.197876 -289.092499 49.820187
v -104.259621 -240.623627 42.701214
v -138.197876 -289.092499 42.701218
v -227.047836 -154.646408 42.701206
v -260.986084 -203.115265 42.701210
v -260.986084 -203.115265 49.820183
v -226.799500 -154.581177 75.379074
v -253.469025 -192.985855 49.820175
v -226.803162 -154.296967 93.133713
v -165.409058 -197.285583 93.133713
v -226.803162 -154.296967 71.598038
v -165.409058 -197.285599 71.598038
v -104.014938 -240.274200 71.598038
v -104.014938 -240.274200 93.133713
v -227.047852 -154.646469 -42.707504
v -226.799530 -154.581207 -75.385368
v -260.986084 -203.115265 -49.826469
v -138.197891 -289.092499 -49.826462
v -104.259659 -240.623657 -42.707493
v -138.197891 -289.092529 -42.707493
v -260.986084 -203.115280 -42.707497
v -243.388672 -178.589600 75.544502
v -104.536400 -240.429855 49.820168
v -104.413651 -240.276672 75.379044
v -131.380722 -278.473022 49.820160
v -121.300346 -264.076782 75.544487
v -226.763092 -154.845825 -49.826477
v -253.469055 -192.985855 -49.826469
v -243.388672 -178.589600 -75.550797
v -131.380768 -278.473022 -49.826447
v -121.585182 -263.877350 -75.550766
v -104.536430 -240.429855 -49.826458
v -104.413689 -240.276703 -75.385338
vn -0.2727 0.5497 -0.7896
vn 0.8891 0.4166 -0.1896
vn -0.7726 0.5968 0.2166
vn -0.7989 0.5211 0.3003
vn -0.4791 -0.7803 -0.4020
vn -0.7138 -0.6794 0.1702
vn -0.9722 0.2306 -0.0412
vn -0.1636 -0.1459 0.9757
vn -0.3544 -0.2810 0.8919
vn 0.8352 -0.5435 0.0846
vn 0.8729 -0.0750 0.4820
vn -0.5773 0.6978 -0.4240
vn -0.7875 0.5927 0.1688
vn 0.5855 -0.0527 0.8090
vn 0.1695 0.4144 0.8942
vn 0.9377 -0.3470 -0.0170
vn 0.4863 -0.8676 -0.1036
vn -0.9130 0.3410 0.2241
vn 0.3316 0.3012 -0.8941
vn 0.8368 -0.5248 -0.1559
vn 0.7959 -0.5957 0.1082
vn -0.2465 -0.4674 -0.8490
vn -0.3075 -0.5262 -0.7928
vn -0.0065 0.9821 0.1881
vn -0.9466 0.2790 -0.1614
vn -0.8197 0.5357 0.2026
vn -0.5649 -0.6469 -0.5122
vn -0.4566 -0.7182 0.5251
vn 0.5874 -0.7870 0.1885
vn 0.7531 -0.6307 0.1871
vn 0.9420 -0.2769 0.1897
vn 0.3314 0.9024 -0.2752
vn 0.3487 0.2717 -0.8970
vn -0.8277 0.5442 -0.1368
vn -0.9149 0.3485 -0.2040
vn 0.7304 0.6395 0.2400
vn 0.1488 0.7024 0.6961
vn -0.1922 -0.4255 -0.8843
vn -0.1585 -0.3886 0.9077
vn -0.2869 -0.5576 0.7790
vn 0.4866 -0.8675 0.1036
vn 0.8227 -0.5568 -0.1145
vn 0.0841 0.2106 -0.9739
vn -0.5854 0.6931 0.4206
vn 0.4155 0.5046 0.7568
vn -0.9084 0.3486 -0.2307
vn -0.3111 -0.2818 -0.9077
vn 0.8727 -0.0755 -0.4823
vn -0.9085 0.3486 -0.2307
vn -0.3262 0.7773 0.5379
vn -0.5734 -0.8190 0.0228
vn 0.2821 -0.7407 0.6097
vn 0.2935 0.9557 0.0200
vn -0.9640 0.2661 -0.0000
vn -0.5513 -0.8318 0.0644
vn 0.8204 -0.5719 0.0006
vn 0.4152 0.9085 0.0466
vn -0.5340 -0.8440 0.0513
vn 0.1002 -0.7001 0.7069
vn -0.5283 0.1815 0.8294
vn -0.8716 0.4897 0.0214
vn 0.6987 -0.7148 0.0296
vn 0.9235 -0.1803 0.3385
vn 0.8081 0.4533 0.3761
vn 0.8148 0.5797 -0.0000
vn -0.5736 -0.8192 -0.0000
vn 0.8192 -0.5736 -0.0000
vn -0.8192 0.5736 -0.0000
vn -0.7780 -0.0163 0.6281
vn -0.7978 0.6029 -0.0000
vn -0.8190 0.5738 -0.0002
vn -0.0303 -0.7647 0.6437
vn 0.9131 0.3932 0.1076
vn 0.5736 0.8192 -0.0000
vn -0.3555 0.7079 0.6103
vn -0.8191 0.5736 -0.0000
vn 0.8192 -0.5736 0.0001
vn -0.0423 -0.4948 0.8680
vn 0.8193 -0.5734 -0.0002
vn -0.7942 -0.4815 -0.3706
vn 0.8499 -0.5237 -0.0586
vn 0.8191 -0.5736 -0.0000
vt 0.799490 0.069654
vt 0.476135 0.069655
vt 0.476135 0.131882
vt 0.799490 0.131880
vt 0.997436 0.069653
vt 0.799489 0.007655
vt 0.997436 0.007654
vt 0.997436 0.131880
vt 0.476135 0.007657
vt 0.474945 0.022428
vt 0.523193 0.070676
vt 0.474945 0.118924
vt 0.426696 0.070676
vt 0.007176 0.786529
vt 0.711942 0.786529
vt 0.711942 0.991339
vt 0.007176 0.991337
vt 0.711942 0.991334
vt 0.106481 0.269618
vt 0.711942 0.269618
vt 0.711942 0.196603
vt 0.106481 0.196603
vt 0.995296 0.805717
vt 0.995295 0.497868
vt 0.722644 0.497869
vt 0.722644 0.992372
vt 0.106481 0.269618
vt 0.106481 0.196603
s 1
usemtl f008_001_komonoal1.023
f 5487/3114/3298 5486/3115/3299 5485/3116/3300 5492/3117/3301
f 5497/3115/3302 5484/3115/3303 5485/3116/3300 5498/3116/3304
f 5504/3118/3305 5503/3114/3306 5488/3119/3307 5556/3120/3308
f 5501/3121/3309 5495/3117/3310 5494/3114/3311 5499/3118/3312
f 5494/3114/3311 5500/3119/3313 5565/3120/3314 5499/3118/3312
f 5503/3114/3306 5504/3118/3305 5493/3121/3315 5492/3117/3301
f 5493/3121/3315 5489/3118/3316 5487/3114/3298 5492/3117/3301
f 5503/3114/3306 5484/3115/3303 5483/3122/3317 5488/3119/3307
f 5484/3115/3303 5497/3115/3302 5491/3122/3318 5483/3122/3317
f 5496/3114/3319 5502/3118/3320 5565/3120/3314 5500/3119/3313
f 5495/3117/3310 5498/3116/3304 5490/3115/3321 5494/3114/3311
f 5556/3120/3308 5488/3119/3307 5487/3114/3298 5489/3118/3316
f 5492/3117/3301 5485/3116/3300 5484/3115/3303 5503/3114/3306
f 5491/3122/3318 5500/3119/3313 5494/3114/3311 5490/3115/3321
f 5498/3116/3304 5495/3117/3310 5496/3114/3319 5497/3115/3302
f 5490/3115/3321 5486/3115/3299 5483/3122/3317 5491/3122/3318
f 5500/3119/3313 5491/3122/3318 5497/3115/3302 5496/3114/3319
f 5488/3119/3307 5483/3122/3317 5486/3115/3299 5487/3114/3298
f 5486/3115/3299 5490/3115/3321 5498/3116/3304 5485/3116/3300
f 5495/3117/3310 5501/3121/3309 5502/3118/3320 5496/3114/3319
f 5505/3122/3322 5506/3122/3323 5512/3115/3324 5509/3115/3325
f 5514/3116/3326 5510/3116/3327 5509/3115/3325 5512/3115/3324
f 5523/3117/3328 5510/3116/3327 5508/3115/3329 5524/3114/3330
f 5524/3114/3330 5508/3115/3329 5505/3122/3322 5507/3119/3331
f 5520/3119/3332 5506/3122/3323 5515/3115/3333 5518/3114/3334
f 5513/3114/3335 5512/3115/3324 5506/3122/3323 5520/3119/3332
f 5522/3118/3336 5511/3114/3337 5523/3117/3328 5525/3121/3338
f 5512/3115/3324 5513/3114/3335 5516/3117/3339 5514/3116/3326
f 5525/3121/3338 5523/3117/3328 5524/3114/3330 5526/3118/3340
f 5526/3118/3340 5524/3114/3330 5507/3119/3331 5573/3120/3341
f 5510/3116/3327 5514/3116/3326 5515/3115/3333 5508/3115/3329
f 5507/3119/3331 5505/3122/3322 5509/3115/3325 5511/3114/3337
f 5506/3122/3323 5505/3122/3322 5508/3115/3329 5515/3115/3333
f 5518/3114/3334 5519/3118/3342 5582/3120/3343 5520/3119/3332
f 5521/3118/3344 5517/3121/3345 5516/3117/3339 5513/3114/3335
f 5519/3118/3342 5518/3114/3334 5516/3117/3339 5517/3121/3345
f 5522/3118/3336 5573/3120/3341 5507/3119/3331 5511/3114/3337
f 5511/3114/3337 5509/3115/3325 5510/3116/3327 5523/3117/3328
f 5518/3114/3334 5515/3115/3333 5514/3116/3326 5516/3117/3339
f 5521/3118/3344 5513/3114/3335 5520/3119/3332 5582/3120/3346
f 5530/3123/3347 5531/3124/3348 5529/3125/3349 5527/3126/3350
f 5531/3115/3348 5530/3116/3347 5532/3116/3351 5533/3115/3352
f 5527/3115/3350 5529/3122/3349 5534/3122/3353 5528/3115/3354
f 5530/3116/3347 5527/3115/3350 5528/3115/3354 5532/3116/3351
f 5529/3122/3349 5531/3115/3348 5533/3115/3352 5534/3122/3353
f 5541/3115/3355 5539/3115/3356 5536/3122/3357 5542/3122/3358
f 5540/3116/3359 5538/3116/3360 5539/3115/3356 5541/3115/3355
f 5536/3122/3357 5535/3115/3361 5537/3115/3362 5542/3122/3358
f 5535/3126/3361 5536/3125/3357 5539/3124/3356 5538/3123/3360
f 5540/3116/3359 5537/3115/3362 5535/3115/3361 5538/3116/3360
s 0
f 5546/3127/3363 5545/3128/3363 5543/3129/3363 5544/3130/3363
f 5548/3131/3363 5547/3128/3363 5546/3127/3363 5544/3130/3363
f 5572/3132/3364 5550/3133/3364 5552/3134/3364 5551/3135/3364
f 5571/3136/3365 5556/3137/3365 5549/3138/3365 5557/3139/3365
s 1
f 5549/3140/3366 5553/3141/3367 5554/3134/3368 5555/3133/3369
f 5572/3133/3370 5551/3134/3371 5553/3134/3367 5549/3133/3366
f 5549/3128/3366 5555/3133/3369 5550/3133/3372 5572/3128/3370
f 5550/3133/3372 5555/3133/3369 5554/3134/3368 5552/3134/3364
s 0
f 5559/3130/3363 5561/3127/3363 5562/3128/3363 5563/3131/3363
f 5560/3128/3363 5561/3127/3363 5559/3130/3363 5558/3129/3363
f 5578/3136/3373 5577/3139/3365 5576/3138/3373 5565/3137/3365
f 5566/3133/3365 5570/3134/3365 5564/3141/3365 5576/3140/3365
s 1
f 5581/3133/3374 5576/3133/3365 5564/3134/3375 5568/3134/3376
f 5570/3134/3377 5566/3133/3363 5567/3133/3364 5569/3134/3378
s 0
f 5567/3133/3364 5581/3132/3364 5568/3135/3364 5569/3134/3364
s 1
f 5570/3133/3377 5569/3133/3378 5568/3128/3376 5564/3128/3375
s 0
f 5575/3136/3379 5574/3139/3379 5572/3138/3379 5573/3137/3379
f 5580/3136/3373 5579/3139/3373 5581/3138/3365 5582/3137/3365
f 5520/3136/3364 5582/3137/3364 5581/3138/3364 5579/3139/3364
g Atomic54_meshId73_name.007
v 1370.983643 252.991333 1.999912
v 1807.388062 433.755829 1.999936
v 1177.655273 719.847107 1.999942
v 1614.038818 900.602905 2.000086
v 2243.792480 614.520325 1.999960
v 2050.422119 1081.358521 2.000230
vn -0.0000 -0.0000 1.0000
vn -0.3827 0.9239 -0.0000
vn 0.3827 -0.9239 -0.0000
vt 0.271689 0.002976
vt 0.631389 0.002976
vt 0.271724 0.387761
vt 0.637341 0.387744
vt 0.997024 0.002976
vt 0.997024 0.387761
vt 0.271689 0.393713
vt 0.631389 0.393713
vt 0.271706 0.778498
vt 0.002976 0.529693
vt 0.002976 0.002976
vt 0.265736 0.284074
s 0
usemtl f008_001_gaflt.007
f 5583/3142/3380 5584/3143/3380 5585/3144/3380
f 5585/3145/3380 5584/3146/3380 5586/3147/3380
s 1
f 5584/3148/3380 5587/3149/3381 5586/3150/3380
f 5586/3151/3380 5587/3152/3381 5588/3153/3382
g Atomic54.001_meshId74_name.007
v 2243.792480 614.520630 349.999908
v 2050.421875 1081.358887 350.000183
v 2243.792480 614.520325 1.999960
v 2050.422119 1081.358521 2.000230
v 1830.196899 443.203766 349.999908
v 1830.196899 443.203583 0.999951
v 1416.601196 271.886810 -0.000059
v 1416.600952 271.886871 349.999878
v 1223.272949 738.742493 -0.000028
v 1636.847412 910.050537 1.000101
v 1223.272827 738.742554 349.999908
v 1636.847290 910.050720 350.000061
vn -0.3827 0.9239 -0.0000
vn 0.3827 -0.9239 -0.0000
vt 0.243700 0.272442
vt 0.003534 0.446805
vt 0.003534 0.251767
vt 0.490933 0.446805
vt 0.250767 0.426130
vt 0.490933 0.251767
vt 0.287271 0.513840
vt 0.287271 0.450339
vt 0.287271 0.513840
vt 0.280203 0.450521
vt 0.280203 0.450339
vt 0.280203 0.514023
vt 0.266068 0.450521
vt 0.266068 0.450339
vt 0.266067 0.514205
vt 0.273135 0.514205
vt 0.273136 0.450339
vt 0.273135 0.514205
vt 0.259000 0.450339
vt 0.258270 0.613709
vt 0.003534 0.450339
vt 0.741730 0.430645
vt 0.996466 0.594016
vt 0.741730 0.594016
vt 0.498001 0.274897
vt 0.735342 0.251767
vt 0.735342 0.427111
vt 0.498001 0.430645
vt 0.734662 0.582926
vt 0.498001 0.605990
s 1
usemtl f008_001_gsft1.015
f 5589/3154/3383 5590/3155/3384 5591/3156/3383
f 5590/3157/3384 5592/3158/3384 5591/3159/3383
s 0
f 5589/3160/3383 5591/3161/3383 5593/3162/3383
f 5591/3163/3383 5594/3164/3383 5593/3165/3383
f 5594/3166/3383 5595/3167/3383 5593/3168/3383
f 5593/3169/3383 5595/3170/3383 5596/3171/3383
f 5597/3172/3384 5598/3173/3384 5599/3174/3384
f 5599/3175/3384 5598/3176/3384 5600/3177/3384
f 5600/3178/3384 5598/3179/3384 5590/3180/3384
f 5598/3181/3384 5592/3182/3384 5590/3183/3384
g Atomic55_meshId75_name.007
v 2028.476685 772.206299 99.369461
v 2028.476685 772.206299 228.167328
v 1524.322632 563.378845 228.167114
v 1524.322632 563.379028 99.369263
v 2042.814331 737.591370 0.000349
v 1538.660034 528.764099 0.000166
v 2098.237793 581.199463 99.369247
v 2098.237793 581.199646 228.167114
v 2083.900391 615.814392 0.000152
v 1579.745972 406.987335 0.000366
v 1594.083740 372.372223 99.369469
v 1594.083740 372.372345 228.167358
v 1937.433716 1009.942871 99.369446
v 1937.433838 1009.942871 228.167313
v 1951.771484 975.327881 0.000331
v 1433.279663 801.115601 99.369247
v 1447.617188 766.500671 0.000148
v 1433.279785 801.115356 228.167099
v 2016.230957 801.770142 99.369019
v 2016.230835 801.770264 228.166885
v 2001.893433 836.385010 -0.000078
v 1497.739014 627.557861 0.000136
v 1512.076904 592.942871 99.369247
v 1512.076782 592.942932 228.167130
vn 0.3581 -0.8645 0.3528
vn 0.3581 -0.8645 0.3526
vn 0.1964 -0.9805 -0.0000
vn 0.6533 0.2706 0.7071
vn -0.9239 -0.3827 0.0001
vn -0.3581 0.8645 0.3528
vn -0.3775 0.9112 0.1648
vn -0.6533 -0.2706 0.7071
vn 0.9239 0.3827 0.0001
vn -0.5559 0.7940 0.2461
vn -0.1964 0.9805 -0.0001
vn 0.3581 -0.8646 0.3526
vn -0.0000 -0.0000 1.0000
vn -0.3827 0.9239 0.0002
vn -0.4853 0.8706 0.0807
vt 3.009848 0.129857
vt 3.009848 0.992192
vt -1.032514 0.992192
vt -1.032516 0.129856
vt -1.526231 0.992190
vt 2.516129 0.992192
vt 2.516129 1.996975
vt -1.526232 1.996973
s 0
usemtl f008_001_cdt.007
f 5605/3184/3385 5601/3185/3385 5604/3186/3385 5606/3187/3385
s 1
f 5604/3188/3386 5601/3189/3387 5602/3190/3388 5603/3191/3389
s 0
f 5610/3184/3390 5611/3185/3391 5607/3186/3390 5609/3187/3390
s 1
f 5612/3190/3392 5608/3191/3393 5607/3188/3394 5611/3189/3395
s 0
f 5616/3186/3385 5617/3187/3385 5615/3184/3385 5613/3185/3385
s 1
f 5618/3191/3389 5616/3188/3396 5613/3189/3387 5614/3190/3397
f 5622/3184/3390 5623/3185/3398 5619/3186/3399 5621/3187/3390
f 5620/3191/3393 5619/3188/3399 5623/3189/3398 5624/3190/3392
g Atomic55.001_meshId76_name.007
v 2074.446289 557.285889 365.732147
v 2074.446289 557.285889 274.654572
v 2012.307739 531.449402 365.732147
v 2012.307739 531.449402 274.654572
v 2042.814331 737.591370 0.000349
v 2022.353760 786.988281 -0.000002
v 2028.476685 772.206299 228.167328
v 1518.199585 578.160889 228.167068
v 1524.322632 563.378845 228.167114
v 1518.199585 578.160889 99.369202
v 1538.660034 528.764099 0.000166
v 1518.199585 578.160889 0.000014
v 1512.076782 592.942932 228.167130
v 1497.739014 627.557861 0.000136
v 2022.353760 786.988281 228.167053
v 2016.230835 801.770264 228.166901
v 2001.893433 836.385010 -0.000078
v 2007.000854 529.243225 365.732147
v 2007.000854 529.243225 274.654572
v 1944.862549 503.406708 365.732147
v 1944.862549 503.406708 274.654572
v 1951.771484 975.327881 0.000331
v 1931.311035 1024.724609 0.000213
v 1937.433838 1009.942871 228.167313
v 1931.310913 1024.724854 228.167267
v 1427.156982 815.897461 228.167038
v 1433.279785 801.115417 228.167099
v 1427.156982 815.897156 -0.000016
v 1447.617188 766.500671 0.000148
v 1934.465088 1025.120972 232.275589
v 1934.465088 1025.120972 323.353119
v 1872.326538 999.284546 232.275589
v 1872.326538 999.284546 323.353149
v 1924.440430 494.915375 365.732147
v 1924.440430 494.915375 274.654572
v 1862.302002 469.078796 365.732147
v 1862.302002 469.078796 274.654572
v 1867.073364 997.100830 232.275589
v 1867.073364 997.100830 323.353149
v 1804.934937 971.264343 232.275589
v 1804.934937 971.264343 323.353149
v 1858.468994 467.485046 365.732147
v 1858.468994 467.485046 274.654572
v 1796.330444 441.648529 365.732147
v 1796.330444 441.648529 274.654572
v 1794.974243 967.122437 232.275589
v 1794.974243 967.122437 323.353149
v 1732.835815 941.286011 232.275589
v 1732.835815 941.286011 323.353149
v 1791.077271 439.464355 365.732147
v 1791.077271 439.464355 274.654572
v 1728.938843 413.627930 365.732147
v 1728.938843 413.627930 274.654572
v 1727.582642 939.102051 232.275589
v 1727.582642 939.102051 323.353149
v 1665.444214 913.265503 232.275589
v 1665.444214 913.265503 323.353149
v 1681.446167 393.880829 365.732147
v 1681.446167 393.880829 274.654572
v 1619.307739 368.044342 365.732147
v 1619.307739 368.044342 274.654572
v 1600.206665 357.590302 228.167313
v 1594.083740 372.372345 228.167358
v 2104.360840 566.417603 228.167053
v 2098.237793 581.199646 228.167114
v 2104.360596 566.417908 -0.000005
v 2083.900391 615.814392 0.000152
v 1600.206543 357.590576 0.000255
v 1579.745972 406.987335 0.000366
v 1617.951538 893.518616 232.275604
v 1617.951538 893.518616 323.353149
v 1555.813110 867.682129 232.275604
v 1555.813110 867.682129 323.353149
v 1614.054688 365.860413 365.732147
v 1614.054688 365.860413 274.654572
v 1551.916382 340.023956 365.732147
v 1551.916382 340.023956 274.654572
v 1550.560059 865.497925 232.275604
v 1550.560059 865.497925 323.353149
v 1488.421631 839.661377 232.275604
v 1488.421631 839.661377 323.353149
v 1541.955444 335.882050 365.732147
v 1541.955444 335.882050 274.654572
v 1479.817139 310.045563 365.732147
v 1479.817139 310.045563 274.654572
v 1484.588623 838.067627 232.275604
v 1484.588623 838.067627 323.353149
v 1422.450073 812.231140 232.275604
v 1422.450073 812.231140 323.353149
v 1474.563965 307.861908 365.732147
v 1474.563965 307.861908 274.654572
v 1412.425537 282.025482 365.732147
v 1412.425537 282.025482 274.654572
v 1425.224976 615.218872 105.688034
v 1411.437866 609.310059 90.688026
v 1410.796387 648.885376 105.688034
v 1411.437866 609.310059 105.688019
v 1425.224976 615.218750 90.688057
v 1425.224976 615.218750 -0.389504
v 1304.278076 564.930359 -0.389500
v 1304.278198 564.930359 90.688065
v 1402.057251 670.938599 90.688057
v 1281.110352 620.650269 90.688065
v 1281.110352 620.650269 -0.389505
v 1397.009277 642.976562 90.688019
v 1397.009277 642.976562 105.688019
v 1402.028076 803.739807 232.275604
v 1402.028076 803.739807 323.353149
v 1339.889526 777.903320 232.275604
v 1339.889526 777.903320 323.353149
v 1400.925171 773.512878 238.883652
v 1400.925171 773.512878 253.883667
v 1333.592163 744.655701 238.883652
v 1333.592163 744.655701 253.883682
v 1327.683350 758.442932 238.883652
v 1327.683350 758.442932 253.883667
v 1395.016357 787.299988 253.883667
v 1400.925171 773.512878 198.972839
v 1400.925171 773.512878 213.972839
v 1333.592163 744.655701 198.972839
v 1333.592163 744.655701 213.972839
v 1327.683350 758.442932 198.972839
v 1327.683350 758.442932 213.972839
v 1395.016357 787.299988 213.972839
v 1400.925171 773.512878 159.010712
v 1400.925171 773.512878 174.010727
v 1333.592163 744.655701 159.010712
v 1333.592163 744.655701 174.010712
v 1327.683350 758.442932 159.010712
v 1327.683350 758.442932 174.010712
v 1395.016357 787.299988 174.010712
v 1400.925171 773.512878 119.147789
v 1400.925171 773.512878 134.147797
v 1333.592163 744.655701 119.147797
v 1333.592163 744.655701 134.147797
v 1327.683350 758.442932 119.147789
v 1327.683350 758.442932 134.147797
v 1395.016357 787.299988 134.147797
v 1404.206787 770.984863 238.883682
v 1257.592163 710.254883 238.879120
v 1404.206543 770.984741 235.707520
v 1388.899292 807.940002 238.881943
v 1242.284668 747.210083 238.882690
v 1257.592041 710.255066 235.702942
v 1242.284668 747.210205 235.706528
v 1388.899292 807.939941 235.705750
v 1404.206787 770.984863 198.883652
v 1257.592163 710.254883 198.879120
v 1404.206543 770.984741 195.707520
v 1388.899292 807.940002 198.881897
v 1242.284668 747.210083 198.882660
v 1242.284668 747.210205 195.706482
v 1257.592041 710.255066 195.702942
v 1388.899292 807.939941 195.705750
v 1404.206787 770.984863 158.883667
v 1257.592163 710.254883 158.879105
v 1404.206543 770.984741 155.707520
v 1388.899292 807.940002 158.881897
v 1242.284668 747.210083 158.882660
v 1242.284668 747.210205 155.706482
v 1257.592041 710.255066 155.702942
v 1388.899292 807.939941 155.705750
v 1404.206787 770.984863 118.883682
v 1257.592163 710.254883 118.879120
v 1404.206543 770.984741 115.707527
v 1388.899292 807.940002 118.881905
v 1242.284668 747.210083 118.882683
v 1242.284668 747.210205 115.706505
v 1257.592041 710.255066 115.702942
v 1388.899292 807.939941 115.705742
v 1349.551880 420.203461 153.833847
v 1349.552002 420.203461 3.833838
v 1348.015137 423.896576 153.833832
v 1312.620972 404.837463 153.833847
v 1312.620972 404.837494 3.833839
v 1311.084351 408.530579 3.833839
v 1311.084351 408.530609 153.833832
v 1348.015137 423.896576 3.833838
v 1349.726562 407.988647 -0.006653
v 1346.693359 406.726685 -0.006653
v 1349.726562 407.988647 1.818581
v 1339.473755 432.630219 1.818578
v 1339.473877 432.630219 -0.006655
v 1336.440674 431.368256 1.818579
v 1336.440674 431.368256 -0.006655
v 1346.693359 406.726685 1.818580
v 1324.186401 397.362030 1.818581
v 1321.153320 396.100067 1.818581
v 1310.900635 420.741638 -0.006654
v 1321.153320 396.100037 -0.006652
v 1310.900513 420.741638 1.818579
v 1313.933594 422.003601 -0.006654
v 1313.933594 422.003632 1.818579
v 1324.186401 397.362000 -0.006652
v 1349.353394 591.539734 104.744606
v 1313.333130 576.610107 104.744598
v 1349.353394 591.539673 90.296707
v 1295.670898 619.223755 104.744598
v 1331.691162 634.153259 104.744598
v 1331.691162 634.153259 90.296707
v 1295.670898 619.223755 90.296700
v 1313.333130 576.610107 90.296700
v 1345.095581 593.880371 104.618767
v 1314.530029 581.211792 104.618767
v 1342.974609 598.997437 122.382812
v 1312.409180 586.328796 122.382805
v 1299.766357 616.831909 104.618767
v 1299.766357 616.831909 112.345436
v 1330.331909 629.500488 112.345436
v 1330.331909 629.500488 104.618774
v 1336.373779 348.966980 108.872330
v 1336.373779 348.966980 199.949890
v 1310.537231 411.105469 108.872322
v 1310.537231 411.105469 199.949890
v 1334.582642 775.697021 232.275604
v 1334.582642 775.697021 323.353149
v 1272.444092 749.860535 232.275604
v 1272.444092 749.860535 323.353149
v 1287.327026 557.928223 1.818569
v 1274.041138 581.307861 1.818567
v 1284.294067 556.666260 1.818569
v 1284.294189 556.666260 -0.006664
v 1274.041260 581.307861 -0.006666
v 1277.074219 582.569824 -0.006666
v 1277.074219 582.569824 1.818567
v 1287.326904 557.928223 -0.006664
v 1287.151978 570.143066 153.833832
v 1287.152100 570.143066 3.833827
v 1285.615479 573.836182 153.833817
v 1250.221436 554.777100 3.833828
v 1250.221558 554.777100 153.833832
v 1248.684814 558.470215 153.833817
v 1248.684814 558.470215 3.833828
v 1285.615479 573.836121 3.833827
v 1261.786865 547.301636 -0.006664
v 1261.786987 547.301697 1.818570
v 1258.753906 546.039673 -0.006664
v 1251.534180 571.943298 1.818568
v 1251.534180 571.943237 -0.006665
v 1248.500977 570.681274 -0.006665
v 1248.500977 570.681274 1.818568
v 1258.753906 546.039612 1.818570
v 1217.581543 634.670654 195.250931
v 1232.074829 599.813232 195.250931
v 1217.581543 634.670654 144.159836
v 1232.074829 599.813232 144.159836
v 1240.803223 578.821045 38.663120
v 1240.803223 578.821045 129.740677
v 1214.966553 640.959595 38.663113
v 1214.966553 640.959595 129.740677
vn -0.3839 0.9234 -0.0000
vn -0.0564 -0.2543 0.9655
vn -0.9239 -0.3827 -0.0000
vn 0.3731 -0.9008 0.2221
vn 0.9239 0.3827 -0.0000
vn -0.3731 0.9008 0.2221
vn -0.2317 0.6787 0.6969
vn 0.8827 -0.4564 0.1124
vn -0.0208 0.0502 0.9985
vn 0.8493 -0.5183 -0.1002
vn -0.0000 -0.0000 1.0000
vn -0.9239 -0.3826 -0.0000
vn 0.3839 -0.9234 -0.0000
vn 0.0208 -0.0502 0.9985
vn 0.9239 0.3826 -0.0000
vn 0.0093 0.0214 0.9997
vn 0.3760 -0.9266 -0.0000
vn 0.3939 -0.9191 -0.0000
vn -0.0130 -0.0321 0.9994
vn 0.3941 -0.9191 -0.0000
vn -0.9234 -0.3839 -0.0000
vn -0.9191 -0.3939 -0.0000
vn 0.3738 -0.9275 -0.0000
vn 0.0005 -0.0002 1.0000
vn 0.0002 -0.0001 1.0000
vn 0.0001 -0.0000 1.0000
vn -0.0001 0.0001 1.0000
vn 0.0430 0.0184 0.9989
vn 0.3546 -0.9345 0.0297
vn 0.3826 -0.9239 -0.0001
vn 0.3827 -0.9239 -0.0000
vn 0.3828 -0.9238 -0.0001
vn 0.4415 -0.8949 0.0655
vn -0.0193 -0.0080 -0.9998
vn -0.0000 -0.0000 -1.0000
vn 0.4416 -0.8948 0.0654
vn 0.0432 0.0179 0.9989
vn 0.3545 -0.9346 0.0295
vn 0.0433 0.0175 0.9989
vn 0.3550 -0.9344 0.0300
vn 0.3548 -0.9345 0.0298
vn 0.3370 -0.9415 -0.0007
vn 0.9234 0.3839 0.0006
vn -0.0523 -0.1270 0.9905
vn -0.0612 0.0257 0.9978
vn 0.0383 0.0927 0.9950
vn 0.4148 -0.9099 -0.0000
vn -0.0000 -0.0001 1.0000
vn -0.8945 -0.4470 -0.0000
vn 0.9233 0.3841 -0.0000
vn 0.7726 0.3215 0.5475
vn -0.7057 0.6964 -0.1304
vn -0.9068 -0.4197 -0.0392
vn -0.9383 -0.3431 -0.0436
vn 0.8350 0.5252 -0.1642
vn -0.9233 -0.3841 -0.0000
vn -0.8269 0.5624 -0.0000
vn -0.9233 -0.3842 -0.0000
vn 0.9233 0.3842 -0.0000
vn 0.9068 0.4197 -0.0393
vn -0.9383 -0.3430 -0.0435
vn -0.9233 -0.3842 0.0001
vn -0.8269 0.5623 -0.0000
vn -0.9068 -0.4198 -0.0393
vn -0.3829 0.9238 -0.0000
vn -0.9311 -0.3648 -0.0000
vn -0.0340 0.0138 0.9993
vn -0.0229 -0.0555 0.9982
vn -0.9239 -0.3826 -0.0001
vn 0.3829 -0.9238 -0.0000
vn 0.2367 -0.7713 -0.5908
vn 0.3279 -0.7912 0.5162
vn -0.1205 0.2906 0.9492
vn 0.8583 0.0641 0.5092
vn -0.3526 0.9334 -0.0665
vn -0.3778 0.9113 -0.1639
vn 0.7726 0.3215 0.5474
vn -0.7057 0.6964 -0.1303
vn -0.9068 -0.4196 -0.0394
vn -0.9233 -0.3842 -0.0001
vn 0.8349 0.5253 -0.1641
vn -0.9383 -0.3431 -0.0437
vn 0.0380 0.0929 0.9949
vn 0.4149 -0.9099 -0.0000
vn 0.3370 -0.9415 -0.0011
vn -0.0614 0.0251 0.9978
vn 0.9234 0.3839 -0.0000
vn -0.0525 -0.1270 0.9905
vn 0.0001 0.0002 1.0000
vn -0.8945 -0.4471 -0.0000
vn -0.8350 -0.5252 -0.1641
vn -0.9383 -0.3429 -0.0435
vt 0.931665 1.493726
vt 0.987623 1.493726
vt 0.987623 1.575987
vt 0.931665 1.575987
vt 0.994229 1.355314
vt 0.994229 1.157783
vt 0.913208 1.003788
vt 0.994229 1.003978
vt 0.970131 1.355314
vt 0.918698 1.092110
vt 0.940633 1.092110
vt 0.940632 1.352373
vt 0.918697 1.352373
vt 0.759178 1.488474
vt 0.828026 1.488474
vt 0.828026 1.586013
vt 0.759178 1.586013
vt 0.842038 1.488474
vt 0.910887 1.488474
vt 0.910887 1.586013
vt 0.842038 1.586013
vt 0.680844 1.579770
vt 0.638216 1.579770
vt 0.638216 1.519065
vt 0.680844 1.519065
vt 0.736011 1.576415
vt 0.689558 1.576415
vt 0.689558 1.502552
vt 0.736011 1.502552
vt 0.994926 1.737593
vt 0.744068 1.737593
vt 0.744068 1.621963
vt 0.994926 1.621963
vt 0.744068 1.453566
vt 0.994953 1.453566
vt 0.994953 1.621963
vt 0.565970 1.511421
vt 0.565970 1.572431
vt 0.505453 1.572431
vt 0.505453 1.511421
vt 0.629052 1.621963
vt 0.629052 1.453566
vt 0.821821 1.096411
vt 0.821820 1.003617
vt 0.861925 1.003617
vt 0.861925 1.096411
vt 0.900531 1.096411
vt 0.900531 1.003617
vt 0.566085 1.633792
vt 0.566085 1.572781
vt 0.626602 1.572781
vt 0.626602 1.633792
vt 0.821821 1.189205
vt 0.861925 1.189205
vt 0.900531 1.189205
vt 0.566085 1.572431
vt 0.566085 1.511421
vt 0.626602 1.511421
vt 0.626602 1.572431
vt 0.505453 1.633792
vt 0.505453 1.572781
vt 0.565970 1.572781
vt 0.565970 1.633792
vt 0.995816 1.441197
vt 0.685327 1.441197
vt 0.685327 1.362836
vt 0.995816 1.362836
vt 0.685327 1.354605
vt 0.995816 1.354605
vt 0.813870 1.354605
vt 0.813870 1.362836
vt 0.720679 1.027668
vt 0.729247 1.027668
vt 0.729247 1.341014
vt 0.720679 1.341014
vt 0.815507 1.341014
vt 0.815507 1.027668
vt 0.815433 1.351554
vt 0.729025 1.351554
vt 0.729025 1.341014
vt 0.815433 1.341014
vt 0.719735 1.010626
vt 0.719735 1.005680
vt 0.810148 1.005680
vt 0.810148 1.010626
vt 0.809732 1.027687
vt 0.809732 1.016621
vt 0.720108 1.016621
vt 0.720108 1.027687
vt 0.814618 1.027697
vt 0.809732 1.027697
vt 0.809732 1.016653
vt 0.814618 1.016653
vt 0.809732 1.016653
vt 0.814618 1.016653
vt 0.814618 1.027696
vt 0.809732 1.027696
vt 0.810148 1.010626
vt 0.719735 1.010626
vt 0.719735 1.005680
vt 0.810148 1.005680
vt 0.814619 1.027696
vt 0.809732 1.016653
vt 0.814619 1.016653
vt 0.822261 1.324402
vt 0.853381 1.324402
vt 0.853381 1.351429
vt 0.822261 1.351429
vt 0.902266 1.324402
vt 0.902266 1.351429
vt 0.821950 1.296074
vt 0.898322 1.296073
vt 0.898322 1.323245
vt 0.821950 1.323245
vt 0.816966 1.283416
vt 0.902575 1.283416
vt 0.890277 1.322856
vt 0.816966 1.300571
vt 0.817389 1.282139
vt 0.817389 1.191500
vt 0.901266 1.191500
vt 0.901266 1.282139
vt 0.892048 1.283466
vt 0.892048 1.301003
vt 0.816952 1.301003
vt 0.816952 1.283466
s 0
usemtl f008_001_komono01t1.007
f 5626/3192/3400 5628/3193/3400 5627/3194/3400 5625/3195/3400
s 1
f 5632/3196/3401 5634/3197/3402 5635/3198/3403
f 5630/3199/3404 5641/3198/3405 5640/3200/3406 5639/3196/3407
f 5631/3200/3408 5629/3198/3403 5630/3199/3404 5639/3196/3407
f 5637/3201/3409 5632/3202/3401 5639/3203/3407 5640/3204/3406
f 5632/3196/3401 5637/3200/3409 5638/3198/3405
f 5638/3198/3405 5636/3199/3402 5634/3197/3402
f 5634/3197/3402 5636/3199/3402 5635/3198/3403
f 5635/3198/3403 5633/3200/3402 5632/3196/3401
f 5632/3196/3401 5638/3198/3405 5634/3197/3402
s 0
f 5639/3202/3410 5632/3203/3402 5633/3204/3411 5631/3201/3410
f 5643/3205/3400 5645/3206/3400 5644/3207/3400 5642/3208/3400
s 1
f 5651/3200/3402 5650/3196/3402 5652/3199/3402 5653/3198/3403
f 5648/3200/3408 5646/3198/3403 5647/3199/3404 5649/3196/3410
s 0
f 5648/3201/3410 5649/3202/3410 5650/3203/3402 5651/3204/3411
f 5655/3207/3412 5657/3208/3412 5656/3205/3412 5654/3206/3412
f 5659/3209/3400 5661/3210/3400 5660/3211/3400 5658/3212/3400
f 5663/3213/3412 5665/3214/3412 5664/3215/3412 5662/3216/3412
f 5667/3205/3400 5669/3206/3400 5668/3207/3400 5666/3208/3400
f 5671/3211/3412 5673/3212/3412 5672/3209/3412 5670/3210/3412
f 5675/3205/3400 5677/3206/3400 5676/3207/3400 5674/3208/3400
f 5679/3217/3412 5681/3218/3412 5680/3219/3412 5678/3220/3412
f 5683/3219/3400 5685/3220/3400 5684/3217/3400 5682/3218/3400
s 1
f 5692/3199/3402 5686/3196/3410 5687/3200/3413 5693/3198/3405
f 5690/3199/3404 5691/3198/3405 5689/3200/3404 5688/3196/3404
s 0
f 5687/3201/3410 5686/3202/3410 5688/3203/3404 5689/3204/3414
f 5695/3207/3412 5697/3208/3412 5696/3205/3412 5694/3206/3412
f 5699/3209/3400 5701/3210/3400 5700/3211/3400 5698/3212/3400
f 5703/3207/3412 5705/3208/3412 5704/3205/3412 5702/3206/3412
f 5707/3215/3400 5709/3216/3400 5708/3213/3400 5706/3214/3400
f 5711/3211/3412 5713/3212/3412 5712/3209/3412 5710/3210/3412
f 5715/3205/3400 5717/3206/3400 5716/3207/3400 5714/3208/3400
f 5726/3221/3410 5727/3222/3410 5725/3223/3410 5722/3224/3410
s 1
f 5725/3223/3415 5724/3225/3416 5723/3226/3412 5722/3227/3410
f 5722/3228/3417 5718/3229/3410 5721/3230/3418 5719/3231/3419
f 5724/3225/3416 5725/3223/3415 5727/3232/3410 5728/3233/3420
s 0
f 5730/3234/3410 5721/3235/3410 5718/3236/3410 5720/3237/3410
s 1
f 5730/3237/3410 5729/3238/3421 5719/3239/3419 5721/3236/3418
s 0
f 5732/3207/3412 5734/3208/3412 5733/3205/3412 5731/3206/3412
s 1
f 5740/3240/3410 5739/3241/3421 5737/3242/3422 5738/3243/3423
s 0
f 5741/3244/3410 5740/3235/3410 5738/3236/3410 5736/3245/3410
s 1
f 5738/3236/3423 5737/3239/3422 5735/3246/3417 5736/3245/3410
s 0
f 5748/3244/3410 5747/3235/3410 5745/3236/3410 5743/3245/3410
s 1
f 5745/3236/3424 5744/3239/3422 5742/3246/3417 5743/3245/3410
f 5747/3247/3410 5746/3248/3421 5744/3249/3422 5745/3250/3424
s 0
f 5755/3244/3410 5754/3235/3410 5752/3236/3410 5750/3245/3410
s 1
f 5752/3236/3425 5751/3239/3422 5749/3246/3417 5750/3245/3410
f 5754/3251/3410 5753/3252/3421 5751/3253/3422 5752/3254/3425
f 5761/3230/3410 5760/3231/3421 5758/3228/3422 5759/3229/3426
s 0
f 5762/3244/3410 5761/3235/3410 5759/3236/3410 5757/3245/3410
s 1
f 5759/3236/3426 5758/3239/3422 5756/3246/3417 5757/3245/3410
f 5766/3255/3410 5767/3256/3427 5764/3257/3428 5763/3258/3429
s 0
f 5764/3257/3430 5768/3259/3430 5765/3260/3430 5763/3258/3430
s 1
f 5765/3258/3431 5768/3257/3432 5769/3256/3433 5770/3255/3434
f 5769/3259/3433 5768/3261/3432 5764/3262/3428 5767/3257/3427
f 5773/3258/3431 5777/3257/3435 5776/3256/3433 5778/3255/3434
f 5774/3255/3410 5775/3256/3436 5772/3257/3437 5771/3258/3429
s 0
f 5772/3257/3430 5777/3259/3430 5773/3260/3430 5771/3258/3430
s 1
f 5772/3262/3437 5775/3257/3436 5776/3259/3433 5777/3261/3435
f 5781/3258/3431 5785/3257/3435 5784/3256/3433 5786/3255/3434
f 5782/3255/3410 5783/3256/3438 5780/3257/3439 5779/3258/3429
s 0
f 5780/3257/3430 5785/3259/3430 5781/3260/3430 5779/3258/3430
s 1
f 5784/3259/3433 5785/3261/3435 5780/3262/3439 5783/3257/3438
f 5789/3258/3431 5793/3257/3432 5792/3256/3433 5794/3255/3434
f 5790/3255/3410 5791/3256/3436 5788/3257/3440 5787/3258/3429
s 0
f 5788/3257/3430 5793/3259/3430 5789/3260/3430 5787/3258/3430
s 1
f 5788/3262/3440 5791/3257/3436 5792/3259/3433 5793/3261/3432
f 5796/3263/3441 5802/3264/3442 5797/3265/3443 5795/3266/3444
f 5795/3267/3444 5798/3265/3445 5799/3264/3446 5796/3268/3441
f 5801/3266/3447 5800/3263/3448 5799/3264/3446 5798/3265/3445
s 0
f 5797/3269/3410 5801/3270/3410 5798/3271/3410 5795/3272/3410
s 1
f 5800/3264/3448 5801/3265/3447 5797/3267/3443 5802/3268/3442
s 0
f 5805/3273/3449 5803/3274/3449 5807/3275/3450 5806/3276/3449
s 1
f 5806/3277/3451 5808/3278/3452 5810/3279/3453 5805/3280/3454
f 5809/3281/3455 5808/3282/3452 5806/3283/3451 5807/3284/3456
s 0
f 5809/3274/3457 5804/3275/3457 5810/3276/3457 5808/3273/3457
s 1
f 5810/3285/3453 5804/3286/3457 5803/3287/3458 5805/3288/3454
s 0
f 5812/3289/3455 5815/3290/3455 5813/3291/3455 5814/3292/3455
f 5811/3273/3458 5818/3274/3458 5816/3275/3450 5817/3276/3458
s 1
f 5818/3293/3458 5811/3288/3459 5812/3294/3460 5814/3295/3461
f 5817/3285/3451 5816/3286/3462 5813/3287/3457 5815/3288/3463
f 5817/3278/3451 5815/3277/3463 5812/3280/3460 5811/3279/3459
s 0
f 5822/3296/3410 5820/3297/3410 5819/3298/3410 5823/3299/3410
s 1
f 5824/3296/3464 5825/3300/3465 5822/3301/3466 5823/3299/3410
f 5820/3301/3467 5826/3300/3468 5821/3296/3469 5819/3299/3410
f 5820/3301/3467 5822/3299/3466 5825/3296/3465 5826/3300/3468
f 5828/3302/3470 5827/3303/3471 5829/3304/3472 5830/3305/3473
f 5831/3306/3464 5828/3307/3470 5830/3308/3473 5832/3309/3474
f 5829/3310/3472 5833/3311/3475 5832/3312/3474 5830/3313/3473
s 0
f 5831/3314/3464 5832/3315/3464 5833/3316/3464 5834/3317/3464
f 5836/3211/3420 5838/3212/3420 5837/3209/3420 5835/3210/3420
f 5840/3194/3412 5842/3195/3412 5841/3192/3412 5839/3193/3412
f 5850/3274/3458 5848/3275/3476 5849/3276/3458 5843/3273/3458
s 1
f 5849/3283/3477 5848/3284/3462 5847/3281/3455 5844/3282/3478
s 0
f 5845/3276/3479 5844/3273/3479 5847/3274/3479 5846/3275/3479
s 1
f 5843/3288/3480 5845/3285/3481 5846/3286/3457 5850/3287/3458
f 5845/3279/3481 5843/3280/3480 5849/3277/3477 5844/3278/3478
f 5855/3265/3482 5854/3264/3483 5852/3268/3484 5851/3267/3485
f 5858/3264/3486 5853/3265/3487 5851/3266/3485 5852/3263/3484
f 5855/3265/3482 5856/3266/3488 5857/3263/3489 5854/3264/3483
s 0
f 5856/3270/3410 5855/3271/3410 5851/3272/3410 5853/3269/3410
s 1
f 5856/3265/3488 5853/3267/3487 5858/3268/3486 5857/3264/3489
f 5863/3286/3456 5864/3287/3455 5865/3288/3490 5862/3285/3477
s 0
f 5860/3273/3449 5859/3274/3449 5863/3275/3476 5862/3276/3449
f 5865/3290/3457 5864/3291/3457 5861/3292/3457 5866/3289/3457
s 1
f 5866/3294/3491 5861/3295/3457 5859/3293/3458 5860/3288/3454
f 5860/3279/3454 5862/3278/3477 5865/3277/3490 5866/3280/3491
s 0
f 5869/3205/3420 5870/3206/3420 5868/3207/3420 5867/3208/3420
f 5872/3194/3420 5874/3195/3420 5873/3192/3420 5871/3193/3420
g Atomic56_meshId77_name.007
v 1349.595581 304.746124 399.999939
v 1334.814331 298.621063 399.999908
v 1335.640015 338.663055 349.999939
v 1320.858887 332.537933 349.999939
v 1349.595459 304.746124 299.999939
v 1334.814331 298.621063 299.999939
v 1199.113770 628.420166 349.999878
v 1185.157837 662.337219 399.999847
v 1185.157837 662.337219 299.999878
v 1213.894897 634.545288 349.999878
v 1199.939209 668.462280 399.999878
v 1199.939209 668.462280 299.999908
v 1326.307861 324.295807 335.767120
v 1261.578369 324.295807 318.422913
v 1290.535400 324.295807 469.271698
v 1225.805908 324.295807 451.927490
v 1290.535400 240.529678 469.271698
v 1225.805908 240.529678 451.927460
v 1326.307861 240.529678 335.767120
v 1261.578369 240.529678 318.422913
v 1173.982788 604.502197 469.271698
v 1126.604980 560.397278 451.927521
v 1200.166016 628.876465 335.767090
v 1069.528931 621.708801 451.927460
v 1116.906982 665.813721 469.271667
v 1095.712158 646.083130 318.422882
v 1143.090088 690.187988 335.767090
v 1152.788086 584.771606 318.422913
v 1147.888550 733.993408 399.999878
v 840.359314 1041.522461 399.999817
v 1147.888428 733.993408 299.419525
v 840.359314 1041.522705 299.419525
v 786.563477 1078.089355 383.010162
v 785.151672 1074.684082 383.010162
v 762.797974 1087.941772 286.883148
v 761.386230 1084.536499 286.883118
v 407.794617 1235.115479 286.883148
v 384.029236 1244.968018 383.010162
v 406.382874 1231.710205 286.883118
v 382.617462 1241.562622 383.010162
v -296.873718 1721.648926 465.269470
v -296.873749 1693.370972 465.761566
v -296.873718 1721.648926 598.245117
v -4.560344 1693.370850 465.761536
v -4.560344 1721.648926 465.269470
v -4.560344 1693.370850 598.737183
v -4.560344 1721.648926 598.245117
v -296.873718 1693.370850 598.737183
vn -0.9401 -0.3408 -0.0000
vn -0.9248 -0.3805 -0.0000
vn 0.2520 -0.6074 0.7534
vn 0.2397 -0.5821 0.7770
vn 0.2517 -0.6075 -0.7534
vn -0.9248 -0.3806 -0.0001
vn -0.2520 0.6074 -0.7534
vn -0.2397 0.5821 -0.7770
vn -0.9077 -0.4196 -0.0001
vn -0.2517 0.6075 0.7534
vn -0.9224 -0.0000 -0.3862
vn -0.0000 -1.0000 -0.0000
vn -0.0010 -1.0000 0.0054
vn -0.9307 -0.0233 -0.3649
vn -0.9225 -0.0000 -0.3860
vn -0.9230 -0.0217 -0.3843
vn -0.9266 -0.0629 -0.3708
vn -0.9258 0.0085 -0.3778
vn -0.1704 0.0151 0.9853
vn -0.0000 1.0000 -0.0000
vn -0.1350 -0.1051 0.9853
vn -0.6835 -0.6244 -0.3781
vn -0.6658 -0.6510 -0.3645
vn 0.6799 -0.7333 0.0051
vn -0.6752 -0.6285 -0.3862
vn 0.6814 -0.7319 -0.0000
vn -0.6752 -0.6286 -0.3860
vn -0.6353 -0.6774 -0.3708
vn -0.6607 -0.6448 -0.3843
vn -0.6814 0.7319 -0.0000
vn -0.7071 -0.7071 -0.0000
vn -0.3910 -0.8236 0.4109
vn 0.5532 0.2517 -0.7941
vn 0.0112 -0.0039 -0.9999
vn 0.4055 -0.1681 0.8985
vn -0.3830 -0.9238 -0.0000
vn -0.3573 -0.0255 0.9336
vn -0.0269 0.0118 0.9996
vn -0.0277 0.0115 -0.9995
vn -0.3249 -0.8374 -0.4396
vn 0.0216 -0.0113 -0.9997
vn 0.0336 -0.9989 -0.0332
vn -0.0305 -0.9991 -0.0302
vn -0.0224 -0.0174 -0.9996
vn 1.0000 -0.0000 -0.0000
vn -1.0000 -0.0000 -0.0000
vt 0.902428 0.847425
vt 0.955566 0.773931
vt 0.963026 0.773931
vt 0.909845 0.847425
vt 0.014268 0.996733
vt 0.101538 0.879840
vt 0.893319 0.879840
vt 0.984795 0.996831
vt 0.012187 0.755797
vt 0.982449 0.755797
vt 0.963026 0.774083
vt 0.955566 0.774083
vt 0.963026 0.774083
vt 0.902428 0.847425
vt 0.963026 0.773931
vt 0.888620 0.302035
vt 0.978167 0.302035
vt 0.978167 0.522468
vt 0.888620 0.522468
vt 0.585090 0.522966
vt 0.884771 0.522966
vt 0.884771 0.301101
vt 0.585090 0.301101
vt 0.976240 0.521785
vt 0.888542 0.521785
vt 0.888542 0.410943
vt 0.976240 0.410943
vt 0.888620 0.522468
vt 0.978167 0.522468
vt 0.006917 0.747414
vt 0.006917 0.534194
vt 0.995931 0.534194
vt 0.995931 0.747414
vt 0.021137 0.003563
vt 0.459828 0.003563
vt 0.459828 0.023122
vt 0.021137 0.023122
vt 0.994410 0.253283
vt 0.024012 0.253283
vt 0.081303 0.044473
vt 0.937118 0.044473
vt 0.021137 0.023122
vt 0.021138 0.003563
vt 0.459828 0.003564
vt 0.459828 0.023123
vt 0.994894 0.003639
vt 0.995935 0.023065
vt 0.022221 0.023065
vt 0.021180 0.003639
vt 0.079706 0.023065
vt 0.938445 0.023065
vt 0.937404 0.003639
vt 0.078665 0.003639
vt 0.052235 0.521923
vt 0.025610 0.521923
vt 0.025610 0.300186
vt 0.052235 0.300186
vt 0.025610 0.521923
vt 0.052235 0.300186
vt 0.579909 0.300989
vt 0.579909 0.521120
vt 0.052872 0.521120
vt 0.052872 0.300989
s 1
usemtl f008_001_kanban02t.007
f 5878/3318/3492 5880/3319/3493 5879/3320/3494 5877/3321/3495
s 0
f 5882/3322/3493 5881/3323/3493 5878/3324/3493 5876/3325/3493
f 5881/3323/3493 5883/3326/3493 5880/3327/3493 5878/3324/3493
s 1
f 5878/3318/3492 5877/3321/3495 5875/3328/3496 5876/3329/3493
f 5882/3330/3497 5885/3329/3498 5884/3331/3499 5881/3321/3500
f 5883/3332/3493 5881/3321/3500 5884/3331/3499 5886/3319/3501
f 5894/3333/3502 5893/3334/3503 5891/3335/3504 5892/3336/3505
s 0
f 5890/3337/3506 5888/3338/3507 5894/3339/3506 5892/3340/3508
s 1
f 5890/3341/3509 5892/3342/3505 5891/3343/3504 5889/3344/3510
f 5888/3333/3502 5890/3345/3509 5889/3346/3510 5887/3334/3511
f 5899/3344/3512 5898/3341/3513 5896/3342/3514 5895/3343/3515
f 5902/3333/3516 5897/3334/3517 5895/3335/3515 5896/3336/3514
s 0
f 5902/3339/3518 5896/3340/3519 5898/3337/3518 5900/3338/3520
s 1
f 5901/3334/3521 5900/3333/3516 5898/3345/3513 5899/3346/3512
s 0
f 5904/3347/3522 5906/3348/3522 5905/3349/3522 5903/3350/3522
s 1
f 5908/3351/3523 5910/3352/3524 5909/3353/3525 5907/3354/3526
s 0
f 5908/3355/3527 5914/3356/3527 5913/3357/3527 5910/3358/3527
s 1
f 5914/3359/3528 5912/3360/3529 5911/3361/3530 5913/3362/3531
f 5912/3363/3529 5914/3364/3528 5908/3365/3523 5907/3366/3526
f 5910/3367/3524 5913/3368/3531 5911/3369/3530 5909/3370/3525
f 5919/3371/3532 5918/3372/3533 5916/3373/3534 5915/3374/3535
f 5921/3371/3536 5920/3375/3503 5918/3373/3533 5919/3376/3532
f 5916/3376/3534 5922/3371/3503 5917/3375/3537 5915/3373/3535
s 0
f 5918/3377/3503 5920/3378/3503 5922/3379/3503 5916/3380/3503
g Atomic56.001_meshId78_name.007
v -387.176758 1226.620483 300.029999
v -396.361206 1248.793579 300.029938
v -387.176758 1226.620605 399.999908
v -396.361176 1248.793701 399.999847
v -427.447327 1189.703735 309.916260
v -427.447357 1189.703979 376.989868
v -427.447327 1189.703735 399.999878
v -783.832581 1088.297729 399.999878
v -774.648132 1066.124634 399.999878
v -427.447357 1189.703735 300.030029
v -783.832581 1088.297974 300.030182
v -774.648254 1066.124878 300.030151
v -462.033905 1192.695923 369.379761
v -462.033936 1192.695801 317.526428
v -720.068970 1068.496582 376.989868
v -720.068970 1068.496338 309.916321
v -869.921997 1016.817322 303.877686
v -869.921997 1016.817505 371.286346
v -1116.816895 769.921814 303.877625
v -875.578735 1022.474182 303.877686
v -875.578796 1022.474304 371.286377
v -889.079529 997.659607 371.286377
v -923.842896 962.896362 389.239166
v -1097.659180 789.079590 371.286316
v -1116.816895 769.921936 371.286255
v -1122.473633 775.578796 371.286255
v -1122.473755 775.578674 303.877655
v -1228.240601 542.467896 318.401764
v -1222.698364 540.172302 318.401794
v -1249.262573 476.040192 272.019501
v -1254.804932 478.335938 272.019501
v -1281.369385 414.203949 318.401764
v -1275.827026 411.908234 318.401794
v -1281.369385 414.203949 375.907867
v -1275.827026 411.908234 375.907837
v -1265.808350 451.771606 416.570831
v -1260.265991 449.475922 416.570770
v -1238.259277 502.604614 416.570831
v -1243.801636 504.900269 416.570831
v -1222.698364 540.172302 375.907837
v -1228.240601 542.467896 375.907867
v -1304.206543 358.499603 262.894470
v -1284.393799 406.331635 314.909760
v -1304.206421 358.499603 290.448761
v -1309.748535 360.795288 290.448761
v -1309.748779 360.795288 262.894440
v -1289.935791 408.627319 314.909760
v -1292.390503 402.701569 347.154846
v -1286.848267 400.405945 347.154816
v -1272.485107 450.757477 425.001282
v -1266.942749 448.461853 425.001251
v -1237.344604 535.593750 406.735901
v -1231.802612 533.298157 406.735901
v -1230.354858 552.468689 314.909760
v -1224.812622 550.173096 314.909760
v -1205.000000 598.005188 262.894470
v -1210.542236 600.300781 290.448761
v -1205.000000 598.005127 290.448761
v -1210.542236 600.300781 262.894440
v -1461.385376 -213.951447 399.999969
v -1371.820312 210.648880 399.999939
v -1461.385376 -213.951416 300.000000
v -1371.820312 210.648849 299.999939
vn 0.3966 -0.9179 0.0126
vn 0.4852 -0.2329 0.8428
vn 0.9764 0.0911 -0.1957
vn 0.9074 0.4173 0.0498
vn 0.9357 -0.0555 0.3483
vn 0.3952 -0.8375 -0.3773
vn -0.9234 -0.3825 0.0322
vn 0.9243 0.3817 0.0015
vn -0.9235 -0.3829 -0.0221
vn 0.0928 -0.9740 -0.2069
vn 0.1142 -0.9358 0.3336
vn 0.3565 -0.9343 -0.0000
vn 0.6902 -0.7235 -0.0096
vn 0.8456 -0.4988 0.1902
vn 0.3564 -0.9343 -0.0000
vn 0.6905 -0.7233 -0.0098
vn 0.9238 0.3828 -0.0000
vn 0.8226 0.0865 -0.5621
vn 0.4177 -0.9072 0.0495
vn 0.9387 -0.1771 -0.2958
vn 0.9239 0.3826 -0.0000
vn 0.6903 -0.7235 -0.0097
vn 0.2394 -0.9440 0.2272
vn 0.0943 -0.8277 -0.5533
vn 0.8457 -0.4987 0.1902
vn -0.3033 -0.9334 0.1916
vn -0.5785 -0.7241 -0.3754
vn -0.5785 -0.7241 -0.3756
vn 0.3565 -0.9343 -0.0001
vn 0.6904 -0.7234 -0.0098
vn 0.0944 -0.8278 -0.5530
vn 0.9239 0.3827 -0.0000
vn 0.8516 -0.2479 0.4619
vn -0.9241 -0.3745 -0.0763
vn 0.2516 -0.1049 -0.9621
vn 0.7071 0.7071 -0.0000
vn 0.5264 0.5675 0.6331
vn 0.7071 -0.7071 -0.0000
vn -0.9515 -0.1759 -0.2522
vn -0.4079 0.5545 0.7253
vn 0.7069 -0.7071 0.0165
vn -0.4798 -0.8725 0.0921
vn 0.1914 -0.8509 0.4893
vn -0.7071 -0.7071 -0.0000
vn 0.7071 -0.7071 -0.0001
vn 0.9239 -0.3827 -0.0000
vn -0.0282 -0.0680 0.9973
vn 0.0327 0.0797 0.9963
vn 0.2980 0.7180 0.6291
vn -0.4447 -0.8108 0.3807
vn -0.2734 -0.6601 -0.6996
vn -0.4318 -0.7705 -0.4688
vn -0.2993 -0.7226 0.6231
vn -0.0391 -0.0945 0.9948
vn 0.3189 0.7700 -0.5526
vn 0.2951 0.7127 -0.6364
vn 0.3529 0.8521 0.3865
vn -0.0776 0.0321 -0.9965
vn -0.0000 -0.0000 -1.0000
vn 0.1465 0.3536 0.9238
vn 0.5863 0.6291 0.5104
vn -0.0408 -0.0985 0.9943
vn 0.3523 0.7059 0.6145
vn 0.9255 -0.3787 0.0028
vn 0.8401 -0.5189 -0.1579
vn 0.2468 0.5958 0.7643
vn -0.1202 -0.2901 0.9494
vn -0.3826 -0.9236 -0.0234
vn 0.9112 -0.4108 -0.0305
vn 0.9624 -0.2591 -0.0814
vn 0.9582 -0.2853 -0.0206
vn -0.3326 -0.8028 0.4949
vn -0.7525 -0.5297 0.3913
vn 0.9495 -0.3115 -0.0380
vn -0.0339 -0.0819 0.9961
vn 0.9333 -0.2940 -0.2063
vn 0.9356 -0.3514 -0.0334
vn 0.0082 0.0199 -0.9998
vn 0.9785 -0.2064 -0.0000
vt 0.795285 0.224460
vt 0.133394 0.212333
vt 0.866605 0.212333
vt 0.995146 0.196578
vt 0.866605 0.355888
vt 0.866606 0.319220
vt 0.997220 0.355253
vt 0.123694 0.426263
vt 0.002177 0.393587
vt 0.004679 0.355371
vt 0.004678 0.197350
vt 0.071911 0.197350
vt 0.071912 0.355371
vt 0.795285 0.307092
vt 0.133394 0.319220
vt 0.004854 0.196578
vt 0.004855 0.355888
vt 0.002177 0.355253
vt 0.997220 0.395769
vt 0.866605 0.196578
vt 0.995146 0.355888
vt 0.875250 0.426263
vt 0.071912 0.355371
vt 0.004679 0.355371
vt 0.004678 0.197350
vt 0.071912 0.197350
vt 1.000000 0.131379
vt 0.922406 0.131379
vt 0.077595 0.131379
vt 0.155670 0.024388
vt -0.001557 0.024388
vt -0.001557 0.007937
vt 0.155670 0.007937
vt 1.000000 0.000659
vt 0.000000 0.000659
vt -0.002393 0.024218
vt 0.075672 0.007982
vt 0.924436 0.007982
vt 0.781743 0.166176
vt 0.000001 0.131379
vt 1.002393 0.007982
vt 1.002286 0.024218
vt -0.002286 0.007982
vt -0.001557 0.024388
vt -0.001557 0.007937
vt 0.155670 0.007937
vt 0.155670 0.024388
vt 0.709562 0.619656
vt 0.967251 0.734842
vt 0.816300 0.978637
vt 0.451873 0.877654
vt 0.435080 0.604074
vt 0.560617 0.590494
vt 0.684682 0.604074
vt 0.310995 0.604074
vt 0.188279 0.604074
vt 0.188259 0.590494
vt 0.311015 0.590494
vt 0.435129 0.590494
vt 0.807480 0.590494
vt 0.807500 0.604074
vt 0.684702 0.590494
vt 0.994307 0.590494
vt 0.994360 0.604074
vt 0.560568 0.604074
vt 0.967251 0.877654
vt 0.602824 0.978636
vt 0.451873 0.734842
vt 0.001452 0.604074
vt 0.001399 0.590494
vt 0.142908 0.589856
vt 0.290800 0.589856
vt 0.290800 0.603997
vt 0.142908 0.603997
vt 0.622387 0.590376
vt 0.806401 0.590376
vt 0.806414 0.604124
vt 0.622361 0.604124
vt 0.142925 0.590647
vt 0.214268 0.590647
vt 0.214268 0.604256
vt 0.142925 0.604256
vt 0.250494 0.590376
vt 0.250494 0.604124
vt 0.189201 0.604124
vt 0.189187 0.590376
vt 0.435295 0.604124
vt 0.435329 0.590376
vt 0.165227 0.719020
vt 0.222143 0.916525
vt 0.307589 0.955811
vt 0.165493 0.719020
vt 0.143212 0.590453
vt 0.852257 0.590453
vt 0.852400 0.603993
vt 0.143355 0.603993
vt 0.004166 0.666407
vt 0.004166 0.607142
vt 0.003900 0.607142
vt 0.003900 0.666407
vt 0.145507 0.788374
vt 0.001919 0.425986
vt 1.000069 0.425986
vt 1.000069 0.589954
vt 0.001919 0.589954
s 1
usemtl f008_001_kanbant1.007
f 5936/3381/3538 5938/3382/3539 5927/3383/3540
f 5923/3384/3541 5929/3385/3542 5928/3386/3543
f 5930/3387/3544 5929/3388/3542 5925/3389/3545
f 5930/3390/3544 5933/3391/3546 5934/3392/3547 5931/3393/3548
s 0
f 5938/3382/3549 5936/3381/3549 5935/3394/3549 5937/3395/3550
f 5934/3396/3551 5938/3382/3552 5937/3395/3553 5931/3397/3552
s 1
f 5934/3389/3547 5933/3398/3546 5924/3387/3554 5923/3399/3541
f 5928/3386/3543 5937/3395/3555 5935/3394/3556
f 5927/3383/3540 5932/3400/3557 5923/3384/3541
f 5923/3384/3541 5925/3401/3545 5929/3385/3542
f 5928/3386/3543 5927/3383/3540 5923/3384/3541
f 5925/3389/3545 5926/3398/3558 5930/3387/3544
f 5930/3387/3544 5931/3399/3548 5929/3388/3542
f 5923/3399/3541 5932/3402/3557 5934/3389/3547
f 5936/3381/3538 5927/3383/3540 5928/3386/3543 5935/3394/3556
s 0
f 5937/3395/3559 5928/3386/3560 5929/3385/3561
f 5934/3396/3562 5932/3400/3563 5927/3383/3564
f 5934/3396/3551 5927/3383/3565 5938/3382/3566
f 5937/3395/3567 5929/3385/3568 5931/3397/3566
f 5926/3403/3569 5925/3404/3569 5923/3405/3569 5924/3406/3569
s 1
f 5940/3407/3570 5944/3408/3571 5946/3409/3572
f 5942/3410/3573 5943/3411/3574 5940/3412/3570 5939/3413/3575
s 0
f 5939/3414/3575 5940/3407/3575 5946/3409/3575 5941/3415/3575
s 1
f 5948/3416/3576 5946/3417/3577 5944/3418/3571
s 0
f 5945/3419/3575 5946/3409/3578 5944/3408/3579
f 5946/3409/3575 5947/3420/3575 5941/3415/3575
s 1
f 5940/3421/3570 5943/3422/3574 5948/3416/3576
f 5948/3416/3576 5947/3423/3580 5946/3417/3577
f 5944/3418/3571 5940/3421/3570 5948/3416/3576
f 5947/3424/3580 5948/3425/3576 5949/3426/3581 5941/3427/3582
s 0
f 5952/3428/3583 5951/3429/3583 5960/3430/3583 5957/3431/3583
s 1
f 5958/3432/3584 5960/3433/3585 5963/3434/3586
f 5956/3435/3587 5954/3436/3588 5955/3437/3589 5957/3438/3590
f 5959/3439/3591 5958/3432/3584 5956/3435/3587 5957/3438/3590
f 5951/3440/3592 5950/3441/3593 5963/3434/3586 5962/3442/3594
f 5950/3441/3593 5951/3440/3592 5952/3443/3595 5953/3444/3596
f 5963/3434/3586 5961/3445/3597 5958/3432/3584
f 5958/3432/3584 5959/3439/3591 5960/3433/3585
f 5960/3433/3585 5962/3442/3594 5963/3434/3586
s 0
f 5951/3429/3583 5962/3446/3583 5960/3430/3583
f 5960/3430/3583 5959/3447/3583 5957/3431/3583
f 5957/3431/3583 5955/3448/3583 5952/3428/3583
s 1
f 5955/3437/3589 5954/3436/3588 5953/3449/3596 5952/3450/3595
f 5979/3451/3598 5976/3452/3599 5977/3453/3600 5980/3454/3601
f 5975/3455/3602 5977/3456/3600 5976/3457/3599 5974/3458/3603
f 5967/3459/3604 5968/3460/3605 5964/3461/3606 5966/3462/3607
f 5971/3463/3608 5970/3464/3609 5969/3465/3610 5965/3466/3611
f 5967/3451/3604 5966/3454/3607 5965/3453/3611 5969/3452/3610
f 5974/3458/3603 5972/3467/3612 5973/3468/3613 5975/3455/3602
s 0
f 5977/3469/3583 5975/3470/3583 5973/3471/3583 5965/3472/3583
s 1
f 5979/3462/3598 5980/3459/3601 5978/3460/3614 5981/3461/3615
f 5978/3473/3614 5964/3474/3606 5968/3475/3605 5981/3476/3615
s 0
f 5965/3472/3583 5966/3477/3583 5964/3478/3583
f 5964/3478/3583 5978/3479/3583 5980/3480/3583
f 5964/3478/3583 5980/3480/3583 5977/3469/3583
f 5973/3471/3583 5971/3481/3583 5965/3472/3583
f 5965/3472/3583 5964/3478/3583 5977/3469/3583
s 1
f 5971/3463/3608 5973/3468/3613 5972/3467/3612 5970/3464/3609
s 0
f 5984/3482/3616 5985/3483/3616 5983/3484/3616 5982/3485/3616
g Atomic30.001_meshId40_name.001
v -7.189693 1987.524292 6.286152
v -7.191772 1987.524170 292.721344
v -347.624084 1987.524292 6.286274
v -347.626190 1987.524170 292.721497
vn -0.0000 -1.0000 -0.0000
vt 0.966031 0.038441
s 0
usemtl f008_001_gra02t.007
f 5988/3486/3617 5986/3486/3617 5987/3486/3617 5989/3486/3617
