# Blender 5.1.1
# www.blender.org
mtllib iwatodai_dorm_floor_1.mtl
g Atomic0_meshId0_name.001
v 500.000000 2050.000000 599.999817
v 500.000000 2050.000000 -0.000185
v 492.928925 2057.071045 -0.000167
v -250.000000 2050.000000 599.999817
v -250.000000 1850.000000 599.999878
v -250.000000 1850.000000 399.999847
v -250.000000 1850.000000 88.610809
v -250.000000 2050.000000 -0.000165
v -250.000000 1850.000000 -0.000140
v -260.000000 1850.000000 399.999847
v -260.000000 1850.000000 599.999878
v -250.000000 1699.999512 399.999878
v -300.000000 1699.999512 399.999878
v -250.000000 1699.999512 88.610794
v -300.000000 1699.999512 88.610794
v -300.000000 1750.000000 399.999878
v -355.000000 1750.000000 399.999878
v -355.000000 1750.000000 88.610802
v -300.000000 1750.000000 88.610802
v 500.000000 2385.000000 599.999817
v 499.999939 2385.000000 -0.000211
v 492.928955 2057.071045 599.999817
v 492.928955 2392.071045 599.999817
v 492.928864 2392.071045 -0.000189
v -355.000000 1840.000000 88.610794
v -355.000000 1840.000000 399.999847
vn -0.0000 -1.0000 -0.0000
vn 0.7071 0.7071 -0.0000
vn 1.0000 -0.0000 -0.0000
vn -1.0000 -0.0000 -0.0000
vt 0.482151 5.147686
vt 0.482151 5.669000
vt 0.398818 5.669000
vt 0.398818 5.147686
vt 0.220774 6.000000
vt 0.220774 5.000000
vt 0.204047 5.000000
vt 0.204047 6.000000
vt -0.395782 5.147686
vt -0.645838 5.147686
vt -0.645775 5.669000
vt -0.395803 5.667000
vt -0.979115 5.000000
vt -0.395783 5.147686
vt -0.472188 5.669000
vt -0.472188 5.147686
vt 0.414193 5.669000
vt 0.414194 5.148202
vt 0.588706 5.148202
vt 0.588706 5.669000
vt -0.394820 5.000000
vt 0.791434 5.000000
vt 0.791434 6.000000
vt -0.394820 6.000000
vt 0.779184 5.000000
vt 0.779184 6.000000
vt -0.629234 6.000000
vt -0.629234 5.666667
vt -0.645838 5.666667
vt -0.645838 6.000000
vt -0.979115 6.000000
vt 0.769870 5.000000
vt 0.769870 6.000000
vt -0.645838 5.000000
vt 0.850324 5.148202
vt 0.850351 5.669000
vt 0.766994 5.669000
vt 0.766994 5.148202
s 0
usemtl Material__110.003
f 14/1/1 12/2/1 13/3/1 15/4/1
f 20/5/2 21/6/2 24/7/2 23/8/2
f 14/9/3 7/10/3 6/11/3 12/12/3
f 6/11/3 7/10/3 8/13/3
f 15/14/4 13/12/4 16/15/4 19/16/4
f 26/17/4 25/18/4 18/19/4 17/20/4
f 8/21/1 2/22/1 1/23/1 4/24/1
f 2/25/3 21/6/3 20/5/3 1/26/3
f 11/27/1 10/28/1 6/29/1 5/30/1
f 8/13/3 4/31/3 5/30/3
f 1/23/2 2/22/2 3/32/2 22/33/2
f 8/13/3 5/30/3 6/11/3
f 7/10/3 9/34/3 8/13/3
f 19/35/1 16/36/1 17/37/1 18/38/1
g Atomic0.001_meshId1_name.001
v -289.908783 2403.081055 145.186249
v -299.999969 2400.000000 144.254028
v -289.904602 2403.049316 599.999817
v -300.000000 2400.000000 599.999817
v -290.000000 1850.000000 399.999847
v -290.000031 1849.999756 599.999878
v -300.000000 1850.000000 399.999847
v -300.000000 1849.999756 599.999878
v -345.000000 1850.000000 88.610794
v -345.000000 1850.000000 399.999847
v -290.000000 1850.000000 88.610794
v -300.000000 2050.000000 599.999817
v -300.000000 2050.000000 144.999847
v -300.000000 1850.000000 144.999863
vn -1.0000 -0.0000 -0.0000
vn -0.0000 -1.0000 -0.0000
vn -0.2906 0.9569 -0.0000
vn -0.2863 0.9581 -0.0018
vn -0.2870 0.9579 -0.0000
vn -0.2933 0.9560 0.0012
vn -0.0000 1.0000 -0.0000
vt 2.472935 -14.049938
vt 2.472935 -9.500000
vt -1.033368 -9.500000
vt -1.027050 -14.057457
vt 8.946389 -9.791533
vt 8.946049 -5.000000
vt 6.946967 -5.000000
vt 6.946800 -9.791533
vt 8.946199 -7.106168
vt 9.055940 -7.106109
vt 9.055939 -5.000000
vt -0.157314 -5.000000
vt -0.266367 -5.000000
vt -0.266367 -9.124816
vt -0.157314 -9.124908
vt 0.314456 -7.000000
vt 0.314456 -10.113890
vt 0.913070 -10.113890
vt 0.913070 -7.000000
s 0
usemtl Material__111.001
f 39/39/5 38/40/5 30/41/5 28/42/5
f 40/43/5 34/44/5 38/45/5 39/46/5
f 34/44/6 33/47/6 31/48/6 32/49/6
s 1
f 30/50/7 29/51/8 27/52/9 28/53/10
s 0
f 31/54/11 37/55/11 35/56/11 36/57/11
g Atomic0.002_meshId2_name.001
v -250.000000 2050.000000 599.999817
v 100.000000 2050.000000 599.999817
v -300.000000 2050.000000 599.999817
v -250.000015 2100.000000 599.999817
v -300.000000 2400.000000 599.999817
v -249.999969 2414.939453 599.999817
v 450.000000 2100.000000 599.999817
v 450.000000 2435.000000 599.999817
v 500.000000 2050.000000 599.999817
v 500.000000 2385.000000 599.999817
v 450.000000 2435.000000 -0.000184
v 450.000000 2100.000000 -0.000159
v -250.000000 2100.000000 -0.000159
v -249.999969 2414.939453 -0.000182
v -250.000000 1850.000000 599.999878
v -300.000000 1849.999756 599.999878
vn -1.0000 -0.0000 -0.0000
vn 1.0000 0.0001 -0.0000
vn -1.0000 -0.0001 -0.0000
vn 1.0000 -0.0000 -0.0000
vn -0.0000 -0.0000 1.0000
vn -0.0000 1.0000 -0.0000
vn 0.3826 0.9239 -0.0000
vt 1.000003 2.000000
vt 4.500003 1.999999
vt 0.500003 2.000000
vt 13.499999 -7.500000
vt 13.499999 -13.500000
vt 16.649397 -13.500000
vt 16.649397 -7.500000
vt 1.000002 0.000000
vt 0.500002 -0.000003
vt 0.250000 -11.925000
vt 0.750000 -9.075001
vt 0.285356 -8.610355
vt 1.000003 2.499999
vt 1.925000 -13.500000
vt 1.925000 -7.500000
vt -1.424999 -7.500000
vt -1.424999 -13.500000
vt 0.750000 -12.425000
vt 1.000004 5.649397
vt 0.500004 5.500000
vt 8.500003 1.999998
vt 8.000003 2.499998
vt -0.000003 -13.500000
vt -0.000003 -7.500000
vt -7.000003 -7.500000
vt -7.000003 -13.500000
s 0
usemtl black.001
f 41/58/12 42/59/13 43/60/14
f 44/61/15 53/62/15 54/63/15 46/64/15
f 55/65/16 41/58/16 43/60/16 56/66/16
f 47/67/16 50/68/16 48/69/16
f 44/70/16 43/60/16 42/59/16
f 52/71/12 47/72/12 48/73/12 51/74/12
f 47/67/16 49/75/16 50/68/16
f 44/70/16 46/76/16 45/77/16
f 42/59/16 49/78/16 47/79/16
f 44/70/16 45/77/16 43/60/16
f 42/59/16 47/79/16 44/70/16
s 1
f 53/80/17 44/81/17 47/82/18 52/83/17
g Atomic0.003_meshId3_name.001
v -290.000000 1760.000000 399.999878
v -290.000000 1840.000000 399.999847
v -345.000000 1760.000000 399.999878
v -345.000000 1840.000000 399.999847
v -290.000000 1709.999390 399.999878
v -260.000000 1709.999390 399.999878
v -260.000000 1850.000000 399.999847
v -290.000000 1850.000000 399.999847
v -290.000031 1849.999756 599.999878
v -260.000000 1850.000000 599.999878
v -289.904602 2403.049316 599.999817
v -289.908783 2403.081055 145.186249
v -249.999969 2414.939453 599.999817
v -249.999969 2414.939453 -0.000182
v -289.908783 2403.081055 -0.000181
v -250.000031 1889.999756 399.999847
v 99.999969 1889.999756 399.999847
v -249.999969 1929.999756 399.999847
v 100.000031 1929.999756 399.999847
v 405.000000 1929.999756 399.999847
v 445.000000 2050.000000 399.999847
v 405.000000 2050.000000 399.999847
v 445.000000 1889.999756 399.999847
v 457.071045 2092.928955 -0.000158
v 457.071045 2092.928955 599.999817
v 492.928925 2057.071045 -0.000167
v 492.928925 2057.071045 149.999847
v 492.928955 2057.071045 599.999817
v 492.928955 2392.071045 599.999817
v 492.928894 2392.071045 149.999817
v 450.000000 2435.000000 599.999817
v 450.000000 2435.000000 -0.000184
v 492.928864 2392.071045 -0.000189
vn -0.0000 -0.0000 1.0000
vn -0.0000 -1.0000 -0.0000
vn -0.2873 0.9579 -0.0000
vn -0.2856 0.9584 0.0001
vn -0.2883 0.9575 -0.0000
vn -0.2853 0.9584 -0.0000
vn -0.2848 0.9586 -0.0000
vn -0.2884 0.9575 -0.0000
vn 0.7071 0.7071 -0.0000
vt 0.349807 -2.774293
vt 0.349807 -3.574293
vt 0.649807 -2.674294
vt 0.628640 -7.049521
vt 0.328640 -7.049521
vt 0.328640 -9.005566
vt 0.628322 -9.005566
vt 0.349904 -4.174651
vt 0.649904 -4.174651
vt 0.349807 -2.674294
vt -0.200193 -3.574292
vt -0.200193 -2.774292
vt 0.664349 -5.406201
vt 0.329410 -5.406201
vt 0.664348 -9.531201
vt 0.329409 -11.406200
vt 0.664348 -11.406200
vt 0.525000 -10.900000
vt 0.525000 -11.299999
vt 3.575000 -10.900001
vt 3.975000 -11.299999
vt 3.975000 -9.699998
vt 3.575000 -9.699998
vt -2.974999 -10.899999
vt -2.975000 -11.299999
vt 0.746599 -13.446438
vt 0.746600 -7.446438
vt 0.239493 -13.446438
vt 0.239493 -11.946438
vt 0.239493 -7.446438
vt 0.196211 -6.648589
vt 0.196211 -11.148589
vt 0.703318 -6.648589
vt 0.703318 -12.648588
vt 0.196211 -12.648588
s 0
usemtl wall03.001
f 58/84/19 57/85/19 63/86/19
f 66/87/20 65/88/20 64/89/20 63/90/20
f 57/85/19 61/91/19 62/92/19
f 63/86/19 64/93/19 58/84/19
f 57/85/19 62/92/19 63/86/19
f 59/94/19 57/85/19 58/84/19 60/95/19
f 67/96/21 69/97/22 68/98/23
f 69/97/24 70/99/25 68/98/26
f 68/98/23 70/99/25 71/100/23
f 75/101/19 73/102/19 76/103/19
f 73/102/19 79/104/19 76/103/19
f 76/103/19 77/105/19 78/106/19
f 79/104/19 77/105/19 76/103/19
f 73/102/19 75/101/19 74/107/19 72/108/19
f 80/109/27 81/110/27 82/111/27
f 82/111/27 81/110/27 83/112/27
f 81/110/27 84/113/27 83/112/27
f 85/114/27 86/115/27 87/116/27
f 87/116/27 86/115/27 88/117/27
f 86/115/27 89/118/27 88/117/27
g Atomic0.004_meshId4_name.001
v 5.000000 2037.000000 -0.000154
v 5.000000 2037.000000 269.999847
v -15.000000 2037.000000 -0.000154
v -15.000000 2037.000000 249.999847
v -15.000000 2057.000000 -0.000155
v -15.000000 2057.000000 249.999847
v -185.000000 2037.000000 -0.000154
v -185.000000 2037.000000 269.999847
v -185.000000 2057.000000 -0.000155
v -185.000000 2057.000000 269.999847
v -165.000000 2037.000000 249.999847
v -165.000000 2037.000000 -0.000154
v -165.000000 2057.000000 249.999847
v -165.000000 2057.000000 -0.000155
v 5.000000 2057.000000 269.999847
v 5.000000 2057.000000 -0.000155
v -250.000031 1889.999756 399.999847
v -250.000000 1884.999756 399.999847
v 99.999969 1889.999756 399.999847
v 99.999969 1884.999756 399.999847
v 445.000000 1889.999756 399.999847
v 450.000000 1884.999756 399.999847
v 445.000000 2050.000000 399.999847
v 450.000000 2050.000000 399.999847
v -165.000031 2044.000000 249.999847
v -165.000000 2044.000000 -0.000155
v -15.000014 2044.000000 249.999847
v -15.000000 2044.000000 -0.000142
v -249.999924 1934.999756 399.999847
v -249.999969 1929.999756 399.999847
v 100.000031 1934.999756 399.999847
v 100.000031 1929.999756 399.999847
v 400.000000 1934.999756 399.999847
v 405.000000 1929.999756 399.999847
v 400.000000 2050.000000 399.999847
v 405.000000 2050.000000 399.999847
v -29.159775 2037.000000 113.419670
v -24.159773 2037.000000 118.419678
v -24.159773 2042.000000 118.419678
v -19.159775 2037.000000 113.419670
v -19.159775 2042.000000 113.419678
v -24.159773 2042.000000 108.419678
v -24.159773 2037.000000 108.419678
v -27.695312 2042.000000 109.884148
v -27.695312 2037.000000 109.884140
v -29.159775 2042.000000 113.419678
vn -0.0000 -1.0000 -0.0000
vn 1.0000 -0.0000 -0.0000
vn -1.0000 -0.0000 -0.0000
vn -0.0000 -0.0000 1.0000
vn -0.3827 -0.0000 -0.9239
vn 0.9748 -0.0000 0.2232
vn -0.4353 -0.0000 0.9003
vn 0.4352 -0.0000 0.9003
vn 0.9003 -0.0000 -0.4352
vn -0.9808 -0.0000 0.1951
vn -0.9239 -0.0000 -0.3827
vn 0.7071 -0.0000 -0.7071
vt 0.947652 5.001585
vt 0.896855 5.750000
vt 0.947652 5.800000
vt 0.849831 5.009512
vt 0.849831 5.771523
vt 0.896855 5.771523
vt 0.896855 5.009512
vt 0.849831 5.771523
vt 0.849831 5.009512
vt 0.896855 5.771523
vt 0.998508 5.000000
vt 0.950320 5.800000
vt 0.998509 5.850000
vt 0.896855 5.750000
vt 0.947652 5.800000
vt 0.849831 5.849499
vt 0.896855 5.849499
vt 0.896855 5.849499
vt 0.849831 5.849499
vt 0.849831 5.001585
vt 0.896855 5.001585
vt 0.896855 5.001585
vt 0.950320 5.050000
vt 0.550559 5.662390
vt 0.563059 5.662390
vt 0.550559 5.917567
vt 0.550600 5.931771
vt 0.550600 5.813428
vt 0.563100 5.809730
vt 0.563059 5.921266
vt 0.563100 5.931771
vt 0.563059 5.403514
vt 0.550559 5.403514
vt 0.599253 5.002989
vt 0.001632 5.002989
vt 0.001632 5.997701
vt 0.599253 5.997701
vt 0.551697 5.656593
vt 0.564197 5.656593
vt 0.551697 5.878487
vt 0.551738 5.925975
vt 0.551738 5.840916
vt 0.564238 5.837218
vt 0.564197 5.882185
vt 0.564238 5.925975
vt 0.564197 5.397717
vt 0.551697 5.397717
vt 0.686823 5.016831
vt 0.686823 5.001727
vt 0.705394 5.001727
vt 0.705394 5.016831
vt 0.668252 5.001727
vt 0.631111 5.001727
vt 0.631111 5.016831
vt 0.668252 5.016831
vt 0.656620 5.020398
vt 0.683030 5.044779
vt 0.656620 5.069160
vt 0.636843 5.027539
vt 0.668252 5.016831
vt 0.668252 5.001727
vt 0.630210 5.044779
s 0
usemtl door02.001
f 96/119/28 100/120/28 97/121/28
f 103/122/29 102/123/29 100/124/29 101/125/29
f 95/126/30 94/127/30 92/125/30 93/128/30
f 97/129/28 93/130/28 91/131/28
f 93/132/28 90/119/28 91/133/28
f 99/134/30 98/122/30 96/125/30 97/135/30
f 91/136/31 104/137/31 99/138/31 97/139/31
f 96/119/28 101/140/28 100/120/28
f 97/129/28 100/141/28 93/130/28
f 93/132/28 92/139/28 90/119/28
f 105/127/29 104/137/29 91/136/29 90/125/29
f 108/142/31 109/143/31 110/144/31
f 112/145/31 110/146/31 111/147/31
f 109/143/31 111/148/31 110/144/31
f 113/149/31 112/145/31 111/147/31
f 107/150/31 109/143/31 108/142/31 106/151/31
f 115/152/28 117/153/28 116/154/28 114/155/28
f 120/156/31 121/157/31 122/158/31
f 124/159/31 122/160/31 123/161/31
f 121/157/31 123/162/31 122/158/31
f 125/163/31 124/159/31 123/161/31
f 119/164/31 121/157/31 120/156/31 118/165/31
f 134/166/32 133/167/32 131/168/32 132/169/32
s 1
f 130/170/33 128/171/34 127/172/35 129/173/36
s 0
f 132/174/28 129/175/28 127/176/28 134/177/28
s 1
f 126/178/37 135/179/37 133/167/38 134/166/38
f 129/173/36 132/169/39 131/168/39 130/170/33
s 0
f 127/176/28 126/180/28 134/177/28
s 1
f 135/179/37 126/178/37 127/172/35 128/171/34
g Atomic0.005_meshId5_name.001
v 206.000000 2020.000000 79.999847
v 206.000000 2020.000000 229.999847
v 74.000000 2020.000000 79.999847
v 74.000000 2020.000000 229.999847
vn -0.0000 -1.0000 -0.0000
vt 0.999501 -10.000500
vt 0.000500 -10.000500
vt 0.000500 -10.999500
vt 0.999501 -10.999500
s 0
usemtl kzr01.001
f 137/181/40 139/182/40 138/183/40 136/184/40
g Atomic0.006_meshId6_name.001
v 234.000000 2020.000000 79.999847
v 366.000000 2020.000000 79.999847
v 234.000000 2020.000000 229.999847
v 366.000000 2020.000000 229.999847
vn -0.0000 -1.0000 -0.0000
vt 0.999500 -10.999500
vt 0.999500 -10.000500
vt 0.000500 -10.000500
vt 0.000500 -10.999500
s 0
usemtl kzr02.001
f 141/185/41 143/186/41 142/187/41 140/188/41
g Atomic0.007_meshId7_name.001
v -355.000000 1840.000000 88.610794
v -355.000000 1854.999634 88.610794
v -355.000000 1840.000000 399.999847
v -355.000000 1854.999512 399.999847
v -345.000000 1854.999512 399.999847
v -345.000000 1854.999512 88.610794
v -345.000000 1850.000000 399.999847
v -345.000000 1850.000000 88.610794
vn -0.0000 1.0000 -0.0000
vn -1.0000 -0.0000 -0.0000
vn 1.0000 -0.0000 -0.0000
vt 0.085710 5.494172
vt 0.085710 5.466770
vt 0.384176 5.466770
vt 0.384176 5.494172
vt 0.409991 5.420068
vt 0.091622 5.420068
vt 0.091622 5.384753
vt 0.409991 5.384753
vt 0.089635 5.462717
vt 0.401354 5.462717
vt 0.401354 5.423596
vt 0.089635 5.423596
s 0
usemtl obj01.001
f 149/189/42 145/190/42 147/191/42 148/192/42
f 147/193/43 145/194/43 144/195/43 146/196/43
f 149/197/44 148/198/44 150/199/44 151/200/44
g Atomic0.008_meshId8_name.001
v 470.000000 1864.999756 299.999847
v 470.000000 1865.000000 319.999847
v -250.000000 1865.000000 319.999847
v -250.000000 1864.999756 299.999847
v -250.000000 1884.999756 399.999847
v -250.000000 1884.999756 319.999847
v 450.000000 1884.999878 319.999847
v 450.000000 2050.000000 319.999847
v 470.000000 2050.000000 319.999847
v 450.000000 1884.999756 399.999847
v 450.000000 2050.000000 399.999847
v 470.000000 2050.000000 299.999847
v -249.999924 1934.999756 319.999847
v -249.999924 1934.999756 399.999847
v -249.999924 1954.999756 319.999847
v 380.000000 1954.999878 319.999847
v 380.000000 1954.999756 299.999847
v 380.000000 2050.000000 299.999847
v 380.000000 2050.000000 319.999847
v 400.000031 1935.000000 319.999847
v 400.000000 2050.000000 319.999847
v 400.000000 2050.000000 399.999847
v 400.000000 1934.999756 399.999847
v -249.999924 1954.999756 299.999847
vn -0.0000 -1.0000 -0.0000
vn -0.0000 -0.0000 1.0000
vn 1.0000 -0.0000 -0.0000
vn -1.0000 -0.0000 -0.0000
vn -0.0000 1.0000 -0.0000
vt 0.634232 5.501307
vt 0.678594 5.501307
vt 0.678594 5.654549
vt 0.634232 5.654549
vt 0.439765 5.697040
vt 0.630676 5.732759
vt 0.439765 5.732759
vt 0.943447 5.697040
vt 0.702618 5.732759
vt 0.666219 5.697040
vt 0.997990 5.501307
vt 0.997990 5.654549
vt 0.666190 5.658268
vt 0.943426 5.658278
vt 0.943488 5.732759
vt 0.582650 5.658278
vt 0.582650 5.697040
vt 0.504777 5.732759
vt 0.504715 5.697040
vt 0.504715 5.658278
vt 0.775380 5.501307
vt 0.775380 5.654549
vt 0.873482 5.697040
vt 0.540748 5.697040
vt 0.873482 5.732759
vt 0.581807 5.501307
vt 0.581807 5.654549
s 0
usemtl obj04.001
f 157/201/45 158/202/45 161/203/45 156/204/45
f 154/205/46 158/206/46 157/207/46
f 160/208/46 158/209/46 153/210/46
f 158/202/47 159/211/47 162/212/47 161/203/47
f 153/210/47 152/213/47 163/214/47 160/208/47
f 154/205/46 153/210/46 158/206/46
f 160/208/46 159/215/46 158/209/46
f 155/216/45 152/213/45 153/210/45 154/217/45
f 164/205/46 167/218/46 166/207/46
f 169/214/48 168/213/48 167/210/48 170/208/48
f 167/219/49 168/220/49 175/216/49 166/217/49
f 173/212/48 172/211/48 171/221/48 174/222/48
f 172/223/46 167/209/46 171/210/46
f 164/205/46 171/224/46 167/218/46
f 172/223/46 170/225/46 167/209/46
f 171/226/49 164/201/49 165/204/49 174/227/49
g Atomic0.009_meshId9_name.001
v 234.000000 2016.000000 79.999847
v 234.000000 2016.000000 229.999847
v 206.000000 2016.000000 79.999847
v 206.000000 2016.000000 229.999847
v 206.000000 2020.000000 229.999847
v 206.000000 2020.000000 79.999847
v 30.000000 2000.000000 259.999847
v 30.000000 2050.000000 259.999847
v 410.000000 2000.000000 259.999847
v 410.000000 2050.000000 259.999847
v 400.000000 2010.000000 229.999847
v 400.000000 2050.000000 229.999847
v 40.000000 2010.000000 229.999847
v 40.000000 2050.000000 229.999847
v 40.000000 2050.000000 -0.000155
v 40.000000 2010.000000 -0.000152
v 40.000000 2050.000000 79.999847
v 40.000000 2010.000000 79.999847
v 400.000000 2050.000000 79.999847
v 400.000000 2010.000000 79.999847
v 400.000000 2010.000000 -0.000152
v 400.000000 2050.000000 -0.000155
v 46.000000 2050.000000 79.999847
v 46.000000 2016.000000 79.999847
v 46.000000 2050.000000 229.999847
v 46.000000 2016.000000 229.999847
v 74.000000 2016.000000 229.999847
v 74.000000 2016.000000 79.999847
v 74.000000 2020.000000 79.999847
v 74.000000 2020.000000 229.999847
v 394.000000 2050.000000 79.999847
v 394.000000 2050.000000 229.999847
v 394.000000 2016.000000 79.999847
v 394.000000 2016.000000 229.999847
v 366.000000 2016.000000 79.999847
v 366.000000 2016.000000 229.999847
v 366.000000 2020.000000 79.999847
v 366.000000 2020.000000 229.999847
vn -0.0000 -1.0000 -0.0000
vn -1.0000 -0.0000 -0.0000
vn 0.8310 0.0509 -0.5540
vn 0.9487 -0.0000 -0.3162
vn 0.0341 -0.6183 -0.7852
vn -0.8695 -0.4468 0.2106
vn -0.8309 0.0509 -0.5540
vn -0.9487 -0.0000 -0.3162
vn -0.0000 -0.0000 1.0000
vn 1.0000 -0.0000 -0.0000
vt 0.644298 5.510215
vt 0.564594 5.510215
vt 0.564594 5.002000
vt 0.644298 5.002000
vt 0.552217 5.002000
vt 0.552217 5.510215
vt 0.974535 5.513104
vt 0.875000 5.513104
vt 0.875000 5.595674
vt 0.998244 5.595674
vt 0.974535 5.513013
vt 0.998244 5.595583
vt 0.998244 5.703252
vt 0.547838 5.002000
vt 0.547838 5.201352
vt 0.451137 5.201352
vt 0.451137 5.002000
vt 0.998276 5.595530
vt 0.998276 5.703134
vt 0.738551 5.510215
vt 0.738551 5.002000
s 0
usemtl obj07.001
f 177/228/50 179/229/50 178/230/50 176/231/50
f 181/232/51 178/230/51 179/229/51 180/233/51
s 1
f 186/234/52 187/235/53 185/236/53 184/237/54
f 186/238/52 184/239/54 182/239/55 188/238/56
f 183/236/57 189/235/57 188/234/56 182/237/55
s 0
f 183/240/58 182/239/58 184/239/58 185/240/58
f 197/241/59 194/242/59 195/243/59 196/244/59
f 193/245/58 195/245/58 194/246/58 192/246/58
f 191/244/50 196/244/50 195/243/50 193/243/50
f 193/243/51 192/242/51 190/241/51 191/244/51
f 201/228/51 200/247/51 198/248/51 199/231/51
f 202/229/50 201/228/50 199/231/50 203/230/50
f 202/229/59 203/230/59 204/232/59 205/233/59
f 209/228/59 208/231/59 206/248/59 207/247/59
f 211/229/50 210/230/50 208/231/50 209/228/50
f 213/233/51 212/232/51 210/230/51 211/229/51
g Atomic0.011_meshId11_name.001
v -313.624634 2211.999756 343.999847
v -313.624634 2211.999756 335.999847
v -299.624603 2211.999756 343.999847
v -299.624603 2211.999756 335.999847
v -313.624634 2227.999756 335.999817
v -313.624634 2227.999756 343.999817
v -299.624603 2227.999756 335.999817
v -299.624603 2227.999756 343.999817
v -304.624603 2220.000000 179.999832
v -304.624634 2169.999756 179.999832
v -304.624634 2255.355225 315.355164
v -304.624634 2184.644287 315.355194
v -304.624603 2269.999756 179.999832
v -304.624603 2279.999756 169.999832
v -299.624603 2279.999756 169.999832
v -304.624634 2275.613525 303.035828
v -299.624603 2262.564941 322.564758
v -304.624634 2262.564697 322.564758
v -299.624603 2219.999756 340.195770
v -304.624634 2220.000000 340.195770
v -299.624603 2164.386230 303.035828
v -304.624634 2164.385986 303.035858
v -299.624603 2159.999756 169.999832
v -304.624634 2159.999756 169.999832
v -309.685913 2224.999756 335.999817
v -304.270874 2224.999756 323.682770
v -309.685913 2214.999756 335.999847
v -299.624603 2224.999756 335.999817
v -304.270874 2214.999756 323.682800
v -299.624603 2214.999756 335.999847
vn -1.0000 -0.0000 -0.0000
vn -0.0000 -1.0000 -0.0000
vn -0.0000 1.0000 -0.0000
vn -0.0000 -0.0000 1.0000
vn -0.0000 -0.8740 0.4859
vn -0.0000 -0.0980 0.9952
vn 0.4487 0.6495 0.6138
vn 0.4488 0.6495 0.6138
vn 0.7322 0.6767 0.0773
vn 0.7321 0.6768 0.0773
vn -0.0000 -0.9995 0.0330
vn -0.9154 -0.0000 -0.4025
vt 0.674781 -10.074721
vt 0.674781 -10.114610
vt 0.597299 -10.114609
vt 0.597299 -10.074721
vt 0.528294 -10.114609
vt 0.528294 -10.074721
vt 0.674781 -10.002379
vt 0.597299 -10.002379
vt 0.681320 -10.949107
vt 0.980661 -10.997458
vt 0.933604 -10.949107
vt 0.996999 -10.342384
vt 0.996999 -10.003385
vt 0.980661 -10.003385
vt 0.980661 -10.342384
vt 0.996999 -10.229384
vt 0.980661 -10.229384
vt 0.921735 -10.935683
vt 0.865153 -10.412720
vt 0.591953 -10.412720
vt 0.728553 -10.935683
vt 0.933604 -10.229384
vt 0.933604 -10.229384
vt 0.980661 -10.342384
vt 0.996999 -10.997458
vt 0.980661 -10.997458
vt 0.535371 -10.935683
vt 0.933604 -10.949107
vt 0.651443 -10.120767
vt 0.604418 -10.184398
vt 0.604418 -10.120767
vt 0.559456 -10.184398
vt 0.559456 -10.120767
s 0
usemtl obj11.001
f 219/249/60 218/250/60 215/251/60 214/252/60
f 217/253/61 216/254/61 214/252/61 215/251/61
f 221/254/62 220/253/62 218/251/62 219/252/62
f 221/255/63 219/249/63 214/252/63 216/256/63
f 222/257/60 237/258/60 223/259/60
s 1
f 234/260/64 232/261/65 233/262/65 235/263/64
f 232/261/65 230/264/66 231/265/67 233/262/65
s 0
f 223/266/60 225/267/60 224/268/60 222/269/60
f 225/270/60 233/262/60 224/271/60
s 1
f 229/272/68 230/264/66 228/273/69
s 0
f 222/257/60 227/274/60 237/258/60
f 224/268/60 226/275/60 222/269/60
f 225/270/60 223/259/60 237/258/60
f 233/262/60 231/265/60 229/272/60
f 227/274/60 222/257/60 226/276/60
f 227/274/60 226/276/60 224/271/60
f 225/270/60 237/258/60 235/263/60
f 229/272/60 227/274/60 224/271/60
f 225/270/60 235/263/60 233/262/60
f 233/262/60 229/272/60 224/271/60
s 1
f 228/273/69 227/274/69 229/272/68
f 229/272/68 231/265/67 230/264/66
f 237/258/70 236/273/70 234/260/64 235/263/64
s 0
f 241/277/62 239/278/62 238/279/62
f 242/278/61 243/277/61 240/279/61
f 239/280/71 242/278/71 240/279/71 238/281/71
g Atomic0.012_meshId12_name.001
v 457.071045 2092.929199 599.999817
v 450.000000 2100.000000 599.999817
v 457.071045 2092.929199 -0.000158
v 450.000000 2100.000000 -0.000159
v -250.000000 1850.000000 399.999847
v -260.000000 1850.000000 399.999847
v -250.000000 1699.999512 399.999878
v -260.000000 1709.999390 399.999878
v -290.000000 1709.999390 399.999878
v -300.000000 1699.999512 399.999878
v -300.000000 1750.000000 399.999878
v -290.000000 1760.000000 399.999878
v -345.000000 1760.000000 399.999878
v -345.000000 1840.000000 399.999847
v -355.000000 1750.000000 399.999878
v -355.000000 1840.000000 399.999847
v -345.000000 1850.000000 399.999847
v -355.000000 1854.999512 399.999847
v -345.000000 1854.999512 399.999847
v -290.000000 1850.000000 399.999847
v -290.000000 1840.000000 399.999847
vn -0.7071 -0.7071 -0.0000
vn 0.3828 0.9238 -0.0000
vn 0.3828 0.9238 -0.0002
vn 0.7071 0.7071 -0.0000
vn -0.0000 -0.0000 1.0000
vt -0.165526 -7.005859
vt -0.165527 -12.955858
vt 0.579759 -10.155629
vt 0.573617 -10.155629
vt 0.579759 -10.199049
vt 0.573616 -10.199049
vt 0.587149 -10.205317
vt 0.563755 -10.205317
vt 0.594948 -10.213115
vt 0.555956 -10.213115
vt 0.579099 -10.200164
vt 0.572957 -10.200164
vt 0.913070 -7.000000
vt 0.354006 -7.000000
vt 0.454976 -7.000000
vt 0.854006 -7.000000
vt 0.314456 -7.000000
s 0
usemtl wall04.001
f 245/282/72 247/283/72 246/283/72 244/282/72
s 1
f 247/283/73 245/282/74 244/282/75 246/283/75
s 0
f 248/284/76 249/285/76 250/286/76
f 249/285/76 251/287/76 250/286/76
f 251/288/76 252/289/76 250/290/76
f 252/289/76 253/291/76 250/290/76
f 255/292/76 253/293/76 252/292/76
f 254/293/76 253/293/76 255/292/76
f 256/292/76 254/293/76 255/292/76
f 257/292/76 258/293/76 256/292/76
f 258/293/76 254/293/76 256/292/76
f 259/293/76 258/293/76 257/292/76
f 260/294/76 262/295/76 261/295/76
f 260/294/76 261/295/76 259/295/76 257/296/76
f 264/297/76 263/298/76 260/294/76 257/296/76
g Atomic0.013_meshId13_name.001
v -289.908783 2403.081055 -0.000181
v -300.000000 2400.000000 -0.000181
v -289.908783 2403.081055 145.186249
v -299.999969 2400.000000 144.254028
v -300.000000 2050.000000 144.999847
v -300.000000 2050.000000 -0.000163
v -300.000000 1850.000000 144.999863
v -300.000000 1850.000000 -0.000140
vn -1.0000 -0.0000 -0.0000
vn -0.2920 0.9564 -0.0000
vn -0.2887 0.9574 -0.0013
vn -0.2884 0.9575 -0.0000
vt 3.058119 -9.892771
vt 3.058119 -10.613110
vt 4.808156 -10.613111
vt 4.808156 -9.893016
vt 1.239402 -9.675605
vt 1.186019 -9.675600
vt 1.186019 -10.613198
vt 1.239402 -10.613153
vt 8.506152 -10.516715
vt 8.506152 -9.791266
vt 7.506350 -9.791398
vt 7.506350 -10.516848
s 0
usemtl wall05.001
f 268/299/77 266/300/77 270/301/77 269/302/77
f 268/303/78 267/304/79 265/305/80 266/306/78
f 272/307/77 271/308/77 269/309/77 270/310/77
g Atomic0.014_meshId14_name.001
v -300.000000 2400.000000 150.186249
v -300.000000 2400.000000 140.186249
v -309.737122 2397.722168 150.186249
v -309.737122 2397.722168 140.186249
v -300.000000 2050.000000 149.999847
v -310.000000 2050.000000 149.999847
v -300.000000 1850.000000 149.999863
v -310.000000 1850.000000 149.999863
v -300.000000 1850.000000 139.999863
v -310.000000 1850.000000 139.999863
v -300.000000 2050.000000 139.999847
v -310.000000 2050.000000 139.999847
vn -0.0000 -0.0000 1.0000
vn -1.0000 0.0003 -0.0000
vn -1.0000 0.0002 -0.0002
vn -1.0000 -0.0000 -0.0000
vn -1.0000 0.0008 -0.0000
vn -0.0001 0.0005 -1.0000
vn 0.0001 -0.0005 1.0000
vn -0.0000 -0.0000 -1.0000
vn -0.0000 -1.0000 -0.0000
vn -0.2278 0.9737 -0.0000
vt -1.770813 -10.500000
vt 2.878387 -10.500000
vt 2.878387 -11.000000
vt -1.770813 -11.000000
vt 0.500000 -11.000000
vt 1.400000 -11.000000
vt 1.400000 -10.500000
vt 0.500000 -10.500000
vt 0.456913 -10.789170
vt 0.456913 -10.840369
vt 0.508112 -10.840369
vt 0.508112 -10.789170
vt 0.325603 -10.610081
vt 0.317740 -10.819153
s 0
usemtl wall06.001
f 278/311/81 280/312/81 279/313/81 277/314/81
f 278/314/82 284/311/83 282/312/84 280/313/84
f 276/315/85 284/316/85 278/317/85 275/318/85
f 276/318/86 274/315/86 283/316/86 284/317/86
f 275/318/87 278/317/87 277/316/87 273/315/87
f 284/311/88 283/314/88 281/313/88 282/312/88
f 280/319/89 282/320/89 281/321/89 279/322/89
f 276/323/90 275/323/90 273/324/90 274/324/90
g Atomic1_meshId15_name.001
v 441.337646 2071.840088 600.008606
v 941.337463 2071.840088 600.008606
v 441.337646 2071.840088 0.008616
v 941.337646 2071.840088 0.008601
v 891.337524 2021.840088 600.008606
v 491.337646 2021.840088 600.008606
vn -0.0000 -0.0000 1.0000
vn -0.0000 1.0000 -0.0000
vt 8.035358 3.814644
vt 12.500002 3.349997
vt 12.964647 3.814640
vt 8.500004 3.349998
vt -12.000004 -15.500000
vt -7.000004 -15.500000
vt -7.000004 -9.500000
vt -12.000002 -9.500000
s 0
usemtl black1.011
f 285/325/91 289/326/91 286/327/91
f 285/325/91 290/328/91 289/326/91
f 288/329/92 287/330/92 285/331/92 286/332/92
g Atomic1.001_meshId16_name.001
v 949.999817 2435.000000 599.999817
v 907.070862 2392.071045 599.999817
v 950.000000 2435.000000 -0.000199
v 907.071045 2392.071045 149.999817
v 907.071045 2392.071045 -0.000182
v 492.928925 2392.071045 599.999817
v 450.000000 2435.000000 599.999817
v 492.928864 2392.071045 149.999817
v 492.928864 2392.071045 -0.000184
v 450.000000 2435.000000 -0.000184
vn 0.7071 -0.7071 -0.0000
vn -0.7071 -0.7071 -0.0000
vt 0.735484 -9.478901
vt 0.228376 -9.478901
vt 0.735483 -15.478901
vt 0.228376 -13.978901
vt 0.228376 -15.478901
vt 0.749053 -8.992632
vt 0.241945 -8.992632
vt 0.749052 -13.492632
vt 0.749052 -14.992631
vt 0.241944 -14.992631
s 0
usemtl wall031.013
f 291/333/93 292/334/93 293/335/93
f 292/334/93 294/336/93 293/335/93
f 293/335/93 294/336/93 295/337/93
f 296/338/94 297/339/94 298/340/94
f 298/340/94 297/339/94 299/341/94
f 297/339/94 300/342/94 299/341/94
g Atomic1.002_meshId17_name.001
v 596.337646 2037.055054 0.008620
v 596.337646 2037.055054 270.008606
v 596.337646 2051.055176 0.008619
v 596.337646 2051.055176 270.008606
v 616.337646 2037.055054 250.008621
v 616.337646 2037.055054 0.008620
v 786.337646 2037.055054 270.008606
v 786.337646 2037.055054 0.008620
v 786.337646 2051.055176 270.008606
v 786.337646 2051.055176 0.008619
v 766.337646 2037.055054 0.008620
v 766.337646 2037.055054 250.008621
v 766.337646 2051.055176 250.008621
v 766.337646 2051.055176 0.008619
v 616.337646 2051.055176 250.008621
v 616.337646 2051.055176 0.008619
v 757.177856 2035.055054 108.428444
v 753.642273 2035.055054 109.892906
v 757.177856 2041.055054 108.428444
v 753.642273 2041.055054 109.892914
v 753.642273 2041.055054 116.963966
v 762.177917 2035.055054 113.428436
v 753.642273 2035.055054 116.963959
v 757.177856 2035.055054 118.428444
v 762.177856 2041.055054 113.428444
v 757.177856 2041.055054 118.428444
v 766.337585 2043.055054 0.008633
v 766.337585 2043.055054 250.008621
v 616.337646 2043.055054 0.008620
v 616.337585 2043.055054 250.008621
vn -0.7071 -0.0000 0.7071
vn -1.0000 -0.0000 -0.0000
vn -0.7071 -0.7071 -0.0000
vn -0.5773 -0.5774 0.5773
vn -0.3162 -0.9487 -0.0000
vn 0.5773 -0.5774 0.5773
vn 1.0000 -0.0000 -0.0000
vn 0.7071 -0.0000 0.7071
vn 0.7071 -0.7071 -0.0000
vn 0.3162 -0.9487 -0.0000
vn 0.1951 -0.0000 0.9808
vn -0.8315 -0.0000 0.5556
vn 0.1951 -0.0000 -0.9808
vn -0.8315 -0.0000 -0.5556
vn -0.0000 -1.0000 -0.0000
vt 0.849831 3.849499
vt 0.849831 3.009512
vt 0.896855 3.009512
vt 0.896855 3.849499
vt 0.896855 3.771523
vt 0.849831 3.771523
vt 0.849831 3.009512
vt 0.998508 3.000000
vt 0.950320 3.800000
vt 0.998509 3.850000
vt 0.849831 3.849499
vt 0.896855 3.849499
vt 0.947652 3.001585
vt 0.896855 3.750000
vt 0.947652 3.800000
vt 0.896855 3.750000
vt 0.947652 3.800000
vt 0.849831 3.001585
vt 0.896855 3.001585
vt 0.950320 3.050000
vt 0.896855 3.001585
vt 0.849831 3.771523
vt 0.896855 3.771523
vt 0.631111 3.016831
vt 0.631111 3.001727
vt 0.649682 3.001727
vt 0.649682 3.016831
vt 0.705394 3.016831
vt 0.686823 3.016831
vt 0.686823 3.001727
vt 0.705394 3.001727
vt 0.656620 3.020398
vt 0.683030 3.044779
vt 0.656620 3.069160
vt 0.636843 3.027539
vt 0.668252 3.001727
vt 0.668252 3.016831
vt 0.636843 3.062019
vt 0.001632 3.997701
vt 0.599253 3.997701
vt 0.599253 3.002989
vt 0.001632 3.002989
s 1
usemtl door021.007
f 304/343/95 303/344/96 301/345/97 302/346/98
f 311/345/97 312/347/99 313/348/96 314/349/96
f 302/350/98 312/351/99 307/352/100
f 310/349/101 309/353/102 307/354/100 308/345/103
f 301/355/97 305/356/104 302/357/98
f 312/358/99 308/355/103 307/359/100
f 307/354/100 309/353/102 304/360/95 302/361/98
f 302/350/98 305/362/104 312/351/99
f 301/355/97 306/363/103 305/356/104
f 312/358/99 311/361/97 308/355/103
f 316/344/101 315/364/101 305/365/104 306/345/103
f 324/366/105 326/367/105 321/368/106 323/369/106
f 317/370/107 318/371/108 320/372/108 319/373/107
s 0
f 317/374/109 322/375/109 324/376/109 318/377/109
s 1
f 317/370/107 319/373/107 325/378/101 322/379/101
f 325/378/101 326/367/105 324/366/105 322/379/101
s 0
f 324/376/109 323/380/109 318/377/109
s 1
f 323/369/106 321/368/106 320/372/108 318/371/108
s 0
f 328/381/109 330/382/109 329/383/109 327/384/109
g Atomic1.004_meshId19_name.001
v 606.337646 2043.915039 260.008606
v 606.337646 2043.915039 0.008590
v 891.337585 2043.915039 600.008606
v 776.337646 2043.915039 260.008606
v 776.337646 2043.915039 0.008590
v 891.337646 2043.915039 0.008593
v 484.266571 2050.986084 600.008606
v 484.266510 2050.986084 0.008616
v 898.408691 2050.986084 0.008619
v 898.408508 2050.986084 600.008606
vn -0.0212 -0.9998 0.0050
vn -0.0212 -0.9998 0.0051
vn 0.7071 -0.7071 -0.0000
vt 0.220647 4.000000
vt 0.429007 3.433334
vt 0.712340 3.433334
vt 0.903963 4.000000
vt 0.220647 3.000000
vt 0.429007 3.000000
vt 0.712340 3.000000
vt 0.903963 3.000000
vt 0.920586 4.000000
vt 0.920586 3.000000
s 0
usemtl wall01.001
f 337/385/110 331/386/110 334/387/111 333/388/111
f 337/385/110 338/389/110 332/390/110
f 337/385/110 332/390/110 331/386/110
f 335/391/110 336/392/110 333/388/110
f 334/387/110 335/391/110 333/388/110
f 340/393/112 333/388/112 336/392/112 339/394/112
g Atomic3_meshId26_name.001
v -1150.000000 1900.000000 580.000000
v -1500.000000 1900.000000 580.000000
v -1150.000000 1850.000000 579.999878
v -1500.000000 1850.000000 579.999878
v -1150.000000 1900.000000 549.999878
v -1500.000000 1900.000000 549.999878
v -1150.000000 1950.000000 549.999878
v -1500.000000 1950.000000 549.999878
v -1150.000000 1950.000000 519.999878
v -1500.000000 1950.000000 519.999878
v -1150.000000 2000.000000 519.999878
v -1500.000000 2000.000000 519.999878
v -1150.000000 2000.000000 489.999847
v -1500.000000 2000.000000 489.999847
v -1150.000000 2050.000000 489.999847
v -1500.000000 2050.000000 489.999847
v -1150.000000 2050.000000 459.999847
v -1500.000000 2050.000000 459.999847
v -1150.000000 2100.000000 459.999847
v -1500.000000 2100.000000 459.999847
v -1150.000000 2100.000000 429.999847
v -1500.000000 2100.000000 429.999908
v -1150.000000 2150.000000 429.999939
v -1500.000000 2150.000000 429.999939
v -1150.000000 2150.000000 399.999847
v -1500.000000 2150.000000 399.999847
v -1150.000000 2200.000000 399.999847
v -1500.000000 2200.000000 399.999847
v -1150.000000 2200.000000 369.999847
v -1500.000000 2200.000000 369.999847
v -1150.000000 2250.000000 369.999817
v -1500.000000 2250.000000 369.999817
v -1150.000000 2250.000000 339.999817
v -1500.000000 2250.000000 339.999817
v -1150.000000 2300.000000 339.999817
v -1500.000000 2300.000000 339.999817
v -1150.000000 2300.000000 309.999817
v -1500.000000 2300.000000 309.999817
v -1150.000000 2350.000000 309.999817
v -1500.000000 2350.000000 309.999817
v -1500.000000 2350.000000 279.999817
v -1150.000000 2350.000000 279.999817
vn -0.0000 -0.0000 1.0000
vn -0.0000 1.0000 -0.0000
vt 1.000000 15.224383
vt 0.000000 15.224383
vt 0.000000 15.074512
vt 1.000000 15.074512
vt 0.000000 15.000000
vt 1.000000 15.000000
s 0
usemtl Material__112.001
f 362/395/113 361/396/113 363/397/113 364/398/113
f 348/398/114 347/397/114 349/399/114 350/400/114
f 376/398/114 375/397/114 377/399/114 378/400/114
f 366/395/113 365/396/113 367/397/113 368/398/113
f 352/398/114 351/397/114 353/399/114 354/400/114
f 378/395/113 377/396/113 379/397/113 380/398/113
f 346/395/113 345/396/113 347/397/113 348/398/113
f 344/395/113 343/396/113 341/397/113 342/398/113
f 356/398/114 355/397/114 357/399/114 358/400/114
f 374/395/113 373/396/113 375/397/113 376/398/113
f 372/398/114 371/397/114 373/399/114 374/400/114
f 342/398/114 341/397/114 345/399/114 346/400/114
f 362/400/114 360/398/114 359/397/114 361/399/114
f 370/395/113 369/396/113 371/397/113 372/398/113
f 354/395/113 353/396/113 355/397/113 356/398/113
f 350/395/113 349/396/113 351/397/113 352/398/113
f 368/398/114 367/397/114 369/399/114 370/400/114
f 358/395/113 357/396/113 359/397/113 360/398/113
f 364/398/114 363/397/114 365/399/114 366/400/114
f 379/397/114 382/399/114 381/400/114 380/398/114
g Atomic3.001_meshId27_name.001
v -1150.000000 2350.000000 309.999817
v -1150.000000 2300.000000 309.999817
v -1150.000000 2350.000000 279.999817
v -1150.000000 2300.000000 279.999817
v -1150.000000 1950.000000 549.999878
v -1150.000000 1900.000000 549.999878
v -1150.000000 1950.000000 519.999878
v -1150.000000 1900.000000 519.999878
v -1150.000000 1900.000000 579.999939
v -1150.000000 1850.000000 579.999878
v -1150.000000 1850.000000 549.999878
v -1150.000000 1950.000000 489.999847
v -1150.000000 2000.000000 489.999847
v -1150.000000 2000.000000 519.999878
v -1150.000000 2100.000000 459.999847
v -1150.000000 2050.000000 459.999847
v -1150.000000 2100.000000 429.999847
v -1150.000000 2050.000000 429.999847
v -1150.000000 2050.000000 489.999847
v -1150.000000 2000.000000 459.999847
v -1150.000000 2100.000000 399.999847
v -1150.000000 2150.000000 399.999847
v -1150.000000 2150.000000 429.999908
v -1150.000000 2250.000000 369.999817
v -1150.000000 2200.000000 369.999847
v -1150.000000 2250.000000 339.999817
v -1150.000000 2200.000000 339.999847
v -1150.000000 2200.000000 399.999847
v -1150.000000 2150.000000 369.999847
v -1150.000000 2250.000000 309.999817
v -1150.000000 2300.000000 339.999817
vn 1.0000 -0.0000 -0.0000
vt 0.001390 15.000000
vt 0.001390 15.074790
vt 0.086580 15.074790
vt 0.086580 15.000000
s 0
usemtl step01.001
f 395/401/115 396/402/115 389/403/115 394/404/115
f 384/403/115 386/404/115 385/401/115 383/402/115
f 407/403/115 409/404/115 408/401/115 406/402/115
f 404/403/115 411/404/115 407/401/115 410/402/115
f 398/403/115 400/404/115 399/401/115 397/402/115
f 392/403/115 393/404/115 388/401/115 391/402/115
f 404/401/115 405/402/115 399/403/115 403/404/115
f 388/403/115 390/404/115 389/401/115 387/402/115
f 395/403/115 402/404/115 398/401/115 401/402/115
f 384/401/115 413/402/115 408/403/115 412/404/115
g Atomic3.002_meshId28_name.001
v -1167.336670 2363.763184 308.415253
v -1162.663452 2363.763184 308.415253
v -1162.663452 1847.781250 617.097046
v -1162.663452 2363.763184 311.415283
v -1162.663452 1847.781250 620.097046
v -1167.336670 2363.763184 311.415283
v -1167.336670 1847.781250 620.097046
v -1167.336548 1847.781250 617.097046
v -1165.000000 1859.106812 613.638306
v -1165.000000 1859.106812 714.720337
v -1165.000000 1863.106812 611.200928
v -1165.000000 1863.106812 712.548096
v -1165.000000 2134.106934 449.410828
v -1165.000000 2134.106934 550.231750
v -1165.000000 2138.106934 446.955261
v -1165.000000 2138.106934 547.703674
v -1165.000000 2009.106812 524.212646
v -1165.000000 2009.106812 624.738159
v -1165.000000 2013.106812 521.783325
v -1165.000000 2013.106812 622.565796
v -1180.911133 2369.263184 435.999817
v -1180.911133 2369.263428 439.999817
v -1169.263428 2380.911133 435.999817
v -1176.647705 2353.352051 435.999817
v -1176.647705 2353.352051 439.999817
v -1170.442383 2359.557617 443.999817
v -1163.008057 2357.565430 443.999817
v -1160.736572 2349.088867 439.999817
v -1160.736572 2349.088867 435.999817
v -1149.088867 2360.736572 439.999817
v -1157.565430 2363.007812 443.999817
v -1159.557617 2370.442383 443.999817
v -1153.352417 2376.647705 439.999817
v -1166.991943 2372.434570 443.999817
v -1169.263550 2380.911133 439.999817
v -1172.434326 2366.992188 443.999817
v -1153.352295 2376.647949 435.999817
v -1149.088867 2360.736816 435.999817
v -1160.000000 2363.763184 409.619507
v -1160.000000 1847.781250 718.301331
v -1170.000000 2363.763184 409.619507
v -1160.000000 2363.763184 414.619537
v -1170.000000 2363.763184 414.619537
v -1160.000000 1847.781250 723.301331
v -1170.000000 1847.781250 723.301331
v -1170.000000 1847.781250 718.301331
v -1165.000000 1884.106812 699.976135
v -1165.000000 1884.106812 598.893921
v -1165.000000 1888.106812 697.803772
v -1165.000000 1888.106812 596.456665
v -1165.000000 1909.106812 684.822327
v -1165.000000 1909.106812 583.740234
v -1165.000000 1913.106812 682.650024
v -1165.000000 1913.106812 581.302979
v -1165.000000 1934.106812 669.881104
v -1165.000000 1934.106812 568.798950
v -1165.000000 1938.106812 667.708740
v -1165.000000 1938.106812 566.361694
v -1165.000000 1959.106812 654.850708
v -1165.000000 1959.106812 553.768555
v -1165.000000 1963.106812 652.678345
v -1165.000000 1963.106812 551.331299
v -1165.000000 1984.106812 640.088745
v -1165.000000 1984.106812 539.006592
v -1165.000000 1988.106812 637.916382
v -1165.000000 1988.106812 536.569336
v -1165.000000 2034.106812 610.139709
v -1165.000000 2034.106812 509.243073
v -1165.000000 2038.106812 607.967346
v -1165.000000 2038.106812 506.813751
v -1165.000000 2059.106934 595.265564
v -1165.000000 2059.106934 494.164398
v -1165.000000 2063.106934 592.888733
v -1165.000000 2063.106934 491.735046
v -1165.000000 2084.106934 580.483093
v -1165.000000 2084.106934 479.225922
v -1165.000000 2088.106934 577.950256
v -1165.000000 2088.106934 476.796600
v -1165.000000 2109.106934 565.259094
v -1165.000000 2109.106934 464.172791
v -1165.000000 2113.106934 562.870911
v -1165.000000 2113.106934 461.717255
v -1165.000000 2159.106934 535.495178
v -1165.000000 2159.106934 434.399811
v -1165.000000 2163.106934 533.097839
v -1165.000000 2163.106934 431.944183
v -1165.000000 2184.106934 520.552063
v -1165.000000 2184.106934 419.114807
v -1165.000000 2188.106934 518.164612
v -1165.000000 2188.106934 416.673889
v -1165.000000 2209.106934 505.465607
v -1165.000000 2209.106934 404.153046
v -1165.000000 2213.106934 503.199310
v -1165.000000 2213.106934 401.712128
v -1165.000000 2234.106934 490.425537
v -1165.000000 2238.106934 488.022766
v -1165.000000 2234.106934 389.380157
v -1165.000000 2238.106934 386.939270
v -1165.000000 2259.106934 475.693848
v -1165.000000 2263.106934 473.302887
v -1165.000000 2259.106934 374.256592
v -1165.000000 2263.106934 371.815735
v -1165.000000 2284.106445 460.531647
v -1165.000000 2288.106934 457.843628
v -1165.000000 2284.106445 359.481201
v -1165.000000 2288.106934 357.040283
v -1165.000000 2309.106934 445.504639
v -1165.000000 2309.106934 344.344421
v -1165.000000 2313.106934 442.944092
v -1165.000000 2313.106934 341.777985
v -1165.000000 2334.106934 430.722412
v -1165.000000 2338.106934 428.190918
v -1165.000000 2334.106934 329.606720
v -1165.000000 2338.106934 327.024780
v -1155.807617 2365.000000 463.554413
v -1158.500000 2371.500000 463.554413
v -1165.000000 2374.192383 463.554413
v -1171.500000 2371.500000 463.554413
v -1174.192383 2365.000000 463.554413
v -1171.500000 2358.500000 443.155884
v -1174.192383 2365.000000 443.155884
v -1171.500000 2371.500000 443.155884
v -1165.000000 2374.192383 443.155884
v -1158.500000 2371.500000 443.155884
v -1155.807617 2365.000000 443.155884
v -1158.500000 2358.500000 443.155884
v -1165.000000 2355.807617 443.155884
v -1171.500000 2358.500000 463.554413
v -1165.000000 2355.807617 463.554413
vn -0.8021 -0.3066 -0.5125
vn -0.5490 0.4291 0.7173
vn -0.8021 0.3066 0.5124
vn -0.5490 -0.4291 -0.7173
vn 0.8021 0.3066 0.5125
vn 0.5490 0.4291 0.7173
vn 0.8021 -0.3066 -0.5125
vn 0.5490 -0.4291 -0.7173
vn 1.0000 -0.0000 -0.0000
vn -1.0000 -0.0000 -0.0000
vn 0.9898 0.0160 0.1415
vn 0.0741 -0.0740 0.9945
vn -0.4041 -0.9018 0.1535
vn 0.5518 -0.8239 0.1289
vn 0.2588 -0.9659 -0.0000
vn 0.9659 -0.2588 -0.0000
vn -0.1335 0.1334 0.9820
vn -0.1334 0.1335 0.9820
vn 0.1175 0.5117 0.8511
vn -0.6029 0.7319 0.3176
vn 0.1218 0.4759 0.8710
vn 0.7071 0.7071 0.0001
vn 0.0740 -0.0740 0.9945
vn -0.2588 0.9659 -0.0000
vn -0.9659 0.2588 -0.0000
vn -0.7071 -0.7071 -0.0000
vn 0.0742 -0.0740 0.9945
vn -0.0000 0.5133 0.8582
vn -0.0000 0.5134 0.8582
vn -0.0000 -0.5134 -0.8582
vn -0.0000 1.0000 -0.0000
vn -0.7071 0.7071 -0.0000
vn -0.5001 0.5000 0.7070
vn -0.0000 0.6860 0.7276
vn 0.9989 0.0010 0.0466
vn 0.7318 0.0008 0.6815
vn -0.0007 -0.7318 0.6816
vn -0.0011 -0.9989 0.0467
vn -0.6860 -0.0000 0.7276
vn 0.5000 0.5001 0.7071
vn -0.5000 -0.5001 0.7071
vn -1.0000 -0.0001 -0.0000
vn 0.7055 -0.7056 0.0658
vn 0.7071 0.7071 -0.0000
vn -0.7072 -0.7070 -0.0000
vt 0.703796 -0.002253
vt 0.703796 -0.570440
vt 0.677393 -0.570440
vt 0.677393 -0.002253
vt 0.657775 -0.524467
vt 0.634127 -0.524368
vt 0.634127 -0.002357
vt 0.657775 -0.002029
vt 0.713012 -0.341728
vt 0.755201 -0.317301
vt 0.797390 -0.341728
vt 0.755201 -0.341728
vt 0.755201 -0.354038
vt 0.713012 -0.354038
vt 0.797390 -0.317301
vt 0.839578 -0.317301
vt 0.839578 -0.341728
vt 0.839578 -0.354038
vt 0.797390 -0.354038
vt 0.713012 -0.317301
vt 0.705000 -0.007193
vt 0.705000 -0.508440
vt 0.680285 -0.007193
vt 0.680272 -0.508442
vt 0.794447 -0.182516
vt 0.839730 -0.182516
vt 0.839730 -0.064899
vt 0.794447 -0.064899
s 1
usemtl Material__117.001
f 421/405/116 420/405/117 419/406/118 414/406/119
f 417/407/120 418/408/121 416/408/122 415/407/123
f 421/405/116 414/406/119 415/407/123 416/408/122
f 420/405/117 418/408/121 417/407/120 419/406/118
s 0
f 422/409/124 424/410/124 425/411/124 423/412/124
f 423/412/125 425/411/125 424/410/125 422/409/125
f 426/409/124 428/410/124 429/411/124 427/412/124
f 427/412/125 429/411/125 428/410/125 426/409/125
f 432/410/124 433/411/124 431/412/124 430/409/124
f 431/412/125 433/411/125 432/410/125 430/409/125
s 1
f 443/413/126 440/414/127 438/415/128
f 443/413/126 441/416/129 442/417/130 451/418/131
f 449/419/132 447/420/133 448/421/134 435/415/135
f 446/416/136 443/413/126 451/418/131 450/417/137
f 439/419/138 449/420/132 435/421/135 438/415/128
f 448/421/134 436/422/139 434/423/140 435/415/135
f 438/415/128 435/421/135 434/422/140 437/423/141
f 446/416/136 450/417/137 436/423/139 448/415/134
f 438/415/128 441/416/129 443/413/126
f 443/413/126 446/416/136 448/415/134
f 448/415/134 447/419/133 445/414/142
f 443/413/126 448/415/134 445/414/142
f 443/413/126 445/414/142 444/424/127
f 440/414/127 439/419/138 438/415/128
f 443/413/126 444/424/127 440/414/127
f 441/416/129 438/415/128 437/423/141 442/417/130
f 455/425/143 457/426/144 453/426/124 452/425/124
f 456/427/144 454/427/125 459/428/125 458/428/144
s 0
f 458/428/144 457/426/144 455/425/144 456/427/144
f 459/428/145 454/427/145 452/425/145 453/426/145
f 462/411/125 463/410/125 461/409/125 460/412/125
f 461/409/124 463/410/124 462/411/124 460/412/124
f 466/411/125 467/410/125 465/409/125 464/412/125
f 465/409/124 467/410/124 466/411/124 464/412/124
f 470/411/125 471/410/125 469/409/125 468/412/125
f 469/409/124 471/410/124 470/411/124 468/412/124
f 474/411/125 475/410/125 473/409/125 472/412/125
f 473/409/124 475/410/124 474/411/124 472/412/124
f 478/411/125 479/410/125 477/409/125 476/412/125
f 477/409/124 479/410/124 478/411/124 476/412/124
f 482/411/125 483/410/125 481/409/125 480/412/125
f 481/409/124 483/410/124 482/411/124 480/412/124
f 486/411/125 487/410/125 485/409/125 484/412/125
f 485/409/124 487/410/124 486/411/124 484/412/124
f 490/411/125 491/410/125 489/409/125 488/412/125
f 489/409/124 491/410/124 490/411/124 488/412/124
f 494/411/125 495/410/125 493/409/125 492/412/125
f 493/409/124 495/410/124 494/411/124 492/412/124
f 498/411/125 499/410/125 497/409/125 496/412/125
f 497/409/124 499/410/124 498/411/124 496/412/124
f 502/411/125 503/410/125 501/409/125 500/412/125
f 501/409/124 503/410/124 502/411/124 500/412/124
f 506/411/125 507/410/125 505/409/125 504/412/125
f 505/409/124 507/410/124 506/411/124 504/412/124
f 511/410/125 510/409/125 508/412/125 509/411/125
f 510/409/124 511/410/124 509/411/124 508/412/124
f 515/410/125 514/409/125 512/412/125 513/411/125
f 514/409/124 515/410/124 513/411/124 512/412/124
f 519/410/125 518/409/125 516/412/125 517/411/125
f 518/409/124 519/410/124 517/411/124 516/412/124
f 522/411/125 523/410/125 521/409/125 520/412/125
f 521/409/124 523/410/124 522/411/124 520/412/124
f 527/410/125 526/409/125 524/412/125 525/411/125
f 526/409/124 527/410/124 525/411/124 524/412/124
s 1
f 536/429/146 535/430/147 531/431/148 530/432/149
f 538/429/150 528/432/151 542/432/152 540/429/153
f 531/431/148 532/432/154 542/432/152 529/431/155
f 541/431/156 532/432/154 534/429/157 540/429/153
f 540/429/153 539/430/158 538/429/150
f 537/430/159 536/429/146 530/432/149 528/432/151
f 534/429/157 533/430/160 540/429/153
f 540/429/153 542/432/152 541/431/156
f 532/432/154 541/431/156 542/432/152
f 542/432/152 528/432/151 529/431/155
f 529/431/155 530/432/149 531/431/148
f 530/432/149 529/431/155 528/432/151
f 528/432/151 538/429/150 537/430/159
f 535/430/147 534/429/157 532/432/154 531/431/148
g Atomic3.003_meshId29_name.001
v -1507.071045 2707.071289 -0.000204
v -1550.000000 2750.000000 -0.000208
v -1550.000000 2750.000000 599.999817
v -1507.071045 2707.071289 599.999817
v -1500.000000 1850.000000 599.999878
v -1550.000000 1800.000000 599.999878
v -1500.000000 1850.000000 579.999878
v -1500.000000 1850.000000 -0.000140
v -1550.000000 1800.000000 -0.000136
v -1150.000000 1850.000000 -0.000140
v -1150.000000 1850.000000 579.999878
v -1490.000000 2690.000000 409.999786
v -1500.000000 2700.000000 409.999786
v -1490.000000 2690.000000 399.999786
v -1500.000000 2700.000000 399.999786
vn -1.0000 -0.0000 -0.0000
vn 0.7071 -0.7071 -0.0000
vn -0.0000 -0.0000 1.0000
vn 0.7071 0.7071 -0.0000
vn -0.0000 -1.0000 -0.0000
vt -19.000002 -13.500000
vt -19.000002 -19.500000
vt -9.500003 -19.500000
vt -9.500003 -13.500000
vt 0.131309 -17.957714
vt 0.838417 -12.157715
vt 0.838417 -11.957715
vt -11.570704 2.570713
vt -11.999997 -6.499997
vt -11.499997 -5.999998
vt 0.833731 -12.734073
vt 0.226624 -12.734073
vt 0.226624 -18.734072
vt 0.833731 -18.734072
vt 0.131310 -11.957715
vt 0.838416 -17.957714
vt -11.999995 3.000002
vt -1.275796 -12.423863
vt -1.275797 -18.423864
vt 2.224204 -18.423864
vt 2.224204 -12.423863
vt 19.400000 -15.500000
vt 19.500002 -15.500000
vt 19.500002 -15.400000
vt 19.400000 -15.400000
s 0
usemtl black1.011
f 545/433/161 544/434/161 551/435/161 548/436/161
f 551/437/162 549/438/162 547/439/162
f 546/440/163 548/441/163 547/442/163
f 545/443/164 546/444/164 543/445/164 544/446/164
f 547/439/162 548/447/162 551/437/162
f 551/437/162 550/448/162 549/438/162
f 546/440/163 545/449/163 548/441/163
f 549/450/165 550/451/165 552/452/165 553/453/165
f 556/454/164 557/455/164 555/456/164 554/457/164
g Atomic3.006_meshId32_name.001
v -1150.000000 1950.000000 519.999878
v -1150.000000 1900.000000 519.999878
v -1150.000000 1950.000000 489.999847
v -1150.000000 2000.000000 459.999847
v -1150.000000 2000.000000 489.999847
v -1150.000000 1900.000000 549.999878
v -1150.000000 1850.000000 549.999878
v -1150.000000 1850.000000 -0.000140
v -1150.000000 2100.000000 429.999847
v -1150.000000 2050.000000 429.999847
v -1150.000000 2100.000000 399.999847
v -1150.000000 2050.000000 459.999847
v -1150.000000 2150.000000 399.999847
v -1150.000000 2150.000000 369.999847
v -1150.000000 2200.000000 339.999847
v -1150.000000 2200.000000 369.999847
v -1150.000000 2300.000000 309.999817
v -1150.000000 2250.000000 309.999817
v -1150.000000 2300.000000 279.999817
v -1150.000000 2250.000000 339.999817
v -1150.000000 2350.000000 279.999817
v -1150.000000 2350.000000 -0.000177
v -1500.000000 2350.000000 279.999817
v -1500.000000 2350.000000 -0.000177
vn 1.0000 -0.0000 -0.0000
vn -0.0001 0.8575 0.5145
vn -0.0000 1.0000 -0.0000
vn 0.0001 -0.8575 -0.5145
vt -0.065346 -12.844028
vt 3.434654 -17.444029
vt 0.934654 -13.444029
vt 0.434655 -13.144028
vt 0.434655 -12.844028
vt -0.065345 -12.544027
vt -0.565346 -12.544027
vt -0.565345 -12.244028
vt -1.065346 -12.244028
vt -1.065345 -11.944029
vt -1.565345 -11.944029
vt -1.565345 -17.644028
vt 3.434654 -14.644029
vt 2.934654 -14.644029
vt 2.934654 -14.344028
vt 2.434655 -14.344028
vt 2.434654 -14.044027
vt 1.934655 -14.044027
vt 1.934654 -13.744028
vt 1.434654 -13.744028
vt 1.434654 -13.444028
vt 0.934654 -13.144028
vt 3.708266 -17.506170
vt -1.241482 -17.706169
vt -1.241480 -14.706169
vt 3.708267 -14.706170
s 0
usemtl step02.001
f 561/458/166 579/459/166 568/460/166
f 567/461/166 569/462/166 561/458/166
f 561/458/166 562/463/166 560/464/166
f 560/464/166 558/465/166 559/466/166
f 559/466/166 563/467/166 564/468/166
f 564/468/166 565/469/166 579/459/166
f 579/459/166 578/470/166 576/471/166
f 576/471/166 574/472/166 575/473/166
f 575/473/166 577/474/166 572/475/166
f 572/475/166 573/476/166 571/477/166
f 571/477/166 570/478/166 568/460/166
f 568/460/166 566/479/166 567/461/166
f 579/459/166 576/471/166 575/473/166
f 559/466/166 564/468/166 579/459/166
f 560/464/166 559/466/166 579/459/166
f 579/459/166 575/473/166 572/475/166
f 579/459/166 572/475/166 571/477/166
f 561/458/166 560/464/166 579/459/166
f 568/460/167 567/461/168 561/458/169
f 579/459/166 571/477/166 568/460/166
f 579/480/168 581/481/168 580/482/168 578/483/168
g Atomic3.007_meshId33_name.001
v -1507.071045 2707.071289 599.999817
v -1507.071045 2707.071289 404.999786
v -1500.000000 2700.000000 404.999786
v -1500.000000 2076.726074 599.999817
vn 0.9991 0.0221 0.0354
vt -2.719119 15.500000
vt -2.616446 13.550057
vt -2.719119 13.550116
vt 3.616370 15.500000
s 0
usemtl wall02.001
f 582/484/170 584/485/170 583/486/170
f 582/484/170 585/487/170 584/485/170
g Atomic3.008_meshId34_name.001
v -1507.071045 2707.071289 404.999786
v -1500.000000 2700.000000 404.999786
v -1507.071045 2707.071289 -0.000204
v -1500.000000 1850.000000 599.999878
v -1500.000000 1850.000000 -0.000140
vn 1.0000 0.0067 -0.0071
vn 1.0000 0.0066 -0.0070
vn 1.0000 0.0067 -0.0070
vt 2.729119 -18.000000
vt -1.570526 -15.975000
vt -1.520999 -15.975000
vt 2.729119 -15.000000
vt -1.570526 -18.000000
s 0
usemtl wall051.003
f 590/488/171 586/489/171 587/490/171
f 587/490/172 589/491/172 590/488/172
f 590/488/173 588/492/173 586/489/173
g Atomic3.009_meshId35_name.001
v -1500.000000 2700.000000 409.999786
v -1500.000000 2400.000000 409.999817
v -1490.000000 2690.000000 409.999786
v -1490.000000 2400.000000 409.999817
v -1490.000000 2400.000000 399.999817
v -1490.000000 2690.000000 399.999786
vn -0.0000 -0.0000 1.0000
vn 1.0000 -0.0000 -0.0000
vt 1.400000 -17.000000
vt 0.600000 -17.000000
vt 1.400000 -16.500000
vt 0.600000 -16.500000
s 0
usemtl wall061.003
f 591/493/174 592/494/174 593/495/174
f 592/494/174 594/496/174 593/495/174
f 595/494/175 596/493/175 593/495/175 594/496/175
g Atomic4_meshId36_name.001
v 950.000122 -1150.000000 600.000061
v 950.000061 -1150.000000 0.000087
v 950.000122 2435.000000 599.999817
v 950.000061 2435.000000 -0.000184
v 900.000000 2385.000000 599.999817
v 900.000000 -1100.000000 600.000061
vn -0.0000 -0.0000 1.0000
vn 1.0000 -0.0000 -0.0000
vt 12.499994 -15.500001
vt 12.964648 19.814642
vt 12.500003 19.349998
vt 12.964639 -15.964645
vt 16.849997 0.500000
vt 16.849997 6.500000
vt -19.000002 6.500000
vt -19.000002 0.500000
s 0
usemtl black1.011
f 602/497/176 599/498/176 601/499/176
f 602/497/176 597/500/176 599/498/176
f 600/501/177 599/502/177 597/503/177 598/504/177
g Atomic4.001_meshId37_name.001
v 907.071045 -1107.071045 600.000061
v 907.071045 -1107.071045 150.000076
v 950.000122 -1150.000000 600.000061
v 907.071045 -1107.071045 0.000084
v 950.000061 -1150.000000 0.000087
v 950.000061 2435.000000 599.999817
v 950.000122 2435.000000 -0.000184
v 907.071045 2392.071045 599.999817
v 907.071045 2392.071045 149.999817
v 907.071045 2392.071045 -0.000181
vn -0.7071 -0.7071 -0.0000
vn -0.7071 0.7071 -0.0000
vt 0.209994 6.046914
vt 0.209993 1.546914
vt 0.717102 6.046914
vt 0.209993 0.046914
vt 0.717101 0.046914
vt 0.262489 6.262304
vt 0.262489 0.262305
vt 0.769597 6.262304
vt 0.769597 1.762305
vt 0.769596 0.262305
s 0
usemtl wall031.013
f 603/505/178 604/506/178 605/507/178
f 604/506/178 606/508/178 605/507/178
f 605/507/178 606/508/178 607/509/178
f 608/510/179 609/511/179 610/512/179
f 610/512/179 609/511/179 611/513/179
f 609/511/179 612/514/179 611/513/179
g Atomic4.002_meshId38_name.001
v 864.500000 265.000000 89.999977
v 864.500000 265.000031 234.999985
v 864.500000 415.000000 89.999969
v 864.500000 415.000031 234.999969
vn -1.0000 -0.0000 -0.0000
vt 0.999529 3.999529
vt 0.000471 3.999529
vt 0.000000 3.000000
vt 1.000000 3.000000
s 0
usemtl kzr03.001
f 614/515/180 616/516/180 615/517/180 613/518/180
g Atomic4.003_meshId39_name.001
v 864.500000 -464.999969 235.000031
v 864.500000 -465.000000 90.000038
v 864.500000 -615.000000 235.000046
v 864.500000 -615.000000 90.000046
vn -1.0000 -0.0000 -0.0000
vt 0.000000 3.000000
vt 1.000000 3.000000
vt 0.999529 3.999529
vt 0.000471 3.999529
s 0
usemtl kzr04.001
f 618/519/181 620/520/181 619/521/181 617/522/181
g Atomic4.004_meshId40_name.001
v 861.500000 -540.000000 235.000046
v 861.500000 -546.022461 219.755859
v 864.500000 -546.022461 219.755844
v 864.500000 -545.977539 93.000053
v 861.500000 -545.977539 93.000053
v 864.500000 -468.022430 219.755829
v 861.500000 -468.022430 219.755844
v 864.500000 -467.977539 93.000038
v 861.500000 -467.977539 93.000038
v 864.500000 -612.022461 93.000061
v 861.500000 -612.022461 93.000061
v 864.500000 -611.977539 219.755859
v 861.500000 -611.977539 219.755859
v 864.500000 -534.022461 93.000053
v 861.500000 -534.022461 93.000053
v 864.500000 -533.977539 219.755844
v 861.500000 -533.977539 219.755844
v 861.500000 -516.037964 232.000046
v 861.500000 -464.999969 235.000031
v 861.500000 -594.038086 232.000046
v 861.500000 -615.000000 235.000046
v 861.500000 -615.000000 90.000046
v 861.500000 -540.000000 90.000053
v 861.500000 -465.000000 90.000053
v 900.000000 -620.000000 240.000046
v 900.000000 -630.000000 250.000046
v 860.000061 -620.000000 240.000061
v 900.000000 -620.000000 90.000046
v 860.000000 -620.000000 90.000046
v 860.000000 -615.000000 90.000046
v 860.000000 -615.000000 235.000046
v 864.500000 -615.000000 235.000046
v 860.000000 -464.999969 235.000031
v 864.500000 -464.999969 235.000031
v 860.000000 -465.000000 90.000038
v 860.000000 -459.999969 240.000031
v 860.000000 -460.000000 90.000038
v 900.000000 -460.000000 90.000038
v 900.000000 -459.999969 240.000031
v 900.000000 -449.999969 250.000031
v 850.000000 -449.999969 250.000031
v 850.000000 -630.000000 250.000046
v 864.500000 -465.000000 90.000038
v 864.500000 -615.000000 90.000046
v 900.000000 260.000031 239.999985
v 900.000000 250.000015 249.999985
v 860.000061 260.000031 240.000000
v 900.000000 260.000000 89.999977
v 860.000000 260.000000 89.999977
v 860.000000 265.000000 89.999977
v 860.000000 265.000031 234.999985
v 864.500000 265.000031 234.999985
v 860.000000 415.000031 234.999969
v 864.500000 415.000031 234.999969
v 860.000000 415.000000 89.999969
v 860.000000 420.000031 239.999969
v 860.000000 420.000000 89.999969
v 900.000000 420.000000 89.999969
v 900.000000 420.000031 239.999969
v 900.000000 430.000031 249.999969
v 850.000000 430.000031 249.999969
v 850.000000 250.000015 249.999985
v 864.500000 415.000000 89.999969
v 864.500000 265.000000 89.999977
v 860.000000 -625.000000 90.000046
v 850.000000 -615.000000 90.000046
v 860.000061 -625.000000 10.000047
v 900.000000 -625.000000 90.000046
v 850.000000 -465.000000 90.000038
v 850.000000 -465.000000 0.000035
v 860.000061 -455.000031 90.000046
v 900.000000 -455.000000 90.000038
v 900.000000 -455.000000 10.000034
v 860.000000 -455.000000 10.000034
v 900.000000 -455.000000 0.000034
v 860.000000 -455.000000 0.000034
v 850.000000 -615.000000 0.000046
v 860.000000 -625.000000 0.000047
v 900.000000 -625.000000 0.000047
v 900.000000 -625.000000 10.000047
v 850.000000 415.000000 -0.000031
v 860.000000 425.000000 -0.000032
v 850.000000 265.000000 -0.000020
v 860.000000 255.000000 -0.000019
v 900.000000 255.000000 -0.000019
v 860.000061 255.000015 9.999981
v 860.000000 255.000000 89.999977
v 850.000000 265.000000 89.999977
v 900.000000 255.000000 89.999977
v 900.000000 425.000000 89.999969
v 900.000000 255.000000 9.999981
v 900.000000 425.000000 9.999968
v 860.000061 425.000031 89.999977
v 860.000000 425.000000 9.999968
v 850.000000 415.000000 89.999969
v 900.000000 425.000000 -0.000032
v 864.500000 333.977631 219.755768
v 861.500000 333.977631 219.755783
v 864.500000 334.022461 92.999992
v 861.500000 334.022461 92.999992
v 864.500000 267.977539 92.999992
v 861.500000 267.977539 92.999992
v 864.500000 268.022400 219.755798
v 861.500000 268.022400 219.755798
v 861.500000 285.962006 231.999985
v 861.500000 265.000031 234.999985
v 861.500000 265.000000 89.999977
v 861.500000 340.000000 89.999992
v 861.500000 415.000000 89.999985
v 861.500000 345.977600 92.999992
v 861.500000 412.022522 92.999969
v 861.500000 411.977631 219.755783
v 864.500000 412.022522 92.999969
v 864.500000 345.977631 92.999992
v 864.500000 411.977631 219.755768
v 864.500000 346.022430 219.755768
v 861.500000 346.022430 219.755768
v 861.500000 340.000031 234.999969
v 861.500000 394.038055 231.999969
v 861.500000 415.000031 234.999969
vn -0.0000 -1.0000 -0.0004
vn -1.0000 -0.0000 -0.0000
vn -0.0000 1.0000 -0.0004
vn -0.0000 -0.0000 1.0000
vn -0.7071 -0.0000 -0.7071
vn -0.0000 0.7071 -0.7071
vn -0.0000 1.0000 -0.0000
vn -0.0000 -1.0000 -0.0000
vn -0.0000 -0.7071 -0.7071
vn -0.7071 0.7071 -0.0000
vn -0.9981 -0.0621 -0.0000
vn -0.9981 -0.0622 -0.0000
vn -0.9969 -0.0590 0.0521
vn -0.9970 -0.0671 -0.0391
vn -0.9970 -0.0651 -0.0429
vn -0.9969 -0.0591 0.0521
vn -0.9969 -0.0651 -0.0430
vn -0.9970 -0.0645 -0.0426
vn -0.9969 -0.0591 0.0520
vn -0.7071 -0.7071 -0.0000
vn -1.0000 0.0001 -0.0000
vn -1.0000 -0.0001 -0.0000
vt 0.012004 3.959108
vt 0.022460 3.948653
vt 0.441875 3.948652
vt 0.450747 3.959029
vt 0.457637 3.978503
vt 0.013297 3.978581
vt 0.001466 3.997946
vt 0.001549 3.974637
vt 0.513866 3.974637
vt 0.497321 3.896510
vt 0.513866 3.997970
vt 0.550540 3.551851
vt 0.950540 3.551851
vt 0.975541 3.596682
vt 0.525540 3.596683
vt 0.920695 3.596702
vt 0.920695 3.551784
vt 0.820695 3.551784
vt 0.795695 3.596702
vt 0.609164 3.595101
vt 0.609164 3.695101
vt 0.984164 3.695101
vt 0.984164 3.595101
vt 0.598965 3.595415
vt 0.961465 3.607914
vt 0.961465 3.595415
vt 0.854071 3.391258
vt 0.854071 3.028759
vt 0.766571 3.028759
vt 0.766571 3.391258
vt 0.586465 3.607914
vt 0.573965 3.595415
vt 0.948965 3.595415
vt 0.561465 3.607914
vt 0.521389 3.595412
vt 0.998113 3.595402
vt 0.998113 3.704584
vt 0.521610 3.704584
vt 0.262614 3.912256
vt 0.239951 3.890884
vt 0.239951 3.791067
vt 0.197656 3.699973
vt 0.197656 3.935411
vt 0.232476 3.935411
vt 0.232476 3.727490
vt 0.548503 3.005613
vt 0.451368 3.005613
vt 0.451368 3.201216
vt 0.548503 3.201216
vt 0.238660 3.669133
vt 0.238660 3.693861
vt 0.130870 3.693861
vt 0.130870 3.669133
vt 0.232476 3.699973
s 0
usemtl obj071.005
f 625/523/182 624/524/182 623/525/182 622/526/182
f 637/527/183 635/528/183 643/529/183 622/527/183
f 629/523/182 628/524/182 626/525/182 627/526/182
f 636/525/184 634/524/184 635/523/184 637/526/184
f 630/524/185 624/524/185 625/523/185 631/523/185
f 633/526/183 642/530/183 641/531/183
f 639/531/183 627/526/183 638/532/183
f 628/524/185 629/523/185 635/523/185 634/524/185
f 631/523/183 625/523/183 643/530/183
f 621/531/183 622/526/183 640/532/183
f 641/531/183 621/531/183 640/532/183
f 631/523/183 643/530/183 642/530/183
f 641/531/183 640/532/183 633/526/183
f 633/526/183 631/523/183 642/530/183
f 644/530/183 643/530/183 635/523/183
f 644/530/183 635/523/183 629/523/183
f 638/532/183 637/526/183 621/531/183
f 644/530/183 629/523/183 627/526/183
f 638/532/183 621/531/183 639/531/183
f 639/531/183 644/530/183 627/526/183
f 622/527/183 621/533/183 637/527/183
f 643/529/183 625/528/183 622/527/183
f 632/525/184 630/524/184 631/523/184 633/526/184
f 656/534/186 647/535/186 662/536/186 661/537/186
f 660/538/187 659/539/187 656/540/187 661/541/187
f 656/542/188 659/543/188 658/544/188 657/545/188
f 653/546/183 657/547/183 655/548/183
f 652/549/188 664/550/188 650/551/188 651/552/188
f 651/546/183 649/547/183 647/553/183
f 648/544/189 645/543/189 647/542/189 649/545/189
f 646/538/190 662/541/190 647/540/190 645/539/190
f 663/550/189 654/549/189 653/552/189 655/551/189
f 647/547/183 653/554/183 651/555/183
f 653/546/183 656/553/183 657/547/183
f 651/546/183 650/548/183 649/547/183
f 647/547/183 656/556/183 653/554/183
f 661/557/185 662/558/185 646/559/185 660/560/185
f 682/536/186 681/537/186 676/534/186 667/535/186
f 680/538/187 679/539/187 676/540/187 681/541/187
f 676/542/188 679/543/188 678/544/188 677/545/188
f 669/547/183 671/546/183 670/548/183
f 671/552/188 672/549/188 684/550/188 670/551/188
f 667/547/183 673/554/183 671/555/183
f 668/544/189 665/543/189 667/542/189 669/545/189
f 666/538/190 682/541/190 667/540/190 665/539/190
f 683/550/189 674/549/189 673/552/189 675/551/189
f 673/546/183 677/547/183 675/548/183
f 669/547/183 667/553/183 671/546/183
f 667/547/183 676/556/183 673/554/183
f 673/546/183 676/553/183 677/547/183
f 681/557/185 682/558/185 666/559/185 680/560/185
f 689/561/185 686/561/185 685/562/185
f 688/563/185 692/563/185 691/562/185 685/562/185
f 690/564/191 689/565/191 691/566/191 694/567/191
f 693/568/188 694/569/188 691/570/188 692/571/188
f 699/572/189 700/573/189 687/574/189 698/575/189
f 688/571/189 685/570/189 687/569/189 700/568/189
f 697/564/192 698/576/193 687/567/192
f 685/566/194 689/565/195 690/564/196 687/567/197
f 690/564/198 697/564/199 687/567/200
f 691/562/185 689/561/185 685/562/185
f 694/567/191 696/576/191 690/564/191
f 694/574/188 693/573/188 695/572/188 696/575/188
f 702/575/188 714/574/188 712/573/188 716/572/188
f 707/562/185 709/563/185 710/563/185 715/561/185
f 704/576/201 706/567/201 707/566/201
f 712/568/188 714/569/188 713/570/188 710/571/188
f 715/565/191 714/567/191 702/576/191
f 706/574/189 704/575/189 705/572/189 711/573/189
f 709/571/189 707/570/189 706/569/189 711/568/189
f 708/565/201 703/564/201 704/576/201 707/566/201
f 710/563/185 713/562/185 715/561/185
f 715/561/185 708/561/185 707/562/185
f 702/576/191 701/564/191 715/565/191
f 715/565/191 713/566/191 714/567/191
f 708/565/183 715/565/183 701/564/183 703/564/183
f 731/523/185 730/523/185 734/524/185 733/524/185
f 735/525/182 732/526/182 731/523/182 733/524/182
f 721/524/185 719/524/185 720/523/185 722/523/185
f 740/531/183 732/526/183 739/532/183
f 724/526/202 727/530/202 726/531/202
f 719/524/182 717/525/182 718/526/182 720/523/182
f 736/525/184 734/524/184 730/523/184 737/526/184
f 738/533/183 730/528/183 720/528/183
f 729/530/183 728/530/183 730/523/183
f 729/530/183 730/523/183 731/523/183
f 739/532/183 737/526/183 738/531/183
f 729/530/183 731/523/183 732/526/183
f 739/532/183 738/531/183 740/531/183
f 740/531/183 729/530/183 732/526/183
f 738/531/183 718/526/183 725/532/183
f 726/531/183 738/531/183 725/532/183
f 720/523/183 728/530/183 727/530/183
f 722/523/183 720/523/183 727/530/183
f 726/531/183 725/532/183 724/526/183
f 724/526/203 722/523/203 727/530/203
f 720/528/183 718/527/183 738/533/183
f 738/533/183 737/527/183 730/528/183
f 730/528/183 728/529/183 720/528/183
f 723/525/184 721/524/184 722/523/184 724/526/184
g Atomic4.005_meshId41_name.001
v 900.000000 2385.000000 -0.000180
v 900.000000 2385.000000 599.999817
v 900.000000 699.999939 -0.000053
v 900.000000 700.000061 599.999939
v 907.071045 2392.071045 599.999817
v 907.071045 2392.071045 -0.000181
v 900.000000 -700.000000 0.000053
v 900.000000 -900.000000 0.000068
v 900.000000 -700.000000 150.000046
v 900.000000 -900.000000 150.000061
v 900.000000 -699.999939 600.000061
v 900.000000 -899.999939 600.000061
v 900.000000 -300.000000 0.000023
v 900.000000 -300.000000 150.000015
v 900.000000 100.000000 -0.000008
v 900.000000 100.000008 150.000000
v 900.000000 100.000046 600.000000
v 900.000000 -299.999969 600.000000
vn -1.0000 0.0041 -0.0000
vn -1.0000 0.0041 0.0001
vn -1.0000 0.0043 -0.0000
vn -1.0000 0.0042 -0.0000
vn -1.0000 -0.0000 -0.0000
vt -2.141706 4.000000
vt -2.158412 4.000000
vt -2.158412 3.000000
vt -2.141706 3.000000
vt 0.666667 3.000000
vt 0.666666 4.000000
vt 3.333322 3.250000
vt 3.333322 4.000000
vt 3.000000 4.000000
vt 3.000000 3.250000
vt 3.333322 3.000000
vt 3.000000 3.000000
vt 2.333333 3.250000
vt 1.666667 3.250000
vt 1.666667 3.000000
vt 2.333333 3.000000
vt 2.333333 4.000000
vt 1.666667 4.000000
s 0
usemtl wall011.007
f 742/577/204 745/578/204 746/579/205
f 746/579/206 741/580/204 743/581/204
f 743/581/207 744/582/207 742/577/207 746/579/207
f 750/583/208 752/584/208 751/585/208 749/586/208
f 748/587/208 750/583/208 749/586/208 747/588/208
f 754/589/208 756/590/208 755/591/208 753/592/208
f 756/590/208 754/589/208 758/593/208 757/594/208
g Atomic4.006_meshId42_name.001
v 900.000000 500.000000 149.999969
v 900.000000 500.000031 599.999939
v 900.000000 700.000000 149.999954
v 900.000000 700.000061 599.999939
v 900.000000 699.999939 -0.000053
v 900.000000 500.000000 -0.000038
v 900.000000 -899.999939 600.000061
v 900.000000 -1100.000000 600.000061
v 907.071045 -1107.071045 600.000061
v 907.071045 -1107.071045 0.000084
v 900.000000 -1100.000000 0.000083
v 900.000000 -900.000000 0.000068
vn -1.0000 -0.0000 -0.0000
vn -0.9994 -0.0341 -0.0000
vn -0.9994 -0.0341 0.0001
vt 1.000000 3.000000
vt 1.000000 3.250000
vt 0.666667 3.250000
vt 0.666667 3.000000
vt 1.000000 4.000000
vt 0.666666 4.000000
vt 3.666644 3.000000
vt 3.650370 3.000000
vt 3.650370 4.000000
vt 3.666644 4.000000
vt 3.333322 4.000000
vt 3.333322 3.000000
s 0
usemtl wall01_k1.001
f 764/595/209 759/596/209 761/597/209 763/598/209
f 760/599/209 762/600/209 761/597/209 759/596/209
f 769/601/210 768/602/211 767/603/210 766/604/211
f 766/604/210 765/605/210 770/606/210 769/601/210
g Atomic4.007_meshId43_name.001
v 900.000000 -700.000000 0.000053
v 900.000000 -700.000000 150.000046
v 900.000000 -500.000000 0.000038
v 900.000000 -500.000000 150.000031
v 900.000000 -300.000000 150.000015
v 900.000000 -300.000000 0.000023
v 900.000000 -499.999969 600.000061
v 900.000000 -699.999939 600.000061
v 900.000000 -299.999969 600.000000
v 900.000000 100.000008 150.000000
v 900.000000 299.999969 149.999985
v 900.000000 100.000000 -0.000008
v 900.000000 100.000046 600.000000
v 900.000000 300.000031 600.000000
v 900.000000 299.999969 -0.000023
vn -1.0000 -0.0000 -0.0000
vt 2.666667 3.250000
vt 3.000000 3.250000
vt 3.000000 4.000000
vt 2.666667 4.000000
vt 2.666667 3.000000
vt 3.000000 3.000000
vt 2.333333 4.000000
vt 2.333333 3.250000
vt 2.333333 3.000000
vt 1.666667 4.000000
vt 1.333333 4.000000
vt 1.333333 3.250000
vt 1.666667 3.250000
vt 1.333333 3.000000
vt 1.666667 3.000000
s 0
usemtl wall01_k2.001
f 774/607/212 772/608/212 778/609/212 777/610/212
f 772/608/212 774/607/212 773/611/212 771/612/212
f 779/613/212 775/614/212 774/607/212 777/610/212
f 775/614/212 776/615/212 773/611/212 774/607/212
f 783/616/212 784/617/212 781/618/212 780/619/212
f 781/618/212 785/620/212 782/621/212 780/619/212
g Atomic4.008_meshId44_name.001
v 900.000000 500.000000 149.999969
v 900.000000 299.999969 149.999985
v 900.000000 500.000031 599.999939
v 900.000000 300.000031 600.000000
v 900.000000 299.999969 -0.000023
v 900.000000 500.000000 -0.000038
vn -1.0000 -0.0000 -0.0000
vt 1.333333 3.250000
vt 1.333333 4.000000
vt 1.000000 4.000000
vt 1.000000 3.250000
vt 1.000000 3.000000
vt 1.333333 3.000000
s 0
usemtl wall01_k3.001
f 787/622/213 789/623/213 788/624/213 786/625/213
f 786/625/213 791/626/213 790/627/213 787/622/213
g Atomic5_meshId45_name.001
v -458.660095 2750.000000 599.999817
v -480.000000 2700.000000 599.999817
v -304.764618 2607.298584 599.999817
v -250.000000 2414.939453 599.999817
v -300.000000 2400.000000 599.999817
v -250.000000 2414.939453 -0.000182
v -304.764587 2607.298340 -0.000197
v -458.660034 2750.000000 -0.000208
v -1550.000000 2750.000000 599.999817
v -1550.000000 2750.000000 -0.000208
v -1500.000000 2700.000000 599.999817
v -300.000000 2400.000000 140.186249
v -300.000000 2400.000000 150.186249
v -309.737122 2397.722168 140.186249
v -309.737122 2397.722168 150.186249
v -1500.000000 2700.000000 409.999786
v -1500.000000 2700.000000 399.999786
v -1490.000000 2690.000000 409.999786
v -1490.000000 2690.000000 399.999786
vn -0.0000 -0.0000 1.0000
vn 0.0005 0.0004 1.0000
vn 0.6799 0.7333 -0.0000
vn 0.8524 0.5229 -0.0000
vn -0.0000 1.0000 -0.0000
vn 0.9618 0.2738 -0.0000
vn 0.2278 -0.9737 -0.0000
vn -0.7071 -0.7071 -0.0000
vn -0.3829 -0.9238 -0.0000
vt -1.278691 3.549999
vt 0.500004 0.500000
vt 1.000004 0.649397
vt -1.105957 3.953901
vt 2.086596 -18.500000
vt 2.086596 -12.500000
vt 0.547642 -12.500000
vt 0.547642 -18.500000
vt 12.999994 -18.500000
vt 12.999994 -12.500000
vt -11.964639 3.964647
vt -11.499995 3.500002
vt 0.452358 2.572983
vt 18.572983 -18.500000
vt 18.572983 -12.500000
vt 16.649397 -12.500000
vt 16.649397 -18.500000
vt 19.500000 -16.575001
vt 19.400000 -16.575001
vt 19.400000 -16.674999
vt 19.500000 -16.674999
vt -18.500002 -14.500000
vt -18.400002 -14.500000
vt -18.400002 -14.400000
vt -18.500002 -14.400000
s 0
usemtl black1.011
f 793/628/214 796/629/215 795/630/214 792/631/214
s 1
f 799/632/216 792/633/216 794/634/217 798/635/217
s 0
f 792/633/218 799/632/218 801/636/218 800/637/218
f 800/638/214 802/639/214 793/628/214
f 795/630/214 794/640/214 792/631/214
f 792/631/214 800/638/214 793/628/214
s 1
f 798/641/217 794/642/217 795/643/219 797/644/219
s 0
f 804/645/220 806/646/220 805/647/220 803/648/220
s 1
f 808/649/221 810/650/222 809/651/222 807/652/221
g Atomic5.001_meshId46_name.001
v -1507.071045 2707.071289 599.999817
v -1550.000000 2750.000000 599.999817
v -1507.071045 2707.071289 404.999847
v -1550.000000 2750.000000 -0.000208
v -1507.071045 2707.071289 -0.000204
v -289.908813 2403.081055 599.999817
v -289.908813 2403.081055 144.829315
v -250.000000 2414.939453 599.999817
v -250.000000 2414.939453 -0.000182
v -289.908813 2403.081055 -0.000181
vn -0.7071 -0.7071 -0.0000
vn 0.2884 -0.9575 -0.0000
vn 0.2848 -0.9586 -0.0000
vn 0.2885 -0.9575 -0.0000
vt 0.774027 -11.522153
vt 0.266919 -11.522153
vt 0.774026 -13.472153
vt 0.266918 -17.522154
vt 0.774026 -17.522154
vt 0.332168 -11.477846
vt 0.332168 -15.606417
vt 0.667108 -11.477846
vt 0.667107 -17.477846
vt 0.332168 -17.477846
s 0
usemtl wall031.013
f 811/653/223 812/654/223 813/655/223
f 812/654/223 814/656/223 813/655/223
f 813/655/223 814/656/223 815/657/223
f 816/658/224 817/659/224 818/660/225
f 818/660/225 817/659/226 819/661/225
f 817/659/224 820/662/224 819/661/225
g Atomic5.002_meshId47_name.001
v -540.000000 2695.000000 239.999802
v -540.000000 2700.000000 239.999802
v -540.000000 2695.000000 350.984711
v -544.386230 2695.000000 373.035767
v -544.386230 2700.000000 373.035767
v -557.435059 2695.000000 392.564789
v -557.435059 2700.000000 392.564789
v -600.000000 2695.000000 410.195679
v -600.000000 2700.000000 410.195709
v -642.564941 2695.000000 392.564789
v -642.564941 2700.000000 392.564789
v -655.613770 2695.000000 373.035767
v -655.613770 2700.000000 373.035767
v -660.000000 2695.000000 239.999802
v -660.000000 2700.000000 239.999802
v -550.000000 2695.000000 249.999802
v -553.806091 2695.000000 369.133972
v -564.644653 2695.000000 385.355103
v -580.865784 2695.000000 396.193756
v -619.134216 2695.000000 396.193756
v -646.193970 2695.000000 369.133942
v -650.000000 2695.000000 249.999802
v -600.000000 2695.000000 239.999802
v -600.000000 2695.000000 249.999817
v -1375.000000 2695.000000 429.999786
v -1385.000000 2695.000000 419.999786
v -1380.613770 2695.000000 553.035767
v -1380.613770 2700.000000 553.035828
v -1385.000000 2700.000000 419.999786
v -1348.036011 2700.000000 585.613586
v -1348.036133 2695.000000 585.613586
v -1325.000000 2700.000000 590.195740
v -1325.000000 2695.000000 590.195740
v -1282.435059 2700.000000 572.564758
v -1282.435059 2695.000000 572.564758
v -1269.386230 2700.000000 553.035828
v -1269.386230 2695.000000 553.035767
v -1265.000000 2700.000000 419.999786
v -1265.000000 2695.000000 419.999786
v -1278.806030 2695.000000 549.134033
v -1289.644531 2695.000000 565.355225
v -1325.000000 2695.000000 579.999817
v -1344.134155 2695.000000 576.193787
v -1360.355347 2695.000000 565.355225
v -1371.193970 2695.000000 549.134033
v -1275.000000 2695.000000 429.999786
v -592.000000 2686.000000 413.999786
v -592.000000 2686.000000 405.999786
v -592.000000 2700.000000 413.999786
v -608.000000 2686.000000 413.999786
v -608.000000 2686.000000 405.999786
v -608.000000 2700.000000 405.999786
v -608.000000 2700.000000 413.999786
v -592.000000 2700.000000 405.999786
v -595.000000 2695.353760 393.682739
v -595.000000 2700.000000 405.999786
v -595.000000 2689.938965 405.999786
v -605.000000 2695.354004 393.682739
v -605.000000 2689.938721 405.999786
v -605.000000 2700.000000 405.999786
v -1317.000000 2686.000000 593.999817
v -1317.000000 2700.000000 593.999817
v -1333.000000 2686.000000 593.999817
v -1317.000000 2686.000000 585.999817
v -1333.000000 2686.000000 585.999817
v -1333.000000 2700.000000 585.999817
v -1333.000000 2700.000000 593.999817
v -1317.000000 2700.000000 585.999817
v -1330.000000 2700.000000 585.999817
v -1330.000000 2689.938721 585.999817
v -1330.000000 2695.354004 573.682800
v -1320.000000 2689.938965 585.999817
v -1320.000000 2695.353760 573.682800
v -1320.000000 2700.000000 585.999817
vn -0.0000 -0.0000 1.0000
vn 0.6344 -0.0000 0.7730
vn -0.0000 -1.0000 -0.0000
vn -0.9520 -0.0000 0.3060
vn -0.6344 -0.0000 0.7730
vn 0.9335 0.1811 0.3093
vn 0.9386 0.3435 0.0309
vn 0.9387 0.3434 0.0302
vn 0.9336 0.1810 0.3093
vn -0.0000 -1.0000 -0.0002
vn 0.9387 0.3434 0.0310
vn -0.9995 -0.0000 0.0330
vn 0.9995 -0.0000 0.0330
vn 0.9520 -0.0000 0.3060
vn -0.4714 -0.0000 0.8819
vn -0.9175 -0.0000 0.3978
vn 0.0980 -0.0000 0.9952
vn -0.0000 -1.0000 -0.0001
vn -1.0000 -0.0000 -0.0000
vn 1.0000 -0.0000 -0.0000
vn -0.0000 -0.9154 -0.4024
vn -0.0000 -0.9154 -0.4025
vt 0.996999 16.996616
vt 0.980661 16.996616
vt 0.980661 16.770617
vt 0.996999 16.770617
vt 0.980661 16.002542
vt 0.933604 16.657616
vt 0.933604 16.050894
vt 0.996999 16.657616
vt 0.980661 16.657616
vt 0.980661 16.770615
vt 0.980661 16.544615
vt 0.980661 16.657616
vt 0.933604 16.883615
vt 0.654625 16.629154
vt 0.535371 16.064316
vt 0.728553 16.064316
vt 0.907029 16.524607
vt 0.681320 16.050894
vt 0.681320 16.002542
vt 0.996999 16.002542
vt 0.865153 16.587278
vt 0.802480 16.629154
vt 0.550076 16.524607
vt 0.921735 16.064316
vt 0.980661 16.002542
vt 0.933604 16.050894
vt 0.933604 16.770615
vt 0.933604 16.883615
vt 0.933604 16.996616
vt 0.980661 16.883615
vt 0.996999 16.883615
vt 0.933604 16.770615
vt 0.591953 16.587278
vt 0.728553 16.643862
vt 0.674781 16.925278
vt 0.674781 16.885391
vt 0.597299 16.885391
vt 0.597299 16.925278
vt 0.528294 16.885391
vt 0.528294 16.925278
vt 0.674781 16.997620
vt 0.597299 16.997620
vt 0.604418 16.815601
vt 0.651443 16.879232
vt 0.604418 16.879232
vt 0.559456 16.879232
vt 0.559456 16.815603
s 1
usemtl obj111.003
f 829/663/227 828/664/227 826/665/228 827/666/228
s 0
f 821/667/229 837/668/229 836/669/229
s 1
f 833/670/230 832/671/230 830/672/231 831/666/231
f 825/670/232 823/673/233 821/667/234
f 829/663/227 831/666/231 830/672/231 828/664/227
f 827/666/228 826/665/228 824/674/235 825/670/232
s 0
f 828/664/236 832/671/236 840/675/236
f 840/676/229 842/677/229 844/678/229 837/679/229
f 844/680/229 843/681/229 821/667/229
f 821/667/229 823/673/229 837/668/229
f 836/669/229 844/680/229 821/667/229
s 1
f 821/667/234 822/682/237 825/670/232
f 825/670/232 824/674/235 823/673/233
s 0
f 838/683/229 839/684/229 840/676/229
f 840/676/229 841/685/229 842/677/229
f 844/678/229 836/686/229 837/679/229
f 837/679/229 838/683/229 840/676/229
f 828/664/229 830/672/229 832/671/229
f 834/687/229 843/681/229 844/680/229
f 834/687/229 844/680/229 842/688/229
f 824/674/229 826/665/229 828/664/229
f 837/668/229 823/673/229 824/674/229
f 838/689/229 837/668/229 824/674/229
f 832/671/229 834/687/229 842/688/229
f 832/671/229 842/688/229 841/668/229
f 838/689/229 824/674/229 828/664/229
f 839/690/229 838/689/229 828/664/229
f 832/671/229 841/668/229 840/675/229
f 840/675/229 839/690/229 828/664/229
s 1
f 834/687/238 832/671/230 833/670/230 835/682/238
s 0
f 863/675/229 862/691/229 853/664/229 851/692/229
s 1
f 858/682/239 856/670/240 857/674/240 859/667/239
f 851/692/241 850/693/241 848/670/242 847/671/242
f 851/692/241 853/664/243 852/663/243 850/693/241
s 0
f 846/687/229 859/667/229 866/669/229
f 866/686/229 861/683/229 863/676/229
s 1
f 849/682/238 846/687/238 847/671/242 848/670/242
f 855/665/228 857/674/240 856/670/240 854/666/228
s 0
f 851/692/229 864/694/229 863/675/229
f 857/674/229 855/665/229 853/664/229
f 853/664/229 862/691/229 861/689/229
f 864/694/229 851/692/229 847/671/229
f 865/668/229 864/694/229 847/671/229
f 857/674/229 853/664/229 861/689/229
f 857/674/229 861/689/229 860/668/229
f 865/668/229 847/671/229 846/687/229
f 845/688/229 865/668/229 846/687/229
f 859/667/229 857/674/229 860/668/229
f 866/669/229 845/688/229 846/687/229
f 859/667/229 860/668/229 866/669/229
f 863/676/244 864/695/244 865/685/244
f 865/685/229 845/677/229 866/686/229
f 866/686/229 860/679/229 861/683/229
f 861/683/229 862/696/229 863/676/229
f 863/676/229 865/685/229 866/686/229
s 1
f 854/666/228 852/663/243 853/664/243 855/665/228
s 0
f 870/697/229 871/698/229 868/699/229 867/700/229
f 872/701/245 871/699/245 870/700/245 873/702/245
f 873/703/227 870/697/227 867/700/227 869/704/227
f 874/701/246 869/702/246 867/700/246 868/699/246
f 875/705/246 876/706/246 877/707/246
f 880/706/245 878/705/245 879/707/245
f 877/707/247 879/708/247 878/709/247 875/705/247
f 881/700/229 883/697/229 885/698/229 884/699/229
f 888/701/246 882/702/246 881/700/246 884/699/246
f 886/701/245 885/699/245 883/700/245 887/702/245
f 887/703/227 883/697/227 881/700/227 882/704/227
f 889/706/245 891/705/245 890/707/245
f 893/705/246 894/706/246 892/707/246
f 893/705/248 892/707/248 890/708/248 891/709/248
g Atomic5.003_meshId48_name.001
v -480.000000 2700.000000 187.142853
v -1507.071045 2707.071289 404.999817
v -1500.000000 2700.000000 404.999847
v -1507.071045 2707.071289 599.999817
v -1500.000000 2700.000000 599.999817
v -300.000000 2400.000000 144.541656
v -289.908813 2403.081055 144.829300
v -300.000000 2400.000000 599.999817
v -289.908813 2403.081055 599.999817
v -480.000000 2700.000000 187.499802
v -480.000000 2700.000000 599.999817
vn 0.2907 -0.9568 -0.0034
vn 0.2885 -0.9575 -0.0000
vn 0.2920 -0.9564 -0.0000
vn -0.0000 -1.0000 -0.0000
vn -0.8575 -0.5145 -0.0000
vn -0.7071 -0.7071 -0.0000
vt 5.390700 12.371603
vt 5.390700 16.500000
vt 5.492882 16.500000
vt 5.493020 12.371431
vt -4.706909 16.500000
vt -4.706909 14.550008
vt 3.479982 -10.000000
vt -0.157314 -10.000000
vt -0.157314 -14.124908
vt 3.479983 -14.550000
vt -4.608789 16.500000
vt -4.608789 14.550017
s 0
usemtl wall021.003
f 901/710/249 903/711/250 902/712/251 900/713/251
f 905/712/252 899/714/252 897/715/252 895/713/252
s 1
f 902/716/253 905/717/253 904/718/253 900/719/253
f 897/715/254 899/714/254 898/720/254 896/721/254
g Atomic5.004_meshId49_name.001
v -289.908813 2403.081055 144.829300
v -300.000000 2400.000000 144.541656
v -289.908813 2403.081055 -0.000181
v -300.000000 2400.000000 -0.000181
v -480.000000 2700.000000 -0.000204
v -480.000000 2700.000000 187.499802
v -480.000000 2700.000000 187.142853
v -1500.000000 2700.000000 -0.000204
v -1500.000000 2700.000000 404.999817
v -1507.071045 2707.071289 404.999817
v -1507.071045 2707.071289 -0.000204
vn -0.3827 -0.9239 -0.0000
vn -0.0000 -1.0000 -0.0000
vn -0.4100 -0.9121 -0.0000
vn -0.8695 -0.4939 0.0011
vn -0.8575 -0.5145 -0.0000
vn 0.2920 -0.9564 -0.0000
vn 0.2905 -0.9569 -0.0034
vn 0.2884 -0.9575 -0.0000
vn -0.7071 -0.7071 -0.0000
vt -2.055937 -16.512581
vt 3.044059 -16.512520
vt 3.044059 -15.576674
vt -2.055937 -14.487476
vt 3.058119 -14.892771
vt 1.239402 -14.675605
vt 1.239402 -15.613153
vt 3.058119 -15.613110
vt 3.097509 -16.512539
vt 3.097509 -15.576563
vt -2.105301 -16.512661
vt -2.105301 -14.487453
s 1
usemtl wall051.003
f 913/722/255 910/723/256 912/724/256 914/725/257
f 907/726/258 911/727/259 910/728/259 909/729/259
s 0
f 907/724/260 909/723/260 908/730/261 906/731/262
s 1
f 916/732/263 913/722/255 914/725/257 915/733/263
g Atomic5.005_meshId50_name.001
v -300.000000 2400.000000 150.186249
v -309.737122 2397.722168 150.186249
v -483.908691 2690.000000 192.499802
v -480.000000 2700.000000 192.499802
v -850.000061 2690.000000 264.999786
v -850.000000 2700.000000 264.999786
v -483.908691 2690.000000 182.499802
v -850.000061 2690.000000 254.999817
v -480.000000 2700.000000 182.499802
v -850.000000 2700.000000 254.999802
v -1150.000000 2690.000000 399.999786
v -1150.000000 2690.000000 409.999786
v -1490.000000 2690.000000 399.999786
v -1490.000000 2690.000000 409.999786
v -1150.000000 2700.000000 399.999786
v -1500.000000 2700.000000 409.999786
v -309.737122 2397.722168 140.186249
v -300.000000 2400.000000 140.186249
vn 0.1593 0.5965 0.7867
vn -0.3894 0.8639 0.3196
vn 0.7025 -0.4640 0.5397
vn -0.2193 -0.8637 -0.4538
vn 0.3080 -0.5041 -0.8069
vn -0.0537 -0.9515 0.3028
vn -0.8477 -0.3542 0.3949
vn -0.1166 0.3065 -0.9447
vn 0.2468 -0.2610 0.9333
vn 0.0829 -0.0922 0.9923
vn 0.1458 -0.0614 0.9874
vn -0.3168 0.0190 -0.9483
vn -0.1458 0.0614 -0.9874
vn -0.0829 0.0922 -0.9923
vn -0.9881 -0.1537 -0.0109
vn 0.0554 0.9677 0.2460
vn -0.4352 -0.0000 -0.9004
vn -0.3826 -0.9239 -0.0000
vt 1.104080 -16.000000
vt -2.295920 -15.500000
vt -0.495920 -15.500000
vt -0.495920 -16.000000
vt 1.104080 -15.500000
vt 3.104080 -15.500000
vt 1.904080 -15.500000
vt 1.904080 -16.000000
vt 3.104080 -16.000000
vt -0.500000 -15.500000
vt 0.500000 -15.500000
vt 0.500000 -16.000000
vt -0.500000 -16.000000
vt 1.904080 -16.000000
vt 3.104080 -16.000000
vt -2.295920 -16.000000
vt -0.495920 -16.000000
s 1
usemtl wall061.003
f 922/734/264 930/735/265 928/736/266
f 927/737/267 924/734/268 921/738/269 928/736/266
f 919/739/270 921/740/269 924/741/268 923/742/271
f 919/743/270 918/744/272 917/745/273 920/746/274
f 922/747/264 921/740/269 919/739/270 920/748/274
f 926/747/275 925/748/276 923/739/271 924/740/268
f 934/745/277 933/744/278 923/743/271 925/746/276
f 923/746/271 933/745/278 918/744/272 919/743/270
f 928/736/266 921/738/269 922/734/264
f 922/734/264 932/749/279 930/735/265
f 927/736/267 931/750/280 926/734/275 924/738/268
f 928/736/266 930/735/265 929/749/281 927/737/267
g Atomic6_meshId51_name.001
v 950.000000 -1150.000000 600.000061
v 900.000000 -1100.000000 600.000061
v 300.000000 -1100.000000 600.000061
v -950.000000 -1150.000000 600.000061
v 950.000000 -1150.000000 0.000087
v -950.000061 -1150.000000 0.000087
v -300.000000 -899.999939 600.000061
v -300.000000 -1100.000000 600.000061
v 300.000000 -899.999939 600.000061
v -900.000000 -1100.000000 600.000061
v 294.005707 -916.154968 600.000061
v 294.005707 -916.155029 0.000069
v 294.005707 -1147.874268 600.000061
v 294.005707 -1147.874268 0.000087
v -294.005707 -916.155029 0.000069
v -294.005707 -916.154968 600.000061
v -294.005707 -1147.874268 600.000061
v -294.005707 -1147.874268 0.000087
vn -0.0000 -0.0000 1.0000
vn -0.0000 -1.0000 -0.0000
vn -1.0000 -0.0000 -0.0000
vn 1.0000 -0.0000 -0.0000
vn -0.0000 -1.0000 0.0001
vt -2.500000 -0.249998
vt -8.949999 -0.699996
vt 3.500000 -0.250000
vt -8.499999 -0.249997
vt 9.950001 -0.700001
vt 9.500000 -0.250001
vt 10.000000 3.500000
vt -8.999999 3.500000
vt -9.000000 -2.500000
vt 10.000000 -2.500000
vt -2.499999 1.750002
vt 3.500001 1.750001
vt -0.658596 3.500000
vt -0.658596 -2.500000
vt 1.658597 -2.500000
vt 1.658597 3.500000
vt -0.658595 -2.500000
vt 1.658597 -2.500000
vt 1.658597 3.500000
vt -0.658595 3.500000
vt -2.500000 3.500000
vt -2.500000 -2.500000
vt 3.500000 -2.500000
vt 3.500000 3.500000
s 0
usemtl black1.011
f 942/751/282 938/752/282 937/753/282
f 942/751/282 944/754/282 938/752/282
f 938/752/282 935/755/282 936/756/282
f 935/757/283 938/758/283 940/759/283 939/760/283
f 938/752/282 936/756/282 937/753/282
f 941/761/282 942/751/282 937/753/282 943/762/282
f 945/763/284 946/764/284 948/765/284 947/766/284
s 1
f 952/767/285 949/768/286 950/769/283 951/770/285
s 0
f 950/771/283 949/772/283 946/773/283 945/774/283
g Atomic6.001_meshId52_name.001
v -910.000000 -1110.000000 600.000061
v -910.000000 -1110.000000 150.000076
v -950.000000 -1150.000000 600.000061
v -910.000000 -1110.000000 0.000084
v -950.000061 -1150.000000 0.000087
v 950.000000 -1150.000000 600.000061
v 950.000000 -1150.000000 0.000087
v 910.000000 -1110.000000 600.000061
v 910.000000 -1110.000000 150.000076
v 910.000000 -1110.000000 0.000084
v 170.000015 -950.000000 320.000092
v 169.999985 -950.000000 0.000072
v 170.000000 -910.000000 320.000061
v 170.000000 -910.000000 150.000076
v 170.000000 -910.000000 0.000069
v -170.000031 -950.000000 320.000092
v -170.000092 -950.000000 0.000072
v -170.000061 -910.000000 320.000061
v -170.000061 -910.000000 150.000076
v -170.000061 -910.000000 0.000069
vn -0.7071 0.7071 -0.0000
vn 0.7071 0.7071 -0.0000
vn -1.0000 -0.0000 -0.0000
vn 1.0000 -0.0000 -0.0000
vt 0.300635 4.118793
vt 0.300635 -0.381206
vt 0.724899 4.118793
vt 0.300635 -1.881206
vt 0.724899 -1.881206
vt 0.322145 2.958867
vt 0.322144 -3.041133
vt 0.746409 2.958867
vt 0.746408 -1.541133
vt 0.746408 -3.041133
vt 0.724899 1.318794
vt 0.300635 1.318794
s 0
usemtl wall031.013
f 953/775/287 954/776/287 955/777/287
f 954/776/287 956/778/287 955/777/287
f 955/777/287 956/778/287 957/779/287
f 958/780/288 959/781/288 960/782/288
f 960/782/288 959/781/288 961/783/288
f 959/781/288 962/784/288 961/783/288
f 963/785/289 965/786/289 964/779/289
f 965/786/289 966/776/289 964/779/289
f 964/779/289 966/776/289 967/778/289
f 968/785/290 969/779/290 970/786/290
f 970/786/290 969/779/290 971/776/290
f 969/779/290 972/778/290 971/776/290
g Atomic6.004_meshId55_name.001
v -300.000000 -1100.000000 0.000083
v -300.000000 -900.000000 0.000068
v 170.000000 -910.000000 320.000061
v 170.000031 -900.000000 320.000061
v -700.000000 -1100.000000 0.000083
v -300.000000 -1100.000000 600.000061
v -699.999939 -1100.000000 600.000061
v 170.000000 -910.000000 0.000069
v 170.000031 -900.000000 0.000068
v -300.000000 -899.999939 600.000061
v -170.000000 -900.000000 0.000068
v 300.000000 -900.000000 0.000068
v -170.000000 -900.000000 320.000061
v -170.000061 -910.000000 320.000061
v -170.000061 -910.000000 0.000069
v 300.000000 -899.999939 600.000061
v 699.999939 -1100.000000 150.000076
v 500.000000 -1100.000000 150.000076
v 700.000000 -1100.000000 600.000061
v 500.000000 -1100.000000 0.000083
v 699.999939 -1100.000000 0.000083
v 500.000000 -1100.000000 600.000061
vn -1.0000 -0.0000 -0.0000
vn -0.0000 1.0000 -0.0000
vn 1.0000 -0.0000 -0.0000
vt 3.666735 0.000000
vt 3.666735 1.000000
vt 3.333333 1.000000
vt 3.333333 0.000000
vt 0.000000 0.000000
vt -0.666667 0.000000
vt -0.666667 1.000000
vt 0.000000 1.000000
vt -1.000000 0.533333
vt -1.016667 0.533333
vt -1.016667 0.000000
vt -1.000000 0.000000
vt 0.999501 0.999501
vt 0.783050 0.533300
vt 0.216950 0.533300
vt 0.000500 0.999501
vt 0.216950 0.000499
vt 0.000500 0.000499
vt 0.999501 0.000499
vt 0.783050 0.000499
vt 1.333333 0.250000
vt 1.333333 1.000000
vt 1.666667 1.000000
vt 1.666667 0.250000
vt 1.666667 0.000000
vt 1.333333 0.000000
s 0
usemtl wall011.007
f 973/787/291 978/788/291 982/789/291 974/790/291
f 973/791/292 977/792/292 979/793/292 978/794/292
f 985/795/293 986/796/293 987/797/293 983/798/293
f 988/799/292 976/800/292 985/801/292 982/802/292
f 985/801/292 983/803/292 974/804/292
f 988/799/292 984/805/292 981/806/292
f 988/799/292 981/806/292 976/800/292
f 985/801/292 974/804/292 982/802/292
f 981/798/291 980/797/291 975/796/291 976/795/291
f 990/807/292 994/808/292 991/809/292 989/810/292
f 993/811/292 992/812/292 990/807/292 989/810/292
g Atomic6.005_meshId56_name.001
v -900.000000 -1100.000000 0.000083
v -700.000000 -1100.000000 0.000083
v -900.000000 -1100.000000 600.000061
v -699.999939 -1100.000000 600.000061
v -910.000000 -1110.000000 0.000084
v -910.000000 -1110.000000 600.000061
v 300.000000 -900.000000 0.000068
v 300.000000 -1100.000000 0.000083
v 500.000000 -1100.000000 0.000083
v 500.000000 -1100.000000 600.000061
v 300.000000 -1100.000000 600.000061
v 300.000000 -899.999939 600.000061
v 900.000000 -1100.000000 600.000061
v 900.000000 -1100.000000 0.000083
v 910.000000 -1110.000000 0.000084
v 910.000000 -1110.000000 600.000061
v 699.999939 -1100.000000 0.000083
v 700.000000 -1100.000000 600.000061
vn -0.0000 1.0000 -0.0000
vn -0.7071 0.7071 -0.0000
vn 1.0000 -0.0000 -0.0000
vn 0.7071 0.7071 -0.0000
vt -1.000000 0.000000
vt -1.000000 1.000000
vt -0.666667 1.000000
vt -0.666667 0.000000
vt -1.016667 0.000000
vt -1.016667 1.000000
vt 3.333333 1.000000
vt 3.666789 1.000000
vt 3.666789 0.000000
vt 3.333333 0.000000
vt 1.333333 0.000000
vt 1.000000 0.000000
vt 1.000000 1.000000
vt 1.333333 1.000000
vt 1.666667 0.000000
vt 1.666667 1.000000
vt 2.000000 1.000000
vt 2.000000 0.000000
vt 2.016667 1.000000
vt 2.016667 0.000000
s 0
usemtl wall01_k11.001
f 995/813/294 997/814/294 998/815/294 996/816/294
f 997/814/295 995/813/295 999/817/295 1000/818/295
f 1006/819/296 1005/820/296 1002/821/296 1001/822/296
f 1003/823/294 1002/824/294 1005/825/294 1004/826/294
f 1011/827/294 1012/828/294 1007/829/294 1008/830/294
f 1008/830/297 1007/829/297 1010/831/297 1009/832/297
g Atomic9_meshId60_name.001
v -752.807617 2260.000000 183.554413
v -755.500000 2266.500000 183.554413
v -755.500000 2253.500000 183.554413
v -762.000000 2269.192383 183.554413
v -768.500000 2266.500000 183.554413
v -768.500000 2253.500000 183.554413
v -762.000000 2250.807617 183.554413
v -762.000000 2250.807617 163.155869
v -755.500000 2253.500000 163.155869
v -752.807617 2260.000000 163.155869
v -755.500000 2266.500000 163.155869
v -762.000000 2269.192383 163.155869
v -768.500000 2266.500000 163.155869
v -768.500000 2253.500000 163.155869
v -745.527588 2260.000000 159.999832
v -745.527588 2260.000000 155.999832
v -753.763794 2274.265625 159.999832
v -754.303406 2260.000000 163.999832
v -753.763794 2245.734375 159.999832
v -753.763855 2245.734375 155.999832
v -758.151611 2266.665527 163.999832
v -765.848389 2266.665527 163.999832
v -770.236206 2274.265625 159.999832
v -769.696655 2260.000000 163.999832
v -778.472412 2260.000000 159.999832
v -765.848389 2253.334473 163.999832
v -770.236206 2245.734375 159.999832
v -758.151611 2253.334473 163.999832
v -770.236206 2245.734375 155.999832
v -778.472412 2260.000000 155.999832
v -770.236206 2274.265625 155.999832
v -753.763855 2274.265625 155.999832
v -748.000000 2260.000000 45.999828
v -748.000000 2260.000000 -0.000171
v -755.000000 2272.124023 45.999828
v -776.000000 2260.000000 45.999828
v -754.999939 2247.875488 -0.000170
v -754.999939 2247.875488 45.999832
v -768.999939 2247.875488 45.999832
v -776.000000 2260.000000 -0.000171
v -768.999939 2247.875488 -0.000170
v -769.000000 2272.124023 -0.000172
v -755.000000 2272.124023 -0.000172
v -769.000000 2272.124023 45.999828
v -769.493774 2260.000000 155.999832
v -765.746948 2266.489746 155.999832
v -758.253113 2266.489746 155.999832
v -754.506226 2260.000000 155.999832
v -758.253113 2253.510254 155.999832
v -765.746948 2253.510254 155.999832
v -766.689941 2251.876465 45.999828
v -771.380066 2260.000000 45.999828
v -766.689941 2268.123535 45.999828
v -757.309998 2268.123535 45.999828
v -752.619995 2260.000000 45.999828
v -757.309937 2251.876465 45.999828
v -757.000061 2261.921875 132.263550
v -757.000122 2261.921875 127.263550
v -766.999939 2261.866699 132.263550
v -766.999939 2261.866699 127.263550
v -781.284424 2365.081055 233.467377
v -781.284424 2365.081055 228.467377
v -786.350342 2356.314941 228.186462
v -786.350342 2356.314941 233.186447
v -1165.802124 2360.000000 416.472076
v -1165.802124 2370.000000 416.472076
v -1165.802124 2370.000000 421.472076
v -1165.802124 2360.000000 421.472076
v -757.000061 2261.921875 21.235401
v -757.000122 2261.921875 18.235399
v -766.999939 2261.866699 21.235401
v -766.999939 2261.866699 18.235399
v -781.284424 2365.081055 122.439232
v -781.284424 2365.081055 119.439240
v -786.350342 2356.314941 122.158333
v -786.350342 2356.314941 119.158325
v -1165.802124 2370.000000 307.443970
v -1165.802124 2360.000000 307.443970
v -1165.802124 2360.000000 310.443939
v -1165.802124 2370.000000 310.443939
v -762.000000 2316.568359 179.798965
v -762.000000 2316.568359 68.609169
v -762.000000 2312.568359 176.035324
v -762.000000 2312.568359 65.191582
v -762.000000 2292.448242 157.745773
v -762.000000 2292.448242 46.274609
v -762.000000 2288.448242 153.651245
v -762.000000 2288.448242 42.695553
v -763.963745 2334.800293 197.810242
v -763.963745 2334.800293 86.042107
v -765.696045 2338.405762 202.313324
v -765.696045 2338.405762 90.497101
v -776.613037 2354.284180 222.387817
v -776.613037 2354.284180 111.660988
v -779.575439 2356.971680 226.354965
v -779.575439 2356.971680 116.219513
v -797.256348 2364.446289 242.723389
v -797.256348 2364.446289 131.269516
v -801.112671 2365.508789 244.689758
v -801.112671 2365.508789 133.548431
v -823.000000 2365.000000 255.506699
v -823.000000 2365.000000 144.344147
v -827.000000 2365.000000 257.580078
v -827.000000 2365.000000 146.392929
v -848.000000 2365.000000 267.124512
v -848.000000 2365.000000 156.348679
v -852.000000 2365.000000 269.502380
v -852.000000 2365.000000 158.384735
v -873.000000 2365.000000 279.146729
v -873.000000 2365.000000 168.159119
v -877.000000 2365.000000 281.510559
v -877.000000 2365.000000 170.183136
v -898.000000 2365.000000 291.301666
v -898.000000 2365.000000 180.770172
v -902.000000 2365.000000 293.539093
v -902.000000 2365.000000 182.199326
v -923.000000 2365.000000 302.923828
v -923.000000 2365.000000 192.994202
v -927.000000 2365.000000 305.464905
v -927.000000 2365.000000 194.423340
v -948.871826 2365.000000 315.324524
v -948.871826 2365.000000 204.984543
v -952.871826 2365.000000 318.133972
v -952.871826 2365.000000 206.775986
v -975.388428 2365.000000 328.918579
v -975.388428 2365.000000 217.740875
v -979.388428 2365.000000 330.744751
v -979.388428 2365.000000 219.170029
v -1001.950684 2365.000000 341.284668
v -1001.950684 2365.000000 230.283371
v -1005.950684 2365.000000 343.535217
v -1005.950684 2365.000000 232.300095
v -1027.663330 2365.000000 354.001740
v -1027.663330 2365.000000 242.630966
v -1031.663330 2365.000000 356.100616
v -1031.663330 2365.000000 244.669846
v -1053.698975 2365.000000 366.257507
v -1053.698975 2365.000000 255.264267
v -1057.698975 2365.000000 368.498535
v -1057.698975 2365.000000 257.303406
v -1079.569702 2365.000000 378.521484
v -1079.569702 2365.000000 267.891174
v -1083.569702 2365.000000 380.630066
v -1083.569702 2365.000000 269.930237
v -1105.886475 2365.000000 391.016968
v -1105.886475 2365.000000 280.634399
v -1109.886475 2365.000000 393.551697
v -1109.886475 2365.000000 282.673523
v -1131.881836 2365.000000 403.755859
v -1135.881836 2365.000000 406.145660
v -1131.881836 2365.000000 293.064331
v -1135.881836 2365.000000 295.103394
v -1161.376465 2351.477051 325.999817
v -1151.476807 2361.376465 325.999817
v -1161.376465 2351.477051 279.999817
v -1174.899414 2355.100586 279.999817
v -1174.899414 2355.100586 325.999817
v -1155.100464 2374.899414 325.999817
v -1155.100342 2374.899414 279.999817
v -1151.476807 2361.376465 279.999817
v -1168.623291 2378.523193 325.999817
v -1178.522827 2368.623535 325.999817
v -1168.623291 2378.522949 279.999817
v -1178.522827 2368.623535 279.999817
v -1158.367188 2371.632568 325.999817
v -1167.427734 2374.060303 325.999817
v -1170.298706 2359.701172 435.999847
v -1163.060303 2357.761475 435.999817
v -1157.761597 2363.060547 435.999817
v -1159.701050 2370.298584 435.999817
v -1171.632568 2358.367188 325.999817
v -1162.572144 2355.939453 325.999817
v -1155.939453 2362.572266 325.999817
v -1166.939331 2372.238281 435.999817
v -1172.238403 2366.939209 435.999817
v -1174.060303 2367.427734 325.999817
vn 0.1448 0.7283 0.6698
vn -0.6646 0.4441 0.6009
vn 0.1448 -0.7283 0.6698
vn 0.6861 -0.0000 0.7275
vn 0.5000 -0.5000 0.7071
vn 0.1950 -0.9808 -0.0000
vn 0.7071 -0.7071 -0.0000
vn 1.0000 -0.0000 -0.0000
vn 0.1950 0.9808 -0.0000
vn -0.8315 0.5556 -0.0000
vn -0.8315 -0.5556 -0.0000
vn -0.6646 -0.4441 0.6009
vn 0.5001 0.5000 0.7070
vn 0.7071 0.7071 -0.0000
vn 0.5000 0.8660 -0.0000
vn -0.5000 0.8660 -0.0000
vn -0.4428 0.8961 0.0293
vn 0.1373 0.3844 0.9129
vn 0.5000 -0.8660 -0.0000
vn 0.1924 -0.9728 0.1288
vn -0.4662 -0.8825 0.0618
vn -0.5000 -0.8660 -0.0000
vn 0.3710 0.1034 0.9228
vn -0.0001 0.1887 0.9820
vn 0.0001 0.1887 0.9820
vn -0.9099 -0.3793 0.1682
vn -1.0000 -0.0000 -0.0000
vn -0.0000 -0.1047 0.9945
vn -0.0000 -0.1046 0.9945
vn -0.0001 -0.1047 0.9945
vn -0.0001 -0.1048 0.9945
vn -0.0000 -0.0000 1.0000
vn -0.4999 -0.8659 0.0171
vn 0.4999 -0.8659 0.0171
vn 0.9999 -0.0000 0.0171
vn -0.9999 -0.0000 0.0171
vn -0.4999 0.8659 0.0171
vn 0.4999 0.8659 0.0171
vn 0.4276 -0.4516 0.7831
vn 0.2599 0.3988 0.8794
vn 0.0844 0.9961 -0.0263
vn -0.3775 -0.5925 -0.7117
vn 0.4153 -0.0695 -0.9070
vn -0.8827 -0.4457 -0.1490
vn -0.0157 -0.9985 0.0526
vn 0.6228 -0.1060 0.7752
vn -0.7065 0.2935 -0.6440
vn 0.1520 -0.4949 0.8556
vn -0.7519 0.6474 0.1248
vn 0.7949 -0.1680 0.5830
vn 0.7441 0.6421 0.1842
vn -0.6266 -0.6707 -0.3970
vn -0.9797 0.1488 -0.1344
vn 0.0684 -0.0141 0.9976
vn 0.2639 -0.3582 0.8956
vn 0.4327 -0.1574 0.8877
vn 0.3200 -0.9393 -0.1235
vn 0.9620 -0.1415 0.2334
vn 0.2596 0.3989 0.8795
vn 0.1119 -0.5452 -0.8308
vn -0.8472 0.5298 -0.0401
vn 0.4360 -0.2299 0.8701
vn -0.9014 -0.4331 -0.0000
vn 0.9014 0.4331 -0.0000
vn -0.6719 -0.7406 -0.0000
vn 0.6719 0.7406 -0.0000
vn -0.2656 -0.9641 -0.0000
vn 0.2656 0.9641 -0.0000
vn -0.0000 -1.0000 -0.0000
vn -0.0000 1.0000 -0.0000
vn 0.9659 -0.2588 -0.0000
vn -0.2588 0.9659 -0.0000
vn -0.9659 0.2588 -0.0000
vn -0.7071 -0.7071 -0.0000
vn 0.2588 -0.9659 -0.0000
vn -0.8103 -0.3293 0.4847
vn -0.7070 -0.7070 0.0171
vn 0.2588 -0.9658 0.0171
vn 0.3368 -0.5145 0.7885
vn -0.8498 -0.0965 0.5181
vn -0.9658 0.2588 0.0171
vn 0.1285 0.8677 0.4802
vn -0.2588 0.9658 0.0171
vn 0.9658 -0.2588 0.0171
vn 0.7885 0.1179 0.6036
vn 0.7070 0.7070 0.0171
vn 0.6233 0.7039 0.3407
vt 0.839730 -0.064900
vt 0.794447 -0.064900
vt 0.839730 -0.182516
vt 0.794447 -0.182517
vt 0.839578 -0.354039
vt 0.797390 -0.354039
vt 0.797390 -0.341728
vt 0.839578 -0.341728
vt 0.713012 -0.354039
vt 0.713012 -0.341728
vt 0.755201 -0.341728
vt 0.755201 -0.354039
vt 0.797390 -0.317300
vt 0.839578 -0.317300
vt 0.713012 -0.317300
vt 0.755201 -0.317300
vt 0.841329 -0.998469
vt 0.798310 -0.998469
vt 0.798310 -0.825844
vt 0.841329 -0.825844
vt 0.755291 -0.998469
vt 0.755291 -0.825844
vt 0.712272 -0.998469
vt 0.712272 -0.825844
vt 0.827525 -0.263539
vt 0.811792 -0.263539
vt 0.803925 -0.277164
vt 0.827525 -0.290790
vt 0.811792 -0.290790
vt 0.835391 -0.277164
vt 0.755552 -0.802693
vt 0.712871 -0.802693
vt 0.712871 -0.360417
vt 0.755552 -0.360417
vt 0.787563 -0.360417
vt 0.798233 -0.802693
vt 0.840915 -0.360417
vt 0.840915 -0.802693
vt 0.680173 -0.521432
vt 0.705000 -0.575296
vt 0.705000 -0.521362
vt 0.680062 -0.575365
vt 0.680285 -0.007192
vt 0.705000 -0.007192
vt 0.634127 -0.524369
vt 0.658813 -0.524269
vt 0.658813 -0.002686
vt 0.634127 -0.002358
vt 0.819574 -0.360417
s 1
usemtl door021.007
f 1016/833/298 1017/834/299 1019/833/300 1013/833/301
f 1015/834/302 1019/833/300 1020/835/303 1021/836/304
f 1013/833/301 1015/834/302 1021/836/304 1022/835/305
f 1017/834/299 1016/833/298 1024/835/306 1025/836/307
f 1026/836/308 1020/835/303 1019/833/300 1018/834/309
f 1016/833/298 1014/834/310 1023/836/311 1024/835/306
f 1017/834/299 1018/834/309 1019/833/300
f 1019/833/300 1015/834/302 1013/833/301
f 1013/833/301 1014/834/310 1016/833/298
f 1018/834/309 1017/834/299 1025/836/307 1026/836/308
f 1014/834/310 1013/833/301 1022/835/305 1023/836/311
f 1044/837/312 1043/838/313 1035/839/314 1029/840/315
f 1032/841/316 1031/842/317 1039/843/318 1041/844/319
f 1044/838/312 1029/839/315 1027/843/320 1028/844/305
f 1035/839/314 1034/845/321 1033/846/322 1029/840/315
f 1037/839/323 1042/838/324 1041/844/319 1039/843/318
f 1040/847/325 1039/843/318 1027/843/320
f 1031/842/317 1032/841/316 1028/844/305 1027/843/320
f 1033/845/322 1030/848/326 1027/843/320 1029/839/315
f 1036/845/327 1034/846/321 1035/840/314
f 1035/840/314 1037/839/323 1039/843/318
f 1039/843/318 1031/842/317 1027/843/320
f 1036/845/327 1035/840/314 1039/843/318
f 1038/848/328 1036/845/327 1039/843/318
f 1027/843/320 1030/848/326 1040/847/325
f 1040/847/325 1038/848/328 1039/843/318
f 1035/840/314 1043/837/313 1042/838/324 1037/839/323
f 1054/849/313 1052/850/324 1048/851/324 1056/852/313
f 1053/853/319 1051/854/319 1048/851/324 1052/850/324
f 1049/855/316 1050/856/316 1051/854/319 1053/853/319
s 0
f 1051/857/329 1050/858/329 1045/859/329 1056/860/329
s 1
f 1049/855/316 1046/853/305 1045/854/305 1050/856/316
f 1055/850/312 1054/849/313 1056/852/313 1047/851/312
s 0
f 1045/859/329 1047/861/329 1056/860/329
f 1056/860/329 1048/862/329 1051/857/329
s 1
f 1055/850/312 1047/851/312 1045/854/305 1046/853/305
f 1063/863/330 1068/864/331 1061/865/331 1062/866/330
f 1068/864/331 1067/863/332 1060/866/332 1061/865/331
f 1062/866/330 1057/867/333 1064/868/333 1063/863/330
f 1058/869/334 1065/870/334 1064/868/333 1057/867/333
f 1066/868/335 1059/867/335 1060/866/332 1067/863/332
f 1065/868/334 1058/867/334 1059/869/335 1066/870/335
f 1076/871/336 1069/872/337 1073/873/338
f 1075/871/339 1074/873/340 1072/874/341
f 1077/875/342 1075/871/339 1076/871/336 1080/875/343
f 1074/873/340 1069/872/337 1070/872/344
f 1071/874/345 1075/871/339 1072/874/341
f 1078/876/346 1079/876/347 1073/873/338 1074/873/340
f 1076/871/336 1071/874/345 1069/872/337
f 1080/875/343 1076/871/336 1073/873/338 1079/876/347
f 1074/873/340 1070/872/344 1072/874/341
f 1074/873/340 1073/873/338 1069/872/337
f 1071/874/345 1076/871/336 1075/871/339
f 1078/876/346 1074/873/340 1075/871/339 1077/875/342
f 1086/873/348 1084/874/349 1088/871/350
f 1088/871/350 1083/874/351 1087/871/352
f 1087/871/352 1091/875/353 1090/875/354 1088/871/350
f 1085/873/355 1087/871/352 1081/872/356
f 1086/873/348 1081/872/356 1082/872/357
f 1089/876/358 1092/876/359 1085/873/355 1086/873/348
f 1086/873/348 1082/872/357 1084/874/349
f 1088/871/350 1084/874/349 1083/874/351
f 1089/876/358 1086/873/348 1088/871/350 1090/875/354
f 1087/871/352 1083/874/351 1081/872/356
f 1086/873/348 1085/873/355 1081/872/356
f 1091/875/353 1087/871/352 1085/873/355 1092/876/359
s 0
f 1096/877/305 1094/878/305 1093/879/305
f 1093/879/324 1094/878/324 1095/880/324
f 1095/880/305 1096/877/305 1093/879/305
f 1094/878/324 1096/877/324 1095/880/324
f 1100/878/305 1098/877/305 1097/880/305
f 1097/879/324 1098/878/324 1099/880/324
f 1099/879/305 1100/878/305 1097/880/305
f 1098/878/324 1100/877/324 1099/880/324
f 1104/878/360 1102/877/360 1101/880/360
f 1101/880/361 1102/877/361 1103/879/361
f 1103/879/360 1104/878/360 1101/880/360
f 1102/877/361 1104/878/361 1103/879/361
f 1106/877/362 1105/880/362 1108/878/362
f 1105/880/363 1106/877/363 1107/879/363
f 1105/880/362 1107/879/362 1108/878/362
f 1106/877/363 1108/878/363 1107/879/363
f 1109/880/364 1111/879/364 1112/878/364 1110/877/364
f 1110/877/365 1112/878/365 1111/879/365 1109/880/365
f 1113/880/366 1115/879/366 1116/878/366 1114/877/366
f 1114/877/367 1116/878/367 1115/879/367 1113/880/367
f 1117/880/366 1119/879/366 1120/878/366 1118/877/366
f 1118/877/367 1120/878/367 1119/879/367 1117/880/367
f 1121/880/366 1123/879/366 1124/878/366 1122/877/366
f 1122/877/367 1124/878/367 1123/879/367 1121/880/367
f 1125/880/366 1127/879/366 1128/878/366 1126/877/366
f 1126/877/367 1128/878/367 1127/879/367 1125/880/367
f 1129/880/366 1131/879/366 1132/878/366 1130/877/366
f 1130/877/367 1132/878/367 1131/879/367 1129/880/367
f 1133/880/366 1135/879/366 1136/878/366 1134/877/366
f 1134/877/367 1136/878/367 1135/879/367 1133/880/367
f 1137/880/366 1139/879/366 1140/878/366 1138/877/366
f 1138/877/367 1140/878/367 1139/879/367 1137/880/367
f 1141/880/366 1143/879/366 1144/878/366 1142/877/366
f 1142/877/367 1144/878/367 1143/879/367 1141/880/367
f 1145/880/366 1147/879/366 1148/878/366 1146/877/366
f 1146/877/367 1148/878/367 1147/879/367 1145/880/367
f 1149/880/366 1151/879/366 1152/878/366 1150/877/366
f 1150/877/367 1152/878/367 1151/879/367 1149/880/367
f 1153/880/366 1155/879/366 1156/878/366 1154/877/366
f 1154/877/367 1156/878/367 1155/879/367 1153/880/367
f 1157/880/366 1159/879/366 1160/878/366 1158/877/366
f 1158/877/367 1160/878/367 1159/879/367 1157/880/367
f 1163/877/366 1161/880/366 1162/879/366 1164/878/366
f 1163/877/367 1164/878/367 1162/879/367 1161/880/367
s 1
f 1172/855/368 1171/853/311 1170/854/311 1166/856/368
s 0
f 1165/857/329 1166/858/329 1170/859/329 1174/860/329
s 1
f 1175/850/369 1176/849/370 1174/852/370 1173/851/369
f 1176/849/370 1168/850/371 1169/851/371 1174/852/370
f 1175/850/369 1173/851/369 1170/854/311 1171/853/311
f 1172/855/368 1166/856/368 1165/854/372 1167/853/372
s 0
f 1170/859/329 1173/861/329 1174/860/329
f 1174/860/329 1169/862/329 1165/857/329
s 1
f 1168/850/371 1167/853/372 1165/854/372 1169/851/371
f 1179/867/373 1183/868/374 1184/863/375 1180/866/376
f 1183/868/374 1179/867/373 1187/869/377 1188/870/378
f 1186/869/379 1178/870/380 1188/868/378 1187/867/377
f 1180/866/376 1184/863/375 1185/864/381 1181/865/382
f 1177/863/383 1178/868/380 1186/867/379 1182/866/384
f 1179/881/373 1186/869/379 1187/867/377
f 1177/863/383 1182/866/384 1181/865/382 1185/864/381
f 1180/866/376 1181/865/382 1182/866/384
f 1182/866/384 1186/867/379 1179/867/373 1180/866/376
g Atomic9.001_meshId61_name.001
v -1500.000000 2350.000000 279.999817
v -1150.000000 2350.000000 279.999817
v -1500.000000 2700.000000 279.999786
v -1150.000000 2700.000000 279.999786
v -350.000092 2580.000000 20.833141
v -770.000061 2290.000000 20.833162
v -299.999969 2400.000000 20.833155
v -770.000000 2260.000000 20.833166
v -350.000092 2580.000000 41.666473
v -770.000000 2290.000000 41.666496
v -480.000092 2700.000000 41.666466
v -770.000061 2320.000000 41.666496
v -480.000092 2700.000000 62.499798
v -770.000000 2320.000000 62.499825
v -770.000000 2260.000000 -0.000171
v -299.999969 2400.000000 -0.000187
v -630.000122 2700.000000 62.499798
v -780.000061 2340.000000 62.499828
v -630.000122 2700.000000 87.415131
v -780.000000 2340.000000 87.415161
v -750.000122 2700.000000 87.402199
v -800.000061 2350.000000 87.415161
v -750.000122 2700.000000 110.422760
v -800.000061 2350.000000 110.422813
v -770.000000 2320.000000 20.832825
v -770.000000 2290.000000 -0.000173
v -780.000000 2340.000000 41.666824
v -800.000000 2350.000000 62.499821
v -850.000122 2350.000000 110.422813
v -850.000000 2700.000000 110.422791
v -850.000000 2350.000000 87.414825
v -850.000000 2700.000000 135.141220
v -850.000122 2350.000000 135.141235
v -900.000061 2350.000000 135.141235
v -900.000000 2700.000000 135.141220
v -900.000000 2350.000000 110.422829
v -900.000000 2700.000000 159.506210
v -900.000122 2350.000000 159.506226
v -950.000122 2350.000000 159.506241
v -950.000000 2700.000000 159.506210
v -950.000000 2350.000000 135.140823
v -950.000000 2700.000000 183.871246
v -950.000122 2350.000000 183.871262
v -1000.000122 2350.000000 183.871262
v -1000.000000 2700.000000 183.871246
v -1000.000000 2350.000000 159.505814
v -1000.000000 2700.000000 208.236282
v -1000.000122 2350.000000 208.236282
v -1050.000122 2350.000000 208.236298
v -1050.000000 2700.000000 208.236282
v -1050.000000 2350.000000 183.870819
v -1050.000000 2700.000000 232.601242
v -1050.000122 2350.000000 232.601257
v -1100.000000 2350.000000 232.601273
v -1100.000000 2700.000000 232.601242
v -1100.000000 2350.000000 208.235794
v -1100.000000 2700.000000 256.966278
v -1100.000000 2350.000000 256.966309
v -1150.000000 2350.000000 256.966339
v -1150.000000 2700.000000 256.966278
v -1150.000000 2350.000000 232.600800
vn 1.0000 -0.0000 -0.0000
vn -0.0000 -1.0000 -0.0000
vn -0.0000 -0.0000 1.0000
vn 0.7950 -0.6067 -0.0000
vn -1.0000 -0.0000 -0.0000
vn -0.1526 -0.9883 -0.0000
vn 0.9899 -0.1414 -0.0000
vn -0.1528 -0.9883 -0.0000
vn -0.2299 -0.9732 -0.0000
vn -0.6246 -0.7810 -0.0000
vn -0.4472 -0.8944 -0.0000
vn -0.0001 -0.0000 1.0000
vn 0.9231 -0.3846 -0.0000
vn -0.9523 -0.3053 -0.0000
vn -0.9733 -0.2296 -0.0000
vn 0.5682 -0.8229 -0.0000
vn 0.2855 -0.9584 -0.0000
vn -0.7072 -0.7070 -0.0000
vn -0.9522 -0.3055 -0.0000
vn -0.8944 -0.4472 -0.0000
vn -0.6247 -0.7809 -0.0000
vt 0.000000 -1.000000
vt 1.000000 -1.000000
vt 1.000000 -0.925488
vt 0.000000 -0.925488
vt 0.053836 -0.925450
vt 0.053836 -1.000000
vt 0.153836 -1.000000
vt 0.153836 -0.925450
vt -0.120916 -0.610941
vt -0.146059 -0.683962
vt 1.119532 -0.734968
vt 1.148688 -0.254943
vt -0.064503 -0.428914
vt 1.151175 -0.826622
vt 1.172706 -0.371655
vt -0.019331 -0.230804
vt 1.173348 -0.695944
vt 1.043325 -0.307347
vt -0.063903 -0.925772
vt -0.063903 -1.000000
vt 1.172261 -1.000000
vt 1.172261 -0.925772
vt 1.000000 -0.775616
vt 0.000000 -0.775616
vt 0.000000 -0.916260
vt 1.000000 -0.916260
vt -0.019235 -0.386357
vt 1.043267 -0.668932
vt 0.999758 -0.338451
vt 0.001054 -0.327651
vt -0.019427 -1.000000
vt 1.042745 -1.000000
vt 1.042745 -0.925772
vt -0.019427 -0.925772
vt 1.000000 -0.916456
vt 1.000000 0.026226
vt 0.000000 -0.916456
vt -0.120006 -1.000000
vt 1.146913 -1.000000
vt 1.146913 -0.925772
vt -0.120006 -0.925772
vt 1.118549 -1.000000
vt 1.118549 -0.925772
vt -0.145146 -0.925772
vt -0.145146 -1.000000
vt 1.000000 -0.357143
vt 0.000000 -0.357143
vt 0.000000 -0.500000
vt 1.000000 -0.642857
vt -0.123669 -0.478560
vt -0.062476 -0.274047
s 0
usemtl step011.003
f 1232/882/385 1233/883/385 1235/884/385 1236/885/385
f 1217/882/385 1218/883/385 1220/884/385 1221/885/385
f 1242/886/386 1244/887/386 1237/888/386 1241/889/386
f 1194/890/387 1196/891/387 1195/892/387 1193/893/387
f 1200/894/387 1197/895/387 1199/896/387
f 1206/897/387 1201/898/387 1205/899/387
f 1247/882/385 1248/883/385 1192/884/385 1190/885/385
f 1227/882/385 1228/883/385 1230/884/385 1231/885/385
f 1202/900/388 1200/901/388 1199/902/388 1201/903/388
f 1214/887/389 1203/888/389 1196/889/389 1194/886/389
s 1
f 1217/886/386 1219/887/386 1210/888/390 1212/889/386
s 0
f 1210/882/391 1209/883/391 1211/884/391 1212/885/391
f 1248/904/387 1247/905/387 1246/906/387 1245/907/387
f 1238/904/387 1237/905/387 1236/906/387 1235/907/387
s 1
f 1210/886/392 1216/887/393 1206/888/394 1208/889/395
s 0
f 1223/904/387 1222/905/387 1221/906/387 1220/907/387
f 1208/908/396 1207/909/396 1209/910/396 1210/911/396
f 1237/886/386 1239/887/386 1232/888/386 1236/889/386
f 1228/904/387 1227/905/387 1226/906/387 1225/907/387
f 1224/887/386 1217/888/386 1221/889/386 1222/886/386
f 1232/886/386 1234/887/386 1227/888/386 1231/889/386
f 1242/882/385 1243/883/385 1245/884/385 1246/885/385
f 1206/912/397 1205/913/397 1207/914/397 1208/915/397
s 1
f 1200/886/398 1213/887/399 1194/888/389 1198/889/389
s 0
f 1192/916/387 1191/917/387 1189/916/387 1190/918/387
f 1233/904/387 1232/905/387 1231/906/387 1230/907/387
f 1194/919/400 1193/920/400 1197/921/400 1198/922/400
f 1204/923/401 1195/924/401 1196/925/401 1203/926/401
f 1247/886/386 1249/887/386 1242/888/386 1246/889/386
f 1222/882/385 1223/883/385 1225/884/385 1226/885/385
s 1
f 1215/887/402 1200/888/403 1202/889/404 1206/886/405
s 0
f 1243/904/387 1242/905/387 1241/906/387 1240/907/387
f 1229/887/386 1222/888/386 1226/889/386 1227/886/386
f 1218/927/387 1217/928/387 1212/929/387 1211/930/387
f 1200/894/387 1198/931/387 1197/895/387
f 1206/897/387 1202/932/387 1201/898/387
f 1241/885/385 1237/882/385 1238/883/385 1240/884/385
g Atomic9.002_meshId62_name.001
v -950.000000 2350.000000 135.140823
v -950.000122 2350.000000 159.506226
v -1000.000000 2350.000000 159.505814
v -1100.000000 2350.000000 208.235809
v -1150.000000 2350.000000 232.600800
v -1100.000000 2350.000000 232.601257
v -770.000000 2290.000000 -0.000173
v -770.000000 2290.000000 20.833162
v -770.000000 2320.000000 20.832825
v -780.000000 2340.000000 -0.000177
v -780.000000 2340.000000 41.666824
v -770.000000 2320.000000 41.666492
v -780.000000 2340.000000 62.499825
v -800.000000 2350.000000 62.499821
v -800.000000 2350.000000 87.415161
v -850.000000 2350.000000 87.414825
v -900.000000 2350.000000 110.422829
v -850.000122 2350.000000 110.422813
v -1050.000122 2350.000000 208.236282
v -1050.000000 2350.000000 183.870834
v -1000.000122 2350.000000 183.871262
v -900.000122 2350.000000 135.141235
v -1150.000000 2350.000000 -0.000162
vn -0.9745 -0.2014 0.0989
vn -0.9569 -0.2734 0.0984
vn -0.9569 -0.2733 0.0984
vn -0.0109 -0.9995 0.0306
vn -0.9873 -0.1277 0.0946
vn -0.9404 -0.3395 -0.0179
vn -0.0110 -0.9995 0.0306
vn -0.1176 -0.9888 0.0920
vn -0.1178 -0.9888 0.0920
vn -0.2517 -0.9672 0.0333
vn -0.0836 -0.9960 0.0309
vn -0.0835 -0.9960 0.0309
vn -0.1643 -0.9859 0.0302
vn -0.0109 -0.9995 0.0307
vn -0.1177 -0.9888 0.0921
vn -0.0835 -0.9960 0.0310
vt 4.845243 -0.190502
vt 4.621636 -0.398832
vt 5.145243 -0.190498
vt 0.898029 -0.398832
vt 3.398030 0.705398
vt 1.398030 1.683528
vt 4.845243 0.017835
vt 4.621636 0.017838
vt 5.145243 -0.398832
vt 1.398029 1.927183
vt 0.898029 1.927178
vt 4.621636 0.226168
vt 4.398029 0.226168
vt 4.398029 0.475322
vt 3.898030 0.475318
vt 3.898029 0.705398
vt 3.398029 0.952582
vt 2.898030 0.952578
vt 2.898029 1.196232
vt 2.398030 1.196228
vt 2.398029 1.439883
vt 1.898030 1.439878
vt 1.898029 1.683533
s 1
usemtl step021.001
f 1258/933/406 1259/934/407 1257/935/408
s 0
f 1272/936/409 1266/937/409 1253/938/409
s 1
f 1258/933/406 1261/939/410 1260/940/411
f 1259/934/407 1256/941/408 1257/935/408
f 1258/933/406 1260/940/411 1259/934/407
s 0
f 1255/942/409 1254/943/409 1272/936/409
f 1272/936/412 1259/934/412 1260/940/413
f 1260/940/414 1262/944/415 1263/945/416
f 1263/945/417 1264/946/418 1265/947/409
f 1265/947/409 1267/948/409 1266/937/409
f 1266/937/409 1271/949/409 1250/950/409
f 1250/950/409 1251/951/409 1252/952/409
f 1252/952/409 1270/953/409 1269/954/409
f 1269/954/409 1268/955/409 1253/938/409
f 1253/938/409 1255/942/409 1272/936/409
f 1272/936/419 1260/940/420 1263/945/421
f 1263/945/417 1265/947/409 1266/937/409
f 1266/937/409 1250/950/409 1252/952/409
f 1252/952/409 1269/954/409 1253/938/409
f 1272/936/409 1263/945/417 1266/937/409
f 1266/937/409 1252/952/409 1253/938/409
g Atomic9.003_meshId63_name.001
v -299.999969 2400.000000 20.833155
v -299.999969 2400.000000 -0.000187
v -350.000061 2580.000000 20.833141
v -350.000000 2580.000000 -0.000195
v -480.000061 2700.000000 41.666466
v -350.000061 2580.000000 41.666473
v -750.000061 2700.000000 110.422760
v -750.000061 2700.000000 87.402199
v -850.000000 2700.000000 110.422783
v -630.000061 2700.000000 62.499798
v -480.000061 2700.000000 62.499798
v -630.000061 2700.000000 87.415131
v -850.000000 2700.000000 135.141220
v -900.000000 2700.000000 135.141220
v -950.000000 2700.000000 159.506210
v -900.000000 2700.000000 159.506210
v -950.000000 2700.000000 183.871246
v -1000.000000 2700.000000 183.871246
v -1050.000000 2700.000000 208.236282
v -1000.000000 2700.000000 208.236267
v -1050.000000 2700.000000 232.601242
v -1100.000000 2700.000000 232.601242
v -1150.000000 2700.000000 256.966309
v -1100.000000 2700.000000 256.966278
v -1150.000000 2350.000000 279.999817
v -1500.000000 2350.000000 279.999817
v -1500.000000 2350.000000 -0.000177
v -1150.000000 2350.000000 -0.000162
v -1150.000000 2700.000000 279.999786
v -1500.000000 2700.000000 279.999786
v -1500.000000 2700.000000 -0.000204
vn 0.9635 0.2676 -0.0000
vn 0.0244 0.9429 0.3322
vn 0.0247 0.9530 -0.3019
vn -0.0000 -1.0000 -0.0000
vn -0.5881 0.6938 0.4157
vn 0.0244 0.9429 0.3321
vn 0.0246 0.9530 -0.3019
vn 0.0247 0.9530 -0.3020
vn 0.0248 0.9530 -0.3020
vn 0.0243 0.9429 0.3323
vn -1.0000 -0.0000 -0.0000
vn -0.4149 0.6434 0.6433
vn -0.8389 -0.5443 -0.0000
vt 1.049997 -1.900000
vt 1.049997 -1.691667
vt -0.750003 -1.691667
vt -0.750003 -1.900000
vt 6.499999 -1.900000
vt 1.499999 -0.061285
vt -0.000001 -0.795770
vt 3.708266 -1.506170
vt 3.708267 1.293830
vt -1.241480 1.293831
vt -1.241482 -1.706169
vt 2.999999 0.900000
vt 2.999999 0.669665
vt 6.499999 0.900000
vt -5.000000 -1.691667
vt -5.000000 -1.900000
vt 2.499999 0.669665
vt 2.499999 0.426015
vt -5.000000 -1.483333
vt -2.200000 -1.275000
vt -3.700000 -1.275000
vt -3.700000 -1.483333
vt 1.999999 0.426015
vt 1.999999 0.182365
vt 1.499999 0.182365
vt 0.999999 -0.061285
vt 0.999999 -0.304936
vt 0.499999 -0.304936
vt 0.499999 -0.548586
vt -0.000001 -0.548586
vt -1.000000 -0.795770
vt -1.000000 -1.025976
vt -2.200000 -1.025846
vt 2.250000 -1.900000
vt 2.250000 0.900000
vt -1.250000 0.900000
vt -1.250000 -1.900000
s 0
usemtl wall031.013
f 1276/956/422 1275/957/422 1273/958/422 1274/959/422
f 1303/960/423 1290/961/424 1281/962/424
f 1300/963/425 1297/964/425 1298/965/425 1299/966/425
f 1301/967/424 1295/968/424 1303/960/423 1302/969/426
f 1275/970/424 1276/971/424 1303/960/423
f 1295/968/424 1296/972/424 1294/973/424
f 1278/974/424 1275/970/424 1303/960/427
f 1282/975/428 1283/976/424 1277/977/424
f 1277/977/429 1278/974/430 1303/960/431
f 1303/960/423 1295/968/424 1294/973/424
f 1294/973/424 1293/978/424 1291/979/424
f 1291/979/424 1292/980/424 1290/961/424
f 1290/961/424 1289/981/424 1287/982/424
f 1287/982/424 1288/983/424 1286/984/424
f 1286/984/424 1285/985/424 1281/962/424
f 1281/962/424 1279/986/424 1280/987/424
f 1280/987/428 1284/988/424 1282/975/424
f 1282/975/424 1277/977/424 1303/960/423
f 1303/960/423 1294/973/424 1291/979/428
f 1290/961/429 1287/982/429 1286/984/429
f 1303/960/423 1291/979/424 1290/961/428
f 1280/987/424 1282/975/424 1303/960/427
f 1290/961/424 1286/984/424 1281/962/424
f 1281/962/424 1280/987/424 1303/960/423
s 1
f 1299/989/432 1298/990/432 1302/991/433 1303/992/434
g Atomic10_meshId64_name.001
v 561.585205 -324.670776 38.037395
v 572.518188 -324.670776 58.538696
v 561.185974 -324.670776 64.550629
v 569.122681 -324.670776 63.464874
v 561.585205 -424.670807 38.037388
v 558.428467 -327.670776 73.729118
v 558.428467 -421.670837 73.729103
v 539.883728 -424.670776 9.457579
v 559.807129 -321.670776 69.139870
v 539.883728 -324.670776 9.457588
v 573.722412 -421.670837 71.872681
v 581.883423 -422.670746 60.545265
v 577.257324 -427.670837 59.539146
v 579.499023 -424.670837 46.906868
v 567.310547 -424.670837 35.694366
v 564.359558 -427.670807 39.709511
v 567.310547 -324.670776 35.694374
v 566.416443 -324.670776 22.581808
v 558.458374 -324.670776 9.457588
v 571.422485 -321.670776 67.668785
v 558.458374 -424.670776 9.457579
v 566.416443 -424.670837 22.581802
v 581.883423 -326.670776 60.545288
v 577.257324 -321.670776 59.539154
v 418.116516 -326.670776 60.545288
v 422.742676 -321.670776 59.539154
v 418.116516 -422.670746 60.545265
v 426.277649 -421.670837 71.872681
v 440.192841 -321.670776 69.139870
v 435.640442 -321.670776 39.709522
v 438.414795 -324.670776 38.037395
v 432.689514 -324.670776 35.694374
v 433.583588 -324.670776 22.581808
v 441.541595 -324.670776 9.457588
v 433.583588 -424.670837 22.581802
v 432.689514 -424.670837 35.694366
v 438.414795 -424.670807 38.037388
v 420.500977 -424.670837 46.906868
v 427.481781 -424.670837 58.538689
v 422.742676 -427.670837 59.539146
v 430.877319 -424.670776 63.464863
v 438.814056 -424.670807 64.550621
v 440.192841 -427.670837 69.139862
v 441.541595 -424.670776 9.457579
v 460.116241 -424.670776 9.457579
v 460.116272 -324.670776 9.457588
v 441.571533 -327.670776 73.729118
v 441.571533 -421.670837 73.729103
v 461.094177 -415.157684 97.814606
v 445.512665 -412.378418 86.667648
v 450.512695 -405.586365 88.361107
v 445.512665 -420.274261 84.698982
v 538.905823 -415.157715 97.814606
v 538.905823 -423.053558 95.845947
v 554.487305 -420.274261 84.698982
v 549.487305 -425.248108 83.458870
v 538.996277 -416.197235 47.157627
v 556.701538 -416.799469 70.762291
v 461.003723 -416.197174 47.157627
v 443.298462 -416.799469 70.762291
v 443.298462 -408.770996 72.199135
v 460.000000 -402.117859 45.514923
v 549.487305 -405.586365 88.361107
v 540.000000 -402.117920 45.514923
v 556.701538 -408.771057 72.199135
v 554.487305 -412.378418 86.667648
v 443.623474 -410.294281 10.000034
v 445.000000 -411.670746 0.000035
v 443.623474 -423.047241 10.000033
v 455.000000 -411.670746 0.000035
v 456.376526 -410.294281 10.000034
v 455.000000 -421.670776 0.000032
v 456.376526 -423.047302 10.000033
v 445.000000 -421.670776 0.000032
v 443.623474 -326.294250 10.000040
v 445.000000 -327.670776 0.000040
v 443.623535 -339.047241 10.000037
v 455.000000 -327.670776 0.000040
v 456.376526 -326.294250 10.000040
v 455.000000 -337.670776 0.000037
v 456.376526 -339.047241 10.000037
v 445.000000 -337.670776 0.000037
v 460.000000 -423.635498 85.905243
v 460.000000 -428.329193 85.153160
v 540.000000 -423.635498 85.905243
v 540.000000 -428.329224 85.153152
v 540.000000 -419.670776 10.000024
v 460.000000 -419.670776 10.000024
v 460.000000 -403.399536 45.000031
v 460.000000 -329.670746 45.000042
v 465.000000 -403.399536 50.000031
v 465.000000 -329.670776 50.000042
v 535.000000 -403.399536 50.000031
v 535.000000 -329.670746 50.000042
v 540.000000 -403.399536 45.000031
v 540.000000 -329.670746 45.000042
v 540.000000 -331.670776 30.000019
v 535.000000 -326.670776 30.000025
v 535.000000 -324.670776 45.000038
v 465.000000 -324.670776 45.000038
v 460.000000 -331.670776 30.000019
v 465.000000 -326.670776 30.000025
v 460.000000 -355.430054 30.000040
v 540.000000 -355.430054 30.000040
v 460.000000 -327.670776 30.000040
v 540.000000 -327.670776 30.000040
v 460.000000 -324.670776 10.000039
v 540.000000 -324.670776 10.000039
v 543.623474 -326.294312 10.000040
v 545.000000 -327.670776 0.000040
v 543.623474 -339.047302 10.000037
v 555.000000 -327.670776 0.000040
v 556.376587 -326.294312 10.000040
v 556.376587 -339.047302 10.000037
v 555.000000 -337.670776 0.000037
v 545.000000 -337.670776 0.000037
v 543.623474 -410.294312 10.000034
v 545.000000 -411.670746 0.000035
v 543.623474 -423.047302 10.000033
v 555.000000 -411.670746 0.000035
v 556.376587 -410.294312 10.000034
v 555.000000 -421.670776 0.000032
v 556.376587 -423.047302 10.000033
v 545.000000 -421.670776 0.000032
vn -0.7673 -0.5969 0.2343
vn -0.3415 -0.5432 0.7670
vn -0.2421 0.3601 0.9009
vn -0.7605 0.6120 0.2170
vn 0.2034 -0.9731 0.1086
vn 0.5096 -0.4025 0.7605
vn 0.3641 -0.6825 -0.6337
vn 0.0179 -0.9732 -0.2294
vn -0.2324 -0.9065 -0.3525
vn 0.6448 -0.6897 -0.3295
vn 0.6458 0.6828 -0.3418
vn 0.9124 0.2143 0.3487
vn 0.7861 -0.5164 -0.3397
vn 0.8459 -0.5121 0.1493
vn 0.0523 0.8846 0.4634
vn 0.0764 0.7935 0.6038
vn -0.1871 0.9797 -0.0714
vn 0.5219 0.8237 -0.2215
vn 0.4050 0.8956 0.1837
vn -0.1870 0.9798 -0.0713
vn 0.4514 0.8390 -0.3037
vn -0.1872 0.9797 -0.0713
vn 0.4328 -0.8565 -0.2812
vn 0.7605 -0.6120 0.2170
vn 0.7796 0.5913 0.2062
vn 0.2612 0.3713 0.8910
vn 0.2021 -0.5525 0.8086
vn -0.1601 -0.9792 0.1246
vn -0.4872 -0.8682 -0.0937
vn 0.2201 -0.9712 -0.0914
vn 0.2203 -0.9712 -0.0914
vn 0.2202 -0.9712 -0.0914
vn -0.5234 -0.3347 0.7836
vn -0.8936 0.2668 0.3609
vn -0.8531 -0.4837 0.1958
vn -0.7258 0.6722 -0.1462
vn -0.0875 0.9434 -0.3200
vn 0.2455 0.8949 -0.3727
vn 0.2203 -0.9711 -0.0915
vn -0.4514 -0.8390 -0.3037
vn -0.0329 -0.9677 0.2499
vn -0.7826 -0.5367 -0.3154
vn -0.4082 0.8550 -0.3198
vn -0.1418 0.7396 0.6580
vn -0.4738 0.8156 0.3321
vn -0.6519 -0.6753 -0.3450
vn -0.6204 0.6976 -0.3583
vn 0.4164 0.7892 0.4515
vn 0.0836 0.9737 0.2119
vn -0.0836 0.9737 0.2119
vn -0.1382 0.3053 0.9422
vn 0.1547 -0.9858 -0.0658
vn 0.8012 -0.5853 -0.1248
vn 0.7618 -0.5860 0.2761
vn 0.1533 -0.7645 0.6261
vn -0.7784 -0.0707 0.6238
vn -0.5892 -0.8058 -0.0598
vn -0.5107 -0.8023 0.3091
vn -0.7852 0.6115 0.0973
vn 0.8250 0.2611 0.5013
vn 0.7852 0.6115 0.0973
vn 0.0583 -0.9775 -0.2025
vn -0.3251 0.7527 0.5725
vn -0.0372 -0.9833 -0.1779
vn 0.2635 0.2809 0.9229
vn 0.9907 -0.0000 -0.1364
vn -0.0000 0.9907 -0.1364
vn -0.0000 -0.9907 -0.1364
vn -0.9907 -0.0000 -0.1364
vn -1.0000 -0.0000 -0.0000
vn 1.0000 -0.0000 -0.0000
vn -0.0000 -0.1582 0.9874
vn -0.0000 -0.9934 -0.1145
vn 0.0660 0.9891 -0.1318
vn -0.3621 0.9240 -0.1232
vn -0.2176 0.9323 0.2890
vn 0.6224 0.5963 0.5070
vn 0.3401 0.2435 0.9083
vn -0.6703 0.5553 0.4922
vn -0.7040 0.7040 -0.0939
vn -0.2434 0.3471 0.9057
vn -0.7071 -0.0000 0.7071
vn -0.3827 -0.0000 0.9239
vn 0.3826 0.0126 0.9238
vn 0.2205 0.8913 0.3962
vn 0.0659 0.9891 -0.1319
vn 0.7069 0.0232 0.7069
vn -0.0000 0.9889 0.1483
vn -0.0000 0.6526 0.7577
vn -0.0000 -0.0000 1.0000
vt 1.000000 1.000000
vt 0.998783 1.182315
vt 0.780251 1.182315
vt 0.780238 1.000000
vt 0.763771 1.264297
vt 0.780244 1.222768
vt 0.780345 1.353742
vt 0.764456 1.352760
vt 0.764213 1.362824
vt 0.998504 1.353706
vt 0.998684 1.379820
vt 0.780269 1.379820
vt 0.780248 1.264492
vt 0.780271 1.304776
vt 0.764250 1.181996
vt 0.763661 1.222416
vt 0.747000 1.222536
vt 0.747000 1.181782
vt 0.719282 1.137733
vt 0.718284 1.071450
vt 0.726101 1.000000
vt 0.747000 1.264310
vt 0.998805 1.222769
vt 0.998793 1.264471
vt 0.998726 1.304791
vt 0.699440 1.135018
vt 0.690951 1.122703
vt 0.703971 1.065592
vt 0.705965 1.028712
vt 0.780269 1.408658
vt 0.998684 1.408657
vt 0.998684 1.436947
vt 0.780269 1.436947
vt 0.771384 1.550588
vt 0.792411 1.464239
vt 0.797837 1.587330
vt 0.771384 1.653661
vt 0.748889 1.690127
vt 0.755539 1.646972
vt 0.797837 1.607673
vt 0.754982 1.555604
vt 0.727695 1.512294
vt 0.736905 1.567389
vt 0.748889 1.509519
vt 0.793558 1.746960
vt 0.696811 1.048730
vt 0.696840 1.001834
vt 0.659007 1.001834
vt 0.658979 1.048730
vt 0.658951 1.095791
vt 0.696783 1.095791
vt 0.211877 1.267600
vt 0.200088 1.077914
vt 0.200089 1.267570
vt 0.002656 1.267577
vt 0.200086 1.279461
vt 0.002656 1.279461
vt 0.002656 1.077918
vt 0.250700 1.003560
vt 0.425700 1.003560
vt 0.425700 1.064009
vt 0.232540 1.080759
vt 0.250700 1.080759
vt 0.443707 1.080759
vt 0.443707 1.003839
vt 0.425700 1.080759
vt 0.443707 1.266191
vt 0.425700 1.265864
vt 0.250700 1.265864
vt 0.250700 1.064009
vt 0.232540 1.003839
vt 0.232540 1.266191
vt 0.008023 1.002000
vt 0.193915 1.002000
vt 0.193915 1.066721
vt 0.008023 1.066721
vt 0.193915 1.074825
vt 0.008023 1.074825
s 1
usemtl obj09.001
f 1311/993/435 1310/994/436 1309/995/437 1313/996/438
f 1316/997/439 1314/998/440 1310/995/436
f 1318/999/441 1319/1000/442 1308/1001/443
f 1318/1002/441 1325/1003/444 1321/1004/445 1326/1005/446
f 1319/1000/442 1317/1006/447 1315/1005/448
f 1312/1007/449 1323/1008/450 1307/1009/451 1306/1010/451
f 1320/999/452 1327/997/453 1326/1005/446
f 1306/1011/451 1304/1012/454 1322/1013/455
f 1327/997/453 1320/999/452 1304/1001/454 1305/1014/456
f 1310/995/436 1324/1013/457 1308/1001/443
f 1327/997/453 1305/1014/456 1307/1009/451 1323/1008/450
f 1326/1005/446 1314/1015/440 1315/1016/448
f 1316/997/439 1315/1005/448 1314/998/440
f 1315/1005/448 1316/997/439 1319/1000/442
f 1319/1000/442 1318/999/441 1317/1006/447
f 1321/1004/445 1320/999/452 1326/1005/446
f 1326/1005/446 1315/1016/448 1317/1017/447
f 1326/1005/446 1317/1017/447 1318/1002/441
f 1322/1013/455 1313/996/438 1309/995/437
f 1309/995/437 1312/1007/449 1306/1011/451
f 1306/1011/451 1307/1018/451 1305/1019/456
f 1304/1012/454 1320/1020/452 1321/1021/445
f 1306/1011/451 1305/1019/456 1304/1012/454
f 1322/1013/455 1309/995/437 1306/1011/451
f 1304/1012/454 1321/1021/445 1322/1013/455
f 1309/995/437 1310/994/436 1314/1015/440 1323/1008/450
f 1319/1000/442 1316/997/439 1310/995/436
f 1310/995/436 1311/996/435 1324/1013/457
f 1324/1013/457 1325/1021/444 1318/1020/441
f 1308/1001/443 1319/1000/442 1310/995/436
f 1324/1013/457 1318/1020/441 1308/1001/443
f 1314/1015/440 1326/1005/446 1327/997/453
f 1323/1008/450 1312/1007/449 1309/995/437
f 1314/1015/440 1327/997/453 1323/1008/450
f 1321/1022/445 1325/1023/444 1324/1024/457 1322/1025/455
f 1348/993/458 1349/996/459 1350/995/460 1351/994/461
f 1343/997/462 1339/999/463 1340/1001/464 1342/1014/465
f 1342/1014/465 1344/1009/466 1343/997/462
f 1331/1015/467 1328/1005/468 1330/1016/469
f 1335/999/470 1333/1000/471 1334/1001/472
f 1345/1011/473 1340/1012/464 1347/1013/474
f 1330/1005/469 1343/997/462 1346/1007/475 1351/995/461
f 1341/1006/476 1343/997/462 1330/1005/469
f 1337/1013/477 1334/1001/472 1332/1007/478
f 1331/1015/467 1351/994/461 1350/995/460 1329/997/479
f 1329/997/479 1333/1000/471 1335/999/470 1328/1005/468
f 1330/1016/469 1328/1005/468 1335/999/470 1339/1002/463
f 1344/1009/466 1345/1010/473 1346/1007/475
f 1344/1009/466 1346/1007/475 1343/997/462
f 1347/1013/474 1348/996/458 1351/995/461
f 1351/995/461 1346/1007/475 1345/1011/473
f 1345/1011/473 1344/1018/466 1342/1019/465
f 1340/1012/464 1339/1020/463 1338/1021/480
f 1345/1011/473 1342/1019/465 1340/1012/464
f 1347/1013/474 1351/995/461 1345/1011/473
f 1340/1012/464 1338/1021/480 1347/1013/474
f 1329/997/479 1328/1005/468 1331/1015/467
f 1350/995/460 1332/1007/478 1329/997/479
f 1341/1006/476 1339/999/463 1343/997/462
f 1350/995/460 1349/996/459 1337/1013/477
f 1337/1013/477 1336/1021/481 1335/1020/470
f 1334/1001/472 1333/1000/471 1329/997/479
f 1337/1013/477 1335/1020/470 1334/1001/472
f 1332/1007/478 1350/995/460 1337/1013/477
f 1334/1001/472 1329/997/479 1332/1007/478
f 1347/1024/474 1338/1023/480 1336/1022/481 1337/1025/477
f 1339/1002/463 1341/1017/476 1330/1016/469
f 1351/995/461 1331/998/467 1330/1005/469
f 1338/1003/480 1339/1002/463 1335/999/470 1336/1004/481
f 1366/1026/482 1367/1027/483 1365/1027/484 1352/1028/485
f 1359/1029/486 1361/1030/487 1358/1031/488
f 1357/1032/489 1352/1028/485 1353/1033/490
f 1363/1034/491 1355/1035/492 1353/1033/490 1364/1036/493
f 1359/1029/486 1357/1032/489 1355/1031/492
f 1369/1033/494 1358/1035/488 1361/1034/487 1368/1036/495
f 1359/1029/486 1355/1031/492 1363/1030/491 1360/1037/496
f 1354/1026/497 1364/1036/493 1353/1033/490
f 1368/1036/495 1366/1026/482 1369/1033/494
f 1363/1030/491 1362/1037/498 1360/1037/496
f 1365/1027/484 1354/1026/497 1352/1028/485
f 1352/1028/485 1356/1028/499 1366/1026/482
f 1359/1029/486 1360/1037/496 1361/1030/487
f 1353/1033/490 1355/1035/492 1357/1032/489
f 1357/1032/489 1356/1028/499 1352/1028/485
f 1352/1028/485 1354/1026/497 1353/1033/490
f 1359/1029/486 1358/1031/488 1357/1032/489
f 1369/1033/494 1366/1026/482 1356/1028/499
f 1354/1026/497 1365/1027/484 1364/1036/493
f 1368/1036/495 1367/1027/483 1366/1026/482
f 1357/1032/489 1358/1035/488 1369/1033/494 1356/1028/499
s 0
f 1374/1038/500 1376/1039/500 1375/1040/500 1373/1041/500
f 1374/1039/501 1373/1040/501 1371/1041/501 1370/1038/501
f 1377/1041/502 1375/1042/502 1376/1043/502 1372/1038/502
f 1371/1041/503 1377/1042/503 1372/1043/503 1370/1038/503
f 1382/1038/501 1381/1041/501 1379/1042/501 1378/1043/501
f 1380/1039/502 1385/1040/502 1383/1041/502 1384/1038/502
f 1379/1041/503 1385/1042/503 1380/1043/503 1378/1038/503
f 1381/1041/500 1382/1038/500 1384/1039/500 1383/1040/500
f 1386/1044/504 1391/1045/504 1387/1046/504
f 1390/1045/505 1388/1044/505 1389/1046/505
f 1387/1047/506 1389/1046/506 1388/1048/506 1386/1049/506
f 1391/1050/507 1390/1045/507 1389/1046/507 1387/1047/507
s 1
f 1401/1051/508 1405/1052/509 1403/1053/510 1399/1054/511
f 1397/1055/512 1403/1053/510 1393/1056/513
f 1393/1056/513 1403/1053/510 1405/1052/509 1404/1057/514
f 1395/1058/515 1393/1056/513 1392/1059/516 1394/1060/517
f 1396/1061/518 1399/1054/511 1402/1062/519
f 1393/1056/513 1395/1058/515 1397/1055/512
f 1397/1055/512 1402/1062/519 1403/1053/510
f 1403/1053/510 1402/1062/519 1399/1054/511
f 1399/1054/511 1400/1063/520 1401/1051/508
f 1402/1062/519 1397/1055/512 1396/1061/518
f 1396/1061/518 1398/1064/521 1399/1054/511
f 1396/1061/518 1397/1055/512 1395/1058/515 1394/1060/517
f 1411/1065/522 1410/1066/522 1408/1067/523 1409/1068/523
f 1409/1068/523 1408/1067/523 1406/1069/524 1407/1070/524
s 0
f 1412/1043/501 1416/1038/501 1415/1041/501 1413/1042/501
f 1419/1041/503 1414/1038/503 1412/1039/503 1413/1040/503
f 1414/1039/502 1419/1040/502 1418/1041/502 1417/1038/502
f 1416/1043/500 1417/1038/500 1418/1041/500 1415/1042/500
f 1425/1042/502 1426/1043/502 1422/1038/502 1427/1041/502
f 1420/1038/501 1424/1039/501 1423/1040/501 1421/1041/501
f 1427/1041/503 1422/1038/503 1420/1039/503 1421/1040/503
f 1424/1043/500 1426/1038/500 1425/1041/500 1423/1042/500
g Atomic11_meshId65_name.001
v 438.414795 124.670776 38.037365
v 427.481781 124.670784 58.538666
v 438.814056 124.670784 64.550598
v 430.877319 124.670784 63.464844
v 438.414795 224.670776 38.037342
v 441.571594 127.670784 73.729088
v 441.571594 221.670776 73.729057
v 460.116241 224.670776 9.457529
v 440.192871 121.670776 69.139839
v 460.116272 124.670776 9.457554
v 426.277649 221.670776 71.872635
v 418.116516 222.670776 60.545219
v 422.742676 227.670761 59.539097
v 432.689514 224.670792 35.694321
v 435.640442 227.670761 39.709461
v 432.689514 124.670784 35.694344
v 433.583588 124.670776 22.581774
v 441.541595 124.670776 9.457554
v 428.577576 121.670776 67.668755
v 441.541595 224.670776 9.457529
v 433.583588 224.670776 22.581753
v 420.501038 124.670776 46.906849
v 418.116516 126.670776 60.545254
v 422.742676 121.670776 59.539124
v 581.883423 126.670776 60.545254
v 577.257324 121.670776 59.539124
v 579.499023 124.670776 46.906849
v 581.883423 222.670776 60.545219
v 573.722412 221.670776 71.872635
v 559.807129 121.670776 69.139839
v 564.359558 121.670769 39.709492
v 561.585205 124.670776 38.037365
v 567.310547 124.670784 35.694344
v 566.416443 124.670776 22.581774
v 558.458435 124.670776 9.457554
v 566.416443 224.670776 22.581753
v 567.310547 224.670792 35.694321
v 561.585205 224.670776 38.037342
v 572.518188 224.670776 58.538643
v 577.257324 227.670761 59.539097
v 569.122681 224.670776 63.464817
v 561.185974 224.670776 64.550575
v 559.807129 227.670761 69.139816
v 558.458435 224.670776 9.457529
v 539.883728 224.670776 9.457529
v 539.883728 124.670776 9.457554
v 558.428467 127.670784 73.729088
v 558.428467 221.670776 73.729057
v 538.905823 215.157639 97.814560
v 554.487366 212.378418 86.667603
v 549.487366 205.586395 88.361061
v 554.487366 220.274292 84.698936
v 461.094177 215.157700 97.814560
v 461.094177 223.053574 95.845901
v 445.512695 220.274292 84.698936
v 450.512756 225.248093 83.458824
v 461.003723 216.197220 47.157581
v 443.298462 216.799484 70.762245
v 538.996277 216.197128 47.157581
v 556.701538 216.799484 70.762245
v 556.701538 208.770996 72.199089
v 540.000000 202.117859 45.514877
v 450.512756 205.586395 88.361061
v 460.000000 202.117920 45.514877
v 443.298462 208.771057 72.199089
v 445.512695 212.378418 86.667603
v 556.376587 210.294250 9.999988
v 555.000000 211.670776 -0.000012
v 556.376587 223.047226 9.999985
v 545.000000 211.670776 -0.000012
v 543.623474 210.294250 9.999988
v 545.000000 221.670776 -0.000016
v 543.623474 223.047302 9.999985
v 555.000000 221.670776 -0.000016
v 556.376587 126.294250 10.000006
v 555.000000 127.670776 0.000006
v 556.376465 139.047241 10.000001
v 545.000000 127.670776 0.000006
v 543.623474 126.294250 10.000006
v 545.000000 137.670776 0.000002
v 543.623474 139.047241 10.000001
v 555.000000 137.670776 0.000002
v 540.000000 223.635483 85.905197
v 540.000000 228.329208 85.153114
v 460.000000 223.635483 85.905197
v 460.000000 228.329208 85.153107
v 460.000000 219.670776 9.999976
v 540.000000 219.670776 9.999976
v 540.000000 203.399521 44.999985
v 540.000000 129.670776 45.000004
v 535.000000 203.399521 49.999985
v 465.000000 203.399521 49.999985
v 460.000000 203.399521 44.999985
v 460.000000 129.670776 45.000004
v 460.000000 131.670776 29.999985
v 465.000000 126.670769 29.999990
v 465.000000 124.670776 45.000008
v 535.000000 124.670776 45.000008
v 540.000000 131.670776 29.999985
v 535.000000 126.670769 29.999990
v 540.000000 155.430038 30.000002
v 460.000000 155.430038 30.000002
v 540.000000 127.670776 30.000006
v 460.000000 127.670776 30.000006
v 540.000000 124.670776 10.000005
v 460.000000 124.670776 10.000005
v 456.376526 126.294304 10.000006
v 455.000000 127.670776 0.000006
v 456.376526 139.047302 10.000001
v 445.000000 127.670776 0.000006
v 443.623474 126.294304 10.000006
v 443.623474 139.047302 10.000001
v 445.000000 137.670776 0.000002
v 455.000000 137.670776 0.000002
v 456.376526 210.294312 9.999988
v 455.000000 211.670776 -0.000012
v 456.376526 223.047302 9.999985
v 445.000000 211.670776 -0.000012
v 443.623474 210.294312 9.999988
v 445.000000 221.670776 -0.000016
v 443.623474 223.047302 9.999985
v 455.000000 221.670776 -0.000016
vn 0.3415 0.5432 0.7670
vn -0.4328 0.8565 -0.2812
vn 0.2324 0.9065 -0.3525
vn -0.8527 -0.3370 0.3991
vn -0.5095 0.4025 0.7605
vn -0.8809 0.4548 0.1310
vn -0.2019 -0.9425 0.2663
vn -0.3695 -0.8139 -0.4484
vn 0.1870 -0.9798 -0.0713
vn 0.1871 -0.9797 -0.0714
vn -0.4653 0.6567 -0.5934
vn -0.1020 0.9486 -0.2997
vn -0.3033 0.9515 0.0523
vn 0.2421 -0.3601 0.9009
vn 0.7605 -0.6120 0.2170
vn 0.7673 0.5969 0.2343
vn -0.4514 -0.8390 -0.3037
vn -0.6518 -0.6753 -0.3450
vn -0.0764 -0.7934 0.6038
vn -0.7826 -0.5367 -0.3154
vn -0.0523 -0.8846 0.4634
vn -0.6385 0.6971 -0.3262
vn 0.5234 0.3347 0.7836
vn 0.8590 -0.3425 0.3806
vn 0.9094 0.3858 0.1558
vn -0.2021 0.5525 0.8087
vn -0.7605 0.6120 0.2170
vn -0.7796 -0.5913 0.2062
vn -0.2612 -0.3713 0.8910
vn -0.2203 0.9712 -0.0914
vn -0.2202 0.9712 -0.0914
vn 0.3188 0.9468 0.0436
vn 0.3437 -0.9246 -0.1643
vn 0.0045 -0.9685 -0.2491
vn -0.2455 -0.8949 -0.3727
vn 0.3384 -0.8580 0.3865
vn 0.0329 0.9677 0.2499
vn 0.4226 0.8781 -0.2243
vn -0.2201 0.9712 -0.0913
vn 0.4082 -0.8550 -0.3198
vn 0.1418 -0.7396 0.6580
vn -0.2203 0.9711 -0.0914
vn 0.4514 0.8390 -0.3037
vn 0.6266 -0.6903 -0.3619
vn 0.6458 0.6828 -0.3418
vn 0.7861 -0.5164 -0.3397
vn -0.8250 -0.2611 0.5013
vn -0.7618 0.5860 0.2761
vn -0.8011 0.5853 -0.1248
vn -0.7852 -0.6115 0.0973
vn -0.4164 -0.7892 0.4515
vn -0.0836 -0.9737 0.2119
vn 0.0836 -0.9737 0.2119
vn 0.1382 -0.3053 0.9422
vn -0.1533 0.7645 0.6261
vn 0.7784 0.0707 0.6238
vn -0.1547 0.9858 -0.0658
vn 0.5892 0.8058 -0.0599
vn 0.5107 0.8023 0.3091
vn 0.7852 -0.6115 0.0973
vn -0.0583 0.9775 -0.2025
vn 0.3251 -0.7527 0.5725
vn -0.2635 -0.2809 0.9229
vn 0.0372 0.9833 -0.1779
vn -0.0000 0.9907 -0.1364
vn -0.0000 -0.9907 -0.1364
vn -0.9907 -0.0000 -0.1364
vn 0.9907 -0.0000 -0.1364
vn -1.0000 -0.0000 -0.0000
vn -0.0000 0.1582 0.9874
vn 1.0000 -0.0000 -0.0000
vn -0.0000 0.9934 -0.1145
vn -0.0660 -0.9891 -0.1318
vn 0.3621 -0.9240 -0.1232
vn 0.3633 -0.7606 0.5380
vn -0.4243 -0.6115 0.6679
vn 0.6997 -0.3854 0.6016
vn 0.7040 -0.7040 -0.0939
vn 0.2326 -0.0478 0.9714
vn 0.4587 -0.0291 0.8881
vn -0.2327 -0.0478 0.9714
vn -0.1625 -0.7714 0.6153
vn -0.4587 -0.0291 0.8881
vn -0.0658 -0.9891 -0.1319
vn -0.0000 -0.9889 0.1483
vn -0.0000 -0.6526 0.7577
vn -0.0000 -0.0000 1.0000
vt 0.780251 1.182315
vt 0.726101 1.000000
vt 0.764213 1.362824
vt 0.780248 1.264492
vt 0.998805 1.222769
vt 0.998793 1.264471
vt 0.763771 1.264297
vt 0.780345 1.353742
vt 0.747000 1.264310
vt 0.764456 1.352760
vt 0.780244 1.222768
vt 0.998783 1.182315
vt 0.780238 1.000000
vt 1.000000 1.000000
vt 0.719282 1.137733
vt 0.718284 1.071450
vt 0.998504 1.353706
vt 0.780269 1.379820
vt 0.747000 1.222536
vt 0.763661 1.222416
vt 0.780271 1.304776
vt 0.764250 1.181996
vt 0.747000 1.181782
vt 0.705965 1.028712
vt 0.703971 1.065592
vt 0.699440 1.135018
vt 0.690951 1.122703
vt 0.998684 1.379820
vt 0.780269 1.408658
vt 0.998684 1.408657
vt 0.998684 1.436947
vt 0.780269 1.436947
vt 0.754982 1.555604
vt 0.736905 1.567389
vt 0.727695 1.512294
vt 0.748889 1.509519
vt 0.771384 1.550588
vt 0.792411 1.464239
vt 0.797837 1.587330
vt 0.797837 1.607673
vt 0.771384 1.653661
vt 0.748889 1.690127
vt 0.755539 1.646972
vt 0.793558 1.746960
vt 0.658979 1.048730
vt 0.658951 1.095791
vt 0.696783 1.095791
vt 0.696811 1.048730
vt 0.696840 1.001834
vt 0.659007 1.001834
vt 0.200088 1.077914
vt 0.211877 1.267600
vt 0.200089 1.267570
vt 0.200086 1.279461
vt 0.002656 1.279461
vt 0.002656 1.267577
vt 0.002656 1.077918
vt 0.250700 1.003560
vt 0.425700 1.003560
vt 0.425700 1.064009
vt 0.232540 1.080759
vt 0.443707 1.080759
vt 0.443707 1.003839
vt 0.425700 1.265864
vt 0.443707 1.266191
vt 0.250700 1.265864
vt 0.250700 1.064009
vt 0.232540 1.266191
vt 0.232540 1.003839
vt 0.008023 1.002000
vt 0.193915 1.002000
vt 0.193915 1.066721
vt 0.008023 1.066721
vt 0.193915 1.074825
vt 0.008023 1.074825
s 1
usemtl obj091.007
f 1434/1071/525 1447/1072/526 1432/1073/527
f 1450/1074/528 1438/1075/529 1439/1076/530
f 1451/1077/531 1443/1078/532 1428/1073/533 1429/1079/534
f 1441/1078/535 1442/1080/536 1432/1073/527
f 1440/1077/537 1438/1081/529 1434/1071/525
f 1434/1082/525 1433/1071/538 1437/1083/539 1435/1084/540
f 1430/1085/534 1428/1086/533 1445/1072/541
f 1450/1074/528 1439/1076/530 1441/1087/535 1444/1088/542
f 1440/1077/537 1442/1080/536 1441/1078/535 1439/1074/530
f 1451/1077/531 1429/1079/534 1431/1089/534 1446/1090/543
f 1451/1077/531 1449/1091/544 1443/1078/532
f 1436/1092/545 1446/1090/543 1431/1089/534 1430/1093/534
f 1442/1080/536 1440/1077/537 1434/1071/525
f 1434/1071/525 1435/1083/540 1447/1072/526
f 1447/1072/526 1448/1094/546 1441/1095/535
f 1432/1073/527 1442/1080/536 1434/1071/525
f 1447/1072/526 1441/1095/535 1432/1073/527
f 1440/1077/537 1439/1074/530 1438/1081/529
f 1445/1072/541 1437/1083/539 1433/1071/538
f 1433/1071/538 1436/1092/545 1430/1085/534
f 1430/1085/534 1431/1096/534 1429/1097/534
f 1428/1086/533 1443/1095/532 1444/1094/542
f 1430/1085/534 1429/1097/534 1428/1086/533
f 1445/1072/541 1433/1071/538 1430/1085/534
f 1428/1086/533 1444/1094/542 1445/1072/541
f 1433/1071/538 1434/1082/525 1438/1075/529 1446/1090/543
f 1438/1075/529 1450/1074/528 1451/1077/531
f 1446/1090/543 1436/1092/545 1433/1071/538
f 1438/1075/529 1451/1077/531 1446/1090/543
f 1451/1077/531 1450/1074/528 1449/1091/544
f 1443/1078/532 1449/1091/544 1450/1074/528
f 1441/1087/535 1448/1098/546 1444/1088/542
f 1444/1088/542 1443/1078/532 1450/1074/528
f 1444/1099/542 1448/1100/546 1447/1101/526 1445/1102/541
f 1456/1075/547 1452/1074/548 1455/1076/549
f 1475/1082/550 1472/1084/551 1473/1083/552 1474/1071/553
f 1466/1079/554 1468/1089/555 1467/1077/556
f 1460/1078/557 1458/1080/558 1459/1073/559
f 1456/1075/547 1475/1082/550 1474/1071/553 1453/1077/560
f 1455/1074/549 1467/1077/556 1470/1092/561 1475/1071/550
f 1467/1077/556 1464/1078/562 1465/1073/563 1466/1079/554
f 1462/1072/564 1459/1073/559 1457/1092/565
f 1469/1085/566 1465/1086/563 1471/1072/567
f 1455/1074/549 1464/1078/562 1467/1077/556
f 1460/1078/557 1461/1088/568 1463/1098/569 1455/1076/549
f 1458/1080/558 1454/1091/570 1452/1074/548
f 1468/1089/555 1469/1093/566 1470/1092/561
f 1468/1089/555 1470/1092/561 1467/1077/556
f 1463/1098/569 1464/1087/562 1455/1076/549
f 1455/1076/549 1452/1074/548 1454/1091/570
f 1455/1076/549 1454/1091/570 1460/1078/557
f 1453/1077/560 1452/1074/548 1456/1075/547
f 1474/1071/553 1457/1092/565 1453/1077/560
f 1475/1071/550 1456/1081/547 1455/1074/549
f 1474/1071/553 1473/1083/552 1462/1072/564
f 1462/1072/564 1461/1094/568 1460/1095/557
f 1459/1073/559 1458/1080/558 1453/1077/560
f 1462/1072/564 1460/1095/557 1459/1073/559
f 1457/1092/565 1474/1071/553 1462/1072/564
f 1459/1073/559 1453/1077/560 1457/1092/565
f 1471/1072/567 1472/1083/551 1475/1071/550
f 1475/1071/550 1470/1092/561 1469/1085/566
f 1469/1085/566 1468/1096/555 1466/1097/554
f 1465/1086/563 1464/1095/562 1463/1094/569
f 1469/1085/566 1466/1097/554 1465/1086/563
f 1471/1072/567 1475/1071/550 1469/1085/566
f 1465/1086/563 1463/1094/569 1471/1072/567
f 1452/1074/548 1453/1077/560 1458/1080/558
f 1458/1080/558 1460/1078/557 1454/1091/570
f 1471/1101/567 1463/1100/569 1461/1099/568 1462/1102/564
f 1493/1103/571 1482/1104/572 1485/1105/573 1492/1106/574
f 1490/1107/575 1491/1108/576 1489/1108/577 1476/1109/578
f 1481/1110/579 1476/1109/578 1477/1103/580
f 1483/1111/581 1485/1112/573 1482/1113/572
f 1487/1105/582 1479/1104/583 1477/1103/580 1488/1106/584
f 1492/1106/574 1490/1107/575 1493/1103/571
f 1483/1111/581 1479/1113/583 1487/1112/582 1484/1114/585
f 1483/1111/581 1481/1110/579 1479/1113/583
f 1478/1107/586 1488/1106/584 1477/1103/580
f 1493/1103/571 1490/1107/575 1480/1109/587
f 1487/1112/582 1486/1114/588 1484/1114/585
f 1477/1103/580 1479/1104/583 1481/1110/579
f 1481/1110/579 1480/1109/587 1476/1109/578
f 1476/1109/578 1478/1107/586 1477/1103/580
f 1489/1108/577 1478/1107/586 1476/1109/578
f 1476/1109/578 1480/1109/587 1490/1107/575
f 1483/1111/581 1484/1114/585 1485/1112/573
f 1492/1106/574 1491/1108/576 1490/1107/575
f 1483/1111/581 1482/1113/572 1481/1110/579
f 1478/1107/586 1489/1108/577 1488/1106/584
f 1481/1110/579 1482/1104/572 1493/1103/571 1480/1109/587
s 0
f 1501/1115/589 1499/1116/589 1500/1117/589 1496/1118/589
f 1498/1119/590 1497/1120/590 1495/1115/590 1494/1118/590
f 1498/1118/591 1500/1119/591 1499/1120/591 1497/1115/591
f 1495/1115/592 1501/1116/592 1496/1117/592 1494/1118/592
f 1503/1115/592 1509/1116/592 1504/1117/592 1502/1118/592
f 1504/1119/589 1509/1120/589 1507/1115/589 1508/1118/589
f 1506/1118/590 1505/1115/590 1503/1116/590 1502/1117/590
f 1505/1115/591 1506/1118/591 1508/1119/591 1507/1120/591
f 1514/1121/593 1512/1122/593 1513/1123/593
f 1513/1123/594 1512/1124/594 1510/1125/594 1511/1126/594
f 1510/1122/595 1515/1121/595 1511/1123/595
f 1515/1127/596 1514/1121/596 1513/1123/596 1511/1126/596
s 1
f 1523/1128/597 1527/1129/598 1525/1130/599 1521/1131/600
f 1517/1132/601 1525/1130/599 1527/1129/598 1526/1133/602
f 1518/1134/603 1517/1132/601 1516/1135/604
f 1519/1136/605 1521/1131/600 1524/1137/606
f 1518/1134/603 1525/1130/599 1517/1132/601
f 1519/1136/605 1520/1138/607 1521/1131/600
f 1525/1130/599 1524/1137/606 1521/1131/600
f 1521/1131/600 1522/1139/608 1523/1128/597
f 1524/1137/606 1525/1130/599 1518/1134/603 1519/1136/605
f 1533/1140/609 1532/1141/609 1530/1142/610 1531/1143/610
f 1531/1143/610 1530/1142/610 1528/1144/611 1529/1145/611
s 0
f 1541/1120/589 1540/1115/589 1539/1118/589 1536/1119/589
f 1538/1118/590 1537/1115/590 1535/1116/590 1534/1117/590
f 1538/1117/591 1539/1118/591 1540/1115/591 1537/1116/591
f 1541/1115/592 1536/1118/592 1534/1119/592 1535/1120/592
f 1546/1119/590 1545/1120/590 1543/1115/590 1542/1118/590
f 1547/1116/589 1548/1117/589 1544/1118/589 1549/1115/589
f 1546/1117/591 1548/1118/591 1547/1115/591 1545/1116/591
f 1549/1115/592 1544/1118/592 1542/1119/592 1543/1120/592
g Atomic12_meshId66_name.001
v 228.802780 18.996281 47.157597
v 228.200500 36.701542 70.762260
v 224.725708 34.487373 84.698952
v 216.985382 -54.999992 94.554871
v 228.802780 -54.999996 47.157604
v 221.959106 -59.999992 95.794983
v 234.986191 -59.999996 43.546234
v 239.413620 29.487373 88.361076
v 228.645370 -54.999992 102.615120
v 229.842285 18.905830 97.814575
v 220.749512 -54.999992 100.646454
v 229.855072 -140.000000 97.763634
v 242.882080 -140.000000 45.514904
v 242.882080 -220.000000 45.514908
v 239.413696 -229.487320 88.361092
v 228.645370 -144.999985 102.615120
v 229.842331 -218.905762 97.814590
v 220.749512 -145.000000 100.646454
v 236.229004 -236.701523 72.199120
v 242.882080 -59.999996 45.514896
v 229.854996 -59.999992 97.763634
v 228.645370 -64.999992 102.615120
v 228.645370 -134.999985 102.615120
v 221.959198 -140.000000 95.794983
v 224.725708 -234.487335 84.698967
v 232.621567 -234.487335 86.667633
v 234.986191 -140.000000 43.546242
v 228.802856 -145.000000 47.157612
v 216.985382 -145.000000 94.554871
v 228.802856 -218.996338 47.157612
v 228.200546 -236.701523 70.762276
v 232.621567 34.487373 86.667618
v 236.229004 36.701542 72.199104
v 242.882080 20.000004 45.514893
v 216.985382 -135.000000 94.554871
v 216.985382 -64.999992 94.554871
v 228.802780 -65.000000 47.157600
v 228.802856 -135.000000 47.157608
v 223.329224 -253.722290 71.872673
v 223.329224 -238.428467 73.729088
v 217.329224 -244.359497 39.709499
v 220.329208 -259.499023 46.906857
v 220.329224 -247.310425 35.694355
v 217.329224 -257.257324 59.539135
v 222.329224 -261.883423 60.545254
v 318.329224 -261.883423 60.545284
v 323.329224 -251.422470 67.668777
v 323.329224 -257.257324 59.539150
v 320.329224 -252.518188 58.538692
v 320.329193 -249.122681 63.464870
v 320.329224 -247.310425 35.694370
v 323.329224 -239.807129 69.139862
v 317.329224 -238.428467 73.729111
v 320.329193 -219.883667 9.457580
v 220.329208 -219.883667 9.457562
v 220.329208 -238.458374 9.457564
v 220.329208 -246.416382 22.581789
v 220.329208 -241.585205 38.037376
v 320.329224 -246.416382 22.581802
v 320.329285 -238.458374 9.457582
v 320.329193 -241.585205 38.037392
v 320.329193 -241.185898 64.550621
v 315.329224 -54.999996 50.000019
v 315.329224 15.000004 50.000015
v 242.600494 -54.999996 50.000004
v 315.329224 -59.999996 45.000019
v 241.600464 -59.999996 45.000004
v 242.600494 -65.000000 50.000004
v 315.329224 -65.000000 50.000019
v 242.600494 -135.000000 50.000011
v 315.329224 -135.000000 50.000027
v 241.600464 -140.000000 45.000011
v 315.329224 -140.000000 45.000027
v 242.600494 -145.000000 50.000011
v 242.600494 -215.000000 50.000015
v 315.329224 -145.000000 50.000027
v 320.329224 -145.000000 45.000027
v 315.329224 -215.000000 50.000031
v 315.329224 -220.000000 45.000031
v 241.600464 -220.000000 45.000015
v 318.329224 -215.000000 30.000013
v 313.329224 -220.000000 30.000010
v 318.329224 -145.000000 30.000008
v 313.329224 -140.000000 30.000004
v 318.329224 -135.000000 30.000006
v 318.329224 -65.000000 30.000002
v 320.329224 -65.000000 45.000019
v 313.329224 -59.999996 29.999996
v 318.329224 -54.999996 30.000000
v 318.329224 15.000002 29.999994
v 320.329224 15.000004 45.000015
v 315.329224 20.000004 45.000015
v 313.329224 20.000002 29.999990
v 242.600494 15.000004 50.000000
v 241.600464 20.000004 45.000000
v 323.329224 39.807194 69.139847
v 323.329224 57.257328 59.539127
v 323.329224 44.359562 39.709496
v 320.329224 47.310493 35.694347
v 220.329224 47.310493 35.694332
v 220.329208 59.499023 46.906834
v 320.329224 46.416382 22.581779
v 320.329193 41.585209 38.037369
v 320.329193 19.883728 9.457561
v 220.329208 19.883728 9.457544
v 220.329208 41.585209 38.037354
v 220.329208 46.416382 22.581766
v 220.329208 38.458435 9.457543
v 320.329193 38.458435 9.457561
v 220.329208 52.518192 58.538654
v 217.329224 57.257328 59.539112
v 220.329208 49.122684 63.464828
v 222.329224 61.883488 60.545231
v 318.329224 61.883488 60.545261
v 223.329224 53.722355 71.872643
v 217.329224 39.807194 69.139832
v 223.329224 38.428471 73.729073
v 317.329224 38.428471 73.729095
v 220.329208 41.185917 64.550591
v 317.329224 20.000002 30.000013
v 320.329224 -60.000000 27.000017
v 320.329193 20.000000 10.000012
v 320.329193 -60.000000 10.000019
v 320.329224 -140.000000 27.000025
v 320.329193 -140.000000 10.000025
v 320.329193 -220.000000 10.000031
v 317.329224 -220.000000 30.000032
v 317.329224 -140.000000 30.000027
v 289.569946 -220.000000 30.000031
v 289.569946 -140.000000 30.000025
v 317.329224 -59.999996 30.000019
v 289.569946 -59.999996 30.000017
v 289.569885 20.000002 30.000011
v 318.705750 -236.376465 10.000032
v 317.329224 -235.000000 0.000032
v 318.705750 -223.623535 10.000031
v 307.329224 -235.000000 0.000030
v 305.952728 -236.376465 10.000030
v 305.952728 -223.623535 10.000029
v 307.329224 -225.000000 0.000029
v 317.329224 -225.000000 0.000031
v 318.705688 23.623474 10.000012
v 317.329224 25.000000 0.000012
v 318.705688 36.376526 10.000011
v 305.952698 23.623474 10.000010
v 307.329224 25.000000 0.000010
v 307.329224 35.000000 0.000009
v 305.952698 36.376465 10.000009
v 317.329224 35.000000 0.000011
v 216.670776 -220.000000 85.153137
v 221.364502 -220.000000 85.905228
v 216.670776 20.000006 85.153130
v 225.329224 -220.000000 10.000009
v 225.329224 20.000000 9.999990
v 221.364502 20.000006 85.905212
v 234.705780 -236.376465 10.000022
v 233.329224 -235.000000 0.000021
v 234.705780 -223.623535 10.000021
v 223.329224 -235.000000 0.000019
v 221.952759 -236.376465 10.000020
v 221.952759 -223.623535 10.000019
v 223.329224 -225.000000 0.000018
v 233.329224 -225.000000 0.000020
v 234.705673 23.623474 10.000002
v 234.705673 36.376526 10.000001
v 233.329224 25.000000 0.000001
v 221.952698 23.623474 10.000000
v 223.329224 25.000000 -0.000000
v 223.329224 35.000000 -0.000001
v 233.329224 35.000000 0.000001
v 221.952698 36.376526 9.999999
vn 0.2502 0.2930 0.9228
vn 0.2488 0.0238 0.9683
vn -0.7571 -0.6477 0.0855
vn -0.6284 0.2455 0.7381
vn -0.7884 0.5335 0.3063
vn 0.2502 -0.2929 0.9228
vn 0.3320 0.1466 0.9318
vn -0.7884 -0.5335 0.3064
vn -0.9152 0.3438 0.2103
vn -0.8792 0.4349 -0.1945
vn -0.9807 -0.0434 -0.1905
vn -0.9152 -0.3438 0.2103
vn -0.8021 0.5931 -0.0698
vn -0.8792 -0.4349 -0.1945
vn -0.0397 -0.7868 0.6159
vn 0.3321 -0.1466 0.9318
vn 0.9178 -0.3185 0.2370
vn 0.9418 0.0656 0.3296
vn 0.9758 0.0501 0.2130
vn -0.9116 0.2797 0.3012
vn -0.8864 -0.3516 0.3009
vn 0.2888 -0.2056 0.9350
vn -0.6284 -0.2455 0.7382
vn -0.8663 -0.4505 -0.2160
vn -0.7129 -0.6784 -0.1777
vn 0.7560 0.3195 0.5713
vn 0.6115 0.7852 0.0973
vn -0.0397 0.7868 0.6160
vn -0.8663 0.4505 -0.2160
vn -0.7399 0.5449 0.3945
vn -0.6545 -0.7096 -0.2609
vn 0.6115 -0.7852 0.0973
vn 0.7561 -0.3195 0.5712
vn 0.9507 0.1419 0.2756
vn 0.9758 -0.0501 0.2130
vn -0.8021 -0.5931 -0.0698
vn 0.2889 -0.2057 0.9350
vn 0.3564 0.0277 0.9339
vn -0.9807 0.0434 -0.1905
vn 0.8957 -0.4050 0.1837
vn 0.2143 -0.9124 0.3487
vn 0.8268 -0.5618 -0.0278
vn 0.9798 0.1870 -0.0713
vn 0.9797 0.1871 -0.0714
vn -0.9731 -0.2034 0.1087
vn -0.4025 -0.5096 0.7605
vn -0.5432 0.3415 0.7670
vn -0.6397 -0.7499 -0.1689
vn -0.5164 -0.7861 -0.3397
vn -0.8565 -0.4328 -0.2812
vn -0.9065 0.2324 -0.3525
vn 0.8845 -0.0523 0.4635
vn 0.7919 -0.0780 0.6057
vn 0.9797 0.1871 -0.0713
vn 0.8390 -0.4514 -0.3037
vn -0.9732 -0.0179 -0.2294
vn 0.6827 -0.6458 -0.3418
vn -0.5121 -0.8458 0.1493
vn 0.3601 0.2421 0.9009
vn 0.6120 0.7605 0.2170
vn -0.5969 0.7674 0.2343
vn -0.6897 -0.6448 -0.3294
vn 0.8835 0.3622 0.2969
vn 0.4685 -0.2650 0.8428
vn 0.7590 -0.4137 0.5028
vn 0.1663 -0.1706 0.9712
vn 0.9310 0.3628 -0.0413
vn 0.4735 0.8791 -0.0551
vn 0.8835 0.3622 0.2970
vn 0.4685 -0.2649 0.8428
vn 0.6545 -0.4916 0.5744
vn 0.9975 -0.0665 0.0222
vn 0.9975 -0.0666 0.0222
vn 0.7040 0.7040 -0.0939
vn 0.3566 0.8248 0.4388
vn 0.0132 0.3989 0.9169
vn -0.0000 -0.3990 0.9170
vn 0.3211 0.3584 0.8766
vn 0.0034 -0.6479 0.7617
vn 0.0131 0.3989 0.9169
vn 0.3211 0.3583 0.8767
vn -0.0000 -0.7071 0.7071
vn 0.0233 0.7069 0.7069
vn 0.0035 -0.6479 0.7617
vn 0.9975 -0.0665 0.0221
vn 0.2668 0.8936 0.3608
vn -0.3347 0.5234 0.7836
vn -0.5525 -0.2021 0.8087
vn 0.7396 0.1418 0.6580
vn 0.9434 0.0876 -0.3200
vn 0.8949 -0.2455 -0.3727
vn 0.6306 0.5060 -0.5885
vn -0.9712 -0.2202 -0.0914
vn -0.9792 0.1601 0.1245
vn 0.5913 -0.7796 0.2062
vn 0.3713 -0.2610 0.8911
vn -0.6120 -0.7605 0.2170
vn -0.4837 0.8530 0.1958
vn -0.6753 0.6518 -0.3450
vn -0.9677 0.0329 0.2499
vn 0.8550 0.4082 -0.3198
vn -0.9711 -0.2203 -0.0914
vn -0.9712 -0.2201 -0.0914
vn -0.8390 0.4514 -0.3037
vn 0.8157 0.4738 0.3320
vn -0.5367 0.7826 -0.3154
vn -0.7481 0.4915 -0.4458
vn 0.6976 0.6204 -0.3583
vn 0.9601 -0.0070 0.2796
vn 0.9972 -0.0079 0.0744
vn 0.9972 0.0079 0.0744
vn 0.9601 0.0071 0.2797
vn 0.6525 0.0104 0.7577
vn -0.0000 -0.0000 1.0000
vn 0.5106 0.0048 0.8598
vn 0.9888 0.0158 0.1483
vn 0.5107 -0.0048 0.8598
vn 0.6525 -0.0104 0.7577
vn 0.9888 -0.0158 0.1483
vn -0.0000 -0.9907 -0.1364
vn -0.0000 0.9907 -0.1364
vn -0.9907 -0.0000 -0.1364
vn 0.9907 -0.0000 -0.1364
vn -0.1582 -0.0000 0.9874
vn -0.0000 1.0000 -0.0000
vn -0.0000 -1.0000 -0.0000
vn -0.9934 -0.0000 -0.1145
vt 0.981333 1.587330
vt 0.998732 1.574829
vt 0.998732 1.625072
vt 0.981333 1.607673
vt 0.736905 1.567389
vt 0.797837 1.587330
vt 0.755539 1.646972
vt 0.981333 1.625072
vt 0.981333 1.747192
vt 0.793558 1.746960
vt 0.748889 1.690127
vt 0.754982 1.555604
vt 0.998732 1.440209
vt 0.795102 1.440209
vt 0.638432 1.202007
vt 0.463432 1.202007
vt 0.463432 1.160591
vt 0.654932 1.148091
vt 0.463432 1.324127
vt 0.446932 1.336627
vt 0.446932 1.202007
vt 0.771384 1.550588
vt 0.748889 1.509519
vt 0.638432 1.324127
vt 0.654932 1.202007
vt 0.654932 1.336627
vt 0.998431 1.759648
vt 0.446932 1.000000
vt 0.654932 1.000000
vt 0.727695 1.512294
vt 0.638432 1.160591
vt 0.446932 1.148091
vt 0.763771 1.264297
vt 0.780248 1.264492
vt 0.780345 1.353742
vt 0.764213 1.362824
vt 0.747000 1.264310
vt 0.780244 1.222768
vt 0.780251 1.182315
vt 0.780271 1.304776
vt 0.726101 1.000000
vt 0.764250 1.181996
vt 0.763661 1.222416
vt 0.747000 1.222536
vt 0.747000 1.181782
vt 0.719282 1.137733
vt 0.718284 1.071450
vt 0.764456 1.352760
vt 0.780269 1.379820
vt 0.998793 1.264471
vt 0.998504 1.353706
vt 0.998783 1.182315
vt 0.780238 1.000000
vt 1.000000 1.000000
vt 0.998805 1.222769
vt 0.998726 1.304791
vt 0.998684 1.379820
vt 0.704514 1.032128
vt 0.703971 1.065592
vt 0.699440 1.135018
vt 0.690951 1.122703
vt 0.998684 1.436947
vt 0.780269 1.436947
vt 0.780269 1.408658
vt 0.998684 1.408657
vt 0.425700 1.064009
vt 0.250700 1.080759
vt 0.232540 1.080759
vt 0.443707 1.080759
vt 0.425700 1.003560
vt 0.443707 1.003839
vt 0.232540 1.003839
vt 0.250700 1.003560
vt 0.425700 1.267073
vt 0.250700 1.267073
vt 0.425700 1.080759
vt 0.443707 1.266191
vt 0.232540 1.266191
vt 0.008023 1.041959
vt 0.008023 1.002000
vt 0.193915 1.002000
vt 0.193915 1.041959
vt 0.193915 1.066721
vt 0.193915 1.074825
vt 0.008023 1.074825
vt 0.008023 1.066721
vt 0.696811 1.048730
vt 0.658979 1.048730
vt 0.658951 1.095791
vt 0.696783 1.095791
vt 0.659007 1.001834
vt 0.696840 1.001834
vt 0.002656 1.279461
vt 0.002656 1.267577
vt 0.200089 1.267570
vt 0.200086 1.279461
vt 0.211877 1.267600
vt 0.200088 1.077914
vt 0.002656 1.077918
s 1
usemtl obj091.007
f 1565/1146/612 1561/1147/613 1573/1148/614 1567/1149/615
f 1552/1150/616 1558/1146/617 1559/1151/618
f 1574/1152/619 1578/1153/620 1577/1154/621 1579/1155/622
f 1553/1153/623 1552/1152/616 1551/1156/624 1554/1154/625
f 1575/1157/626 1566/1151/627 1567/1149/615
f 1570/1147/628 1569/1158/629 1583/1159/630 1559/1151/618
f 1585/1160/631 1584/1161/632 1572/1162/633 1570/1163/628
f 1552/1152/616 1553/1153/623 1560/1149/634
f 1587/1164/635 1576/1165/636 1573/1166/614 1584/1161/632
f 1557/1167/637 1582/1168/638 1581/1157/639
f 1586/1169/640 1585/1160/631 1555/1170/641 1556/1171/642
f 1568/1168/643 1564/1167/644 1575/1157/626
f 1577/1154/621 1578/1153/620 1573/1148/614 1576/1172/636
f 1578/1153/620 1574/1152/619 1567/1149/615
f 1562/1173/645 1569/1174/629 1570/1163/628 1572/1162/633
f 1554/1154/625 1556/1172/642 1555/1148/641 1553/1153/623
f 1570/1147/628 1560/1149/634 1553/1153/623
f 1573/1166/614 1572/1162/633 1584/1161/632
f 1551/1175/624 1552/1150/616 1581/1157/639 1582/1168/638
f 1563/1159/646 1562/1158/645 1561/1147/613 1566/1151/627
f 1575/1157/626 1574/1150/619 1580/1175/647 1568/1168/643
f 1572/1162/648 1571/1176/649 1570/1163/628
f 1570/1163/628 1555/1170/641 1585/1160/631
f 1557/1167/637 1581/1157/639 1552/1150/616
f 1552/1150/616 1560/1149/634 1558/1146/617
f 1559/1151/618 1557/1167/637 1552/1150/616
f 1551/1156/624 1550/1155/650 1554/1154/625
f 1572/1162/633 1561/1177/613 1562/1173/645
f 1567/1149/615 1574/1150/619 1575/1157/626
f 1575/1157/626 1564/1167/644 1566/1151/627
f 1566/1151/627 1565/1146/612 1567/1149/615
f 1573/1148/614 1578/1153/620 1567/1149/615
f 1579/1155/622 1580/1156/647 1574/1152/619
f 1557/1167/637 1583/1159/630 1582/1168/638
f 1568/1168/643 1563/1159/646 1564/1167/644
f 1553/1153/623 1555/1148/641 1570/1147/628
f 1570/1147/628 1558/1146/617 1560/1149/634
f 1573/1166/614 1561/1177/613 1572/1162/633
f 1583/1159/630 1557/1167/637 1559/1151/618
f 1559/1151/618 1558/1146/617 1570/1147/628
f 1561/1147/613 1565/1146/612 1566/1151/627
f 1566/1151/627 1564/1167/644 1563/1159/646
f 1586/1169/640 1587/1164/635 1584/1161/632 1585/1160/631
f 1597/1178/651 1595/1179/652 1600/1180/653
f 1597/1178/651 1600/1180/653 1610/1181/654 1598/1182/655
f 1593/1178/656 1588/1183/657 1589/1184/658
f 1593/1178/656 1592/1180/659 1591/1185/660
f 1605/1186/661 1607/1181/662 1589/1184/658
f 1601/1187/663 1596/1188/664 1599/1189/655 1611/1190/665
f 1597/1178/651 1598/1182/655 1599/1189/655 1596/1188/664
f 1611/1191/665 1610/1192/654 1609/1186/666
f 1592/1180/659 1590/1193/667 1607/1181/662
f 1608/1194/668 1600/1180/653 1594/1195/669 1592/1196/659
f 1589/1197/658 1602/1184/670 1603/1198/671 1604/1199/672
f 1595/1179/652 1596/1188/664 1588/1200/657 1594/1195/669
f 1600/1180/653 1595/1179/652 1594/1195/669
f 1594/1195/669 1591/1201/660 1592/1196/659
f 1592/1196/659 1606/1202/673 1608/1194/668
f 1593/1178/656 1594/1179/669 1588/1183/657
f 1591/1185/660 1594/1179/669 1593/1178/656
f 1593/1178/656 1590/1193/667 1592/1180/659
f 1589/1184/658 1604/1198/672 1605/1186/661
f 1605/1186/661 1606/1203/673 1592/1204/659
f 1607/1181/662 1590/1193/667 1593/1178/656
f 1605/1186/661 1592/1204/659 1607/1181/662
f 1607/1181/662 1593/1178/656 1589/1184/658
f 1595/1179/652 1597/1178/651 1596/1188/664
f 1596/1188/664 1601/1187/663 1602/1184/670
f 1609/1186/666 1603/1198/671 1602/1184/670
f 1602/1184/670 1601/1187/663 1611/1191/665
f 1611/1191/665 1599/1205/655 1598/1206/655
f 1610/1192/654 1600/1204/653 1608/1203/668
f 1611/1191/665 1598/1206/655 1610/1192/654
f 1609/1186/666 1602/1184/670 1611/1191/665
f 1610/1192/654 1608/1203/668 1609/1186/666
f 1602/1184/670 1589/1197/658 1588/1200/657 1596/1188/664
f 1605/1207/661 1609/1208/666 1608/1209/668 1606/1210/673
f 1626/1211/674 1627/1212/675 1628/1213/676
f 1622/1214/677 1626/1211/674 1632/1215/678 1633/1216/679
f 1640/1211/680 1612/1212/681 1615/1213/682
f 1632/1215/678 1626/1211/674 1628/1213/676 1631/1217/683
f 1635/1215/678 1636/1211/674 1622/1213/677 1634/1218/684
f 1639/1215/678 1642/1216/685 1641/1214/686 1640/1211/680
f 1636/1211/674 1620/1212/681 1622/1213/677
f 1643/1219/687 1614/1220/688 1612/1212/681 1613/1221/689
f 1616/1222/690 1617/1219/691 1618/1221/692 1615/1214/682
f 1625/1221/689 1623/1219/687 1624/1220/688 1627/1212/675
f 1624/1220/688 1629/1223/693 1628/1213/676 1627/1212/675
f 1644/1222/694 1613/1221/689 1640/1211/680
f 1615/1213/682 1612/1212/681 1614/1220/688 1616/1223/690
f 1622/1213/677 1620/1212/681 1619/1220/688 1621/1223/695
f 1621/1222/695 1625/1221/689 1626/1211/674
f 1639/1215/678 1640/1211/680 1615/1213/682 1638/1218/684
f 1615/1214/682 1636/1211/674 1635/1215/678 1637/1216/679
f 1626/1211/674 1625/1221/689 1627/1212/675
f 1615/1213/682 1637/1217/679 1638/1218/684
f 1640/1211/680 1613/1221/689 1612/1212/681
f 1618/1221/692 1636/1211/674 1615/1214/682
f 1636/1211/674 1618/1221/692 1620/1212/681
f 1640/1211/680 1641/1214/686 1644/1222/694
f 1644/1222/694 1643/1219/687 1613/1221/689
f 1631/1217/683 1630/1218/696 1632/1215/678
f 1626/1211/674 1622/1214/677 1621/1222/695
f 1621/1222/695 1623/1219/687 1625/1221/689
f 1622/1213/677 1633/1217/679 1634/1218/684
f 1620/1212/681 1618/1221/692 1617/1219/691 1619/1220/688
f 1663/1179/697 1664/1200/698 1666/1197/699 1645/1187/700
f 1647/1193/701 1652/1181/702 1648/1180/703
f 1659/1182/704 1661/1189/704 1660/1178/705
f 1653/1198/706 1667/1184/707 1666/1197/699 1654/1199/708
f 1662/1195/709 1663/1179/697 1648/1180/703 1656/1202/710
f 1662/1179/709 1660/1178/705 1665/1187/711 1666/1184/699
f 1658/1186/712 1652/1181/702 1645/1187/700
f 1668/1191/713 1655/1192/714 1657/1186/715
f 1648/1180/703 1663/1179/697 1646/1178/716 1647/1193/701
f 1650/1185/717 1660/1178/705 1662/1179/709
f 1664/1200/698 1663/1179/697 1662/1195/709
f 1649/1196/718 1650/1201/717 1662/1195/709
f 1648/1180/703 1651/1194/719 1656/1202/710
f 1656/1202/710 1649/1196/718 1662/1195/709
f 1661/1189/704 1668/1190/713 1665/1187/711
f 1660/1178/705 1649/1180/718 1655/1181/714
f 1660/1178/705 1655/1181/714 1659/1182/704
f 1661/1189/704 1665/1187/711 1660/1178/705
f 1645/1187/700 1646/1178/716 1663/1179/697
f 1666/1197/699 1667/1184/707 1645/1187/700
f 1667/1184/707 1653/1198/706 1658/1186/712
f 1658/1186/712 1651/1203/719 1648/1204/703
f 1652/1181/702 1647/1193/701 1646/1178/716
f 1658/1186/712 1648/1204/703 1652/1181/702
f 1645/1187/700 1667/1184/707 1658/1186/712
f 1652/1181/702 1646/1178/716 1645/1187/700
f 1657/1186/715 1654/1198/708 1666/1184/699
f 1666/1184/699 1665/1187/711 1668/1191/713
f 1668/1191/713 1661/1205/704 1659/1206/704
f 1655/1192/714 1649/1204/718 1656/1203/710
f 1668/1191/713 1659/1206/704 1655/1192/714
f 1657/1186/715 1666/1184/699 1668/1191/713
f 1655/1192/714 1656/1203/710 1657/1186/715
f 1666/1184/699 1664/1183/698 1662/1179/709
f 1650/1185/717 1649/1180/718 1660/1178/705
f 1658/1208/712 1657/1207/715 1656/1210/710 1651/1209/719
f 1673/1224/720 1674/1225/721 1672/1226/722 1670/1227/723
f 1669/1228/724 1682/1229/725 1681/1230/725 1680/1231/726
f 1671/1226/727 1669/1228/724 1680/1231/726 1672/1225/722
f 1681/1229/725 1679/1230/725 1677/1231/728 1680/1228/726
f 1677/1228/728 1676/1231/729 1675/1225/730 1674/1226/721
f 1670/1227/723 1680/1228/726 1677/1231/728 1673/1224/720
f 1674/1226/721 1673/1227/720 1677/1228/728
f 1680/1231/726 1670/1224/723 1672/1225/722
f 1679/1229/725 1678/1230/725 1676/1231/729 1677/1228/728
s 0
f 1687/1232/731 1686/1233/731 1684/1234/731 1683/1235/731
f 1690/1236/732 1689/1233/732 1688/1232/732 1685/1237/732
f 1686/1233/733 1687/1232/733 1688/1237/733 1689/1236/733
f 1690/1234/734 1685/1235/734 1683/1232/734 1684/1233/734
f 1698/1234/734 1693/1235/734 1691/1232/734 1692/1233/734
f 1693/1232/732 1698/1233/732 1696/1234/732 1697/1235/732
f 1691/1232/731 1694/1237/731 1695/1236/731 1692/1233/731
f 1697/1237/733 1696/1236/733 1695/1233/733 1694/1232/733
f 1704/1238/735 1701/1239/735 1699/1240/735 1700/1241/735
f 1701/1240/736 1704/1242/736 1703/1243/736
f 1702/1243/737 1700/1242/737 1699/1240/737
f 1702/1243/738 1699/1240/738 1701/1239/738 1703/1244/738
f 1712/1236/732 1711/1233/732 1710/1232/732 1707/1237/732
f 1709/1232/731 1708/1233/731 1706/1234/731 1705/1235/731
f 1709/1235/733 1710/1232/733 1711/1233/733 1708/1234/733
f 1712/1233/734 1707/1232/734 1705/1237/734 1706/1236/734
f 1715/1236/734 1719/1233/734 1714/1232/734 1713/1237/734
f 1720/1232/733 1718/1233/733 1717/1234/733 1716/1235/733
f 1713/1232/731 1716/1237/731 1717/1236/731 1715/1233/731
f 1714/1232/732 1719/1233/732 1718/1234/732 1720/1235/732
g Atomic13_meshId67_name.001
v 771.197205 -218.996292 47.157612
v 771.799500 -236.701523 70.762276
v 775.274353 -234.487350 84.698967
v 783.014648 -145.000000 94.554871
v 771.197144 -145.000000 47.157612
v 778.040955 -140.000000 95.794983
v 765.013733 -140.000000 43.546242
v 760.586365 -229.487350 88.361092
v 771.354614 -144.999985 102.615120
v 770.157654 -218.905807 97.814590
v 779.250488 -145.000000 100.646454
v 770.144958 -59.999992 97.763634
v 757.117920 -59.999996 45.514896
v 757.117920 20.000004 45.514893
v 760.586365 29.487312 88.361076
v 771.354614 -54.999992 102.615120
v 770.157654 18.905769 97.814575
v 779.250488 -54.999992 100.646454
v 763.770996 36.701542 72.199104
v 757.117920 -140.000000 45.514904
v 770.145020 -140.000000 97.763634
v 771.354614 -134.999985 102.615120
v 771.354614 -64.999992 102.615120
v 778.040894 -59.999992 95.794983
v 775.274353 34.487312 84.698952
v 767.378418 34.487312 86.667618
v 765.013794 -59.999996 43.546234
v 771.197144 -54.999996 47.157604
v 783.014648 -54.999992 94.554871
v 771.197205 18.996342 47.157597
v 771.799438 36.701542 70.762260
v 767.378418 -234.487350 86.667633
v 763.770996 -236.701523 72.199120
v 757.117920 -220.000000 45.514908
v 783.014648 -64.999992 94.554871
v 783.014648 -135.000000 94.554871
v 771.197144 -135.000000 47.157608
v 771.197144 -65.000000 47.157600
v 776.670837 53.722294 71.872643
v 776.670837 38.428471 73.729073
v 782.670837 44.359501 39.709476
v 779.670837 59.499023 46.906834
v 779.670837 47.310425 35.694332
v 782.670837 57.257328 59.539112
v 777.670837 61.883427 60.545231
v 681.670837 61.883427 60.545261
v 676.670715 51.422489 67.668755
v 676.670715 57.257328 59.539127
v 679.670837 52.518192 58.538670
v 679.670776 49.122684 63.464848
v 679.670837 47.310425 35.694347
v 676.670715 39.807133 69.139847
v 682.670837 38.428471 73.729095
v 679.670776 19.883667 9.457561
v 779.670776 19.883667 9.457544
v 779.670776 38.458374 9.457543
v 779.670837 46.416382 22.581766
v 779.670837 41.585209 38.037354
v 679.670837 46.416382 22.581779
v 679.670776 38.458374 9.457561
v 679.670837 41.585209 38.037369
v 679.670837 41.185917 64.550606
v 684.670837 -145.000000 50.000027
v 679.670837 -145.000000 45.000027
v 684.670837 -215.000000 50.000031
v 757.399597 -145.000000 50.000011
v 684.670837 -140.000000 45.000027
v 758.399597 -140.000000 45.000011
v 757.399597 -135.000000 50.000011
v 684.670837 -135.000000 50.000027
v 757.399597 -65.000000 50.000004
v 758.399597 -59.999996 45.000004
v 684.670837 -59.999996 45.000019
v 757.399597 -54.999996 50.000004
v 757.399597 15.000004 50.000000
v 684.670837 -54.999996 50.000019
v 679.670837 -54.999996 45.000019
v 684.670776 20.000004 45.000015
v 758.399536 20.000004 45.000000
v 681.670776 15.000002 29.999994
v 686.670776 20.000002 29.999990
v 681.670776 -54.999996 30.000000
v 686.670776 -59.999996 29.999996
v 681.670776 -135.000000 30.000006
v 679.670837 -135.000000 45.000027
v 686.670776 -140.000000 30.000004
v 681.670776 -145.000000 30.000008
v 681.670776 -215.000000 30.000013
v 684.670776 -220.000000 45.000031
v 686.670776 -220.000000 30.000010
v 757.399597 -215.000000 50.000015
v 758.399536 -220.000000 45.000015
v 676.670715 -239.807175 69.139862
v 676.670715 -257.257324 59.539150
v 676.670715 -244.359573 39.709518
v 679.670837 -247.310516 35.694370
v 779.670837 -247.310516 35.694355
v 779.670837 -259.499023 46.906857
v 679.670837 -246.416382 22.581802
v 679.670837 -241.585205 38.037392
v 679.670776 -219.883713 9.457580
v 779.670776 -219.883713 9.457562
v 779.670837 -241.585205 38.037376
v 779.670837 -246.416382 22.581789
v 779.670776 -238.458435 9.457564
v 679.670776 -238.458435 9.457582
v 779.670837 -252.518188 58.538677
v 782.670837 -257.257324 59.539135
v 779.670776 -249.122681 63.464851
v 777.670837 -261.883514 60.545254
v 681.670837 -261.883514 60.545284
v 776.670837 -253.722336 71.872673
v 782.670837 -239.807175 69.139847
v 776.670837 -238.428467 73.729088
v 682.670837 -238.428467 73.729111
v 779.670837 -241.185898 64.550606
v 682.670776 -220.000000 30.000032
v 679.670776 -220.000000 10.000031
v 679.670776 -140.000000 10.000025
v 679.670776 -60.000000 10.000019
v 679.670776 20.000000 10.000012
v 682.670776 20.000002 30.000013
v 682.670837 -59.999996 30.000019
v 710.430054 20.000002 30.000011
v 710.430054 -59.999996 30.000017
v 682.670837 -140.000000 30.000027
v 710.430054 -140.000000 30.000025
v 710.430115 -220.000000 30.000031
v 681.294312 36.376465 10.000011
v 682.670776 35.000000 0.000011
v 681.294312 23.623533 10.000012
v 692.670776 35.000000 0.000009
v 694.047241 36.376465 10.000009
v 694.047241 23.623533 10.000010
v 692.670776 25.000000 0.000010
v 682.670776 25.000000 0.000012
v 681.294312 -223.623474 10.000031
v 682.670776 -225.000000 0.000031
v 681.294312 -236.376526 10.000032
v 694.047241 -223.623474 10.000029
v 692.670776 -225.000000 0.000029
v 692.670776 -235.000000 0.000030
v 694.047241 -236.376465 10.000030
v 682.670776 -235.000000 0.000032
v 783.329224 20.000006 85.153122
v 778.635498 20.000006 85.905212
v 783.329224 -220.000000 85.153145
v 774.670776 20.000000 9.999990
v 774.670776 -220.000000 10.000009
v 778.635498 -220.000000 85.905228
v 765.294312 36.376465 10.000001
v 766.670776 35.000000 0.000001
v 765.294312 23.623533 10.000002
v 776.670776 35.000000 -0.000001
v 778.047241 36.376465 9.999999
v 778.047241 23.623533 10.000000
v 776.670776 25.000000 -0.000000
v 766.670776 25.000000 0.000001
v 765.294312 -223.623474 10.000021
v 765.294312 -236.376526 10.000022
v 766.670776 -225.000000 0.000020
v 778.047241 -223.623474 10.000019
v 776.670776 -225.000000 0.000018
v 776.670776 -235.000000 0.000019
v 766.670776 -235.000000 0.000021
v 778.047241 -236.376526 10.000020
vn 0.0397 0.7868 0.6159
vn -0.3321 0.1466 0.9318
vn 0.6284 -0.2455 0.7381
vn 0.8864 0.3517 0.3009
vn -0.2888 0.2057 0.9350
vn -0.3564 -0.0278 0.9339
vn 0.0502 0.2342 0.9709
vn 0.7884 -0.5335 0.3063
vn 0.9152 0.3438 0.2103
vn 0.6284 0.2455 0.7382
vn 0.8021 -0.5931 -0.0698
vn 0.8792 0.4349 -0.1945
vn 0.8456 0.1719 0.5054
vn -0.2502 -0.2930 0.9228
vn -0.3578 0.2815 0.8903
vn 0.8418 0.5377 -0.0479
vn -0.2502 0.2929 0.9228
vn -0.3320 -0.1466 0.9318
vn 0.8792 -0.4349 -0.1945
vn 0.9152 -0.3438 0.2103
vn 0.7129 0.6784 -0.1777
vn -0.7560 -0.3195 0.5713
vn -0.6115 -0.7852 0.0973
vn 0.0397 -0.7868 0.6160
vn -0.9521 -0.1436 0.2699
vn -0.9411 -0.0626 0.3322
vn -0.9528 0.1627 0.2564
vn -0.6115 0.7852 0.0973
vn -0.7561 0.3195 0.5712
vn -0.9758 -0.0501 0.2130
vn 0.8663 -0.4505 -0.2160
vn 0.9116 -0.2797 0.3012
vn 0.7884 0.5335 0.3064
vn 0.8663 0.4505 -0.2160
vn -0.9758 0.0501 0.2130
vn 0.8021 0.5931 -0.0698
vn 0.9807 0.0434 -0.1905
vn 0.9807 -0.0434 -0.1905
vn 0.9731 0.2034 0.1087
vn 0.4025 0.5096 0.7605
vn 0.5432 -0.3415 0.7670
vn 0.9308 0.2040 -0.3033
vn 0.5164 0.7861 -0.3397
vn -0.2143 0.9124 0.3486
vn -0.7935 0.0764 0.6038
vn 0.5121 0.8459 0.1493
vn -0.9797 -0.1871 -0.0714
vn -0.9798 -0.1870 -0.0713
vn -0.8390 0.4514 -0.3037
vn -0.8957 0.4051 0.1836
vn -0.9504 0.2210 -0.2188
vn -0.9797 -0.1872 -0.0714
vn 0.8565 0.4328 -0.2812
vn 0.9065 -0.2324 -0.3525
vn -0.8846 0.0523 0.4634
vn 0.9732 0.0179 -0.2294
vn 0.5969 -0.7673 0.2343
vn -0.3601 -0.2421 0.9009
vn -0.6120 -0.7605 0.2170
vn -0.6828 0.6457 -0.3418
vn 0.6897 0.6448 -0.3294
vn 0.0139 0.3340 0.9425
vn -0.2510 -0.3162 0.9149
vn -0.8444 -0.3663 0.3909
vn -0.7590 -0.4137 0.5028
vn -0.8835 0.3622 0.2969
vn -0.9310 0.3628 -0.0413
vn -0.9975 -0.0665 0.0222
vn 0.0553 0.5749 0.8164
vn -0.7312 -0.6752 -0.0974
vn -0.0069 0.6438 0.7652
vn -0.0302 -0.3695 0.9287
vn -0.7428 0.1015 0.6618
vn -0.9310 -0.3628 -0.0413
vn -0.6887 -0.7158 -0.1153
vn -0.0000 -0.7071 0.7071
vn -0.0000 -0.3990 0.9170
vn -0.4685 -0.2650 0.8428
vn -0.8609 -0.3750 0.3438
vn -0.3211 0.3584 0.8766
vn -0.9244 -0.3609 -0.1233
vn -0.0320 0.0670 0.9972
vn -0.0132 0.3989 0.9169
vn -0.7094 0.0899 0.6991
vn -0.9975 0.0665 0.0222
vn -0.9975 0.0665 0.0221
vn -0.9975 -0.0666 0.0221
vn -0.0319 0.0668 0.9973
vn -0.3713 0.2611 0.8910
vn 0.5525 0.2021 0.8087
vn 0.6120 0.7605 0.2170
vn -0.5913 0.7796 0.2062
vn 0.3347 -0.5234 0.7836
vn -0.2668 -0.8937 0.3609
vn 0.4836 -0.8531 0.1958
vn -0.9434 -0.0875 -0.3200
vn -0.8949 0.2455 -0.3727
vn -0.8266 -0.4887 -0.2792
vn -0.6976 -0.6204 -0.3583
vn 0.9505 -0.1904 -0.2455
vn 0.9711 0.2203 -0.0914
vn 0.9712 0.2201 -0.0914
vn 0.8390 -0.4514 -0.3037
vn 0.9792 -0.1601 0.1245
vn 0.9677 -0.0329 0.2499
vn -0.8550 -0.4083 -0.3198
vn -0.7396 -0.1418 0.6580
vn -0.8157 -0.4738 0.3320
vn 0.5367 -0.7826 -0.3154
vn 0.9712 0.2202 -0.0914
vn 0.6753 -0.6519 -0.3450
vn -0.9889 -0.0000 0.1483
vn -0.6526 -0.0000 0.7577
vn -0.0000 -0.0000 1.0000
vn -0.0000 -0.9907 -0.1364
vn -0.9907 -0.0000 -0.1364
vn 0.9907 -0.0000 -0.1364
vn -0.0000 0.9907 -0.1364
vn 0.1582 -0.0000 0.9874
vn -0.0000 -1.0000 -0.0000
vn -0.0000 1.0000 -0.0000
vn 0.9934 -0.0000 -0.1145
vt 0.754982 1.555604
vt 0.797837 1.587330
vt 0.981333 1.607673
vt 0.463432 1.202007
vt 0.463432 1.160591
vt 0.638432 1.160591
vt 0.654932 1.202007
vt 0.755539 1.646972
vt 0.981333 1.625072
vt 0.748889 1.690127
vt 0.981333 1.747192
vt 0.998431 1.759648
vt 0.998732 1.625072
vt 0.981333 1.587330
vt 0.998732 1.574829
vt 0.736905 1.567389
vt 0.771384 1.550588
vt 0.748889 1.509519
vt 0.446932 1.000000
vt 0.654932 1.000000
vt 0.654932 1.148091
vt 0.998732 1.440209
vt 0.795102 1.440209
vt 0.638432 1.324127
vt 0.638432 1.202007
vt 0.654932 1.336627
vt 0.463432 1.324127
vt 0.446932 1.336627
vt 0.446932 1.202007
vt 0.727695 1.512294
vt 0.793558 1.746960
vt 0.446932 1.148091
vt 0.763771 1.264297
vt 0.780244 1.222768
vt 0.780251 1.182315
vt 0.780345 1.353742
vt 0.780271 1.304776
vt 0.780248 1.264492
vt 0.763661 1.222416
vt 0.998805 1.222769
vt 0.998793 1.264471
vt 0.719282 1.137733
vt 0.718284 1.071450
vt 0.726101 1.000000
vt 0.747000 1.264310
vt 0.747000 1.222536
vt 0.764213 1.362824
vt 0.764250 1.181996
vt 0.747000 1.181782
vt 0.764456 1.352760
vt 1.000000 1.000000
vt 0.998783 1.182315
vt 0.780238 1.000000
vt 0.998504 1.353706
vt 0.780269 1.379820
vt 0.699440 1.135018
vt 0.690951 1.122703
vt 0.703971 1.065592
vt 0.704514 1.032128
vt 0.998726 1.304791
vt 0.998684 1.379820
vt 0.998684 1.436947
vt 0.780269 1.436947
vt 0.780269 1.408658
vt 0.998684 1.408657
vt 0.443707 1.266191
vt 0.425700 1.080759
vt 0.425700 1.064009
vt 0.443707 1.080759
vt 0.250700 1.064009
vt 0.250700 1.003560
vt 0.443707 1.003839
vt 0.232540 1.080759
vt 0.232540 1.003839
vt 0.425700 1.267073
vt 0.425700 1.003560
vt 0.250700 1.080759
vt 0.250700 1.267073
vt 0.232540 1.266191
vt 0.193915 1.002000
vt 0.193915 1.066721
vt 0.008023 1.066721
vt 0.008023 1.002000
vt 0.193915 1.074825
vt 0.008023 1.074825
vt 0.659007 1.001834
vt 0.658979 1.048730
vt 0.696811 1.048730
vt 0.696840 1.001834
vt 0.658951 1.095791
vt 0.696783 1.095791
vt 0.002656 1.279461
vt 0.002656 1.267577
vt 0.200089 1.267570
vt 0.200086 1.279461
vt 0.211877 1.267600
vt 0.200088 1.077914
vt 0.002656 1.077918
s 1
usemtl obj091.007
f 1746/1245/739 1737/1246/740 1738/1247/741
f 1755/1248/742 1743/1249/743 1742/1250/744 1726/1251/745
f 1723/1252/746 1724/1253/747 1731/1247/748
f 1724/1253/747 1723/1252/746 1722/1254/749 1725/1255/750
f 1725/1255/750 1727/1256/751 1726/1257/745 1724/1253/747
f 1736/1258/752 1732/1259/753 1744/1257/754 1738/1247/741
f 1723/1260/746 1729/1258/755 1730/1246/756
f 1748/1255/757 1749/1253/758 1744/1257/754 1747/1256/759
f 1728/1261/760 1753/1262/761 1752/1245/762
f 1733/1263/763 1740/1264/764 1741/1265/765 1743/1249/743
f 1739/1262/766 1735/1261/767 1746/1245/739
f 1741/1259/765 1740/1266/764 1754/1267/768 1730/1246/756
f 1757/1268/769 1756/1269/770 1726/1251/745 1727/1270/751
f 1749/1253/758 1745/1252/771 1738/1247/741
f 1758/1271/772 1747/1272/759 1744/1273/754 1755/1248/742
f 1741/1259/765 1731/1247/748 1724/1253/747
f 1734/1267/773 1733/1266/763 1732/1259/753 1737/1246/740
f 1722/1274/749 1723/1260/746 1752/1245/762 1753/1262/761
f 1744/1273/754 1743/1249/743 1755/1248/742
f 1746/1245/739 1745/1260/771 1751/1274/774 1739/1262/766
f 1745/1252/771 1749/1253/758 1748/1255/757 1750/1275/775
f 1738/1247/741 1745/1260/771 1746/1245/739
f 1746/1245/739 1735/1261/767 1737/1246/740
f 1737/1246/740 1736/1258/752 1738/1247/741
f 1741/1265/765 1742/1250/744 1743/1249/743
f 1743/1249/743 1732/1276/753 1733/1263/763
f 1728/1261/760 1752/1245/762 1723/1260/746
f 1723/1260/746 1731/1247/748 1729/1258/755
f 1730/1246/756 1728/1261/760 1723/1260/746
f 1726/1251/745 1756/1269/770 1755/1248/742
f 1742/1250/744 1741/1265/765 1726/1251/745
f 1728/1261/760 1754/1267/768 1753/1262/761
f 1739/1262/766 1734/1267/773 1735/1261/767
f 1732/1259/753 1736/1258/752 1737/1246/740
f 1737/1246/740 1735/1261/767 1734/1267/773
f 1750/1275/775 1751/1254/774 1745/1252/771
f 1724/1253/747 1726/1257/745 1741/1259/765
f 1741/1259/765 1729/1258/755 1731/1247/748
f 1744/1257/754 1749/1253/758 1738/1247/741
f 1754/1267/768 1728/1261/760 1730/1246/756
f 1730/1246/756 1729/1258/755 1741/1259/765
f 1744/1273/754 1732/1276/753 1743/1249/743
f 1722/1254/749 1721/1275/776 1725/1255/750
f 1758/1271/772 1755/1248/742 1756/1269/770 1757/1268/769
f 1764/1277/777 1759/1278/778 1760/1279/779
f 1764/1277/777 1763/1280/780 1762/1281/781
f 1766/1282/782 1767/1283/783 1759/1284/778 1765/1285/784
f 1782/1286/785 1781/1287/786 1780/1288/787
f 1768/1277/788 1766/1282/782 1771/1280/789
f 1768/1277/788 1769/1289/790 1770/1290/785 1767/1283/783
f 1776/1288/791 1778/1291/792 1760/1279/779
f 1772/1292/793 1767/1283/783 1770/1290/785 1782/1293/785
f 1763/1280/780 1761/1294/794 1778/1291/792
f 1768/1277/788 1771/1280/789 1781/1291/786 1769/1289/790
f 1775/1295/795 1760/1296/779 1773/1279/796 1774/1297/797
f 1766/1282/782 1765/1285/784 1763/1298/780 1779/1299/798
f 1764/1277/777 1765/1282/784 1759/1278/778
f 1762/1281/781 1765/1282/784 1764/1277/777
f 1764/1277/777 1761/1294/794 1763/1280/780
f 1773/1279/796 1760/1296/779 1759/1284/778 1767/1283/783
f 1780/1288/787 1774/1297/797 1773/1279/796
f 1773/1279/796 1772/1292/793 1782/1286/785
f 1782/1286/785 1770/1300/785 1769/1301/790
f 1781/1287/786 1771/1302/789 1779/1303/798
f 1782/1286/785 1769/1301/790 1781/1287/786
f 1780/1288/787 1773/1279/796 1782/1286/785
f 1781/1287/786 1779/1303/798 1780/1288/787
f 1766/1282/782 1768/1277/788 1767/1283/783
f 1767/1283/783 1772/1292/793 1773/1279/796
f 1760/1279/779 1775/1297/795 1776/1288/791
f 1776/1288/791 1777/1303/799 1763/1302/780
f 1778/1291/792 1761/1294/794 1764/1277/777
f 1776/1288/791 1763/1302/780 1778/1291/792
f 1778/1291/792 1764/1277/777 1760/1279/779
f 1765/1285/784 1762/1304/781 1763/1298/780
f 1763/1298/780 1777/1305/799 1779/1299/798
f 1779/1299/798 1771/1280/789 1766/1282/782
f 1776/1306/791 1780/1307/787 1779/1308/798 1777/1309/799
f 1792/1310/800 1796/1311/801 1797/1312/802
f 1809/1313/803 1784/1314/804 1807/1315/805 1810/1316/806
f 1807/1315/805 1784/1314/804 1787/1317/807 1806/1318/808
f 1788/1310/809 1789/1319/810 1790/1311/801 1787/1313/807
f 1793/1313/811 1797/1312/802 1802/1320/812 1803/1316/813
f 1809/1313/803 1812/1310/814 1811/1319/815 1785/1311/816
f 1805/1312/817 1790/1311/801 1793/1317/811
f 1784/1314/804 1785/1311/816 1783/1321/818
f 1787/1313/807 1805/1312/817 1804/1320/819 1806/1316/808
f 1793/1317/811 1790/1311/801 1789/1319/810 1791/1322/820
f 1786/1322/821 1787/1317/807 1784/1314/804
f 1798/1317/822 1796/1311/801 1794/1319/810 1795/1322/820
f 1797/1312/802 1796/1311/801 1798/1317/822
f 1797/1312/802 1798/1317/822 1801/1318/823 1802/1320/812
f 1793/1317/811 1803/1318/813 1804/1320/819 1805/1312/817
f 1797/1312/802 1793/1313/811 1792/1310/800
f 1792/1310/800 1794/1319/810 1796/1311/801
f 1801/1318/823 1800/1315/824 1802/1320/812
f 1807/1315/805 1808/1320/825 1810/1316/806
f 1784/1314/804 1809/1313/803 1785/1311/816
f 1795/1322/820 1799/1323/826 1798/1317/822
f 1790/1311/801 1805/1312/817 1787/1313/807
f 1784/1314/804 1783/1321/818 1786/1322/821
f 1786/1322/821 1788/1323/809 1787/1317/807
f 1791/1322/820 1792/1323/800 1793/1317/811
f 1811/1319/815 1786/1322/821 1783/1321/818 1785/1311/816
f 1835/1279/827 1834/1296/828 1822/1295/829 1821/1297/830
f 1832/1284/831 1831/1282/832 1830/1285/833
f 1815/1294/834 1820/1291/835 1816/1280/836
f 1830/1285/833 1831/1282/832 1819/1299/837 1817/1298/838
f 1836/1286/839 1823/1287/840 1825/1288/841
f 1830/1282/833 1828/1277/842 1833/1292/843 1834/1279/828
f 1826/1288/844 1820/1291/835 1813/1292/845
f 1816/1280/836 1831/1282/832 1814/1277/846 1815/1294/834
f 1818/1281/847 1828/1277/842 1830/1282/833
f 1827/1289/839 1829/1290/848 1828/1277/842
f 1831/1282/832 1832/1284/831 1834/1296/828 1813/1292/845
f 1825/1288/841 1822/1297/829 1834/1279/828
f 1834/1279/828 1833/1292/843 1836/1286/839
f 1836/1286/839 1829/1300/848 1827/1301/839
f 1823/1287/840 1817/1302/838 1824/1303/849
f 1836/1286/839 1827/1301/839 1823/1287/840
f 1825/1288/841 1834/1279/828 1836/1286/839
f 1823/1287/840 1824/1303/849 1825/1288/841
f 1813/1292/845 1814/1277/846 1831/1282/832
f 1834/1296/828 1835/1279/827 1813/1292/845
f 1835/1279/827 1821/1297/830 1826/1288/844
f 1826/1288/844 1819/1303/837 1816/1302/836
f 1820/1291/835 1815/1294/834 1814/1277/846
f 1826/1288/844 1816/1302/836 1820/1291/835
f 1813/1292/845 1835/1279/827 1826/1288/844
f 1820/1291/835 1814/1277/846 1813/1292/845
f 1834/1279/828 1832/1278/831 1830/1282/833
f 1818/1281/847 1817/1280/838 1828/1277/842
f 1829/1290/848 1836/1293/839 1833/1292/843
f 1828/1277/842 1817/1280/838 1823/1291/840
f 1828/1277/842 1823/1291/840 1827/1289/839
f 1829/1290/848 1833/1292/843 1828/1277/842
f 1831/1282/832 1816/1280/836 1819/1299/837
f 1819/1299/837 1824/1305/849 1817/1298/838
f 1817/1298/838 1818/1304/847 1830/1285/833
f 1819/1308/837 1826/1307/844 1825/1306/841 1824/1309/849
f 1839/1324/850 1846/1325/851 1843/1326/851 1840/1327/850
f 1837/1325/851 1846/1326/851 1839/1327/850 1838/1324/850
f 1848/1328/852 1847/1329/852 1846/1326/851 1837/1325/851
f 1845/1328/852 1844/1329/852 1842/1326/851 1843/1325/851
f 1843/1325/851 1842/1326/851 1841/1327/850 1840/1324/850
f 1847/1328/852 1845/1329/852 1843/1326/851 1846/1325/851
s 0
f 1856/1330/853 1855/1331/853 1854/1332/853 1851/1333/853
f 1856/1334/854 1851/1335/854 1849/1332/854 1850/1331/854
f 1853/1332/855 1854/1333/855 1855/1330/855 1852/1331/855
f 1853/1332/856 1852/1331/856 1850/1334/856 1849/1335/856
f 1864/1331/853 1862/1334/853 1863/1335/853 1859/1332/853
f 1863/1333/855 1862/1330/855 1861/1331/855 1860/1332/855
f 1864/1334/854 1859/1335/854 1857/1332/854 1858/1331/854
f 1860/1333/856 1861/1330/856 1858/1331/856 1857/1332/856
f 1870/1336/857 1867/1337/857 1865/1338/857 1866/1339/857
f 1867/1338/858 1870/1340/858 1869/1341/858
f 1868/1341/859 1866/1340/859 1865/1338/859
f 1865/1338/860 1867/1337/860 1869/1342/860 1868/1341/860
f 1878/1331/854 1873/1332/854 1871/1333/854 1872/1330/854
f 1875/1335/855 1876/1332/855 1877/1331/855 1874/1334/855
f 1878/1330/853 1877/1331/853 1876/1332/853 1873/1333/853
f 1875/1332/856 1874/1331/856 1872/1334/856 1871/1335/856
f 1886/1332/855 1884/1331/855 1883/1334/855 1882/1335/855
f 1885/1331/854 1880/1332/854 1879/1333/854 1881/1330/854
f 1882/1333/856 1883/1330/856 1881/1331/856 1879/1332/856
f 1885/1331/853 1884/1334/853 1886/1335/853 1880/1332/853
g Atomic16_meshId71_name.001
v -1127.505981 2231.962646 172.780380
v -1033.433594 2231.962402 172.780380
v -1080.469849 2278.718750 194.115555
v -1033.433594 2325.474854 172.780365
v -1127.505981 2325.475098 172.780365
v -1127.822754 2231.647705 210.539352
v -1080.469849 2278.718750 232.018173
v -1127.822632 2325.789795 210.539337
v -1033.116943 2231.647705 210.539352
v -1033.116821 2325.789795 210.539337
v -1133.005737 2278.561768 229.110992
v -1080.626587 2226.182861 229.110992
v -1080.469849 2278.718750 246.011475
v -1080.312988 2331.254639 229.110977
v -1027.933960 2278.875488 229.110992
v -1141.203125 2278.537354 157.059387
v -1080.469849 2278.718750 176.596939
v -1080.288574 2339.451660 157.059372
v -1080.651123 2217.985352 157.059387
v -1019.736511 2278.899902 157.059402
v -1113.654663 2312.102295 143.532578
v -1113.654663 2245.335205 143.532578
v -1080.469849 2278.718750 158.675034
v -1047.284912 2312.102295 143.532578
v -1047.285034 2245.335205 143.532578
v -1157.967285 2278.950195 189.247070
v -1080.701172 2356.216309 189.247055
v -1080.469849 2278.718750 214.177551
v -1080.238403 2201.221191 189.247070
v -1002.972290 2278.487305 189.247070
vn -0.2167 -0.2164 0.9520
vn 0.2167 -0.2164 0.9520
vn -0.0000 -0.0000 1.0000
vn 0.2167 0.2164 0.9520
vn -0.2167 0.2164 0.9520
vn -0.3062 -0.0002 0.9520
vn -0.0002 -0.3062 0.9520
vn 0.0002 0.3062 0.9520
vn 0.3062 0.0002 0.9520
vn -0.2164 0.2167 0.9520
vn -0.2164 -0.2167 0.9520
vn 0.2164 0.2167 0.9520
vn 0.2164 -0.2167 0.9520
vn -0.3062 0.0002 0.9520
vn -0.0002 0.3062 0.9520
vn 0.0002 -0.3062 0.9520
vn 0.3062 -0.0002 0.9520
vt 0.000500 0.000500
vt 0.999500 0.000499
vt 0.500000 0.500000
vt 0.999500 0.999500
vt 0.000500 0.999501
s 1
usemtl bolt1.001
f 1887/1343/861 1888/1344/862 1889/1345/863
f 1888/1344/862 1890/1346/864 1889/1345/863
f 1890/1346/864 1891/1347/865 1889/1345/863
f 1889/1345/863 1891/1347/865 1887/1343/861
f 1893/1345/863 1892/1346/861 1895/1347/862
f 1892/1346/861 1893/1345/863 1894/1344/865
f 1896/1343/864 1893/1345/863 1895/1347/862
f 1894/1344/865 1893/1345/863 1896/1343/864
f 1897/1344/866 1898/1346/867 1899/1345/863
f 1899/1345/863 1900/1343/868 1897/1344/866
f 1901/1347/869 1900/1343/868 1899/1345/863
f 1898/1346/867 1901/1347/869 1899/1345/863
f 1903/1345/863 1902/1344/866 1905/1346/867
f 1902/1344/866 1903/1345/863 1904/1343/868
f 1906/1347/869 1903/1345/863 1905/1346/867
f 1904/1343/868 1903/1345/863 1906/1347/869
f 1907/1346/870 1908/1347/871 1909/1345/863
f 1909/1345/863 1910/1344/872 1907/1346/870
f 1911/1343/873 1910/1344/872 1909/1345/863
f 1908/1347/871 1911/1343/873 1909/1345/863
f 1912/1346/874 1914/1345/863 1913/1344/875
f 1914/1345/863 1912/1346/874 1915/1347/876
f 1916/1343/877 1914/1345/863 1915/1347/876
f 1913/1344/875 1914/1345/863 1916/1343/877
g Atomic17_meshId72_name.001
v 878.926819 442.372131 210.539474
v 878.926941 536.514160 210.539429
v 831.573914 489.443115 232.018311
v 784.221069 536.514221 210.539429
v 784.220947 442.372131 210.539444
v 864.758728 456.059570 143.532700
v 864.758789 522.826660 143.532669
v 831.573914 489.443085 158.675125
v 798.389099 456.059570 143.532700
v 798.389099 522.826599 143.532684
v 884.109741 489.599945 229.111099
v 831.730774 541.979004 229.111084
v 831.573914 489.443115 246.011581
v 831.417175 436.907318 229.111099
v 779.038025 489.286285 229.111099
v 784.537781 536.199402 172.780502
v 831.573914 489.443085 194.115662
v 878.610168 536.199280 172.780487
v 784.537720 442.686951 172.780502
v 878.610107 442.686859 172.780502
v 831.805298 411.945587 189.247192
v 909.071472 489.211731 189.247192
v 831.573914 489.443115 214.177689
v 754.076416 489.674530 189.247192
v 831.342529 566.940674 189.247177
v 831.755188 550.176392 157.059494
v 770.840576 489.261841 157.059509
v 831.573914 489.443085 176.597061
v 892.307251 489.624329 157.059509
v 831.392639 428.709778 157.059509
vn 0.2167 -0.2164 0.9520
vn 0.2167 0.2164 0.9520
vn -0.0000 -0.0000 1.0000
vn -0.2167 0.2164 0.9520
vn -0.2167 -0.2164 0.9520
vn 0.2164 -0.2167 0.9520
vn 0.2164 0.2167 0.9520
vn -0.2164 -0.2167 0.9520
vn -0.2164 0.2167 0.9520
vn 0.3062 0.0002 0.9520
vn 0.0002 0.3062 0.9520
vn -0.0002 -0.3062 0.9520
vn -0.3062 -0.0002 0.9520
vn 0.0002 -0.3062 0.9520
vn 0.3062 -0.0002 0.9520
vn -0.3062 0.0002 0.9520
vn -0.0002 0.3062 0.9520
vt 0.000500 0.999501
vt 0.000500 0.000500
vt 0.500000 0.500000
vt 0.999500 0.000499
vt 0.999500 0.999500
s 1
usemtl bolt11.007
f 1917/1348/878 1918/1349/879 1919/1350/880
f 1920/1351/881 1919/1350/880 1918/1349/879
f 1920/1351/881 1921/1352/882 1919/1350/880
f 1919/1350/880 1921/1352/882 1917/1348/878
f 1922/1349/883 1923/1351/884 1924/1350/880
f 1924/1350/880 1925/1348/885 1922/1349/883
f 1926/1352/886 1925/1348/885 1924/1350/880
f 1924/1350/880 1923/1351/884 1926/1352/886
f 1927/1348/887 1928/1349/888 1929/1350/880
f 1927/1348/887 1929/1350/880 1930/1352/889
f 1931/1351/890 1930/1352/889 1929/1350/880
f 1929/1350/880 1928/1349/888 1931/1351/890
f 1932/1348/881 1935/1349/882 1933/1350/880
f 1932/1348/881 1933/1350/880 1934/1352/879
f 1933/1350/880 1935/1349/882 1936/1351/878
f 1934/1352/879 1933/1350/880 1936/1351/878
f 1937/1348/891 1938/1349/892 1939/1350/880
f 1937/1348/891 1939/1350/880 1940/1352/893
f 1941/1351/894 1940/1352/893 1939/1350/880
f 1941/1351/894 1939/1350/880 1938/1349/892
f 1942/1349/888 1943/1351/890 1944/1350/880
f 1945/1348/887 1942/1349/888 1944/1350/880
f 1945/1348/887 1944/1350/880 1946/1352/889
f 1944/1350/880 1943/1351/890 1946/1352/889
g Atomic19_meshId74_name.001
v 321.058075 -1079.866089 172.780609
v 415.130463 -1079.866211 172.780609
v 368.094269 -1033.109985 194.115768
v 415.130493 -986.353760 172.780609
v 321.058105 -986.353638 172.780624
v 320.741302 -1080.180908 210.539551
v 368.094269 -1033.109985 232.018417
v 320.741394 -986.038818 210.539551
v 415.447144 -1080.181030 210.539581
v 415.447235 -986.038879 210.539551
v 315.558289 -1033.266724 229.111206
v 367.937469 -1085.645752 229.111206
v 368.094269 -1033.109985 246.011688
v 368.251068 -980.573975 229.111206
v 420.630127 -1032.953125 229.111206
v 307.360901 -1033.291260 157.059616
v 368.094269 -1033.109985 176.597168
v 368.275513 -972.376587 157.059616
v 367.912964 -1093.843262 157.059616
v 428.827545 -1032.928711 157.059616
v 334.909424 -999.726440 143.532806
v 334.909424 -1066.493408 143.532806
v 368.094269 -1033.109985 158.675232
v 401.279144 -999.726318 143.532791
v 401.279053 -1066.493530 143.532806
v 290.596741 -1032.878540 189.247299
v 367.862885 -955.612366 189.247299
v 368.094269 -1033.109985 214.177795
v 368.325623 -1110.607422 189.247299
v 445.591827 -1033.341309 189.247299
vn -0.2167 -0.2164 0.9520
vn 0.2167 -0.2164 0.9520
vn -0.0000 -0.0000 1.0000
vn 0.2167 0.2164 0.9520
vn -0.2167 0.2164 0.9520
vn -0.3062 -0.0002 0.9520
vn -0.0002 -0.3062 0.9520
vn 0.0002 0.3062 0.9520
vn 0.3062 0.0002 0.9520
vn -0.2164 0.2167 0.9520
vn -0.2164 -0.2167 0.9520
vn 0.2164 0.2167 0.9520
vn 0.2164 -0.2167 0.9520
vn -0.3062 0.0002 0.9520
vn -0.0002 0.3062 0.9520
vn 0.0002 -0.3062 0.9520
vn 0.3062 -0.0002 0.9520
vt 0.000500 0.000500
vt 0.999500 0.000499
vt 0.500000 0.500000
vt 0.999500 0.999500
vt 0.000500 0.999501
s 1
usemtl bolt11.007
f 1947/1353/895 1948/1354/896 1949/1355/897
f 1948/1354/896 1950/1356/898 1949/1355/897
f 1950/1356/898 1951/1357/899 1949/1355/897
f 1949/1355/897 1951/1357/899 1947/1353/895
f 1953/1355/897 1952/1356/895 1955/1357/896
f 1952/1356/895 1953/1355/897 1954/1354/899
f 1956/1353/898 1953/1355/897 1955/1357/896
f 1954/1354/899 1953/1355/897 1956/1353/898
f 1957/1354/900 1958/1356/901 1959/1355/897
f 1959/1355/897 1960/1353/902 1957/1354/900
f 1961/1357/903 1960/1353/902 1959/1355/897
f 1958/1356/901 1961/1357/903 1959/1355/897
f 1963/1355/897 1962/1354/900 1965/1356/901
f 1962/1354/900 1963/1355/897 1964/1353/902
f 1966/1357/903 1963/1355/897 1965/1356/901
f 1964/1353/902 1963/1355/897 1966/1357/903
f 1967/1356/904 1968/1357/905 1969/1355/897
f 1969/1355/897 1970/1354/906 1967/1356/904
f 1971/1353/907 1970/1354/906 1969/1355/897
f 1968/1357/905 1971/1353/907 1969/1355/897
f 1972/1356/908 1974/1355/897 1973/1354/909
f 1974/1355/897 1972/1356/908 1975/1357/910
f 1976/1353/911 1974/1355/897 1975/1357/910
f 1973/1354/909 1974/1355/897 1976/1353/911
g Atomic20_meshId75_name.001
v 784.553467 -1079.488037 172.780624
v 878.625793 -1079.488159 172.780624
v 831.589600 -1032.731934 194.115799
v 878.625854 -985.975647 172.780624
v 784.553467 -985.975586 172.780624
v 784.236633 -1079.802856 210.539597
v 831.589600 -1032.731934 232.018417
v 784.236755 -985.660706 210.539597
v 878.942505 -1079.802979 210.539597
v 878.942627 -985.660828 210.539597
v 779.053711 -1032.888672 229.111237
v 831.432861 -1085.267700 229.111237
v 831.589600 -1032.731934 246.011719
v 831.746460 -980.195923 229.111237
v 884.125488 -1032.575073 229.111237
v 770.856262 -1032.913208 157.059631
v 831.589600 -1032.731934 176.597183
v 831.770874 -971.998535 157.059631
v 831.408325 -1093.465210 157.059631
v 892.322937 -1032.550659 157.059647
v 798.404785 -999.348328 143.532822
v 798.404785 -1066.115356 143.532822
v 831.589600 -1032.731934 158.675278
v 864.774536 -999.348328 143.532822
v 864.774414 -1066.115479 143.532822
v 754.092102 -1032.500488 189.247314
v 831.358276 -955.234314 189.247314
v 831.589600 -1032.731934 214.177795
v 831.820984 -1110.229370 189.247314
v 909.087158 -1032.963257 189.247314
vn -0.2167 -0.2164 0.9520
vn 0.2167 -0.2164 0.9520
vn -0.0000 -0.0000 1.0000
vn 0.2167 0.2164 0.9520
vn -0.2167 0.2164 0.9520
vn -0.3062 -0.0002 0.9520
vn -0.0002 -0.3062 0.9520
vn 0.0002 0.3062 0.9520
vn 0.3062 0.0002 0.9520
vn -0.2164 0.2167 0.9520
vn -0.2164 -0.2167 0.9520
vn 0.2164 0.2167 0.9520
vn 0.2164 -0.2167 0.9520
vn -0.3062 0.0002 0.9520
vn -0.0002 0.3062 0.9520
vn 0.0002 -0.3062 0.9520
vn 0.3062 -0.0002 0.9520
vt 0.000500 0.000500
vt 0.999500 0.000499
vt 0.500000 0.500000
vt 0.999500 0.999500
vt 0.000500 0.999501
s 1
usemtl bolt11.007
f 1977/1358/912 1978/1359/913 1979/1360/914
f 1978/1359/913 1980/1361/915 1979/1360/914
f 1980/1361/915 1981/1362/916 1979/1360/914
f 1979/1360/914 1981/1362/916 1977/1358/912
f 1982/1361/912 1983/1360/914 1984/1359/916
f 1983/1360/914 1982/1361/912 1985/1362/913
f 1986/1358/915 1983/1360/914 1985/1362/913
f 1984/1359/916 1983/1360/914 1986/1358/915
f 1987/1359/917 1988/1361/918 1989/1360/914
f 1989/1360/914 1990/1358/919 1987/1359/917
f 1991/1362/920 1990/1358/919 1989/1360/914
f 1988/1361/918 1991/1362/920 1989/1360/914
f 1992/1359/917 1993/1360/914 1994/1358/919
f 1993/1360/914 1992/1359/917 1995/1361/918
f 1996/1362/920 1993/1360/914 1995/1361/918
f 1994/1358/919 1993/1360/914 1996/1362/920
f 1997/1361/921 1998/1362/922 1999/1360/914
f 1999/1360/914 2000/1359/923 1997/1361/921
f 2001/1358/924 2000/1359/923 1999/1360/914
f 1998/1362/922 2001/1358/924 1999/1360/914
f 2002/1361/925 2004/1360/914 2003/1359/926
f 2004/1360/914 2002/1361/925 2005/1362/927
f 2006/1358/928 2004/1360/914 2005/1362/927
f 2003/1359/926 2004/1360/914 2006/1358/928
g Atomic21_meshId76_name.001
v 892.521729 595.657227 313.722107
v 892.521667 604.342773 313.722107
v 885.000000 591.314697 313.722137
v 885.000000 608.685303 313.722107
v 877.478333 595.657227 313.722107
v 877.478271 604.342773 313.722107
v 885.000000 608.685303 305.722076
v 892.521729 604.342773 305.722107
v 892.521729 595.657227 305.722107
v 885.000000 591.314697 305.722107
v 877.478271 595.657227 305.722107
v 877.478271 604.342773 305.722107
v 892.130859 595.882996 299.999969
v 892.130859 604.116943 299.999969
v 885.000000 591.766113 299.999969
v 885.000000 591.766113 294.999969
v 892.130859 595.882996 294.999969
v 892.130859 604.116943 294.999969
v 885.000000 608.233887 299.999939
v 885.000000 608.233887 294.999939
v 877.869141 604.116943 299.999969
v 877.869141 604.116943 294.999969
v 877.869141 595.882996 294.999969
v 877.869141 595.882996 299.999969
v 885.000000 591.914795 104.999954
v 885.000000 591.914795 99.999954
v 893.085144 600.000000 104.999954
v 876.914856 600.000000 104.999954
v 876.914795 600.000000 99.999954
v 885.000000 608.085205 99.999954
v 893.085205 600.000000 99.999954
v 885.000000 608.085205 104.999954
v 885.000000 605.416992 104.999954
v 885.000000 605.416992 294.999969
v 890.417175 600.000000 104.999954
v 879.582886 600.000000 294.999969
v 879.582886 600.000000 104.999954
v 885.000000 594.583008 104.999954
v 885.000000 594.583008 294.999969
v 890.417175 600.000000 294.999969
v 882.460449 600.000000 313.150299
v 885.000000 597.441406 313.150299
v 885.000000 600.000000 323.563080
v 885.000000 602.558350 313.150299
v 887.539551 600.000000 313.150299
v 881.256958 600.000000 299.931366
v 885.000000 600.000000 307.822937
v 885.000000 603.727051 299.931366
v 885.000000 596.272949 299.931366
v 888.743042 600.000000 299.931366
v 725.000000 602.558350 313.150299
v 727.539612 600.000000 313.150299
v 725.000000 600.000000 323.563080
v 722.460327 600.000000 313.150299
v 725.000000 597.441406 313.150299
v 732.521851 604.342773 305.722107
v 732.521790 604.342773 313.722107
v 732.521851 595.657227 305.722107
v 725.000000 608.685303 313.722107
v 725.000000 608.685303 305.722076
v 717.478210 604.342773 313.722107
v 717.478210 604.342773 305.722107
v 717.478210 595.657227 313.722107
v 717.478210 595.657227 305.722107
v 725.000000 591.314697 305.722107
v 725.000000 591.314697 313.722137
v 732.521790 595.657227 313.722107
v 732.130798 604.116943 294.999969
v 732.130798 604.116943 299.999969
v 732.130798 595.882996 294.999969
v 725.000000 608.233887 299.999939
v 725.000000 608.233887 294.999939
v 717.869141 604.116943 299.999969
v 717.869141 604.116943 294.999969
v 717.869141 595.882996 294.999969
v 717.869141 595.882996 299.999969
v 725.000000 591.766113 299.999969
v 732.130798 595.882996 299.999969
v 725.000000 591.766113 294.999969
v 725.000000 591.914795 104.999954
v 725.000000 591.914795 99.999954
v 733.085205 600.000000 104.999954
v 716.914795 600.000000 99.999954
v 716.914795 600.000000 104.999954
v 725.000000 608.085205 104.999954
v 725.000000 608.085205 99.999954
v 733.085205 600.000000 99.999954
v 725.000000 594.583008 294.999969
v 730.417175 600.000000 294.999969
v 725.000000 594.583008 104.999954
v 719.582886 600.000000 294.999969
v 719.582886 600.000000 104.999954
v 725.000000 605.416992 104.999954
v 725.000000 605.416992 294.999969
v 730.417175 600.000000 104.999954
v 721.256958 600.000000 299.931366
v 725.000000 596.272949 299.931366
v 725.000000 600.000000 307.822937
v 725.000000 603.727051 299.931366
v 728.743042 600.000000 299.931366
v 205.000000 603.727051 299.931366
v 205.000000 600.000000 307.822937
v 208.743042 600.000000 299.931366
v 201.256958 600.000000 299.931366
v 205.000000 596.272949 299.931366
v 212.521790 595.657227 313.722107
v 212.521790 595.657227 305.722107
v 212.521774 604.342773 313.722107
v 205.000000 591.314697 305.722107
v 205.000000 591.314697 313.722137
v 205.000000 608.685303 313.722107
v 197.478210 595.657227 313.722107
v 197.478210 595.657227 305.722107
v 197.478210 604.342773 305.722107
v 197.478210 604.342773 313.722107
v 205.000000 608.685303 305.722076
v 212.521790 604.342773 305.722107
v 212.130844 604.116943 294.999969
v 212.130844 604.116943 299.999969
v 212.130844 595.882996 294.999969
v 205.000000 608.233887 299.999939
v 205.000000 608.233887 294.999939
v 197.869141 604.116943 294.999969
v 197.869141 604.116943 299.999969
v 197.869141 595.882996 299.999969
v 205.000000 591.766113 299.999969
v 197.869141 595.882996 294.999969
v 205.000000 591.766113 294.999969
v 212.130844 595.882996 299.999969
v 213.085205 600.000000 104.999954
v 213.085205 600.000000 99.999954
v 205.000000 608.085205 104.999954
v 205.000000 591.914795 99.999954
v 205.000000 591.914795 104.999954
v 196.914795 600.000000 104.999954
v 196.914795 600.000000 99.999954
v 205.000000 608.085205 99.999954
v 210.417114 600.000000 294.999969
v 210.417114 600.000000 104.999954
v 205.000000 605.416992 294.999969
v 205.000000 594.583008 104.999954
v 205.000000 594.583008 294.999969
v 199.582886 600.000000 104.999954
v 199.582886 600.000000 294.999969
v 205.000000 605.416992 104.999954
v 207.539612 600.000000 313.150299
v 205.000000 602.558350 313.150299
v 205.000000 600.000000 323.563080
v 205.000000 597.441406 313.150299
v 202.460373 600.000000 313.150299
v 48.743042 600.000000 299.931366
v 45.000000 600.000000 307.822937
v 45.000000 596.272949 299.931366
v 45.000000 603.727051 299.931366
v 41.256958 600.000000 299.931366
v -115.000000 603.727051 299.931366
v -111.256958 600.000000 299.931366
v -115.000000 600.000000 307.822937
v -118.743042 600.000000 299.931366
v -115.000000 596.272949 299.931366
v 52.521790 595.657227 313.722107
v 52.521790 595.657227 305.722107
v 52.521790 604.342773 313.722107
v 45.000000 591.314697 313.722137
v 45.000000 591.314697 305.722107
v 37.478210 595.657227 305.722107
v 37.478210 595.657227 313.722107
v 37.478210 604.342773 305.722107
v 37.478210 604.342773 313.722107
v 45.000000 608.685303 305.722076
v 52.521790 604.342773 305.722107
v 45.000000 608.685303 313.722107
v 52.130859 595.882996 299.999969
v 52.130859 595.882996 294.999969
v 52.130859 604.116943 299.999969
v 45.000000 591.766113 299.999969
v 45.000000 591.766113 294.999969
v 37.869141 595.882996 294.999969
v 37.869141 595.882996 299.999969
v 37.869141 604.116943 294.999969
v 37.869141 604.116943 299.999969
v 45.000000 608.233887 294.999939
v 45.000000 608.233887 299.999939
v 52.130859 604.116943 294.999969
v 53.085205 600.000000 104.999954
v 45.000000 608.085205 104.999954
v 53.085205 600.000000 99.999954
v 45.000000 591.914795 104.999954
v 45.000000 591.914795 99.999954
v 36.914795 600.000000 104.999954
v 45.000000 608.085205 99.999954
v 36.914795 600.000000 99.999954
v 50.417114 600.000000 294.999969
v 50.417114 600.000000 104.999954
v 45.000000 605.416992 294.999969
v 45.000000 594.583008 104.999954
v 45.000000 594.583008 294.999969
v 39.582886 600.000000 294.999969
v 39.582886 600.000000 104.999954
v 45.000000 605.416992 104.999954
v -117.539619 600.000000 313.150299
v -115.000000 600.000000 323.563080
v -115.000000 602.558350 313.150299
v -115.000000 597.441406 313.150299
v -112.460388 600.000000 313.150299
v 45.000000 597.441406 313.150299
v 47.539612 600.000000 313.150299
v 45.000000 600.000000 323.563080
v 42.460388 600.000000 313.150299
v 45.000000 602.558350 313.150299
v -271.256958 290.000031 299.931366
v -275.000000 290.000031 307.822937
v -275.000000 286.272980 299.931366
v -275.000000 293.727081 299.931366
v -278.743042 290.000031 299.931366
v -271.256958 600.000000 299.931366
v -275.000000 596.272949 299.931366
v -275.000000 600.000000 307.822937
v -275.000000 603.727051 299.931366
v -278.743042 600.000000 299.931366
v -271.256958 765.000000 299.931335
v -275.000000 765.000000 307.822906
v -275.000000 761.272949 299.931335
v -275.000000 768.727112 299.931335
v -278.743042 765.000000 299.931335
v -275.000000 933.727051 299.931335
v -275.000000 930.000000 307.822906
v -271.256958 930.000000 299.931335
v -278.743042 930.000000 299.931335
v -275.000000 926.272949 299.931335
v -107.478203 604.342773 305.722107
v -107.478203 604.342773 313.722107
v -107.478203 595.657227 305.722107
v -115.000000 608.685303 313.722107
v -115.000000 608.685303 305.722076
v -122.521790 604.342773 313.722107
v -122.521790 604.342773 305.722107
v -122.521790 595.657227 313.722107
v -122.521790 595.657227 305.722107
v -115.000000 591.314697 313.722137
v -115.000000 591.314697 305.722107
v -107.478203 595.657227 313.722107
v -107.869141 595.882996 299.999969
v -107.869141 595.882996 294.999969
v -107.869141 604.116943 299.999969
v -115.000000 591.766113 299.999969
v -115.000000 591.766113 294.999969
v -122.130852 595.882996 294.999969
v -122.130852 595.882996 299.999969
v -122.130852 604.116943 294.999969
v -122.130852 604.116943 299.999969
v -115.000000 608.233887 294.999939
v -107.869141 604.116943 294.999969
v -115.000000 608.233887 299.999939
v -106.914795 600.000000 104.999954
v -106.914795 600.000000 99.999954
v -115.000000 608.085205 104.999954
v -123.085205 600.000000 104.999954
v -115.000000 591.914795 104.999954
v -115.000000 591.914795 99.999954
v -123.085205 600.000000 99.999954
v -115.000000 608.085205 99.999954
v -115.000000 605.416992 104.999954
v -115.000000 605.416992 294.999969
v -109.582878 600.000000 104.999954
v -120.417107 600.000000 294.999969
v -120.417107 600.000000 104.999954
v -115.000000 594.583008 294.999969
v -115.000000 594.583008 104.999954
v -109.582878 600.000000 294.999969
v -267.478210 285.657257 313.722107
v -267.478210 285.657257 305.722107
v -267.478241 294.342804 313.722107
v -275.000000 281.314728 313.722137
v -275.000000 281.314728 305.722107
v -282.521790 285.657257 305.722107
v -282.521790 285.657257 313.722107
v -282.521790 294.342804 305.722107
v -282.521790 294.342804 313.722107
v -275.000000 298.685333 305.722107
v -275.000000 298.685333 313.722137
v -267.478210 294.342804 305.722107
v -267.478210 440.657288 313.722107
v -267.478210 440.657318 305.722107
v -267.478241 449.342804 313.722107
v -275.000000 436.314728 313.722137
v -275.000000 436.314728 305.722107
v -282.521790 440.657318 305.722107
v -282.521790 449.342804 305.722107
v -282.521790 440.657318 313.722107
v -282.521790 449.342804 313.722107
v -275.000000 453.685333 313.722137
v -275.000000 453.685333 305.722107
v -267.478210 449.342804 305.722107
v -267.478210 595.657227 313.722107
v -267.478210 595.657227 305.722107
v -267.478241 604.342773 313.722107
v -275.000000 591.314697 313.722137
v -275.000000 591.314697 305.722107
v -282.521790 595.657227 305.722107
v -282.521790 595.657227 313.722107
v -282.521790 604.342773 305.722107
v -275.000000 608.685303 305.722076
v -282.521790 604.342773 313.722107
v -275.000000 608.685303 313.722107
v -267.478210 604.342773 305.722107
v -267.478210 925.657227 313.722076
v -267.478210 925.657227 305.722076
v -267.478241 934.342773 313.722076
v -275.000000 921.314697 305.722076
v -275.000000 921.314636 313.722107
v -282.521790 925.657227 305.722076
v -282.521790 925.657227 313.722076
v -275.000000 938.685425 313.722107
v -282.521790 934.342773 313.722076
v -267.478210 934.342773 305.722076
v -275.000000 938.685303 305.722076
v -282.521790 934.342773 305.722076
v -267.478210 1090.657227 313.722046
v -267.478210 1090.657227 305.722046
v -267.478241 1099.342773 313.722046
v -275.000000 1086.314697 305.722046
v -275.000000 1086.314697 313.722076
v -282.521790 1090.657227 305.722046
v -275.000000 1103.685425 313.722076
v -282.521790 1090.657227 313.722046
v -282.521790 1099.342773 305.722046
v -282.521790 1099.342773 313.722046
v -275.000000 1103.685303 305.722046
v -267.478210 1099.342773 305.722046
v -267.478210 1420.657227 313.722015
v -267.478210 1420.657227 305.722015
v -267.478241 1429.342773 313.722015
v -275.000000 1416.314819 305.722015
v -275.000000 1416.314697 313.722046
v -282.521790 1420.657227 305.722015
v -275.000000 1433.685425 313.722046
v -282.521790 1420.657227 313.722015
v -282.521790 1429.342773 305.722015
v -282.521790 1429.342773 313.722015
v -275.000000 1433.685303 305.722015
v -267.478210 1429.342773 305.722015
v -267.478210 1264.342773 305.722046
v -267.478241 1264.342773 313.722046
v -267.478210 1255.657227 305.722046
v -275.000000 1268.685303 305.722046
v -275.000000 1268.685425 313.722076
v -282.521790 1255.657227 313.722046
v -275.000000 1251.314697 313.722076
v -282.521790 1264.342773 313.722046
v -282.521790 1264.342773 305.722046
v -282.521790 1255.657227 305.722046
v -275.000000 1251.314697 305.722046
v -267.478210 1255.657227 313.722046
v -267.869141 285.883087 299.999969
v -267.869141 285.883087 294.999969
v -267.869141 294.116974 299.999969
v -275.000000 281.766144 299.999969
v -275.000000 281.766144 294.999969
v -282.130859 285.883087 294.999969
v -282.130859 285.883087 299.999969
v -282.130859 294.116974 294.999969
v -282.130859 294.116974 299.999969
v -275.000000 298.233917 294.999969
v -267.869141 294.116974 294.999969
v -275.000000 298.233917 299.999969
v -267.869141 440.883087 299.999969
v -267.869141 449.116974 299.999969
v -267.869141 440.883087 294.999969
v -275.000000 436.766144 299.999969
v -275.000000 436.766144 294.999969
v -282.130859 440.883087 294.999969
v -282.130859 449.116974 294.999969
v -282.130859 440.883087 299.999969
v -275.000000 453.233917 299.999969
v -282.130859 449.116974 299.999969
v -275.000000 453.233917 294.999969
v -267.869141 449.116974 294.999969
v -267.869141 595.882996 299.999969
v -267.869141 595.882996 294.999969
v -267.869141 604.116943 299.999969
v -275.000000 591.766113 299.999969
v -275.000000 591.766113 294.999969
v -282.130859 595.882996 294.999969
v -282.130859 595.882996 299.999969
v -282.130859 604.116943 294.999969
v -282.130859 604.116943 299.999969
v -275.000000 608.233887 294.999939
v -275.000000 608.233887 299.999939
v -267.869141 604.116943 294.999969
v -267.869141 760.883057 299.999939
v -267.869141 760.883057 294.999939
v -267.869141 769.116943 299.999939
v -275.000000 756.766113 294.999939
v -275.000000 756.766113 299.999939
v -282.130859 760.883057 294.999939
v -282.130859 760.883057 299.999939
v -275.000000 773.233887 299.999939
v -282.130859 769.116943 299.999939
v -267.869141 769.116943 294.999939
v -275.000000 773.233887 294.999939
v -282.130859 769.116943 294.999939
v -267.869141 925.883057 299.999939
v -267.869141 925.883057 294.999939
v -267.869141 934.117004 299.999939
v -275.000000 921.766052 299.999939
v -275.000000 921.766052 294.999939
v -282.130859 925.883057 294.999939
v -282.130859 934.116943 294.999939
v -282.130859 925.882996 299.999939
v -282.130859 934.116943 299.999939
v -275.000000 938.234009 299.999939
v -275.000000 938.234009 294.999939
v -267.869141 934.116943 294.999939
v -267.869141 1090.883057 299.999908
v -267.869141 1090.883057 294.999908
v -267.869141 1099.117065 299.999908
v -275.000000 1086.766113 294.999908
v -275.000000 1086.766113 299.999908
v -282.130859 1090.883057 299.999908
v -282.130859 1090.883057 294.999908
v -275.000000 1103.233887 299.999908
v -282.130859 1099.116943 299.999908
v -267.869141 1099.116943 294.999908
v -275.000000 1103.233887 294.999908
v -282.130859 1099.116943 294.999908
v -267.869141 1255.883057 299.999908
v -267.869141 1255.883057 294.999908
v -267.869141 1264.117065 299.999908
v -275.000000 1251.766113 299.999908
v -275.000000 1251.766113 294.999908
v -282.130859 1255.883057 294.999908
v -282.130859 1264.116943 294.999908
v -282.130859 1255.883057 299.999908
v -282.130859 1264.116943 299.999908
v -275.000000 1268.233887 299.999908
v -267.869141 1264.116943 294.999908
v -275.000000 1268.233887 294.999908
v -267.869141 1429.116943 294.999878
v -267.869141 1429.117065 299.999878
v -267.869141 1420.883179 294.999878
v -275.000000 1433.233887 294.999878
v -275.000000 1433.233887 299.999878
v -282.130859 1429.116943 299.999878
v -282.130859 1420.883057 299.999878
v -275.000000 1416.766113 299.999878
v -267.869141 1420.883057 299.999878
v -275.000000 1416.766113 294.999878
v -282.130859 1420.883179 294.999878
v -282.130859 1429.116943 294.999878
v -266.914795 290.000000 104.999977
v -266.914795 290.000000 99.999977
v -275.000000 298.085205 104.999977
v -275.000000 281.914795 104.999977
v -275.000000 281.914795 99.999977
v -283.085205 290.000000 104.999977
v -283.085205 290.000000 99.999977
v -275.000000 298.085205 99.999977
v -266.914795 445.000000 104.999969
v -266.914795 445.000000 99.999969
v -275.000000 453.085205 104.999969
v -275.000000 436.914795 104.999969
v -275.000000 436.914795 99.999969
v -283.085205 445.000000 104.999969
v -283.085205 445.000000 99.999969
v -275.000000 453.085205 99.999969
v -266.914795 600.000000 104.999954
v -266.914795 600.000000 99.999954
v -275.000000 608.085205 104.999954
v -283.085205 600.000000 104.999954
v -275.000000 591.914795 99.999954
v -275.000000 591.914795 104.999954
v -283.085205 600.000000 99.999954
v -275.000000 608.085205 99.999954
v -266.914795 930.000000 104.999931
v -266.914795 930.000000 99.999931
v -275.000000 938.085205 104.999931
v -275.000000 921.914795 104.999931
v -283.085205 930.000000 104.999931
v -275.000000 921.914795 99.999931
v -283.085205 930.000000 99.999931
v -275.000000 938.085205 99.999931
v -266.914795 1095.000000 104.999916
v -266.914795 1095.000000 99.999916
v -275.000000 1103.085205 104.999916
v -275.000000 1086.914795 104.999916
v -275.000000 1086.914795 99.999916
v -283.085205 1095.000000 104.999916
v -283.085205 1095.000000 99.999916
v -275.000000 1103.085205 99.999916
v -266.914795 1260.000000 104.999908
v -266.914795 1260.000000 99.999908
v -275.000000 1268.085205 104.999901
v -275.000000 1251.914795 104.999908
v -275.000000 1251.914795 99.999908
v -283.085205 1260.000000 104.999908
v -275.000000 1268.085205 99.999901
v -283.085205 1260.000000 99.999908
v -266.914795 1425.000000 104.999893
v -266.914795 1425.000000 99.999893
v -275.000000 1433.085205 104.999893
v -275.000000 1416.914795 104.999893
v -283.085205 1425.000000 104.999893
v -275.000000 1416.914795 99.999893
v -283.085205 1425.000000 99.999893
v -275.000000 1433.085327 99.999893
v -267.478210 760.657227 313.722076
v -267.478241 769.342773 313.722076
v -275.000000 756.314697 313.722107
v -267.478210 760.657227 305.722076
v -275.000000 756.314697 305.722076
v -282.521790 760.657227 305.722076
v -282.521790 760.657227 313.722076
v -282.521790 769.342773 305.722076
v -282.521790 769.342773 313.722076
v -275.000000 773.685242 305.722076
v -267.478210 769.342773 305.722076
v -275.000000 773.685242 313.722107
v -269.582886 290.000031 294.999969
v -269.582886 290.000000 104.999977
v -275.000000 295.417023 294.999969
v -275.000000 284.583038 294.999969
v -275.000000 284.583008 104.999977
v -280.417114 290.000000 104.999977
v -280.417114 290.000031 294.999969
v -275.000000 295.416992 104.999977
v -269.582886 445.000031 294.999969
v -269.582886 445.000000 104.999969
v -275.000000 450.417023 294.999969
v -275.000000 439.583038 294.999969
v -275.000000 439.583008 104.999969
v -280.417114 445.000000 104.999969
v -280.417114 445.000031 294.999969
v -275.000000 450.416992 104.999969
v -269.582886 600.000000 294.999969
v -275.000000 605.416992 294.999969
v -269.582886 600.000000 104.999954
v -275.000000 594.583008 104.999954
v -275.000000 594.583008 294.999969
v -280.417114 600.000000 294.999969
v -280.417114 600.000000 104.999954
v -275.000000 605.416992 104.999954
v -269.582886 765.000000 294.999939
v -269.582886 765.000000 104.999939
v -275.000000 770.416992 294.999939
v -275.000000 759.583008 104.999939
v -275.000000 759.583008 294.999939
v -280.417114 765.000000 104.999939
v -280.417114 765.000000 294.999939
v -275.000000 770.416992 104.999939
v -269.582886 930.000000 294.999939
v -269.582886 930.000000 104.999931
v -275.000000 935.417114 294.999939
v -275.000000 924.583130 294.999939
v -275.000000 924.583130 104.999931
v -280.417114 930.000000 104.999931
v -280.417114 930.000000 294.999939
v -275.000000 935.417114 104.999931
v -269.582886 1095.000000 294.999908
v -269.582886 1095.000000 104.999916
v -275.000000 1100.416992 294.999908
v -275.000000 1089.583008 104.999916
v -275.000000 1089.583008 294.999908
v -280.417114 1095.000000 104.999916
v -280.417114 1095.000000 294.999908
v -275.000000 1100.416992 104.999916
v -269.582886 1260.000000 294.999908
v -269.582886 1260.000000 104.999908
v -275.000000 1265.416992 294.999908
v -275.000000 1254.583008 294.999908
v -275.000000 1254.583008 104.999908
v -280.417114 1260.000000 104.999908
v -280.417114 1260.000000 294.999908
v -275.000000 1265.416992 104.999901
v -269.582886 1425.000000 294.999878
v -275.000000 1430.416992 294.999878
v -269.582886 1425.000000 104.999893
v -275.000000 1419.583252 294.999878
v -275.000000 1419.583252 104.999893
v -280.417114 1425.000000 104.999893
v -280.417114 1425.000000 294.999878
v -275.000000 1430.416992 104.999893
v -275.000000 773.085205 99.999939
v -275.000000 773.085205 104.999939
v -266.914795 765.000000 99.999939
v -283.085205 765.000000 104.999939
v -283.085205 765.000000 99.999939
v -275.000000 756.914795 104.999947
v -275.000000 756.914795 99.999947
v -266.914795 765.000000 104.999939
v -275.000000 1421.272949 299.931274
v -271.256958 1425.000000 299.931274
v -275.000000 1425.000000 307.822845
v -278.743042 1425.000000 299.931274
v -275.000000 1428.727051 299.931274
v -272.460358 290.000031 313.150299
v -275.000000 290.000031 323.563080
v -275.000000 287.441437 313.150299
v -275.000000 292.558380 313.150299
v -277.539612 290.000031 313.150299
v -275.000000 441.272980 299.931366
v -275.000000 445.000031 307.822937
v -271.256958 445.000031 299.931366
v -278.743042 445.000031 299.931366
v -275.000000 448.727112 299.931366
v -275.000000 442.441437 313.150299
v -275.000000 445.000031 323.563080
v -272.460358 445.000031 313.150299
v -277.539612 445.000031 313.150299
v -275.000000 447.558380 313.150299
v -275.000000 602.558350 313.150299
v -275.000000 600.000000 323.563080
v -272.460358 600.000000 313.150299
v -277.539612 600.000000 313.150299
v -275.000000 597.441406 313.150299
v -272.460358 1260.000000 313.150238
v -275.000000 1257.441406 313.150238
v -275.000000 1260.000000 323.563019
v -275.000000 1262.558350 313.150238
v -277.539612 1260.000000 313.150238
v -275.000000 1422.441284 313.150208
v -272.460358 1425.000000 313.150208
v -275.000000 1425.000000 323.562988
v -277.539612 1425.000000 313.150208
v -275.000000 1427.558350 313.150208
v -277.539612 765.000000 313.150269
v -275.000000 765.000000 323.563049
v -275.000000 767.558350 313.150269
v -275.000000 762.441406 313.150269
v -272.460358 765.000000 313.150269
v -277.539612 930.000000 313.150269
v -275.000000 927.441406 313.150269
v -275.000000 930.000000 323.563049
v -275.000000 932.558350 313.150269
v -272.460358 930.000000 313.150269
v -277.539612 1095.000000 313.150238
v -275.000000 1095.000000 323.563019
v -275.000000 1097.558350 313.150238
v -275.000000 1092.441406 313.150238
v -272.460358 1095.000000 313.150238
v -278.743042 1095.000000 299.931305
v -275.000000 1091.272949 299.931305
v -275.000000 1095.000000 307.822876
v -275.000000 1098.727051 299.931305
v -271.256958 1095.000000 299.931305
v -278.743042 1260.000000 299.931305
v -275.000000 1260.000000 307.822876
v -275.000000 1263.727051 299.931305
v -275.000000 1256.272949 299.931305
v -271.256958 1260.000000 299.931305
vn -0.8660 -0.5000 -0.0000
vn -0.8660 0.5000 -0.0000
vn 0.8660 -0.5000 -0.0000
vn 0.8660 0.5000 -0.0000
vn -0.0000 -1.0000 -0.0000
vn -0.0000 -0.0000 1.0000
vn -0.0000 1.0000 -0.0000
vn 1.0000 -0.0000 -0.0000
vn -1.0000 -0.0000 -0.0000
vn -0.9715 -0.0000 0.2369
vn -0.0000 -0.9711 0.2386
vn -0.0001 -0.0000 1.0000
vn -0.0000 0.9711 0.2386
vn 0.9715 -0.0000 0.2369
vn -0.9035 -0.0000 0.4286
vn -0.0000 -0.9042 0.4271
vn -0.0000 0.9042 0.4271
vn 0.9035 -0.0000 0.4286
vn 0.0001 -0.0000 1.0000
vn -0.9715 -0.0000 0.2370
vn 0.9035 -0.0000 0.4285
vn -0.9035 -0.0000 0.4285
vn -0.0000 0.9042 0.4270
vn 0.9715 -0.0000 0.2370
vn -0.0000 -0.9042 0.4270
vt 0.314492 0.489089
vt 0.314492 0.606297
vt 0.138405 0.489089
vt 0.138405 0.606297
vt 0.282055 0.922081
vt 0.245218 0.985885
vt 0.171633 0.986121
vt 0.171633 0.857809
vt 0.245218 0.858277
vt 0.134593 0.921965
vt 0.127690 0.002671
vt 0.127690 0.042994
vt 0.002800 0.042994
vt 0.002906 0.002537
vt 0.283452 0.921849
vt 0.246209 0.986356
vt 0.246209 0.857341
vt 0.128760 0.044535
vt 0.128760 0.001224
vt 0.000000 0.000000
vt 0.000937 0.044535
vt 0.213644 0.859229
vt 0.209139 0.854723
vt 0.213644 0.850217
vt 0.218150 0.854723
vt 0.127573 0.997812
vt 0.002778 0.997832
vt 0.002787 0.052692
vt 0.127573 0.052692
vt 0.246442 0.735289
vt 0.200000 0.735289
vt 0.200000 0.845815
vt 0.151705 0.735289
vt 0.200000 0.718983
vt 0.245065 0.616372
vt 0.200000 0.616372
vt 0.150329 0.616372
s 1
usemtl obj03.001
f 2017/1363/929 2011/1364/929 2012/1364/930 2018/1363/930
f 2007/1364/931 2015/1363/931 2014/1363/932 2008/1364/932
f 2011/1364/929 2017/1363/929 2016/1365/933 2009/1366/933
s 0
f 2009/1367/934 2007/1368/934 2008/1369/934 2012/1370/934
s 1
f 2008/1364/932 2014/1363/932 2013/1365/935 2010/1366/935
f 2018/1363/930 2012/1364/930 2010/1366/935 2013/1365/935
s 0
f 2012/1370/934 2011/1371/934 2009/1367/934
f 2008/1369/934 2010/1372/934 2012/1370/934
s 1
f 2007/1364/931 2009/1366/933 2016/1365/933 2015/1363/931
f 2028/1373/930 2027/1374/930 2025/1375/935 2026/1376/935
f 2024/1373/932 2026/1376/935 2025/1375/935 2020/1374/932
f 2028/1373/930 2029/1373/929 2030/1374/929 2027/1374/930
f 2023/1373/931 2019/1374/931 2021/1375/933 2022/1376/933
s 0
f 2021/1377/934 2019/1378/934 2020/1369/934 2027/1370/934
s 1
f 2024/1373/932 2020/1374/932 2019/1374/931 2023/1373/931
s 0
f 2020/1369/934 2025/1372/934 2027/1370/934
f 2027/1370/934 2030/1379/934 2021/1377/934
s 1
f 2021/1375/933 2030/1374/929 2029/1373/929 2022/1376/933
f 2033/1380/936 2037/1381/936 2036/1382/935 2038/1383/935
f 2037/1381/936 2033/1380/936 2031/1383/933 2032/1382/933
f 2036/1382/935 2035/1381/937 2034/1380/937 2038/1383/935
f 2034/1380/937 2035/1381/937 2032/1382/933 2031/1383/933
s 0
f 2033/1384/934 2038/1385/934 2034/1386/934 2031/1387/934
s 1
f 2046/1388/936 2045/1389/933 2044/1390/933 2041/1391/936
f 2043/1391/937 2042/1388/937 2040/1389/935 2039/1390/935
f 2046/1388/936 2041/1391/936 2039/1390/935 2040/1389/935
f 2042/1388/937 2043/1391/937 2044/1390/933 2045/1389/933
f 2047/1392/938 2048/1393/939 2049/1394/940
f 2050/1393/941 2047/1392/938 2049/1394/940
f 2049/1394/940 2051/1395/942 2050/1393/941
f 2048/1393/939 2051/1395/942 2049/1394/940
f 2053/1396/934 2052/1397/943 2055/1398/944
f 2052/1397/943 2053/1396/934 2054/1398/945
f 2056/1399/946 2053/1396/934 2055/1398/944
f 2054/1398/945 2053/1396/934 2056/1399/946
f 2057/1393/941 2059/1394/947 2058/1395/942
f 2059/1394/947 2057/1393/941 2060/1392/948
f 2061/1393/939 2059/1394/947 2060/1392/948
f 2058/1395/942 2059/1394/947 2061/1393/939
s 0
f 2072/1367/934 2073/1368/934 2063/1369/934 2067/1370/934
s 1
f 2066/1365/935 2065/1366/935 2063/1364/932 2062/1363/932
f 2073/1364/931 2072/1366/933 2071/1365/933 2064/1363/931
f 2069/1364/929 2070/1363/929 2071/1365/933 2072/1366/933
f 2068/1363/930 2067/1364/930 2065/1366/935 2066/1365/935
f 2070/1363/929 2069/1364/929 2067/1364/930 2068/1363/930
s 0
f 2067/1370/934 2069/1371/934 2072/1367/934
f 2063/1369/934 2065/1372/934 2067/1370/934
s 1
f 2073/1364/931 2064/1363/931 2062/1363/932 2063/1364/932
f 2080/1373/930 2079/1374/930 2077/1375/935 2078/1376/935
f 2074/1373/932 2078/1376/935 2077/1375/935 2075/1374/932
f 2080/1373/930 2081/1373/929 2082/1374/929 2079/1374/930
s 0
f 2077/1372/934 2079/1370/934 2082/1379/934 2084/1378/934
s 1
f 2084/1374/931 2083/1375/933 2085/1376/933 2076/1373/931
f 2084/1374/931 2076/1373/931 2074/1373/932 2075/1374/932
s 0
f 2084/1378/934 2075/1369/934 2077/1372/934
f 2082/1379/934 2083/1377/934 2084/1378/934
s 1
f 2083/1375/933 2082/1374/929 2081/1373/929 2085/1376/933
f 2093/1381/936 2092/1382/935 2091/1383/935 2088/1380/936
f 2090/1380/937 2089/1381/937 2087/1382/933 2086/1383/933
f 2092/1382/935 2089/1381/937 2090/1380/937 2091/1383/935
s 0
f 2091/1385/934 2090/1386/934 2086/1387/934 2088/1384/934
s 1
f 2093/1381/936 2088/1380/936 2086/1383/933 2087/1382/933
f 2101/1391/936 2095/1388/936 2094/1389/933 2096/1390/933
f 2098/1391/937 2096/1390/933 2094/1389/933 2097/1388/937
f 2101/1391/936 2099/1390/935 2100/1389/935 2095/1388/936
f 2099/1390/935 2098/1391/937 2097/1388/937 2100/1389/935
f 2102/1397/943 2103/1398/944 2104/1396/934
f 2104/1396/934 2105/1398/945 2102/1397/943
f 2106/1399/946 2105/1398/945 2104/1396/934
f 2103/1398/944 2106/1399/946 2104/1396/934
f 2107/1398/945 2110/1397/943 2108/1396/934
f 2107/1398/945 2108/1396/934 2109/1399/946
f 2108/1396/934 2110/1397/943 2111/1398/944
f 2109/1399/946 2108/1396/934 2111/1398/944
f 2123/1363/932 2114/1364/932 2112/1364/931 2113/1363/931
f 2115/1365/933 2113/1363/931 2112/1364/931 2116/1366/933
f 2123/1363/932 2122/1365/935 2117/1366/935 2114/1364/932
s 0
f 2121/1370/934 2118/1371/934 2116/1367/934 2114/1369/934
s 1
f 2117/1366/935 2122/1365/935 2120/1363/930 2121/1364/930
f 2118/1364/929 2119/1363/929 2115/1365/933 2116/1366/933
s 0
f 2114/1369/934 2117/1372/934 2121/1370/934
f 2116/1367/934 2112/1368/934 2114/1369/934
s 1
f 2120/1363/930 2119/1363/929 2118/1364/929 2121/1364/930
f 2131/1374/929 2130/1374/930 2129/1373/930 2133/1373/929
f 2124/1373/932 2128/1376/935 2127/1375/935 2125/1374/932
f 2127/1375/935 2128/1376/935 2129/1373/930 2130/1374/930
s 0
f 2127/1372/934 2130/1370/934 2131/1379/934 2135/1378/934
s 1
f 2135/1374/931 2126/1373/931 2124/1373/932 2125/1374/932
f 2135/1374/931 2132/1375/933 2134/1376/933 2126/1373/931
s 0
f 2135/1378/934 2125/1369/934 2127/1372/934
f 2131/1379/934 2132/1377/934 2135/1378/934
s 1
f 2132/1375/933 2131/1374/929 2133/1373/929 2134/1376/933
f 2140/1383/933 2141/1380/937 2142/1381/937 2139/1382/933
f 2140/1383/933 2139/1382/933 2137/1381/936 2136/1380/936
f 2141/1380/937 2138/1383/935 2143/1382/935 2142/1381/937
s 0
f 2136/1384/934 2138/1385/934 2141/1386/934 2140/1387/934
s 1
f 2143/1382/935 2138/1383/935 2136/1380/936 2137/1381/936
f 2148/1389/933 2147/1390/933 2145/1391/936 2144/1388/936
f 2150/1388/937 2149/1391/937 2147/1390/933 2148/1389/933
f 2149/1391/937 2150/1388/937 2146/1389/935 2151/1390/935
f 2151/1390/935 2146/1389/935 2144/1388/936 2145/1391/936
f 2152/1395/942 2153/1393/941 2154/1394/934
f 2154/1394/934 2155/1393/939 2152/1395/942
f 2156/1392/938 2155/1393/939 2154/1394/934
f 2153/1393/941 2156/1392/938 2154/1394/934
f 2157/1399/946 2160/1398/945 2158/1396/934
f 2157/1399/946 2158/1396/934 2159/1398/944
f 2158/1396/934 2160/1398/945 2161/1397/943
f 2159/1398/944 2158/1396/934 2161/1397/943
f 2162/1398/945 2164/1396/934 2163/1399/946
f 2164/1396/934 2162/1398/945 2165/1397/943
f 2166/1398/944 2164/1396/934 2165/1397/943
f 2163/1399/946 2164/1396/934 2166/1398/944
f 2167/1364/931 2170/1366/933 2171/1365/933 2168/1363/931
f 2177/1363/932 2176/1365/935 2178/1366/935 2169/1364/932
s 0
f 2175/1370/934 2173/1371/934 2170/1367/934 2169/1369/934
s 1
f 2178/1366/935 2176/1365/935 2174/1363/930 2175/1364/930
f 2173/1364/929 2172/1363/929 2171/1365/933 2170/1366/933
f 2175/1364/930 2174/1363/930 2172/1363/929 2173/1364/929
s 0
f 2170/1367/934 2167/1368/934 2169/1369/934
f 2169/1369/934 2178/1372/934 2175/1370/934
s 1
f 2177/1363/932 2169/1364/932 2167/1364/931 2168/1363/931
f 2187/1374/930 2186/1373/930 2184/1373/929 2185/1374/929
f 2190/1373/932 2188/1376/935 2189/1375/935 2181/1374/932
f 2185/1374/929 2184/1373/929 2183/1376/933 2182/1375/933
f 2190/1373/932 2181/1374/932 2179/1374/931 2180/1373/931
s 0
f 2182/1377/934 2179/1378/934 2181/1369/934 2187/1370/934
s 1
f 2189/1375/935 2188/1376/935 2186/1373/930 2187/1374/930
s 0
f 2181/1369/934 2189/1372/934 2187/1370/934
f 2187/1370/934 2185/1379/934 2182/1377/934
s 1
f 2182/1375/933 2183/1376/933 2180/1373/931 2179/1374/931
s 0
f 2191/1384/934 2192/1385/934 2196/1386/934 2194/1387/934
s 1
f 2197/1382/935 2198/1381/937 2196/1380/937 2192/1383/935
f 2194/1383/933 2196/1380/937 2198/1381/937 2195/1382/933
f 2194/1383/933 2195/1382/933 2193/1381/936 2191/1380/936
f 2197/1382/935 2192/1383/935 2191/1380/936 2193/1381/936
f 2203/1389/933 2202/1390/933 2200/1391/936 2199/1388/936
f 2202/1390/933 2203/1389/933 2204/1388/937 2205/1391/937
f 2206/1390/935 2205/1391/937 2204/1388/937 2201/1389/935
f 2206/1390/935 2201/1389/935 2199/1388/936 2200/1391/936
f 2208/1394/934 2207/1392/938 2210/1393/939
f 2207/1392/938 2208/1394/934 2209/1393/941
f 2211/1395/942 2208/1394/934 2210/1393/939
f 2209/1393/941 2208/1394/934 2211/1395/942
f 2212/1393/939 2213/1395/942 2214/1394/934
f 2215/1392/938 2212/1393/939 2214/1394/934
f 2216/1393/941 2215/1392/938 2214/1394/934
f 2213/1395/942 2216/1393/941 2214/1394/934
f 2217/1399/949 2220/1398/945 2218/1396/934
f 2217/1399/949 2218/1396/934 2219/1398/944
f 2218/1396/934 2220/1398/945 2221/1397/950
f 2219/1398/944 2218/1396/934 2221/1397/950
f 2222/1399/946 2224/1396/934 2223/1398/944
f 2224/1396/934 2222/1399/946 2225/1398/945
f 2226/1397/943 2224/1396/934 2225/1398/945
f 2223/1398/944 2224/1396/934 2226/1397/943
f 2227/1399/949 2230/1398/951 2228/1396/934
f 2227/1399/949 2228/1396/934 2229/1398/944
f 2228/1396/934 2230/1398/951 2231/1397/950
f 2229/1398/944 2228/1396/934 2231/1397/950
f 2233/1396/934 2232/1398/945 2235/1397/943
f 2232/1398/945 2233/1396/934 2234/1399/946
f 2236/1398/944 2233/1396/934 2235/1397/943
f 2234/1399/946 2233/1396/934 2236/1398/944
f 2247/1365/933 2246/1366/933 2244/1364/929 2245/1363/929
f 2240/1366/935 2238/1364/932 2237/1363/932 2241/1365/935
s 0
f 2246/1367/934 2248/1368/934 2238/1369/934 2242/1370/934
s 1
f 2243/1363/930 2242/1364/930 2240/1366/935 2241/1365/935
f 2248/1364/931 2246/1366/933 2247/1365/933 2239/1363/931
f 2244/1364/929 2242/1364/930 2243/1363/930 2245/1363/929
s 0
f 2242/1370/934 2244/1371/934 2246/1367/934
f 2238/1369/934 2240/1372/934 2242/1370/934
s 1
f 2248/1364/931 2239/1363/931 2237/1363/932 2238/1364/932
f 2259/1373/932 2258/1376/935 2260/1375/935 2251/1374/932
s 0
f 2252/1377/934 2249/1378/934 2251/1369/934 2257/1370/934
s 1
f 2257/1374/930 2256/1373/930 2254/1373/929 2255/1374/929
f 2259/1373/932 2251/1374/932 2249/1374/931 2250/1373/931
f 2252/1375/933 2253/1376/933 2250/1373/931 2249/1374/931
f 2260/1375/935 2258/1376/935 2256/1373/930 2257/1374/930
s 0
f 2251/1369/934 2260/1372/934 2257/1370/934
f 2257/1370/934 2255/1379/934 2252/1377/934
s 1
f 2255/1374/929 2254/1373/929 2253/1376/933 2252/1375/933
f 2268/1382/935 2267/1381/937 2264/1380/937 2263/1383/935
f 2266/1382/933 2262/1381/936 2261/1380/936 2265/1383/933
f 2267/1381/937 2266/1382/933 2265/1383/933 2264/1380/937
s 0
f 2261/1384/934 2263/1385/934 2264/1386/934 2265/1387/934
s 1
f 2268/1382/935 2263/1383/935 2261/1380/936 2262/1381/936
f 2272/1388/937 2270/1389/935 2269/1390/935 2273/1391/937
f 2274/1389/933 2272/1388/937 2273/1391/937 2275/1390/933
f 2276/1388/936 2274/1389/933 2275/1390/933 2271/1391/936
f 2276/1388/936 2271/1391/936 2269/1390/935 2270/1389/935
f 2283/1364/929 2282/1363/929 2281/1365/933 2280/1366/933
f 2288/1363/932 2279/1364/932 2277/1364/931 2278/1363/931
f 2277/1364/931 2280/1366/933 2281/1365/933 2278/1363/931
f 2285/1364/930 2287/1366/935 2286/1365/935 2284/1363/930
s 0
f 2287/1372/934 2285/1370/934 2283/1371/934 2277/1368/934
s 1
f 2279/1364/932 2288/1363/932 2286/1365/935 2287/1366/935
s 0
f 2277/1368/934 2279/1369/934 2287/1372/934
f 2283/1371/934 2280/1367/934 2277/1368/934
s 1
f 2285/1364/930 2284/1363/930 2282/1363/929 2283/1364/929
f 2296/1364/929 2294/1363/929 2293/1365/933 2292/1366/933
f 2299/1365/935 2298/1366/935 2291/1364/932 2300/1363/932
f 2289/1364/931 2292/1366/933 2293/1365/933 2290/1363/931
f 2290/1363/931 2300/1363/932 2291/1364/932 2289/1364/931
f 2299/1365/935 2295/1363/930 2297/1364/930 2298/1366/935
s 0
f 2298/1372/934 2297/1370/934 2296/1371/934 2289/1368/934
f 2289/1368/934 2291/1369/934 2298/1372/934
f 2296/1371/934 2292/1367/934 2289/1368/934
s 1
f 2295/1363/930 2294/1363/929 2296/1364/929 2297/1364/930
f 2312/1363/932 2303/1364/932 2301/1364/931 2302/1363/931
s 0
f 2310/1370/934 2307/1371/934 2304/1367/934 2303/1369/934
s 1
f 2311/1366/935 2309/1365/935 2308/1363/930 2310/1364/930
f 2305/1365/933 2302/1363/931 2301/1364/931 2304/1366/933
f 2307/1364/929 2306/1363/929 2305/1365/933 2304/1366/933
f 2303/1364/932 2312/1363/932 2309/1365/935 2311/1366/935
s 0
f 2304/1367/934 2301/1368/934 2303/1369/934
f 2303/1369/934 2311/1372/934 2310/1370/934
s 1
f 2308/1363/930 2306/1363/929 2307/1364/929 2310/1364/930
f 2316/1365/933 2314/1363/931 2313/1364/931 2317/1366/933
f 2322/1363/932 2315/1364/932 2313/1364/931 2314/1363/931
f 2323/1365/935 2320/1366/935 2315/1364/932 2322/1363/932
s 0
f 2320/1372/934 2321/1370/934 2319/1371/934 2313/1368/934
s 1
f 2323/1365/935 2324/1363/930 2321/1364/930 2320/1366/935
f 2319/1364/929 2318/1363/929 2316/1365/933 2317/1366/933
s 0
f 2313/1368/934 2315/1369/934 2320/1372/934
f 2319/1371/934 2317/1367/934 2313/1368/934
s 1
f 2324/1363/930 2318/1363/929 2319/1364/929 2321/1364/930
f 2327/1364/932 2336/1363/932 2335/1365/935 2331/1366/935
s 0
f 2334/1370/934 2332/1371/934 2329/1367/934 2327/1369/934
s 1
f 2332/1364/929 2330/1363/929 2328/1365/933 2329/1366/933
f 2336/1363/932 2327/1364/932 2325/1364/931 2326/1363/931
f 2328/1365/933 2326/1363/931 2325/1364/931 2329/1366/933
f 2335/1365/935 2333/1363/930 2334/1364/930 2331/1366/935
s 0
f 2329/1367/934 2325/1368/934 2327/1369/934
f 2327/1369/934 2331/1372/934 2334/1370/934
s 1
f 2333/1363/930 2330/1363/929 2332/1364/929 2334/1364/930
f 2344/1364/929 2342/1363/929 2340/1365/933 2341/1366/933
f 2337/1364/931 2341/1366/933 2340/1365/933 2338/1363/931
s 0
f 2346/1370/934 2344/1371/934 2341/1367/934 2339/1369/934
s 1
f 2348/1363/932 2339/1364/932 2337/1364/931 2338/1363/931
f 2339/1364/932 2348/1363/932 2347/1365/935 2343/1366/935
f 2347/1365/935 2345/1363/930 2346/1364/930 2343/1366/935
s 0
f 2341/1367/934 2337/1368/934 2339/1369/934
f 2339/1369/934 2343/1372/934 2346/1370/934
s 1
f 2345/1363/930 2342/1363/929 2344/1364/929 2346/1364/930
f 2360/1364/931 2355/1366/933 2359/1365/933 2351/1363/931
f 2360/1364/931 2351/1363/931 2349/1363/932 2350/1364/932
f 2359/1365/933 2355/1366/933 2354/1364/929 2358/1363/929
f 2352/1365/935 2353/1366/935 2350/1364/932 2349/1363/932
s 0
f 2356/1370/934 2354/1371/934 2355/1367/934 2350/1369/934
s 1
f 2356/1364/930 2353/1366/935 2352/1365/935 2357/1363/930
s 0
f 2350/1369/934 2353/1372/934 2356/1370/934
f 2355/1367/934 2360/1368/934 2350/1369/934
s 1
f 2354/1364/929 2356/1364/930 2357/1363/930 2358/1363/929
f 2372/1375/935 2370/1376/935 2368/1373/930 2369/1374/930
s 0
f 2369/1370/934 2367/1379/934 2364/1377/934 2363/1369/934
s 1
f 2369/1374/930 2368/1373/930 2366/1373/929 2367/1374/929
f 2371/1373/932 2363/1374/932 2361/1374/931 2362/1373/931
f 2364/1375/933 2365/1376/933 2362/1373/931 2361/1374/931
f 2367/1374/929 2366/1373/929 2365/1376/933 2364/1375/933
s 0
f 2363/1369/934 2372/1372/934 2369/1370/934
f 2364/1377/934 2361/1378/934 2363/1369/934
s 1
f 2371/1373/932 2370/1376/935 2372/1375/935 2363/1374/932
f 2383/1376/935 2379/1373/930 2382/1374/930 2381/1375/935
f 2376/1375/933 2377/1376/933 2375/1373/931 2373/1374/931
s 0
f 2373/1378/934 2374/1369/934 2381/1372/934 2380/1379/934
s 1
f 2384/1373/932 2374/1374/932 2373/1374/931 2375/1373/931
f 2378/1373/929 2377/1376/933 2376/1375/933 2380/1374/929
f 2379/1373/930 2378/1373/929 2380/1374/929 2382/1374/930
s 0
f 2381/1372/934 2382/1370/934 2380/1379/934
f 2380/1379/934 2376/1377/934 2373/1378/934
s 1
f 2384/1373/932 2383/1376/935 2381/1375/935 2374/1374/932
f 2393/1374/930 2392/1373/930 2390/1373/929 2391/1374/929
f 2396/1373/932 2394/1376/935 2395/1375/935 2387/1374/932
f 2391/1374/929 2390/1373/929 2389/1376/933 2388/1375/933
f 2396/1373/932 2387/1374/932 2385/1374/931 2386/1373/931
s 0
f 2388/1377/934 2385/1378/934 2387/1369/934 2393/1370/934
s 1
f 2395/1375/935 2394/1376/935 2392/1373/930 2393/1374/930
s 0
f 2387/1369/934 2395/1372/934 2393/1370/934
f 2393/1370/934 2391/1379/934 2388/1377/934
s 1
f 2388/1375/933 2389/1376/933 2386/1373/931 2385/1374/931
f 2406/1373/932 2399/1374/932 2397/1374/931 2398/1373/931
f 2403/1374/929 2402/1373/929 2400/1376/933 2401/1375/933
s 0
f 2397/1378/934 2399/1369/934 2404/1372/934 2403/1379/934
s 1
f 2407/1376/935 2404/1375/935 2399/1374/932 2406/1373/932
f 2401/1375/933 2400/1376/933 2398/1373/931 2397/1374/931
f 2403/1374/929 2405/1374/930 2408/1373/930 2402/1373/929
s 0
f 2404/1372/934 2405/1370/934 2403/1379/934
f 2403/1379/934 2401/1377/934 2397/1378/934
s 1
f 2405/1374/930 2404/1375/935 2407/1376/935 2408/1373/930
s 0
f 2409/1378/934 2411/1369/934 2418/1372/934 2416/1379/934
s 1
f 2420/1373/932 2411/1374/932 2409/1374/931 2410/1373/931
f 2412/1375/933 2413/1376/933 2410/1373/931 2409/1374/931
f 2419/1376/935 2418/1375/935 2411/1374/932 2420/1373/932
f 2416/1374/929 2414/1373/929 2413/1376/933 2412/1375/933
f 2417/1374/930 2415/1373/930 2414/1373/929 2416/1374/929
s 0
f 2418/1372/934 2417/1370/934 2416/1379/934
f 2416/1379/934 2412/1377/934 2409/1378/934
s 1
f 2417/1374/930 2418/1375/935 2419/1376/935 2415/1373/930
f 2430/1373/932 2423/1374/932 2421/1374/931 2422/1373/931
s 0
f 2421/1378/934 2423/1369/934 2428/1372/934 2426/1379/934
s 1
f 2432/1373/930 2427/1373/929 2426/1374/929 2429/1374/930
f 2424/1376/933 2422/1373/931 2421/1374/931 2425/1375/933
f 2423/1374/932 2430/1373/932 2431/1376/935 2428/1375/935
f 2424/1376/933 2425/1375/933 2426/1374/929 2427/1373/929
s 0
f 2428/1372/934 2429/1370/934 2426/1379/934
f 2426/1379/934 2425/1377/934 2421/1378/934
s 1
f 2432/1373/930 2429/1374/930 2428/1375/935 2431/1376/935
s 0
f 2433/1378/934 2435/1369/934 2442/1372/934 2440/1379/934
s 1
f 2443/1373/932 2435/1374/932 2433/1374/931 2434/1373/931
f 2441/1374/930 2439/1373/930 2438/1373/929 2440/1374/929
f 2444/1376/935 2442/1375/935 2435/1374/932 2443/1373/932
f 2436/1375/933 2437/1376/933 2434/1373/931 2433/1374/931
f 2440/1374/929 2438/1373/929 2437/1376/933 2436/1375/933
s 0
f 2442/1372/934 2441/1370/934 2440/1379/934
f 2440/1379/934 2436/1377/934 2433/1378/934
s 1
f 2441/1374/930 2442/1375/935 2444/1376/935 2439/1373/930
f 2454/1376/933 2452/1375/933 2451/1374/929 2455/1373/929
f 2453/1374/931 2452/1375/933 2454/1376/933 2447/1373/931
s 0
f 2452/1377/934 2453/1378/934 2446/1369/934 2450/1370/934
s 1
f 2453/1374/931 2447/1373/931 2445/1373/932 2446/1374/932
f 2448/1376/935 2449/1375/935 2446/1374/932 2445/1373/932
f 2450/1374/930 2456/1373/930 2455/1373/929 2451/1374/929
s 0
f 2446/1369/934 2449/1372/934 2450/1370/934
f 2450/1370/934 2451/1379/934 2452/1377/934
s 1
f 2450/1374/930 2449/1375/935 2448/1376/935 2456/1373/930
f 2460/1383/933 2462/1380/937 2463/1381/937 2461/1382/933
f 2459/1383/935 2464/1382/935 2463/1381/937 2462/1380/937
s 0
f 2457/1384/934 2459/1385/934 2462/1386/934 2460/1387/934
s 1
f 2460/1383/933 2461/1382/933 2458/1381/936 2457/1380/936
f 2464/1382/935 2459/1383/935 2457/1380/936 2458/1381/936
f 2469/1382/933 2468/1383/933 2470/1380/937 2471/1381/937
s 0
f 2465/1384/934 2467/1385/934 2470/1386/934 2468/1387/934
s 1
f 2472/1382/935 2471/1381/937 2470/1380/937 2467/1383/935
f 2469/1382/933 2466/1381/936 2465/1380/936 2468/1383/933
f 2472/1382/935 2467/1383/935 2465/1380/936 2466/1381/936
f 2475/1383/935 2480/1382/935 2479/1381/937 2476/1380/937
f 2476/1380/937 2479/1381/937 2477/1382/933 2478/1383/933
s 0
f 2473/1384/934 2475/1385/934 2476/1386/934 2478/1387/934
s 1
f 2478/1383/933 2477/1382/933 2474/1381/936 2473/1380/936
f 2480/1382/935 2475/1383/935 2473/1380/936 2474/1381/936
f 2483/1383/935 2488/1382/935 2487/1381/937 2485/1380/937
f 2484/1383/933 2486/1382/933 2482/1381/936 2481/1380/936
f 2485/1380/937 2487/1381/937 2486/1382/933 2484/1383/933
s 0
f 2481/1384/934 2483/1385/934 2485/1386/934 2484/1387/934
s 1
f 2488/1382/935 2483/1383/935 2481/1380/936 2482/1381/936
f 2493/1382/933 2492/1383/933 2494/1380/937 2495/1381/937
s 0
f 2489/1384/934 2491/1385/934 2494/1386/934 2492/1387/934
s 1
f 2496/1382/935 2495/1381/937 2494/1380/937 2491/1383/935
f 2493/1382/933 2490/1381/936 2489/1380/936 2492/1383/933
f 2496/1382/935 2491/1383/935 2489/1380/936 2490/1381/936
f 2498/1381/936 2503/1382/935 2499/1383/935 2497/1380/936
s 0
f 2497/1384/934 2499/1385/934 2502/1386/934 2500/1387/934
s 1
f 2501/1382/933 2500/1383/933 2502/1380/937 2504/1381/937
f 2504/1381/937 2502/1380/937 2499/1383/935 2503/1382/935
f 2500/1383/933 2501/1382/933 2498/1381/936 2497/1380/936
f 2508/1383/933 2510/1382/933 2506/1381/936 2505/1380/936
f 2512/1382/935 2507/1383/935 2505/1380/936 2506/1381/936
f 2507/1383/935 2512/1382/935 2511/1381/937 2509/1380/937
s 0
f 2505/1384/934 2507/1385/934 2509/1386/934 2508/1387/934
s 1
f 2511/1381/937 2510/1382/933 2508/1383/933 2509/1380/937
f 2514/1364/932 2513/1364/931 2516/1363/931 2523/1363/932
f 2514/1364/932 2523/1363/932 2522/1365/935 2524/1366/935
f 2519/1364/929 2518/1363/929 2517/1365/933 2515/1366/933
f 2521/1364/930 2524/1366/935 2522/1365/935 2520/1363/930
s 0
f 2524/1372/934 2521/1370/934 2519/1371/934 2513/1368/934
s 1
f 2513/1364/931 2515/1366/933 2517/1365/933 2516/1363/931
s 0
f 2513/1368/934 2514/1369/934 2524/1372/934
f 2519/1371/934 2515/1367/934 2513/1368/934
s 1
f 2521/1364/930 2520/1363/930 2518/1363/929 2519/1364/929
f 2527/1389/935 2532/1390/935 2530/1391/937 2531/1388/937
f 2528/1389/933 2529/1390/933 2526/1391/936 2525/1388/936
f 2531/1388/937 2530/1391/937 2529/1390/933 2528/1389/933
f 2532/1390/935 2527/1389/935 2525/1388/936 2526/1391/936
f 2535/1389/935 2540/1390/935 2538/1391/937 2539/1388/937
f 2536/1389/933 2537/1390/933 2534/1391/936 2533/1388/936
f 2539/1388/937 2538/1391/937 2537/1390/933 2536/1389/933
f 2540/1390/935 2535/1389/935 2533/1388/936 2534/1391/936
f 2545/1389/933 2544/1390/933 2543/1391/936 2541/1388/936
f 2544/1390/933 2545/1389/933 2546/1388/937 2547/1391/937
f 2548/1390/935 2547/1391/937 2546/1388/937 2542/1389/935
f 2548/1390/935 2542/1389/935 2541/1388/936 2543/1391/936
f 2552/1390/933 2550/1391/936 2549/1388/936 2553/1389/933
f 2554/1391/937 2552/1390/933 2553/1389/933 2555/1388/937
f 2556/1390/935 2554/1391/937 2555/1388/937 2551/1389/935
f 2556/1390/935 2551/1389/935 2549/1388/936 2550/1391/936
f 2559/1389/935 2564/1390/935 2562/1391/937 2563/1388/937
f 2560/1389/933 2561/1390/933 2558/1391/936 2557/1388/936
f 2563/1388/937 2562/1391/937 2561/1390/933 2560/1389/933
f 2564/1390/935 2559/1389/935 2557/1388/936 2558/1391/936
f 2568/1390/933 2566/1391/936 2565/1388/936 2569/1389/933
f 2570/1391/937 2568/1390/933 2569/1389/933 2571/1388/937
f 2572/1390/935 2570/1391/937 2571/1388/937 2567/1389/935
f 2572/1390/935 2567/1389/935 2565/1388/936 2566/1391/936
f 2580/1390/935 2575/1389/935 2573/1388/936 2574/1391/936
f 2580/1390/935 2578/1391/937 2579/1388/937 2575/1389/935
f 2577/1390/933 2574/1391/936 2573/1388/936 2576/1389/933
f 2578/1391/937 2577/1390/933 2576/1389/933 2579/1388/937
f 2588/1390/935 2586/1391/937 2587/1388/937 2582/1389/935
f 2588/1390/935 2582/1389/935 2581/1388/936 2583/1391/936
f 2584/1389/933 2585/1390/933 2583/1391/936 2581/1388/936
f 2586/1391/937 2585/1390/933 2584/1389/933 2587/1388/937
f 2596/1380/936 2594/1383/933 2595/1382/933 2591/1381/936
f 2595/1382/933 2594/1383/933 2592/1380/937 2593/1381/937
s 0
f 2596/1384/934 2590/1385/934 2592/1386/934 2594/1387/934
s 1
f 2592/1380/937 2590/1383/935 2589/1382/935 2593/1381/937
f 2596/1380/936 2591/1381/936 2589/1382/935 2590/1383/935
f 2597/1398/944 2598/1399/946 2599/1396/934
f 2597/1398/944 2599/1396/934 2600/1397/943
f 2599/1396/934 2601/1398/951 2600/1397/943
f 2599/1396/934 2598/1399/946 2601/1398/951
f 2602/1395/952 2605/1393/941 2603/1394/934
f 2602/1395/952 2603/1394/934 2604/1393/939
f 2603/1394/934 2605/1393/941 2606/1392/938
f 2604/1393/939 2603/1394/934 2606/1392/938
f 2608/1396/934 2610/1397/950 2607/1398/944
f 2607/1398/944 2609/1399/949 2608/1396/934
f 2611/1398/945 2610/1397/950 2608/1396/934
f 2609/1399/949 2611/1398/945 2608/1396/934
f 2613/1394/934 2615/1392/938 2612/1393/939
f 2612/1393/939 2614/1395/942 2613/1394/934
f 2616/1393/941 2615/1392/938 2613/1394/934
f 2613/1394/934 2614/1395/942 2616/1393/941
f 2618/1394/934 2617/1393/941 2620/1392/938
f 2617/1393/941 2618/1394/934 2619/1395/942
f 2621/1393/939 2618/1394/934 2620/1392/938
f 2619/1395/942 2618/1394/934 2621/1393/939
f 2622/1395/942 2624/1394/934 2623/1393/939
f 2624/1394/934 2622/1395/942 2625/1393/941
f 2626/1392/938 2624/1394/934 2625/1393/941
f 2623/1393/939 2624/1394/934 2626/1392/938
f 2627/1393/939 2628/1395/942 2629/1394/934
f 2627/1393/939 2629/1394/934 2630/1392/938
f 2629/1394/934 2631/1393/941 2630/1392/938
f 2629/1394/934 2628/1395/942 2631/1393/941
f 2633/1394/934 2632/1392/938 2635/1393/939
f 2632/1392/938 2633/1394/934 2634/1393/941
f 2636/1395/952 2633/1394/934 2635/1393/939
f 2634/1393/941 2633/1394/934 2636/1395/952
f 2637/1392/938 2638/1393/939 2639/1394/934
f 2639/1394/934 2640/1393/941 2637/1392/938
f 2641/1395/942 2640/1393/941 2639/1394/934
f 2638/1393/939 2641/1395/942 2639/1394/934
f 2643/1394/934 2642/1392/938 2645/1393/939
f 2642/1392/938 2643/1394/934 2644/1393/941
f 2646/1395/942 2643/1394/934 2645/1393/939
f 2644/1393/941 2643/1394/934 2646/1395/942
f 2647/1397/943 2648/1398/953 2649/1396/934
f 2649/1396/934 2650/1398/945 2647/1397/943
f 2651/1399/946 2650/1398/945 2649/1396/934
f 2648/1398/953 2651/1399/946 2649/1396/934
f 2653/1396/934 2652/1397/950 2655/1398/953
f 2652/1397/950 2653/1396/934 2654/1398/951
f 2656/1399/949 2653/1396/934 2655/1398/953
f 2654/1398/951 2653/1396/934 2656/1399/949
g Atomic24.001_meshId80_name.001
v -250.000000 1850.000000 -0.000140
v -259.378815 1850.000000 -0.000140
v -300.000000 1699.999878 -0.000128
v -290.000000 1850.000000 -0.000140
v -300.000000 1850.000000 -0.000140
v -700.000000 500.000000 -0.000038
v -700.000000 100.000000 -0.000008
v -300.000000 500.000031 -0.000038
v -300.000000 100.000000 -0.000008
v -700.000000 -300.000000 0.000023
v -300.000000 -300.000000 0.000023
v 100.000000 100.000000 -0.000008
v 100.000000 -300.000000 0.000023
v 500.000031 100.000008 -0.000008
v 500.000031 -300.000000 0.000023
v 100.000000 1300.000000 -0.000098
v 100.000000 1700.000000 -0.000128
v -300.000000 1300.000000 -0.000098
v -250.000000 1699.999756 -0.000128
v -250.000000 2050.000000 -0.000155
v 100.000000 2050.000000 -0.000155
v 500.000000 2050.000000 -0.000155
v 500.000000 1700.000000 -0.000128
v 700.000000 1700.000000 -0.000128
v 700.000000 2075.000000 -0.000157
v 500.000000 2385.000000 -0.000180
v 700.000000 2385.000000 -0.000180
v 900.000000 2100.000000 -0.000159
v 900.000000 2385.000000 -0.000180
v -170.000000 -900.000000 0.000068
v -300.000000 -700.000061 0.000053
v -300.000000 -900.000000 0.000068
v -700.000000 -1100.000000 0.000083
v -700.000000 -700.000000 0.000053
v -300.000000 -1100.000000 0.000083
v -300.000000 900.000000 -0.000068
v -700.000000 900.000000 -0.000068
v -700.000000 1100.000000 -0.000083
v -700.000061 1300.000000 -0.000098
v -700.000000 1700.000000 -0.000128
v -700.000000 1850.000000 -0.000140
v -900.000000 1850.000000 -0.000140
v -900.000000 1700.000000 -0.000128
v -900.000000 1100.000000 -0.000083
v -900.000000 1300.000000 -0.000098
v 100.000000 -700.000000 0.000053
v -900.000000 -700.000000 0.000053
v -900.000000 -300.000000 0.000023
v 500.000031 -700.000061 0.000053
v 900.000000 -700.000000 0.000053
v 900.000000 -300.000000 0.000023
v 900.000000 100.000000 -0.000008
v 100.000008 900.000061 -0.000068
v 100.000000 500.000000 -0.000038
v 500.000000 500.000000 -0.000038
v 500.000000 900.000000 -0.000068
v -900.000000 900.000000 -0.000068
v -900.000000 500.000000 -0.000038
v -900.000000 100.000000 -0.000008
v -900.000000 -1100.000000 0.000083
v 500.000000 1300.000000 -0.000098
v 170.000000 -900.000000 0.000068
v 900.000000 1700.000000 -0.000128
v 900.000000 1300.000000 -0.000098
v 300.000000 -900.000000 0.000068
v 300.000000 -1100.000000 0.000083
v 500.000000 -1100.000000 0.000083
v 900.000000 900.000000 -0.000068
v 900.000000 500.000000 -0.000038
v 900.000000 -1100.000000 0.000083
vn -0.0000 -0.0000 1.0000
vt 1.500000 2.750000
vt 1.500000 3.624999
vt 0.625000 3.625000
vt 0.625000 3.125000
vt 0.601553 3.125000
vt 0.525000 3.125000
vt 0.500000 2.750000
vt 0.500000 3.125000
vt 1.499999 -0.250001
vt 1.499999 -1.250000
vt 2.499999 -1.250001
vt 2.499999 -0.250001
vt -1.000001 -1.250000
vt -1.000001 -2.250000
vt -0.500001 -2.250000
vt -0.500001 -1.250000
vt 3.499999 -1.250001
vt 2.499999 -2.250001
vt 3.499999 -2.250001
vt 0.499999 -2.250000
vt 1.499999 -2.250000
vt 0.499999 -1.250000
vt 0.625000 2.750000
vt 0.499999 1.750000
vt 3.000000 2.749999
vt 2.500000 2.749999
vt 2.500000 1.749999
vt 3.500000 1.749999
vt 2.499999 0.749999
vt 3.499999 0.749999
vt 3.500000 2.749999
vt 3.500000 3.749999
vt 3.000000 3.687499
vt 3.500000 4.462499
vt 3.000000 4.462499
vt 1.500000 1.749999
vt 0.325000 0.500000
vt 0.000000 1.000000
vt 0.000000 0.500000
vt 1.175000 0.500000
vt 1.000000 1.000000
vt -1.000000 0.000000
vt -0.000000 0.000000
vt 3.499999 -0.250001
vt -1.000000 1.000000
vt -0.500001 1.250000
vt -0.500000 1.750000
vt 2.500000 3.624999
vt 3.499998 -4.250001
vt 3.499998 -3.250001
vt 2.499998 -3.250001
vt 2.499998 -4.250000
vt -0.500000 3.125000
vt -0.500000 2.750000
vt 0.499998 -3.250000
vt 1.499998 -3.250000
vt -1.000000 1.750000
vt -1.000001 1.250000
vt -0.500002 -3.250000
vt 0.499999 0.750000
vt 1.499999 0.749999
vt -1.000000 3.125000
vt -1.000000 2.750000
vt 0.499999 -0.250000
vt -0.500001 -0.250000
vt -1.000001 -0.250000
vt -0.500001 0.750000
vt -1.000001 0.750000
vt -1.000002 -3.250000
vt -1.000002 -4.250000
vt -0.500002 -4.250000
vt 2.000000 1.000000
vt 1.500000 0.500000
vt 1.500000 -0.000000
vt 2.000000 -0.000000
vt 2.500000 4.462499
s 0
usemtl floor01.001
f 2673/1400/954 2677/1401/954 2676/1402/954 2657/1403/954
f 2658/1404/954 2660/1405/954 2659/1406/954
f 2659/1406/954 2660/1405/954 2661/1407/954
f 2710/1408/954 2668/1409/954 2670/1410/954 2711/1411/954
f 2715/1412/954 2704/1413/954 2666/1414/954 2663/1415/954
f 2708/1416/954 2670/1410/954 2671/1417/954 2707/1418/954
f 2667/1419/954 2669/1420/954 2668/1409/954 2665/1421/954
f 2659/1406/954 2675/1422/954 2657/1403/954 2658/1404/954
f 2674/1423/954 2675/1422/954 2659/1406/954
f 2675/1422/954 2673/1400/954 2657/1403/954
f 2680/1424/954 2679/1425/954 2717/1426/954 2720/1427/954
f 2712/1428/954 2724/1429/954 2720/1427/954 2717/1426/954
f 2719/1430/954 2684/1431/954 2681/1432/954 2680/1424/954
f 2684/1431/954 2685/1433/954 2683/1434/954 2681/1432/954
f 2673/1400/954 2675/1422/954 2674/1423/954 2672/1435/954
f 2686/1436/954 2687/1437/954 2688/1438/954
f 2718/1439/954 2702/1440/954 2687/1437/954 2686/1436/954
f 2689/1441/954 2691/1442/954 2688/1438/954
f 2711/1411/954 2725/1443/954 2724/1429/954 2712/1428/954
f 2687/1437/954 2690/1444/954 2689/1441/954 2688/1438/954
f 2694/1445/954 2674/1423/954 2695/1446/954
f 2680/1424/954 2681/1432/954 2678/1447/954 2679/1425/954
f 2726/1448/954 2706/1449/954 2705/1450/954 2723/1451/954
f 2666/1414/954 2667/1419/954 2665/1421/954 2663/1415/954
f 2661/1407/954 2697/1452/954 2696/1453/954 2659/1406/954
f 2687/1454/954 2702/1455/954 2669/1420/954 2667/1419/954
f 2669/1420/954 2671/1417/954 2670/1410/954 2668/1409/954
f 2695/1446/954 2701/1456/954 2700/1457/954 2694/1445/954
f 2690/1458/954 2687/1454/954 2667/1419/954 2666/1414/954
f 2672/1435/954 2674/1423/954 2692/1459/954 2709/1460/954
f 2702/1455/954 2705/1450/954 2671/1417/954 2669/1420/954
f 2698/1461/954 2699/1462/954 2696/1453/954 2697/1452/954
f 2664/1463/954 2710/1408/954 2709/1460/954 2692/1459/954
f 2663/1415/954 2665/1421/954 2664/1463/954 2662/1464/954
f 2717/1426/954 2672/1435/954 2709/1460/954 2712/1428/954
f 2695/1446/954 2696/1453/954 2699/1462/954 2701/1456/954
f 2714/1465/954 2715/1412/954 2663/1415/954 2662/1464/954
f 2725/1443/954 2711/1411/954 2670/1410/954 2708/1416/954
f 2692/1459/954 2693/1466/954 2662/1464/954 2664/1463/954
f 2713/1467/954 2714/1465/954 2662/1464/954 2693/1466/954
f 2690/1458/954 2666/1414/954 2704/1413/954 2703/1468/954
f 2711/1411/954 2712/1428/954 2709/1460/954 2710/1408/954
f 2706/1449/954 2707/1418/954 2671/1417/954 2705/1450/954
f 2719/1430/954 2680/1424/954 2720/1427/954
f 2674/1423/954 2694/1445/954 2693/1466/954 2692/1459/954
f 2703/1468/954 2716/1469/954 2689/1470/954 2690/1458/954
f 2705/1471/954 2702/1440/954 2718/1439/954
f 2718/1439/954 2721/1472/954 2705/1471/954
f 2722/1473/954 2723/1474/954 2721/1472/954
f 2721/1472/954 2723/1474/954 2705/1471/954
f 2668/1409/954 2710/1408/954 2664/1463/954 2665/1421/954
f 2673/1400/954 2679/1425/954 2678/1447/954 2677/1401/954
f 2713/1467/954 2693/1466/954 2694/1445/954 2700/1457/954
f 2659/1406/954 2696/1453/954 2695/1446/954 2674/1423/954
f 2681/1432/954 2683/1434/954 2682/1475/954 2678/1447/954
f 2679/1425/954 2673/1400/954 2672/1435/954 2717/1426/954
g TileFloor_meshId81_name.001
v -1155.000000 1850.000000 -0.000140
v -700.000000 1850.000000 -0.000140
v -1155.000000 2050.000000 -0.000155
v -700.000000 2050.000000 -0.000155
v -700.000061 2400.000000 -0.000181
v -1155.000000 2400.000000 -0.000181
v -1155.000000 2700.000244 -0.000204
v -700.000000 2700.000244 -0.000204
v -350.000000 2580.000000 -0.000195
v -300.000000 2400.000000 -0.000181
v -300.000000 2050.000000 -0.000155
v -300.000000 1850.000000 -0.000140
v -480.000000 2700.000000 -0.000205
vn -0.0000 -0.0000 1.0000
vt -2.049300 1.923923
vt 2.500000 1.923515
vt 2.500001 4.923516
vt -2.049467 4.924226
vt 2.500000 -1.576486
vt 6.500000 -1.576487
vt 6.500000 1.923514
vt -2.050122 -1.576257
vt 6.000000 3.723514
vt 2.499999 -3.576486
vt -2.051702 -3.576480
vt 4.700001 4.923513
vt 6.499999 -3.576487
s 0
usemtl floor02.001
f 2732/1476/955 2731/1477/955 2734/1478/955 2733/1479/955
f 2730/1480/955 2737/1481/955 2736/1482/955 2731/1477/955
f 2731/1477/955 2732/1476/955 2729/1483/955 2730/1480/955
f 2731/1477/955 2736/1482/955 2735/1484/955 2734/1478/955
f 2728/1485/955 2730/1480/955 2729/1483/955 2727/1486/955
f 2735/1484/955 2739/1487/955 2734/1478/955
f 2730/1480/955 2728/1485/955 2738/1488/955 2737/1481/955
g Atomic24.003_meshId82_name.001
v -170.000000 -1010.000000 0.000076
v 170.000000 -1010.000000 0.000076
v -170.000000 -950.000000 0.000072
v 170.000000 -950.000000 0.000072
v 170.000000 -905.000000 0.000068
v -170.000000 -905.000000 0.000068
vn -0.0000 -0.0000 1.0000
vt 0.991184 0.501663
vt 0.991476 0.756965
vt 0.009512 0.757580
vt 0.010900 0.500676
vt 0.992617 0.985816
vt 0.009228 0.985816
s 0
usemtl floor03.001
f 2741/1489/956 2743/1490/956 2742/1491/956 2740/1492/956
f 2744/1493/956 2745/1494/956 2742/1491/956 2743/1490/956
g Atomic24.004_meshId83_name.001
v -383.549866 -223.336182 100.000015
v -383.549866 -223.336182 70.000015
v -600.000000 -185.000000 100.000015
v -600.000000 -185.000000 70.000015
v -300.000000 -1100.000000 100.000084
v -380.000000 -1100.000000 100.000084
v -300.000000 -1100.000000 70.000084
v -380.000000 -1100.000000 70.000084
v -401.082886 -316.717987 70.000023
v -401.082886 -316.718018 100.000023
v -430.891846 -286.983643 70.000023
v -430.891846 -286.983643 100.000023
v -467.644867 -269.567139 70.000023
v -467.644836 -269.567139 100.000023
v -600.000000 -265.000000 70.000023
v -600.000000 -265.000000 100.000023
v -300.000000 275.000000 -0.000021
v -300.000000 275.000000 99.999969
v -250.000000 275.000000 -0.000021
v -250.000000 275.000000 99.999969
v -300.000000 1449.999634 -0.000109
v -250.000000 1449.999756 99.999886
v -300.000000 1449.999756 99.999886
v -250.000000 1449.999634 -0.000109
v -310.000000 -1100.000000 70.000084
v -370.000000 -1100.000000 70.000084
v -310.000000 -1100.000000 0.000083
v -389.500977 -231.527222 0.000017
v -389.500977 -231.527222 70.000015
v -600.000000 -195.000000 70.000015
v -600.000000 -195.000000 0.000015
v -600.000000 -255.000000 70.000023
v -600.000000 -255.000000 0.000019
v -392.657043 -310.927246 0.000023
v -392.657043 -310.927246 70.000023
v -370.000000 -1100.000000 0.000083
v -345.000000 1850.000000 88.610794
v -345.000000 1850.000000 -0.000140
v -345.000000 1854.999512 88.610794
v -345.000000 1854.999512 -0.000140
v -355.000000 1854.999512 88.610794
v -355.000000 1854.999512 -0.000140
v -355.000000 1840.000000 88.610794
v -355.000000 1840.000000 -0.000141
v -250.000061 620.000244 -0.000047
v -250.000061 580.000000 -0.000044
v -250.000046 620.000244 99.999954
v 220.000000 620.000244 99.999954
v 220.000000 620.000244 -0.000047
v 220.000000 580.000000 -0.000044
v 220.000000 580.000000 99.999954
v -250.000061 580.000000 99.999954
v 710.000000 579.999939 -0.000044
v 710.000000 620.000183 -0.000047
v 710.000000 579.999939 99.999954
v 900.000000 580.000000 -0.000044
v 900.000000 580.000000 99.999954
v 900.000000 620.000244 -0.000047
v 900.000000 620.000244 99.999954
v 710.000000 620.000183 99.999954
vn -1.0000 -0.0000 -0.0000
vn -0.0000 -1.0000 -0.0000
vn -0.2516 -0.9678 -0.0000
vn 0.7349 0.6782 -0.0000
vn 0.9955 0.0949 -0.0000
vn -0.0000 -0.0000 1.0000
vn -0.7828 -0.6222 -0.0000
vn -0.7828 -0.6222 0.0002
vn -0.9996 -0.0269 -0.0000
vn 0.1744 0.9847 -0.0000
vn -0.0000 1.0000 -0.0000
vn 1.0000 -0.0000 -0.0000
vn -0.7851 -0.6194 -0.0000
vn -0.2604 -0.9655 -0.0000
vn 0.1710 0.9853 -0.0000
vn 0.7350 0.6781 -0.0000
vn -0.9996 -0.0287 -0.0000
vn 0.9958 0.0912 -0.0000
vt 2.359531 0.700000
vt 2.359531 0.799000
vt 2.583027 0.799000
vt 2.583027 0.700000
vt 0.388841 0.798972
vt 0.388841 0.699551
vt 0.664674 0.699551
vt 0.664674 0.798972
vt 2.188711 0.798630
vt 2.188711 0.700000
vt 2.085298 0.700000
vt 0.000000 0.798630
vt 0.000000 0.700000
vt 2.159590 0.798630
vt 2.158962 0.998037
vt 2.028572 0.998037
vt 2.584698 0.700000
vt 2.584698 0.798630
vt 1.981061 0.700000
vt 1.981061 0.798630
vt 2.085298 0.798630
vt 0.000000 0.998037
vt 2.702325 0.798630
vt 2.702325 0.998037
vt 2.300410 0.998037
vt 2.722427 0.700000
vt 2.722427 0.798630
vt 0.700017 0.002000
vt 0.700017 0.267731
vt 0.550699 0.267731
vt 0.550699 0.002000
vt 0.009148 0.267731
vt 0.009148 0.002000
vt 2.936942 0.002000
vt 2.936942 0.267731
vt 0.929519 0.267731
vt 0.929519 0.002000
vt 0.775539 0.002000
vt 0.775539 0.267731
vt 2.936942 0.267731
vt 2.941383 0.377278
vt 0.008851 0.377279
vt 0.008851 0.268100
vt 2.941383 0.268099
vt 2.013072 0.497957
vt 2.013072 0.697957
vt 2.640616 0.697957
vt 2.640616 0.497957
vt 0.424002 0.499987
vt 0.634973 0.499987
vt 0.634973 0.699692
vt 0.424002 0.699692
vt 2.642155 0.697957
vt 2.143413 0.697957
vt 2.143413 0.497957
vt 2.642155 0.497957
vt 2.462194 0.497957
vt 2.462194 0.697957
vt 2.567262 0.697957
vt 2.567262 0.497957
vt -0.000000 0.697957
vt -0.000000 0.497957
vt 0.000930 0.462717
vt 0.089635 0.462717
vt 0.089635 0.423597
vt 0.000930 0.423597
vt 0.000777 0.466771
vt 0.085710 0.466771
vt 0.085710 0.494173
vt 0.000777 0.494173
vt 0.001025 0.384753
vt 0.091622 0.384753
vt 0.091622 0.420068
vt 0.001025 0.420068
vt -0.145809 0.002444
vt -0.145809 0.267225
vt -0.225178 0.267225
vt -0.225178 0.002444
vt 1.011427 0.002372
vt -0.310547 0.002372
vt -0.310547 0.267626
vt 1.011427 0.267626
vt 1.011427 0.376989
vt -0.310547 0.376990
vt 0.550362 0.376990
vt 0.550362 0.267626
vt 1.009649 0.267626
vt 1.009649 0.376989
vt 0.701235 0.267225
vt 0.618762 0.267225
vt 0.618762 0.002444
vt 0.701235 0.002444
vt 0.550362 0.002372
vt 1.009649 0.002372
s 0
usemtl obj011.001
f 2760/1495/957 2761/1496/957 2748/1497/957 2749/1498/957
f 2751/1499/958 2753/1500/958 2752/1501/958 2750/1502/958
s 1
f 2759/1503/959 2758/1504/959 2756/1505/959
f 2747/1504/960 2746/1503/960 2750/1506/961 2752/1507/961
s 0
f 2746/1508/962 2757/1509/962 2755/1510/962
s 1
f 2760/1511/959 2758/1504/959 2759/1503/959 2761/1512/959
f 2754/1513/963 2755/1514/964 2757/1515/959
f 2755/1514/964 2754/1513/963 2753/1507/965 2751/1506/965
f 2754/1513/963 2757/1515/959 2759/1503/959
f 2756/1505/959 2754/1513/963 2759/1503/959
s 0
f 2755/1510/962 2751/1516/962 2750/1506/962
f 2746/1508/962 2748/1517/962 2761/1518/962
f 2746/1508/962 2761/1518/962 2759/1519/962
f 2755/1510/962 2750/1506/962 2746/1508/962
f 2746/1508/962 2759/1519/962 2757/1509/962
s 1
f 2749/1520/966 2748/1521/966 2746/1503/960 2747/1504/960
s 0
f 2764/1522/958 2765/1523/958 2763/1524/958 2762/1525/958
f 2768/1526/957 2766/1527/957 2762/1528/957 2763/1529/957
s 1
f 2767/1530/967 2769/1531/967 2766/1532/967 2768/1533/967
s 0
f 2764/1528/968 2769/1527/968 2767/1526/968 2765/1534/968
f 2765/1535/962 2767/1536/962 2768/1537/962 2763/1538/962
s 1
f 2779/1539/969 2780/1540/969 2777/1541/970 2778/1542/970
s 0
f 2781/1543/958 2772/1544/958 2770/1545/958 2771/1546/958
s 1
f 2775/1547/971 2774/1548/972 2773/1549/972 2776/1550/971
s 0
f 2778/1551/957 2777/1552/957 2775/1553/957 2776/1554/957
s 1
f 2771/1555/973 2780/1540/969 2779/1539/969 2781/1556/973
f 2773/1549/972 2774/1548/972 2770/1555/974 2772/1556/974
s 0
f 2785/1557/968 2784/1558/968 2782/1559/968 2783/1560/968
f 2787/1561/967 2786/1562/967 2784/1563/967 2785/1564/967
f 2789/1565/957 2788/1566/957 2786/1567/957 2787/1568/957
f 2791/1569/957 2797/1570/957 2792/1571/957 2790/1572/957
f 2794/1573/967 2790/1574/967 2792/1575/967 2793/1576/967
f 2793/1577/962 2792/1578/962 2797/1575/962 2796/1576/962
f 2796/1571/968 2795/1572/968 2794/1569/968 2793/1570/968
f 2795/1573/958 2796/1576/958 2797/1575/958 2791/1574/958
f 2802/1579/962 2804/1580/962 2805/1581/962 2800/1582/962
f 2804/1583/968 2802/1584/968 2801/1585/968 2803/1586/968
f 2804/1580/967 2803/1587/967 2799/1588/967 2805/1581/967
f 2802/1580/958 2800/1581/958 2798/1588/958 2801/1587/958
f 2805/1584/957 2799/1585/957 2798/1586/957 2800/1583/957
g Atomic24.005_meshId84_name.001
v 450.000000 1914.999878 79.999855
v 450.000000 1884.999878 79.999855
v 450.000000 1914.999756 19.999855
v 450.000000 1884.999756 19.999857
v -249.000000 1914.999756 19.999855
v -249.000000 1884.999878 19.999857
v -249.000000 1914.999756 79.999847
v -249.000000 1884.999878 79.999847
vn -0.0000 1.0000 -0.0000
vn 1.0000 -0.0000 -0.0000
vn -0.0000 -1.0000 -0.0000
vn -1.0000 -0.0000 -0.0000
vt -6.650000 -0.100000
vt -6.650000 1.100000
vt 7.650000 1.100000
vt 7.650000 -0.100000
vt 0.799999 1.100000
vt 0.799999 -0.100000
vt 0.199999 -0.100000
vt 0.199999 1.100000
vt -7.257127 1.100000
vt -7.257127 -0.100000
s 0
usemtl obj02.001
f 2810/1589/975 2812/1590/975 2806/1591/975 2808/1592/975
f 2807/1593/976 2809/1594/976 2808/1595/976 2806/1596/976
f 2809/1592/977 2807/1591/977 2813/1590/977 2811/1589/977
f 2813/1597/978 2812/1590/978 2810/1589/978 2811/1598/978
g Atomic24.006_meshId85_name.001
v -249.000000 1884.999878 19.999857
v -249.000000 1914.999756 19.999855
v -249.000000 1884.999878 -0.000142
v -249.000000 1914.999756 -0.000145
v 450.000000 1884.999756 19.999857
v 450.000000 1884.999878 -0.000143
v 450.000000 1884.999878 79.999855
v 450.000000 1880.000000 79.999855
v 450.000000 1880.000000 -0.000143
v 450.000000 1920.000000 -0.000143
v 450.000000 1920.000000 79.999855
v 450.000000 1914.999878 -0.000144
v 450.000000 1914.999878 79.999855
v 450.000000 1914.999756 19.999855
v 440.000000 1880.000000 -0.000143
v 440.000000 1880.000000 79.999855
v 440.000000 1915.000000 79.999855
v 440.000000 1920.000000 79.999855
v 440.000000 1915.000000 -0.000143
v 440.000000 1920.000000 -0.000143
v 440.000000 1885.000000 -0.000143
v 440.000000 1885.000000 79.999855
v -250.000000 1934.999878 89.999855
v -250.000000 1934.999756 69.999855
v -250.000000 1850.000000 89.999863
v 460.000000 1934.999756 89.999855
v 460.000000 1850.000000 89.999863
v 460.000000 1850.000000 69.999863
v 460.000000 1934.999756 69.999855
v -250.000000 1850.000000 69.999863
v 105.000000 1883.675415 -0.000142
v 105.000000 1883.675415 79.999855
v 95.000000 1883.675415 -0.000142
v 95.000000 1883.675415 79.999855
v -240.000000 1883.675415 -0.000142
v -240.000000 1883.675415 79.999855
v -250.000000 1883.675415 -0.000142
v -250.000000 1883.675415 79.999855
v 220.000000 1883.675415 -0.000142
v 220.000000 1883.675415 79.999855
v 210.000000 1883.675415 -0.000142
v 210.000000 1883.675415 79.999855
v -135.000000 1883.675415 79.999855
v -135.000000 1883.675415 -0.000142
v -125.000000 1883.675415 79.999855
v -125.000000 1883.675415 -0.000142
v -20.000000 1883.675415 79.999855
v -20.000000 1883.675415 -0.000142
v -10.000000 1883.675415 79.999855
v -10.000000 1883.675415 -0.000142
v 325.000000 1883.675415 79.999855
v 325.000000 1883.675415 -0.000142
v 335.000000 1883.675415 79.999855
v 335.000000 1883.675415 -0.000142
vn 1.0000 -0.0000 -0.0000
vn -1.0000 -0.0000 -0.0000
vn -0.0000 1.0000 -0.0000
vn -0.0000 -1.0000 -0.0000
vn -0.0000 -0.0000 1.0000
vt 0.996976 0.697040
vt 0.948603 0.697040
vt 0.948603 0.658258
vt 0.996976 0.658256
vt 0.991227 0.998127
vt 0.991227 0.737818
vt 0.979246 0.737818
vt 0.979246 0.998127
vt 0.657879 0.658259
vt 0.657879 0.697040
vt 0.666219 0.697040
vt 0.666190 0.658268
vt 0.596271 0.658259
vt 0.596271 0.697040
vt 0.997300 0.737818
vt 0.997300 0.998127
vt 0.668174 0.736224
vt 0.903952 0.736147
vt 0.903952 0.787028
vt 0.668262 0.786994
vt 0.923786 0.997981
vt 0.923786 0.787027
vt 0.974760 0.787028
vt 0.974760 0.997982
vt 0.904139 0.997982
vt 0.923786 0.736147
s 0
usemtl obj041.001
f 2827/1599/979 2818/1600/979 2819/1601/979 2825/1602/979
f 2826/1603/979 2825/1604/979 2823/1605/979 2824/1606/979
f 2833/1605/980 2832/1604/980 2830/1603/980 2831/1606/980
f 2817/1607/981 2815/1608/981 2827/1609/981 2825/1610/981
f 2835/1603/980 2834/1604/980 2828/1605/980 2829/1606/980
f 2819/1610/982 2818/1609/982 2814/1608/982 2816/1607/982
f 2822/1605/979 2819/1604/979 2820/1603/979 2821/1606/979
f 2817/1611/980 2816/1607/980 2814/1608/980 2815/1612/980
f 2829/1606/982 2828/1605/982 2822/1613/982 2821/1614/982
f 2831/1606/981 2824/1614/981 2823/1613/981 2833/1605/981
f 2837/1615/980 2843/1616/980 2838/1617/980 2836/1618/980
f 2837/1616/981 2836/1617/981 2839/1617/981 2842/1616/981
f 2839/1619/979 2840/1620/979 2841/1621/979 2842/1622/979
f 2836/1623/983 2838/1617/983 2840/1620/983 2839/1619/983
f 2838/1617/982 2843/1616/982 2841/1624/982 2840/1620/982
f 2845/1614/982 2847/1606/982 2846/1605/982 2844/1613/982
f 2849/1614/982 2851/1606/982 2850/1605/982 2848/1613/982
f 2853/1614/982 2855/1606/982 2854/1605/982 2852/1613/982
f 2857/1605/982 2859/1613/982 2858/1614/982 2856/1606/982
f 2861/1605/982 2863/1613/982 2862/1614/982 2860/1606/982
f 2865/1605/982 2867/1613/982 2866/1614/982 2864/1606/982
g DiningTable_meshId86_name.001
v 300.000000 1300.000000 47.999897
v 300.000000 1300.000000 79.999901
v 410.000000 1300.000000 47.999897
v 410.000000 1300.000000 79.999901
v 190.000000 1300.000000 79.999901
v 300.000000 1200.000000 79.999908
v 190.000000 1200.000000 79.999908
v 190.000000 1100.000000 79.999924
v 300.000000 1100.000000 79.999931
v 409.999939 1100.000000 79.999931
v 410.000000 1200.000000 79.999916
v 190.000000 1300.000000 47.999897
v 190.000000 1100.000000 47.999939
v 300.000000 1100.000000 47.999943
v 410.000000 1100.000000 47.999950
v 83.999878 1300.000000 79.999901
v 79.999878 1296.000000 79.999893
v 80.000000 1200.000000 79.999893
v 80.000000 1104.000000 79.999924
v 84.000000 1100.000000 79.999931
v 83.999878 1300.000000 47.999897
v 92.732903 1299.637207 47.687721
v 95.637329 1305.679932 47.562721
v 79.999878 1296.000000 47.999901
v 80.000000 1200.000000 47.999908
v 79.999878 1104.000000 47.999931
v 83.999878 1100.000000 47.999931
v 73.518921 1093.519043 28.602814
v 90.808594 1088.402832 42.505657
v 80.362671 1112.732910 47.687748
v 74.320183 1115.637207 47.562752
v 68.402832 1110.808594 42.505653
v 95.637207 1094.320190 47.562752
v 92.732903 1100.362793 47.687752
v 73.519043 1306.480957 28.602791
v 90.808594 1311.597168 42.505634
v 74.320183 1284.362793 47.562725
v 68.402832 1289.191406 42.505638
v 516.000000 1100.000000 79.999931
v 520.000000 1104.000000 79.999924
v 520.000000 1200.000000 79.999908
v 526.480957 1093.518921 28.602823
v 531.597168 1110.808594 42.505665
v 504.362671 1094.320190 47.562763
v 509.191406 1088.402832 42.505672
v 520.000000 1296.000000 79.999901
v 516.000000 1300.000000 79.999901
v 80.362671 1287.267090 47.687725
v 507.267090 1299.637207 47.687721
v 504.362671 1305.679810 47.562721
v 509.191406 1311.597168 42.505634
v 526.480957 1306.480957 28.602791
v 525.679688 1284.362793 47.562725
v 531.597168 1289.191406 42.505638
v 520.000000 1104.000000 47.999950
v 520.000000 1200.000000 47.999920
v 520.000000 1296.000000 47.999901
v 516.000000 1300.000000 47.999897
v 516.000000 1100.000000 47.999954
v 507.267090 1100.362671 47.687763
v 519.637207 1287.267090 47.687725
v 525.679688 1115.637207 47.562759
v 519.637207 1112.732910 47.687759
vn -1.0000 -0.0000 -0.0000
vn -0.7071 -0.0000 0.7071
vn -0.7083 0.2159 0.6720
vn 1.0000 -0.0000 -0.0000
vn 0.7083 0.2159 0.6720
vn 0.7071 -0.0000 0.7071
vn -0.0000 1.0000 -0.0000
vn -0.2159 0.7084 0.6720
vn -0.0000 0.7071 0.7071
vn -0.0000 -1.0000 -0.0000
vn 0.2159 -0.7084 0.6720
vn -0.0000 -0.7071 0.7071
vn -0.0000 -0.0000 1.0000
vn 0.7083 -0.2159 0.6720
vn -0.2159 -0.7084 0.6720
vn -0.7083 -0.2159 0.6720
vn 0.8765 -0.4163 0.2416
vn 0.8491 0.3764 0.3706
vn -0.1225 0.9542 0.2729
vn -0.6913 0.6913 0.2103
vn 0.4163 0.8765 0.2416
vn -0.3763 0.8492 0.3705
vn -0.9542 -0.1225 0.2729
vn -0.6913 -0.6913 0.2103
vn 0.8492 -0.3763 0.3705
vn 0.8765 0.4163 0.2416
vn 0.2159 0.7084 0.6720
vn 0.6913 0.6913 0.2103
vn 0.1225 0.9542 0.2729
vn -0.1225 -0.9542 0.2729
vn -0.3763 -0.8492 0.3705
vn -0.9542 0.1225 0.2729
vn -0.8492 -0.3764 0.3705
vn 0.1225 -0.9542 0.2729
vn 0.4163 -0.8765 0.2416
vn -0.8765 -0.4163 0.2416
vn -0.8492 0.3764 0.3705
vn 0.6913 -0.6913 0.2103
vn 0.9542 -0.1225 0.2729
vn 0.3763 -0.8492 0.3705
vn 0.9542 0.1225 0.2729
vn -0.8765 0.4163 0.2416
vn -0.4163 -0.8765 0.2416
vn 0.3763 0.8492 0.3705
vn -0.4163 0.8765 0.2416
vt 0.995916 0.766072
vt 0.770131 0.766072
vt 0.770064 0.271116
vt 0.995916 0.266392
vt 0.001538 0.004151
vt 0.732577 0.004151
vt 0.731251 0.230002
vt 0.001538 0.229936
vt 0.721811 0.229936
vt 0.721564 0.004151
vt 0.721915 0.766072
vt 0.001538 0.766072
vt 0.718657 0.229869
vt 0.770197 0.281409
vt 0.724450 0.004000
vt 0.762512 0.004000
vt 0.833503 0.004000
vt 0.996000 0.004000
vt 0.996000 0.272633
vt 0.996000 0.232658
vt 0.996000 0.157814
s 1
usemtl obj05.001
f 2892/1625/984 2885/1626/985 2884/1627/986 2891/1628/984
f 2923/1625/987 2924/1628/987 2913/1627/988 2908/1626/989
f 2879/1629/990 2888/1630/990 2883/1631/991 2872/1632/992
f 2882/1629/993 2926/1630/993 2906/1631/994 2877/1632/995
f 2869/1632/992 2871/1633/992 2870/1634/990 2868/1629/990
f 2872/1633/992 2874/1635/996 2873/1636/996 2869/1632/992
f 2923/1625/987 2908/1626/989 2907/1627/997 2922/1628/987
f 2880/1629/993 2875/1632/995 2887/1631/998 2894/1630/993
f 2883/1637/991 2884/1638/986 2872/1632/992
f 2886/1638/999 2875/1632/995 2874/1636/996 2885/1626/985
f 2907/1638/997 2908/1626/989 2878/1636/996 2877/1632/995
f 2886/1638/999 2887/1637/998 2875/1632/995
f 2869/1632/992 2868/1629/990 2879/1634/990 2872/1633/992
f 2883/1631/991 2889/1639/1000 2890/1640/1001
f 2875/1633/995 2876/1632/995 2873/1636/996 2874/1635/996
f 2913/1638/988 2871/1632/992 2878/1636/996 2908/1626/989
f 2892/1625/984 2893/1628/984 2886/1627/999 2885/1626/985
f 2883/1631/991 2903/1641/1002 2902/1642/1003 2884/1627/986
f 2886/1627/999 2897/1643/1004 2898/1644/1005
f 2898/1644/1005 2899/1645/1006 2886/1627/999
f 2899/1645/1006 2895/1642/1007 2886/1627/999
f 2887/1631/998 2900/1640/1008 2901/1639/1009
f 2914/1631/1010 2913/1627/988 2919/1642/1011 2918/1641/1012
f 2883/1631/991 2890/1640/1001 2903/1641/1002
f 2887/1631/998 2896/1641/1013 2900/1640/1008
f 2904/1644/1014 2884/1627/986 2905/1645/1015
f 2905/1645/1015 2884/1627/986 2902/1642/1003
f 2906/1637/994 2907/1638/997 2877/1632/995
f 2887/1631/998 2886/1627/999 2895/1642/1007 2896/1641/1013
f 2906/1631/994 2911/1640/1016 2912/1641/1017
f 2884/1638/986 2885/1626/985 2874/1636/996 2872/1632/992
f 2913/1638/988 2914/1637/1010 2871/1632/992
f 2884/1627/986 2904/1644/1014 2915/1643/1018
f 2916/1639/1019 2914/1631/1010 2917/1640/1020
f 2917/1640/1020 2914/1631/1010 2918/1641/1012
f 2907/1627/997 2906/1631/994 2909/1642/1021 2910/1645/1022
f 2913/1627/988 2920/1644/1023 2921/1645/1024
f 2913/1627/988 2921/1645/1024 2919/1642/1011
f 2877/1633/995 2878/1635/996 2873/1636/996 2876/1632/995
f 2880/1634/993 2881/1629/993 2876/1632/995 2875/1633/995
f 2871/1633/992 2869/1632/992 2873/1636/996 2878/1635/996
f 2882/1634/993 2877/1633/995 2876/1632/995 2881/1629/993
f 2906/1631/994 2927/1639/1025 2911/1640/1016
f 2906/1631/994 2912/1641/1017 2909/1642/1021
f 2913/1627/988 2928/1643/1026 2920/1644/1023
f 2907/1627/997 2929/1644/1027 2930/1643/1028
f 2907/1627/997 2910/1645/1022 2929/1644/1027
f 2914/1631/1010 2925/1630/990 2870/1629/990 2871/1632/992
g Atomic24.008_meshId87_name.001
v 756.722412 143.277527 57.010010
v 753.282593 143.282394 57.010002
v 756.280945 143.719055 2.010012
v 753.722839 143.722717 2.010004
v 753.719177 146.280701 2.010012
v 753.277710 146.722229 57.010002
v 756.717529 146.717346 57.010010
v 756.277222 146.277039 2.010004
vn -0.7071 0.7071 -0.0114
vn -0.7071 -0.7071 -0.0113
vn 0.7071 0.7071 -0.0113
vn 0.7071 -0.7071 -0.0114
vt 0.460412 0.517672
vt 0.408370 0.517672
vt 0.408370 0.786825
vt 0.460412 0.786825
vt 0.513201 0.786825
vt 0.513201 0.517672
s 1
usemtl obj071.005
f 2935/1646/1029 2934/1647/1030 2932/1648/1030 2936/1649/1029
f 2937/1650/1031 2931/1649/1032 2933/1646/1032 2938/1651/1031
f 2932/1648/1030 2934/1647/1030 2933/1646/1032 2931/1649/1032
f 2935/1646/1029 2936/1649/1029 2937/1650/1031 2938/1651/1031
g Atomic24.009_meshId88_name.001
v 721.343994 114.997574 157.726089
v 717.239685 117.367218 157.726105
v 721.343994 105.002457 157.726089
v 717.239685 102.632828 157.726074
v 708.101013 97.356575 125.504410
v 730.000000 95.265640 157.726089
v 730.000000 84.713142 125.504410
v 708.101013 122.643440 125.504410
v 730.000000 135.286880 125.504410
v 730.000000 124.734390 157.726105
v 730.000000 100.004776 157.726105
v 730.000000 119.995132 157.726089
v 738.656128 105.002457 157.726089
v 742.760376 102.632828 157.726089
v 751.899048 97.356575 125.504410
v 742.760376 117.367218 157.726120
v 738.656128 114.997574 157.726089
v 751.899048 122.643440 125.504410
v 742.760498 102.632828 157.726089
v 742.760498 117.367218 157.726105
v 711.954163 -326.801025 157.726151
v 716.058594 -329.170654 157.726135
v 724.714661 -319.433838 157.726151
v 702.815552 -321.524780 125.504440
v 724.714600 -308.881348 125.504440
v 711.954163 -341.535400 157.726120
v 716.058594 -339.165771 157.726135
v 724.714600 -344.163452 157.726135
v 724.714661 -348.902588 157.726120
v 733.370789 -339.165771 157.726135
v 737.475037 -341.535400 157.726120
v 733.370789 -329.170654 157.726135
v 724.714600 -324.173096 157.726135
v 737.475037 -326.801025 157.726151
v 746.613708 -346.811646 125.504440
v 746.613708 -321.524780 125.504440
v 724.714600 -359.455048 125.504448
v 702.815552 -346.811646 125.504440
v 262.527954 -850.000000 200.060852
v 248.347168 -850.000000 240.155716
v 246.263962 -878.170044 200.060852
v 239.173584 -834.110840 240.155716
v 246.263962 -821.830017 200.060852
v 213.736053 -821.830017 200.060852
v 220.826416 -834.110962 240.155731
v 220.826416 -834.111084 240.155746
v 211.652817 -850.000000 240.155716
v 217.485840 -850.000000 240.155746
v 223.742920 -860.837524 240.155746
v 220.826416 -865.889160 240.155716
v 197.472031 -850.000000 200.060852
v 213.736053 -878.170044 200.060852
v 239.173584 -865.889099 240.155716
v 236.257080 -860.837524 240.155746
v 242.514160 -850.000000 240.155746
v 236.257080 -839.162476 240.155746
v 223.742920 -839.162476 240.155746
v -197.472046 -850.000000 200.060852
v -211.652817 -850.000000 240.155716
v -213.736053 -878.170044 200.060852
v -220.826416 -834.110840 240.155716
v -213.736053 -821.830017 200.060852
v -246.263962 -821.830017 200.060852
v -239.173584 -834.110962 240.155731
v -239.173584 -834.111084 240.155746
v -248.347168 -850.000000 240.155716
v -262.527985 -850.000000 200.060852
v -236.257080 -860.837524 240.155746
v -239.173584 -865.889160 240.155716
v -242.514160 -850.000000 240.155746
v -236.257080 -839.162476 240.155746
v -223.742920 -839.162476 240.155746
v -217.485840 -850.000000 240.155746
v -223.742920 -860.837524 240.155746
v -220.826416 -865.889099 240.155716
v -246.263962 -878.170044 200.060852
vn -0.0000 -0.0000 1.0000
vn 0.8399 0.4488 -0.3052
vn -0.0000 0.9503 -0.3112
vn -0.8230 0.4752 -0.3112
vn 0.5393 -0.7570 -0.3689
vn 0.8230 0.4752 0.3112
vn 0.8230 -0.4752 0.3112
vn -0.0002 0.9503 0.3112
vn -0.0000 0.9503 0.3112
vn -0.8230 0.4752 0.3112
vn -0.8230 -0.4752 0.3112
vn -0.0000 -0.9503 -0.3112
vn -0.8230 -0.4752 -0.3112
vn 0.8814 0.4343 -0.1857
vn -0.5289 -0.3169 0.7873
vn -0.0000 0.9504 -0.3112
vn -0.0000 -0.9503 0.3112
vn 0.4714 -0.8165 0.3334
vn -0.4714 -0.8165 0.3334
vn -0.9428 -0.0002 0.3335
vn -0.9428 -0.0000 0.3334
vn 0.4714 -0.8165 -0.3334
vn 0.9428 -0.0000 -0.3334
vn -0.5137 0.8223 0.2448
vn -0.4714 0.8165 0.3334
vn -0.9428 -0.0000 0.3335
vn 0.4714 0.8165 0.3334
vn -0.3526 -0.0635 -0.9336
vn -0.4714 -0.8165 -0.3333
vn 0.4714 0.8165 0.3335
vn 0.9428 -0.0000 0.3334
vn 0.7464 0.5749 0.3351
vn -0.3919 -0.1750 -0.9032
vt 0.229246 0.583381
vt 0.243032 0.583381
vt 0.243032 0.653770
vt 0.229246 0.653770
vt 0.040835 0.570604
vt 0.040835 0.663203
vt 0.227463 0.583381
vt 0.227463 0.653770
vt 0.243868 0.583381
vt 0.243868 0.653770
s 0
usemtl obj07glow.001
f 2952/1652/1033 2951/1653/1033 2949/1654/1033 2944/1655/1033
s 1
f 2953/1656/1034 2944/1655/1035 2957/1652/1036
f 2956/1656/1037 2954/1652/1038 2952/1655/1039 2953/1657/1034
s 0
f 2942/1655/1033 2944/1652/1033 2949/1653/1033 2941/1654/1033
s 1
f 2948/1655/1040 2947/1657/1041 2946/1656/1042 2940/1652/1042
s 0
f 2950/1653/1033 2955/1654/1033 2954/1655/1033 2948/1652/1033
f 2950/1654/1033 2948/1655/1033 2940/1652/1033 2939/1653/1033
f 2942/1652/1033 2941/1653/1033 2939/1654/1033 2940/1655/1033
s 1
f 2947/1656/1041 2948/1652/1040 2956/1657/1038
f 2948/1652/1041 2954/1655/1038 2956/1657/1037
f 2946/1657/1042 2943/1656/1043 2942/1652/1043 2940/1655/1042
s 0
f 2952/1655/1033 2954/1652/1033 2955/1653/1033 2951/1654/1033
s 1
f 2948/1652/1044 2956/1657/1037 2958/1655/1045
f 2956/1656/1037 2953/1657/1034 2957/1655/1036 2958/1652/1045
f 2953/1656/1046 2945/1657/1047 2944/1655/1048
f 2953/1656/1034 2952/1652/1039 2944/1655/1049
f 2945/1656/1049 2944/1652/1049 2942/1655/1043 2943/1657/1043
s 0
f 2961/1652/1033 2971/1653/1033 2970/1654/1033 2972/1655/1033
f 2967/1655/1033 2969/1652/1033 2968/1653/1033 2966/1654/1033
s 1
f 2969/1655/1039 2973/1657/1039 2974/1656/1038 2972/1652/1038
s 0
f 2964/1655/1033 2967/1652/1033 2966/1653/1033 2965/1654/1033
s 1
f 2962/1657/1042 2976/1656/1043 2964/1652/1043 2959/1655/1042
f 2962/1656/1042 2959/1652/1042 2961/1655/1041 2963/1657/1041
f 2967/1655/1049 2975/1657/1049 2973/1656/1039 2969/1652/1039
s 0
f 2964/1652/1033 2965/1653/1033 2960/1654/1033 2959/1655/1033
f 2972/1652/1033 2970/1653/1033 2968/1654/1033 2969/1655/1033
f 2960/1653/1033 2971/1654/1033 2961/1655/1033 2959/1652/1033
s 1
f 2963/1656/1041 2961/1652/1041 2972/1655/1038 2974/1657/1038
f 2964/1655/1043 2976/1657/1043 2975/1656/1049 2967/1652/1049
f 2979/1656/1050 2991/1658/1050 2988/1659/1051 2990/1657/1051
s 0
f 2980/1659/1033 2983/1658/1033 2995/1660/1033 2994/1661/1033
s 1
f 2988/1658/1051 2985/1659/1052 2989/1657/1053 2990/1656/1051
s 0
f 2978/1659/1033 2980/1658/1033 2994/1660/1033 2993/1661/1033
s 1
f 2984/1659/1054 2985/1658/1055 2982/1657/1056
s 0
f 2983/1659/1033 2985/1658/1033 2986/1660/1033 2995/1661/1033
f 2987/1660/1033 2986/1661/1033 2985/1659/1033 2988/1658/1033
s 1
f 2983/1659/1057 2982/1657/1056 2985/1658/1058
f 2982/1657/1057 2989/1656/1053 2985/1658/1052
s 0
f 2992/1660/1033 2987/1661/1033 2988/1659/1033 2991/1658/1033
f 2978/1658/1033 2993/1660/1033 2992/1661/1033 2991/1659/1033
s 1
f 2982/1656/1056 2980/1659/1059 2981/1657/1060
f 2982/1656/1056 2980/1659/1061 2984/1658/1054
f 2981/1656/1062 2980/1658/1059 2978/1659/1063 2977/1657/1063
f 2982/1656/1056 2983/1658/1057 2980/1659/1062
f 2991/1659/1050 2979/1657/1050 2977/1656/1063 2978/1658/1063
f 3013/1659/1050 2998/1657/1050 2996/1656/1063 2997/1658/1063
s 0
f 3002/1659/1033 3004/1658/1033 3008/1660/1033 3009/1661/1033
s 1
f 3003/1659/1054 3004/1658/1055 3001/1657/1064
f 3002/1659/1057 3001/1657/1064 3004/1658/1058
f 3000/1657/1065 3001/1656/1064 3002/1658/1057 2999/1659/1059
s 0
f 2999/1659/1033 3002/1658/1033 3009/1660/1033 3010/1661/1033
s 1
f 3001/1657/1057 3005/1656/1053 3004/1658/1052
s 0
f 3006/1660/1033 3008/1661/1033 3004/1659/1033 3007/1658/1033
f 3012/1661/1033 3013/1659/1033 2997/1658/1033 3011/1660/1033
f 3012/1660/1033 3006/1661/1033 3007/1659/1033 3013/1658/1033
s 1
f 3001/1656/1064 3000/1657/1065 2999/1659/1061 3003/1658/1054
f 3014/1656/1051 3007/1658/1051 3004/1659/1052 3005/1657/1053
s 0
f 2997/1659/1033 2999/1658/1033 3010/1660/1033 3011/1661/1033
s 1
f 2998/1656/1050 3013/1658/1050 3007/1659/1051 3014/1657/1051
f 3000/1656/1062 2999/1658/1059 2997/1659/1063 2996/1657/1063
g SmallObjs_meshId89_name.001
v -552.627380 -779.361816 84.241562
v -553.276611 -778.975281 82.010056
v -550.303650 -777.675903 82.010056
v -547.979919 -779.361816 84.241562
v -547.330688 -778.975281 82.010056
v -548.504028 -789.058105 83.624237
v -547.947388 -790.163940 82.010056
v -552.103271 -789.058105 83.624237
v -552.659912 -790.163940 82.010056
vn 0.6465 0.5643 0.5135
vn 0.4466 0.4054 0.7976
vn 0.4815 -0.4087 0.7754
vn 0.5307 -0.6221 0.5756
vn -0.6465 0.5643 0.5134
vn -0.5307 -0.6221 0.5756
vn -0.4815 -0.4087 0.7754
vn -0.4466 0.4054 0.7976
vn 0.0001 0.8944 0.4473
vt 0.835967 0.912747
vt 0.831839 0.908734
vt 0.829688 0.868946
vt 0.833133 0.861326
vt 0.808640 0.912747
vt 0.811475 0.861326
vt 0.814919 0.868946
vt 0.812768 0.908734
vt 0.822304 0.918719
s 1
usemtl obj091.007
f 3019/1662/1066 3018/1663/1067 3020/1664/1068 3021/1665/1069
f 3016/1666/1070 3023/1667/1071 3022/1668/1072 3015/1669/1073
f 3023/1667/1071 3021/1665/1069 3020/1664/1068 3022/1668/1072
f 3015/1669/1073 3018/1663/1067 3019/1662/1066 3016/1666/1070
f 3019/1662/1066 3017/1670/1074 3016/1666/1070
f 3020/1664/1068 3018/1663/1067 3015/1669/1073 3022/1668/1072
g Atomic24.012_meshId91_name.001
v -158.818726 435.281708 147.322342
v -173.818710 450.281708 147.322342
v -162.686157 454.149139 181.124344
v -164.288086 450.281708 181.124344
v -162.686157 446.414246 181.124329
v -158.818726 444.812317 181.124344
v -158.818726 465.281708 147.322342
v -154.951263 454.149139 181.124329
v -158.818726 455.751068 181.124344
v -148.212112 439.675110 147.322342
v -154.951279 446.414276 181.124344
v -153.349319 450.281708 181.124344
v -148.212112 460.888275 147.322342
v -154.743683 454.356781 139.999969
v -154.743683 446.206665 139.999969
v -158.818710 444.518738 139.999969
v -164.581696 450.281708 139.999969
v -158.818710 456.044678 139.999969
v -335.803680 -855.966797 141.124435
v -341.273071 -850.497498 141.124451
v -337.405640 -852.099365 141.124435
v -341.273071 -861.436157 141.124451
v -346.742462 -855.966797 141.124435
v -341.273071 -840.966797 107.322403
v -356.273071 -855.966797 107.322403
v -341.273071 -850.203857 100.000061
v -337.197998 -851.891785 100.000061
v -326.273071 -855.966797 107.322403
v -330.666504 -866.573364 107.322411
v -337.197998 -860.041870 100.000069
v -345.348114 -860.041870 100.000069
v -341.273071 -870.966797 107.322411
v -347.036072 -855.966797 100.000061
v -219.533264 440.790771 139.391953
v -168.159973 389.417480 139.391953
v -107.527565 552.796448 139.391937
v -107.527557 552.796509 134.111923
v -219.533264 440.790771 134.111938
v -168.159973 389.417480 134.111938
v -56.154293 501.423187 134.111938
v -56.154293 501.423187 139.391953
v -166.218491 400.916748 -0.000030
v -166.218491 404.500916 30.623968
v -163.231659 397.929901 -0.000030
v -170.997406 399.721985 30.623968
v -169.205322 397.929901 -0.000030
v -166.218491 394.943115 -0.000030
v -166.218506 394.943085 30.623968
v -161.439606 399.721985 134.111938
v -166.218506 394.943054 134.111938
v -214.007614 442.732178 30.623964
v -161.439606 399.721985 30.623962
v -66.458809 494.702850 30.623957
v -161.439651 399.721954 37.382362
v -164.426468 402.708801 134.111938
v -164.426483 402.708801 30.623968
v -149.142365 417.992920 134.111938
v -164.426483 402.708832 37.382362
v -149.142380 417.992920 68.071220
v -69.445648 497.689667 37.382355
v -84.817139 482.318176 68.071220
v -84.817139 482.318176 134.111938
v -69.445648 497.689697 134.111938
v -69.445648 497.689697 30.623960
v -66.458817 494.702820 134.111938
v -61.679916 499.481781 134.111938
v -61.679901 499.481750 30.623960
v -109.469017 547.270874 134.111923
v -109.469017 547.270935 30.623957
v -214.007614 442.732147 134.111938
v -109.469040 547.270874 -0.000041
v -106.482224 544.284058 -0.000041
v -104.690155 542.491943 30.623959
v -114.247948 542.491943 30.623951
v -112.455872 544.284058 -0.000041
v -109.469048 537.713013 30.623959
v -109.469048 541.297241 -0.000041
v -61.679901 499.481689 -0.000038
v -64.666718 502.468475 -0.000038
v -66.458817 504.260620 30.623960
v -71.237717 499.481689 30.623960
v -67.653534 499.481689 -0.000038
v -64.666718 496.494873 -0.000037
v -66.458832 494.702820 37.382355
v -211.020844 439.745453 -0.000033
v -214.007660 442.732269 -0.000033
v -209.228729 437.953308 30.623966
v -209.228745 447.511169 30.623957
v -211.020844 445.719086 -0.000034
v -204.449829 442.732269 30.623964
v -208.034027 442.732269 -0.000033
vn -0.2462 0.9400 -0.2364
vn -0.1933 0.9462 0.2594
vn 0.8058 0.5324 0.2594
vn 0.7150 0.6013 -0.3568
vn -0.0527 -0.9511 -0.3043
vn 0.8387 -0.4906 -0.2365
vn 0.8058 -0.5324 0.2594
vn -0.1933 -0.9462 0.2594
vn 0.6017 -0.2491 -0.7589
vn -0.9481 0.0257 -0.3168
vn -0.4783 0.0455 -0.8770
vn -0.0033 -0.4897 -0.8719
vn -0.6951 -0.6951 0.1835
vn 0.9830 -0.0000 0.1836
vn -0.9669 0.0001 0.2553
vn -0.6951 0.6951 0.1836
vn -0.2492 0.6016 -0.7589
vn 0.2576 0.1830 -0.9488
vn -0.0000 -0.0000 1.0000
vn 0.0266 0.9498 -0.3118
vn -0.0033 0.4897 -0.8719
vn -0.4897 0.0033 -0.8719
vn -0.9514 -0.0259 -0.3067
vn -0.9625 -0.0000 0.2714
vn -0.0238 0.9644 0.2635
vn -0.1377 -0.9592 -0.2471
vn -0.0104 -0.9442 0.3291
vn 0.9579 0.1381 -0.2516
vn 0.6951 0.6951 0.1835
vn 0.6016 0.2492 -0.7589
vn 0.6486 -0.6485 -0.3986
vn -0.2491 -0.6017 -0.7589
vn 0.9463 -0.0131 0.3230
vn 0.2206 -0.2207 -0.9501
vn -0.7071 0.7071 -0.0000
vn 0.7071 0.7071 -0.0000
vn -0.7071 -0.7071 -0.0000
vn 0.7071 -0.7071 -0.0000
vn -0.7047 0.7047 -0.0825
vn -0.7047 -0.7047 -0.0825
vn 0.7047 0.7047 -0.0825
vn 0.7047 -0.7047 -0.0825
vt 0.081766 0.088468
vt 0.404729 0.088468
vt 0.404729 0.008850
vt 0.081766 0.008850
vt 0.081766 0.247704
vt 0.081766 0.168086
vt 0.404729 0.168086
vt 0.404729 0.247704
vt 0.002808 0.168086
vt 0.002808 0.247704
vt 0.002808 0.247704
vt 0.404729 0.327322
vt 0.002808 0.088468
vt 0.002808 0.008850
vt 0.012718 0.259612
vt 0.011835 0.257480
vt 0.012718 0.255347
vt 0.014850 0.254464
vt 0.016983 0.255347
vt 0.017866 0.257480
vt 0.016983 0.259612
vt 0.014850 0.260495
vt 0.081766 0.088468
vt 0.002808 0.327322
vt 0.729231 0.004193
vt 0.746792 0.004193
vt 0.746792 0.332614
vt 0.729231 0.332614
vt 0.746792 0.004193
vt 0.996763 0.004193
vt 0.996763 0.332614
vt 0.729231 0.332614
vt 0.729231 0.004193
vt 0.622243 0.089863
vt 0.622243 0.004437
vt 0.598508 0.004437
vt 0.598508 0.089863
vt 0.707054 0.088021
vt 0.684583 0.088021
vt 0.684583 0.004193
vt 0.706600 0.004193
vt 0.707085 0.088021
vt 0.706959 0.332547
vt 0.706864 0.004255
vt 0.706864 0.332597
vt 0.684488 0.332597
vt 0.684488 0.004255
vt 0.574772 0.089863
vt 0.574772 0.004437
vt 0.706959 0.332547
vt 0.993844 0.997290
vt 0.843783 0.890754
vt 0.843783 0.445333
vt 0.993731 0.339498
vt 0.723890 0.004193
vt 0.706959 0.004193
vt 0.723890 0.332547
vt 0.723890 0.004193
vt 0.448925 0.332547
vt 0.684583 0.332547
vt 0.448925 0.004193
vt 0.996895 0.332818
vt 0.746980 0.332818
vt 0.746980 0.004526
vt 0.996895 0.004526
vt 0.723795 0.004255
vt 0.723795 0.332597
vt 0.684583 0.332547
vt 0.520862 0.445333
vt 0.520862 0.339498
vt 0.520862 0.997194
vt 0.520862 0.890754
vt 0.448925 0.332547
vt 0.448925 0.004193
s 1
usemtl obj15.001
f 3030/1671/1075 3032/1672/1076 3031/1673/1077 3036/1674/1078
f 3024/1675/1079 3033/1676/1080 3034/1677/1081 3029/1678/1082
f 3024/1675/1079 3038/1679/1083 3036/1674/1078
f 3024/1675/1079 3025/1675/1084 3040/1680/1085 3039/1681/1086
f 3024/1675/1079 3029/1678/1082 3028/1682/1087 3025/1675/1084
f 3033/1676/1080 3036/1674/1078 3031/1673/1077 3035/1672/1088
f 3030/1671/1075 3025/1675/1084 3027/1678/1089 3026/1677/1090
f 3041/1683/1091 3040/1680/1085 3025/1675/1084 3030/1671/1075
f 3030/1671/1075 3036/1674/1078 3037/1684/1092 3041/1683/1091
s 0
f 3026/1685/1093 3027/1686/1093 3028/1687/1093
f 3028/1687/1093 3029/1688/1093 3034/1689/1093
f 3034/1689/1093 3035/1690/1093 3031/1691/1093
f 3031/1691/1093 3032/1692/1093 3026/1685/1093
s 1
f 3036/1674/1078 3033/1676/1080 3024/1675/1079
f 3024/1675/1079 3039/1681/1086 3038/1679/1083
f 3038/1679/1083 3037/1684/1092 3036/1674/1078
f 3028/1682/1087 3027/1678/1089 3025/1675/1084
f 3026/1677/1090 3032/1672/1076 3030/1671/1075
f 3035/1672/1088 3034/1677/1081 3033/1676/1080
s 0
f 3026/1685/1093 3028/1687/1093 3034/1689/1093 3031/1691/1093
s 1
f 3047/1671/1094 3049/1683/1095 3056/1680/1096 3048/1675/1097
f 3047/1671/1094 3048/1675/1097 3046/1678/1098 3043/1672/1099
f 3046/1678/1098 3048/1675/1097 3055/1675/1100 3045/1678/1101
s 0
f 3046/1686/1093 3045/1688/1093 3042/1690/1093 3044/1691/1093
s 1
f 3051/1693/1102 3047/1671/1094 3043/1672/1099 3044/1673/1103
f 3050/1684/1104 3047/1671/1094 3052/1676/1105
f 3054/1694/1106 3052/1676/1105 3048/1675/1097
f 3044/1673/1103 3042/1672/1107 3051/1693/1102
f 3055/1675/1100 3052/1676/1105 3051/1693/1102
s 0
f 3044/1691/1093 3043/1692/1093 3046/1686/1093
s 1
f 3050/1684/1104 3049/1683/1095 3047/1671/1094
f 3047/1671/1094 3051/1693/1102 3052/1676/1105
f 3052/1676/1105 3053/1679/1108 3050/1684/1104
f 3054/1694/1106 3053/1679/1108 3052/1676/1105
f 3052/1676/1105 3055/1675/1100 3048/1675/1097
f 3048/1675/1097 3056/1680/1096 3054/1694/1106
f 3042/1672/1107 3045/1678/1101 3055/1675/1100 3051/1693/1102
s 0
f 3061/1695/1109 3057/1696/1109 3059/1697/1109 3060/1698/1109
f 3064/1699/1093 3059/1700/1093 3057/1701/1093 3058/1697/1093
f 3059/1696/1110 3064/1697/1110 3063/1698/1110 3060/1695/1110
f 3058/1696/1111 3057/1697/1111 3061/1702/1111 3062/1703/1111
f 3063/1695/1112 3064/1699/1112 3058/1697/1112 3062/1698/1112
f 3103/1704/1113 3102/1705/1113 3105/1706/1113 3104/1707/1113
f 3095/1708/1110 3094/1709/1110 3092/1710/1110 3096/1711/1110
f 3067/1712/1112 3072/1713/1112 3071/1710/1112
f 3107/1714/1112 3077/1715/1112 3075/1716/1112 3076/1717/1112
f 3100/1706/1114 3099/1707/1114 3097/1718/1114 3098/1719/1114
f 3071/1710/1111 3068/1711/1111 3069/1708/1111 3070/1709/1111
f 3075/1718/1115 3067/1719/1115 3065/1706/1115 3066/1707/1115
f 3090/1710/1112 3088/1720/1112 3106/1712/1112
f 3096/1704/1116 3099/1707/1116 3100/1706/1116 3095/1705/1116
f 3076/1718/1114 3104/1707/1114 3105/1706/1114 3106/1719/1114
f 3083/1721/1112 3084/1722/1112 3082/1723/1112 3081/1724/1112
f 3087/1725/1111 3076/1726/1111 3088/1720/1111 3086/1727/1111
f 3078/1727/1110 3072/1713/1110 3075/1726/1110 3079/1728/1110
f 3112/1712/1109 3109/1709/1109 3074/1710/1109 3111/1726/1109
f 3091/1729/1110 3089/1730/1110 3090/1710/1110 3092/1731/1110
f 3074/1732/1109 3093/1733/1109 3091/1734/1109 3092/1735/1109
f 3074/1710/1111 3109/1709/1111 3108/1708/1111 3110/1711/1111
f 3065/1706/1113 3069/1705/1113 3068/1704/1113 3066/1707/1113
f 3107/1714/1093 3083/1736/1093 3081/1737/1093 3077/1715/1093
f 3098/1712/1109 3097/1726/1109 3092/1710/1109 3094/1709/1109
f 3110/1704/1116 3108/1705/1116 3114/1706/1116 3113/1707/1116
f 3114/1706/1115 3112/1719/1115 3111/1718/1115 3113/1707/1115
f 3090/1710/1110 3101/1709/1110 3102/1708/1110 3103/1711/1110
f 3071/1710/1112 3070/1709/1112 3067/1712/1112
f 3067/1712/1112 3075/1726/1112 3072/1713/1112
f 3072/1713/1112 3073/1738/1112 3071/1710/1112
f 3080/1739/1112 3078/1740/1112 3081/1724/1112
f 3083/1721/1112 3086/1741/1112 3085/1742/1112
f 3083/1721/1112 3085/1742/1112 3084/1722/1112
f 3082/1723/1112 3080/1739/1112 3081/1724/1112
f 3106/1712/1112 3101/1709/1112 3090/1710/1112
f 3090/1710/1112 3089/1730/1112 3088/1720/1112
f 3088/1720/1112 3076/1726/1112 3106/1712/1112
f 3093/1743/1111 3074/1744/1111 3071/1710/1111 3073/1738/1111
g Atomic24.013_meshId92_name.001
v -373.152161 39.528763 14.210000
v -373.152161 339.528748 14.209978
v -423.152161 89.528763 14.209996
v -623.152161 89.528763 14.209996
v -673.152161 339.528748 14.209978
v -673.152161 39.528763 14.210000
v -673.152283 2139.528809 14.209842
v -673.152161 1839.528809 14.209865
v -623.152222 2089.528809 14.209846
v -423.152222 2089.528809 14.209846
v -373.152161 1839.528809 14.209865
v -373.152222 2139.528809 14.209842
v -373.152161 639.528748 14.209955
v -673.152161 639.528748 14.209955
v -373.152161 939.528748 14.209932
v -673.152161 939.528748 14.209932
v -373.152161 1239.528809 14.209909
v -673.152161 1239.528809 14.209909
v -373.152161 1539.528809 14.209888
v -673.152161 1539.528809 14.209888
vn -0.0000 -0.0000 1.0000
vt 0.800000 0.100000
vt 0.800000 1.000000
vt 0.700000 0.250000
vt 0.300000 0.250000
vt 0.200000 1.000000
vt 0.200000 0.100000
vt 0.700000 0.357469
vt 0.800000 0.257469
vt 0.700000 0.803146
vt 0.800000 0.903146
s 0
usemtl step011.003
f 3115/1745/1117 3116/1746/1117 3117/1747/1117
f 3118/1748/1117 3119/1749/1117 3120/1750/1117
f 3121/1745/1117 3122/1746/1117 3123/1747/1117
f 3116/1746/1117 3119/1749/1117 3118/1748/1117 3117/1747/1117
f 3124/1748/1117 3125/1749/1117 3126/1750/1117
f 3131/1746/1117 3132/1749/1117 3130/1750/1117 3129/1745/1117
f 3127/1746/1117 3128/1749/1117 3119/1750/1117 3116/1745/1117
f 3125/1746/1117 3122/1749/1117 3134/1750/1117 3133/1745/1117
f 3129/1746/1117 3130/1749/1117 3128/1750/1117 3127/1745/1117
f 3122/1746/1117 3125/1749/1117 3124/1748/1117 3123/1747/1117
f 3124/1751/1117 3126/1752/1117 3123/1753/1117
f 3126/1752/1117 3121/1754/1117 3123/1753/1117
f 3115/1754/1117 3117/1753/1117 3120/1752/1117
f 3117/1753/1117 3118/1751/1117 3120/1752/1117
f 3133/1746/1117 3134/1749/1117 3132/1750/1117 3131/1745/1117
g Atomic24.015_meshId94_name.001
v -290.000000 1850.000000 88.610794
v -290.000000 1850.000000 -0.000140
v -345.000000 1850.000000 88.610794
v -345.000000 1850.000000 -0.000140
vn -0.0000 1.0000 -0.0000
vt 0.314456 0.000000
vt 0.913071 0.000000
vt 0.913070 0.886109
vt 0.314456 0.886109
s 0
usemtl wall021.003
f 3136/1755/1118 3138/1756/1118 3137/1757/1118 3135/1758/1118
g Atomic24.019_meshId98_name.001
v -338.128448 -819.995361 140.959244
v -344.417694 -891.938293 140.959244
v -338.128448 -819.995361 180.259247
v -344.417694 -891.938293 180.259247
v -311.693176 -876.675781 140.959244
v -370.852997 -835.257812 140.959244
v -311.693176 -876.675781 180.259247
v -370.852997 -835.257812 180.259247
v -126.094208 465.544128 180.959152
v -191.543213 435.019287 180.959152
v -126.094208 465.544159 220.259155
v -191.543213 435.019318 220.259155
v -129.238831 429.572693 180.959152
v -129.238831 429.572723 220.259155
v -188.398621 470.990723 180.959152
v -188.398621 470.990753 220.259155
v -155.674118 486.253113 180.959152
v -155.674118 486.253143 220.259155
v -161.963333 414.310150 180.959152
v -161.963333 414.310181 220.259155
v -308.548553 -840.704468 140.959244
v -373.997559 -871.229126 140.959244
v -308.548553 -840.704468 180.259247
v -373.997559 -871.229126 180.259247
vn -0.9962 0.0871 -0.0000
vn 0.5735 0.8192 -0.0000
vn -0.4227 0.9063 -0.0000
vn -0.5735 -0.8192 -0.0000
vn 0.9962 -0.0871 -0.0000
vt 0.002000 0.002000
vt 0.002000 0.998000
vt 0.998000 0.998000
vt 0.998000 0.002000
s 0
usemtl bolta03.001
f 3140/1759/1119 3142/1760/1119 3141/1761/1119 3139/1762/1119
f 3144/1759/1120 3146/1760/1120 3145/1761/1120 3143/1762/1120
f 3148/1759/1121 3150/1760/1121 3149/1761/1121 3147/1762/1121
f 3152/1761/1122 3154/1760/1122 3153/1759/1122 3151/1762/1122
f 3156/1761/1123 3158/1760/1123 3157/1759/1123 3155/1762/1123
f 3160/1759/1121 3162/1760/1121 3161/1761/1121 3159/1762/1121
g Atomic24.020_meshId99_name.001
g Atomic24.021_meshId100_name.001
v 540.000000 -205.000000 63.561226
v 540.000000 -99.999992 63.561218
v 500.000000 -205.000000 63.561226
v 500.000000 -99.999992 63.561218
v 540.000000 5.000005 63.561211
v 500.000000 5.000005 63.561211
v 460.000000 -205.000000 63.561226
v 460.000000 -99.999992 63.561218
v 460.000000 5.000005 63.561211
vn -0.0000 -0.0000 1.0000
vt 0.999529 0.999529
vt 0.500000 1.000000
vt 0.500000 0.007787
vt 1.000000 0.008057
vt -0.000000 0.008057
vt 0.000471 0.999529
s 0
usemtl obj13.001
f 3167/1763/1124 3168/1764/1124 3166/1765/1124 3164/1766/1124
f 3166/1765/1124 3170/1767/1124 3169/1768/1124 3165/1764/1124
f 3164/1766/1124 3166/1765/1124 3165/1764/1124 3163/1763/1124
f 3168/1764/1124 3171/1768/1124 3170/1767/1124 3166/1765/1124
g Atomic25_meshId101_name.001
v -597.778687 -532.187134 103.729660
v -595.310852 -534.019897 98.993469
v -598.763489 -535.463684 104.466972
v -596.347900 -537.280090 99.732239
v -595.306580 -531.816406 109.462006
v -596.328735 -535.083435 110.200768
v -558.605774 -550.670410 98.993469
v -556.950684 -549.215881 109.462006
v -555.601318 -551.320068 103.729660
v -560.375671 -553.598206 99.732239
v -557.418152 -554.219299 104.466972
v -558.735474 -552.136841 110.200760
v -610.071167 -566.927429 47.000053
v -610.071228 -566.927490 50.000053
v -591.582642 -542.372009 47.000053
v -609.648926 -578.099792 47.000050
v -609.648926 -578.099792 50.000053
v -582.328430 -590.493164 50.000046
v -582.328430 -590.493164 47.000053
v -573.643982 -583.451965 47.000050
v -567.345886 -553.366577 47.000053
v -573.643982 -583.451965 50.000046
v -567.345886 -553.366516 50.000050
v -591.582581 -542.372009 50.000050
v -613.423218 -575.921875 0.000045
v -607.082764 -573.575073 47.903866
v -611.664185 -573.780457 0.000045
v -610.689209 -576.374512 0.000045
v -604.348755 -574.027710 47.903866
v -605.323730 -571.433716 47.903866
v -594.966919 -537.252319 0.000042
v -592.385925 -544.347046 48.830528
v -594.514282 -534.518188 0.000042
v -592.372803 -536.277222 0.000042
v -589.791870 -543.371948 48.830528
v -591.933289 -541.612915 48.830528
v -582.755798 -583.822998 47.903870
v -580.161621 -582.848022 47.903870
v -580.345215 -590.139526 0.000046
v -578.203735 -591.898560 0.000047
v -580.614258 -585.582031 47.903870
v -577.751099 -589.164490 0.000046
v -569.277771 -552.677856 48.830528
v -566.543701 -553.130493 48.830528
v -562.239502 -549.946655 0.000043
v -568.302734 -555.271851 48.830528
v -561.264526 -552.540710 0.000044
v -559.505493 -550.399292 0.000043
vn -0.1586 0.8336 0.5291
vn -0.5292 0.8252 -0.1974
vn -0.9472 -0.3166 0.0515
vn -0.5914 -0.2527 0.7657
vn 0.1994 -0.6115 0.7657
vn 0.0729 -0.9878 -0.1377
vn 0.9695 0.1454 -0.1974
vn 0.3857 -0.9212 0.0514
vn 0.7716 0.4237 -0.4745
vn 0.7317 0.4297 0.5291
vn -0.1894 0.8596 -0.4746
vn -0.7913 -0.5958 -0.1377
vn 0.6567 -0.4007 0.6389
vn 0.8536 -0.5209 -0.0000
vn 0.9788 -0.2049 -0.0000
vn 0.6455 -0.1351 0.7517
vn 0.1013 -0.7892 0.6057
vn 0.1274 -0.9919 -0.0000
vn -0.5269 0.3967 0.7517
vn -0.7989 0.6015 -0.0000
vn -0.9542 0.2992 -0.0000
vn -0.7341 0.2301 0.6389
vn -0.8302 -0.5575 -0.0000
vn -0.6606 -0.4436 0.6057
vn 0.4131 0.9107 -0.0000
vn -0.9267 -0.3488 0.1397
vn 0.2248 0.9713 -0.0773
vn 0.0930 0.9938 -0.0610
vn -0.9270 -0.3481 0.1397
vn 0.7247 -0.6862 -0.0623
vn 0.8086 -0.5831 -0.0785
vn -0.3486 0.9247 0.1528
vn -0.3470 0.9254 0.1528
vn -0.6909 -0.7198 -0.0681
vn -0.5784 -0.8111 -0.0873
vn 0.9694 -0.2302 -0.0847
vn 0.9942 -0.0857 -0.0650
vn 0.3480 -0.9270 0.1397
vn -0.9714 0.2243 -0.0785
vn -0.9937 0.0933 -0.0623
vn 0.3487 -0.9268 0.1397
vn 0.6865 0.7245 -0.0610
vn 0.5828 0.8089 -0.0773
vn 0.9254 0.3468 0.1528
vn -0.2292 -0.9694 -0.0873
vn -0.0865 -0.9939 -0.0681
vn 0.9248 0.3484 0.1528
vn -0.7194 0.6916 -0.0650
vn -0.8118 0.5778 -0.0847
vt 0.401721 0.918806
vt 0.438050 0.918806
vt 0.438050 0.950824
vt 0.401631 0.950824
vt 0.264858 0.901063
vt 0.482361 0.901063
vt 0.497111 0.873766
vt 0.264858 0.848643
vt 0.473922 0.950824
vt 0.473922 0.918806
vt 0.484372 0.830282
vt 0.262847 0.830282
vt 0.247824 0.803791
vt 0.484372 0.777862
vt 0.482361 0.848643
vt 0.250108 0.874407
vt 0.262847 0.777862
vt 0.499395 0.805240
vt 0.449494 0.996044
vt 0.449494 0.959269
vt 0.350492 0.959269
vt 0.350492 0.996044
vt 0.531199 0.996044
vt 0.581199 0.996044
vt 0.581199 0.959269
vt 0.531199 0.959269
vt 0.231355 0.996044
vt 0.231355 0.959269
vt 0.223274 0.946341
vt 0.187132 0.780068
vt 0.042581 0.780068
vt 0.034431 0.997434
vt 0.003651 0.946341
vt 0.192494 0.997434
vt 0.707437 0.959269
vt 0.707437 0.996044
vt 0.741145 0.778190
vt 0.741145 0.849219
vt 0.998093 0.849256
vt 0.998072 0.778190
vt 0.769117 0.779618
vt 0.996957 0.779618
vt 0.996957 0.845176
vt 0.769117 0.845176
s 1
usemtl obj051.019
f 3176/1769/1125 3172/1770/1126 3174/1771/1127 3177/1772/1128
f 3183/1773/1129 3177/1774/1128 3174/1775/1127 3181/1776/1130
f 3180/1770/1131 3182/1771/1132 3181/1777/1130 3178/1778/1133
f 3177/1772/1128 3183/1772/1129 3179/1769/1134 3176/1769/1125
f 3179/1769/1134 3183/1772/1129 3182/1771/1132 3180/1770/1131
f 3176/1779/1125 3179/1780/1134 3180/1781/1131 3173/1782/1135
f 3174/1775/1127 3175/1783/1136 3181/1776/1130
f 3181/1776/1130 3182/1784/1132 3183/1773/1129
f 3180/1781/1131 3178/1785/1133 3173/1782/1135
f 3173/1782/1135 3172/1786/1126 3176/1779/1125
f 3173/1778/1135 3175/1777/1136 3174/1771/1127 3172/1770/1126
f 3193/1787/1137 3191/1788/1138 3192/1789/1139 3194/1790/1140
f 3193/1791/1137 3189/1792/1141 3190/1793/1142 3191/1794/1138
f 3195/1790/1143 3186/1789/1144 3184/1788/1145 3185/1787/1146
f 3187/1793/1147 3188/1792/1148 3185/1791/1146 3184/1794/1145
s 0
f 3195/1790/1149 3194/1795/1149 3192/1796/1149 3186/1789/1149
s 1
f 3193/1797/1137 3194/1798/1140 3195/1799/1143 3188/1800/1148
f 3195/1799/1143 3185/1801/1146 3188/1800/1148
f 3188/1800/1148 3189/1802/1141 3193/1797/1137
f 3190/1803/1142 3189/1804/1141 3188/1792/1148 3187/1793/1147
f 3197/1805/1150 3201/1806/1151 3198/1807/1152 3196/1808/1153
f 3199/1807/1154 3200/1806/1155 3197/1805/1150 3196/1808/1153
f 3201/1806/1151 3200/1806/1155 3199/1807/1154 3198/1807/1152
f 3207/1809/1156 3204/1810/1157 3202/1811/1158 3203/1812/1159
f 3207/1809/1156 3206/1812/1160 3205/1811/1161 3204/1810/1157
f 3206/1812/1160 3203/1812/1159 3202/1811/1158 3205/1811/1161
f 3212/1805/1162 3208/1806/1163 3210/1807/1164 3211/1808/1165
f 3212/1805/1162 3211/1808/1165 3213/1807/1166 3209/1806/1167
f 3209/1806/1167 3213/1807/1166 3210/1807/1164 3208/1806/1163
f 3215/1809/1168 3217/1812/1169 3218/1811/1170 3219/1810/1171
f 3215/1809/1168 3219/1810/1171 3216/1811/1172 3214/1812/1173
f 3214/1812/1173 3216/1811/1172 3218/1811/1170 3217/1812/1169
g Atomic25.001_meshId102_name.001
v -591.787292 -542.842346 49.464325
v -591.961792 -535.965149 100.000038
v -578.397400 -545.517395 74.732185
v -562.275330 -549.431824 100.000038
v -567.564880 -553.830383 49.464325
vn 0.4100 0.9039 -0.1216
vt 0.002000 0.860537
vt 0.002000 0.980569
vt 0.484187 0.919208
vt 0.966373 0.980569
vt 0.966373 0.860537
s 0
usemtl obj121.019
f 3220/1813/1174 3221/1814/1174 3222/1815/1174
f 3221/1814/1174 3223/1816/1174 3222/1815/1174
f 3223/1816/1174 3224/1817/1174 3222/1815/1174
f 3222/1815/1174 3224/1817/1174 3220/1813/1174
g Atomic26_meshId103_name.001
v -613.670227 -898.274597 103.729691
v -615.792297 -896.050720 98.993500
v -612.145203 -895.211853 104.467003
v -614.218567 -893.013000 99.732269
v -616.169434 -898.221619 109.462036
v -614.609192 -895.174927 110.200798
v -649.150757 -873.429749 98.993500
v -651.028320 -874.583130 109.462036
v -652.002075 -872.281006 103.729691
v -646.911072 -870.843506 99.732269
v -649.720947 -869.731018 104.467003
v -648.774902 -872.006348 110.200790
v -595.676758 -866.115173 47.000076
v -595.676758 -866.115173 50.000076
v -618.053650 -887.188171 47.000080
v -594.202515 -855.032471 47.000072
v -594.202515 -855.032471 50.000076
v -619.032043 -838.195190 50.000065
v -619.032043 -838.195068 47.000072
v -628.782715 -843.665344 47.000069
v -640.080566 -872.251343 47.000076
v -628.782715 -843.665344 50.000065
v -640.080566 -872.251282 50.000072
v -618.053650 -887.188110 50.000076
v -590.851196 -857.817566 0.000067
v -597.497314 -859.057739 47.903889
v -592.947144 -859.630554 0.000067
v -593.469238 -856.908875 0.000067
v -600.115356 -858.148865 47.903889
v -599.593384 -860.870544 47.903889
v -615.584412 -892.806824 0.000069
v -616.927734 -885.377625 48.830555
v -616.493103 -895.424805 0.000070
v -618.306030 -893.328796 0.000069
v -619.649414 -885.899658 48.830555
v -617.836426 -887.995728 48.830555
v -619.739624 -844.841431 47.903889
v -622.461182 -845.363403 47.903889
v -621.046570 -838.208130 0.000065
v -622.859558 -836.112061 0.000065
v -621.552490 -842.745300 47.903889
v -623.768250 -838.730164 0.000065
v -638.293091 -873.256958 48.830551
v -640.911133 -872.348328 48.830551
v -645.692017 -874.757935 0.000068
v -638.815186 -870.535339 48.830551
v -646.214050 -872.036255 0.000068
v -648.309998 -873.849121 0.000068
vn -0.7938 -0.2997 0.5291
vn -0.0931 0.6364 0.7657
vn -0.2242 0.9732 0.0515
vn -0.9801 0.0208 -0.1974
vn 0.6257 0.1490 0.7657
vn 0.9871 0.1518 0.0515
vn 0.0952 0.9859 -0.1377
vn -0.8321 -0.2871 -0.4746
vn 0.0153 -0.8484 0.5291
vn 0.3819 -0.9029 -0.1974
vn 0.0413 -0.8793 -0.4746
vn 0.8807 0.4533 -0.1377
vn 0.4522 -0.4801 0.7517
vn 0.6856 -0.7280 -0.0000
vn 0.8898 -0.4563 -0.0000
vn 0.6845 -0.3510 0.6389
vn -0.5794 0.5061 0.6389
vn -0.6134 0.2424 0.7517
vn 0.7261 0.3254 0.6057
vn 0.0337 0.7949 0.6057
vn 0.0423 0.9991 -0.0000
vn -0.7531 0.6578 -0.0000
vn 0.9125 0.4090 -0.0000
vn -0.5612 -0.8277 -0.0000
vn -0.9300 0.3676 -0.0000
vn 0.9724 0.1869 0.1397
vn -0.3859 -0.9193 -0.0773
vn -0.2598 -0.9637 -0.0610
vn 0.9725 0.1862 0.1397
vn -0.5981 0.7990 -0.0623
vn -0.6983 0.7115 -0.0785
vn 0.1872 -0.9704 0.1528
vn -0.9165 0.3910 -0.0847
vn -0.9653 0.2527 -0.0650
vn 0.1854 -0.9707 0.1528
vn 0.8027 0.5925 -0.0681
vn 0.7073 0.7015 -0.0873
vn -0.1861 0.9725 0.1397
vn 0.9194 -0.3854 -0.0785
vn 0.9636 -0.2601 -0.0623
vn -0.1869 0.9724 0.1397
vn -0.7992 -0.5979 -0.0610
vn -0.7113 -0.6986 -0.0773
vn -0.9708 -0.1852 0.1528
vn 0.3900 0.9167 -0.0873
vn 0.2534 0.9650 -0.0681
vn -0.9704 -0.1869 0.1528
vn 0.5920 -0.8033 -0.0650
vn 0.7023 -0.7068 -0.0847
vt 0.401721 0.918806
vt 0.401631 0.950824
vt 0.438050 0.950824
vt 0.438050 0.918806
vt 0.264858 0.901063
vt 0.482361 0.901063
vt 0.497111 0.873766
vt 0.264858 0.848643
vt 0.473922 0.950824
vt 0.473922 0.918806
vt 0.484372 0.830282
vt 0.262847 0.830282
vt 0.247824 0.803791
vt 0.484372 0.777862
vt 0.482361 0.848643
vt 0.250108 0.874407
vt 0.262847 0.777862
vt 0.499395 0.805240
vt 0.350492 0.996044
vt 0.350492 0.959269
vt 0.449494 0.959269
vt 0.449494 0.996044
vt 0.223274 0.946341
vt 0.187132 0.780068
vt 0.042581 0.780068
vt 0.034431 0.997434
vt 0.531199 0.996044
vt 0.581199 0.996044
vt 0.581199 0.959269
vt 0.531199 0.959269
vt 0.707437 0.959269
vt 0.707437 0.996044
vt 0.231355 0.996044
vt 0.231355 0.959269
vt 0.192494 0.997434
vt 0.003651 0.946341
vt 0.741145 0.778190
vt 0.741145 0.849219
vt 0.998093 0.849256
vt 0.998072 0.778190
vt 0.769117 0.779618
vt 0.769117 0.845176
vt 0.996957 0.845176
vt 0.996957 0.779618
s 1
usemtl obj051.019
f 3232/1818/1175 3236/1819/1176 3235/1820/1177 3233/1821/1178
f 3236/1822/1176 3230/1823/1179 3227/1824/1180 3234/1825/1181
f 3233/1821/1178 3235/1820/1177 3234/1826/1181 3231/1827/1182
f 3229/1818/1183 3225/1821/1184 3227/1820/1180 3230/1819/1179
f 3236/1819/1176 3232/1818/1175 3229/1818/1183 3230/1819/1179
f 3229/1828/1183 3232/1829/1175 3233/1830/1178 3226/1831/1185
f 3227/1824/1180 3228/1832/1186 3234/1825/1181
f 3234/1825/1181 3235/1833/1177 3236/1822/1176
f 3233/1830/1178 3231/1834/1182 3226/1831/1185
f 3226/1831/1185 3225/1835/1184 3229/1828/1183
f 3226/1827/1185 3228/1826/1186 3227/1820/1180 3225/1821/1184
f 3248/1836/1187 3239/1837/1188 3237/1838/1189 3238/1839/1190
f 3246/1840/1191 3247/1841/1192 3248/1842/1187 3241/1843/1193
f 3246/1844/1191 3242/1845/1194 3243/1846/1195 3244/1847/1196
f 3240/1846/1197 3243/1848/1195 3242/1849/1194 3241/1845/1193
s 0
f 3248/1836/1198 3247/1850/1198 3245/1851/1198 3239/1837/1198
s 1
f 3247/1836/1192 3246/1839/1191 3244/1838/1196 3245/1837/1199
f 3241/1843/1193 3242/1852/1194 3246/1840/1191
f 3248/1842/1187 3238/1853/1190 3241/1843/1193
f 3241/1845/1193 3238/1844/1190 3237/1847/1189 3240/1846/1197
f 3250/1854/1200 3254/1855/1201 3251/1856/1202 3249/1857/1203
f 3252/1856/1204 3253/1855/1205 3250/1854/1200 3249/1857/1203
f 3254/1855/1201 3253/1855/1205 3252/1856/1204 3251/1856/1202
f 3260/1858/1206 3259/1859/1207 3258/1860/1208 3257/1861/1209
f 3260/1858/1206 3257/1861/1209 3255/1860/1210 3256/1859/1211
f 3259/1859/1207 3256/1859/1211 3255/1860/1210 3258/1860/1208
f 3265/1854/1212 3261/1855/1213 3263/1856/1214 3264/1857/1215
f 3265/1854/1212 3264/1857/1215 3266/1856/1216 3262/1855/1217
f 3262/1855/1217 3266/1856/1216 3263/1856/1214 3261/1855/1213
f 3268/1858/1218 3270/1859/1219 3271/1860/1220 3272/1861/1221
f 3268/1858/1218 3272/1861/1221 3269/1860/1222 3267/1859/1223
f 3267/1859/1223 3269/1860/1222 3271/1860/1220 3270/1859/1219
g Atomic26.001_meshId104_name.001
v -617.772339 -886.759216 49.464352
v -618.763977 -893.566833 100.000069
v -630.516602 -881.857300 74.732216
v -645.743774 -875.271240 100.000069
v -639.786255 -871.831177 49.464348
vn -0.5571 -0.8215 -0.1216
vt 0.002000 0.860537
vt 0.002000 0.980569
vt 0.484187 0.919208
vt 0.966373 0.980569
vt 0.966373 0.860537
s 0
usemtl obj121.019
f 3273/1862/1224 3274/1863/1224 3275/1864/1224
f 3274/1863/1224 3276/1865/1224 3275/1864/1224
f 3276/1865/1224 3277/1866/1224 3275/1864/1224
f 3275/1864/1224 3277/1866/1224 3273/1862/1224
g Atomic27_meshId105_name.001
v 412.851807 1038.134277 103.729546
v 409.778900 1038.213257 98.993355
v 411.771790 1041.380859 104.466858
v 408.751099 1041.476318 99.732124
v 411.043304 1036.408691 109.461891
v 409.999481 1039.668823 110.200653
v 370.178467 1030.709717 98.993355
v 369.661713 1028.567627 109.461891
v 367.347351 1029.512207 103.729546
v 369.941162 1034.122681 99.732124
v 367.164948 1032.928711 104.466858
v 369.440674 1031.983643 110.200645
v 402.914673 1073.620239 46.999931
v 402.914703 1073.620239 49.999931
v 401.923676 1042.898682 46.999931
v 396.140411 1082.514526 46.999928
v 396.140442 1082.514526 49.999931
v 366.664856 1076.929688 49.999920
v 366.664856 1076.929565 46.999928
v 363.613953 1066.173584 46.999924
v 375.775085 1037.944092 46.999931
v 363.613983 1066.173706 49.999920
v 375.775085 1037.944092 49.999928
v 401.923676 1042.898682 49.999928
v 400.480530 1082.905273 -0.000080
v 396.645325 1077.337402 47.903744
v 400.274170 1080.141602 -0.000080
v 397.984009 1081.702148 -0.000080
v 394.148804 1076.134521 47.903744
v 396.438934 1074.573975 47.903744
v 407.637634 1040.658936 -0.000077
v 401.444214 1044.976318 48.830406
v 408.840698 1038.162354 -0.000076
v 406.077087 1038.368896 -0.000076
v 399.883728 1042.686035 48.830406
v 402.647308 1042.479736 48.830406
v 370.852600 1071.720215 47.903744
v 369.292084 1069.430054 47.903744
v 365.246399 1075.499023 -0.000079
v 362.482758 1075.705444 -0.000079
v 368.088959 1071.926636 47.903744
v 363.685883 1073.208862 -0.000079
v 377.751404 1038.492432 48.830406
v 375.254883 1037.289307 48.830406
v 373.566742 1032.208740 -0.000076
v 375.461273 1040.052979 48.830406
v 371.276550 1033.769287 -0.000076
v 371.070251 1031.005615 -0.000076
vn -0.3511 -0.7725 0.5291
vn -0.5150 0.3854 0.7657
vn -0.8455 0.5315 0.0515
vn -0.7092 -0.6767 -0.1974
vn 0.3383 0.5470 0.7657
vn 0.5925 0.8039 0.0515
vn -0.6281 0.7659 -0.1377
vn -0.3872 -0.7905 -0.4746
vn 0.6094 -0.5905 0.5291
vn 0.9076 -0.3704 -0.1974
vn 0.6496 -0.5940 -0.4746
vn 0.3044 0.9426 -0.1377
vn 0.6592 -0.0213 0.7517
vn 0.9995 -0.0322 -0.0000
vn 0.9525 0.3044 -0.0000
vn 0.7328 0.2342 0.6389
vn -0.7677 -0.0501 0.6389
vn -0.5370 0.5871 0.6057
vn -0.6749 0.7379 -0.0000
vn -0.9979 -0.0652 -0.0000
vn -0.6057 -0.2609 0.7517
vn 0.2850 0.7429 0.6057
vn 0.3582 0.9337 -0.0000
vn -0.9184 -0.3956 -0.0000
vn 0.1862 -0.9825 -0.0000
vn 0.5572 0.8185 0.1397
vn 0.3751 -0.9237 -0.0773
vn 0.4958 -0.8663 -0.0610
vn 0.5579 0.8181 0.1397
vn -0.9876 0.1442 -0.0623
vn -0.9969 0.0116 -0.0785
vn 0.8172 -0.5557 0.1528
vn 0.8162 -0.5571 0.1528
vn 0.1509 0.9862 -0.0681
vn 0.0064 0.9962 -0.0873
vn -0.9253 -0.3695 -0.0847
vn -0.8624 -0.5020 -0.0650
vn -0.8180 0.5579 0.1398
vn 0.9235 0.3755 -0.0785
vn 0.8664 0.4955 -0.0623
vn -0.8185 0.5573 0.1398
vn -0.1446 -0.9876 -0.0610
vn -0.0112 -0.9969 -0.0773
vn -0.5573 -0.8161 0.1528
vn -0.3704 0.9248 -0.0873
vn -0.5012 0.8626 -0.0681
vn -0.5558 -0.8171 0.1528
vn 0.9863 -0.1517 -0.0650
vn 0.9964 -0.0054 -0.0847
vt 0.401721 0.918806
vt 0.401631 0.950824
vt 0.438050 0.950824
vt 0.438050 0.918806
vt 0.264858 0.901063
vt 0.482361 0.901063
vt 0.497111 0.873766
vt 0.264858 0.848643
vt 0.473922 0.950824
vt 0.473922 0.918806
vt 0.484372 0.830282
vt 0.262847 0.830282
vt 0.247824 0.803791
vt 0.484372 0.777862
vt 0.482361 0.848643
vt 0.250108 0.874407
vt 0.262847 0.777862
vt 0.499395 0.805240
vt 0.350492 0.996044
vt 0.350492 0.959269
vt 0.449494 0.959269
vt 0.449494 0.996044
vt 0.531199 0.996044
vt 0.581199 0.996044
vt 0.581199 0.959269
vt 0.531199 0.959269
vt 0.223274 0.946341
vt 0.187132 0.780068
vt 0.042581 0.780068
vt 0.034431 0.997434
vt 0.707437 0.959269
vt 0.707437 0.996044
vt 0.003651 0.946341
vt 0.192494 0.997434
vt 0.231355 0.996044
vt 0.231355 0.959269
vt 0.741145 0.778190
vt 0.741145 0.849219
vt 0.998093 0.849256
vt 0.998072 0.778190
vt 0.769117 0.779618
vt 0.996957 0.779618
vt 0.996957 0.845176
vt 0.769117 0.845176
s 1
usemtl obj051.019
f 3285/1867/1225 3289/1868/1226 3288/1869/1227 3286/1870/1228
f 3289/1871/1226 3283/1872/1229 3280/1873/1230 3287/1874/1231
f 3288/1869/1227 3287/1875/1231 3284/1876/1232 3286/1870/1228
f 3282/1867/1233 3278/1870/1234 3280/1869/1230 3283/1868/1229
f 3289/1868/1226 3285/1867/1225 3282/1867/1233 3283/1868/1229
f 3282/1877/1233 3285/1878/1225 3286/1879/1228 3279/1880/1235
f 3280/1873/1230 3281/1881/1236 3287/1874/1231
f 3287/1874/1231 3288/1882/1227 3289/1871/1226
f 3286/1879/1228 3284/1883/1232 3279/1880/1235
f 3279/1880/1235 3278/1884/1234 3282/1877/1233
f 3281/1875/1236 3280/1869/1230 3278/1870/1234 3279/1876/1235
f 3301/1885/1237 3292/1886/1238 3290/1887/1239 3291/1888/1240
f 3299/1889/1241 3295/1890/1242 3296/1891/1243 3297/1892/1244
f 3299/1893/1241 3300/1894/1245 3301/1895/1237 3294/1896/1246
f 3293/1891/1247 3296/1897/1243 3295/1898/1242 3294/1890/1246
f 3300/1885/1245 3299/1888/1241 3297/1887/1244 3298/1886/1248
f 3294/1890/1246 3291/1889/1240 3290/1892/1239 3293/1891/1247
f 3301/1895/1237 3291/1899/1240 3294/1896/1246
f 3294/1896/1246 3295/1900/1242 3299/1893/1241
s 0
f 3301/1885/1249 3300/1901/1249 3298/1902/1249 3292/1886/1249
s 1
f 3303/1903/1250 3307/1904/1251 3304/1905/1252 3302/1906/1253
f 3305/1905/1254 3306/1904/1255 3303/1903/1250 3302/1906/1253
f 3307/1904/1251 3306/1904/1255 3305/1905/1254 3304/1905/1252
f 3313/1907/1256 3310/1908/1257 3308/1909/1258 3309/1910/1259
f 3313/1907/1256 3312/1910/1260 3311/1909/1261 3310/1908/1257
f 3312/1910/1260 3309/1910/1259 3308/1909/1258 3311/1909/1261
f 3318/1903/1262 3314/1904/1263 3316/1905/1264 3317/1906/1265
f 3318/1903/1262 3317/1906/1265 3319/1905/1266 3315/1904/1267
f 3315/1904/1267 3319/1905/1266 3316/1905/1264 3314/1904/1263
f 3321/1907/1268 3323/1910/1269 3324/1909/1270 3325/1908/1271
f 3321/1907/1268 3325/1908/1271 3322/1909/1272 3320/1910/1273
f 3320/1910/1273 3322/1909/1272 3324/1909/1270 3323/1910/1269
g Atomic27.001_meshId106_name.001
v 401.820465 1043.401123 49.464203
v 405.920532 1037.876953 99.999924
v 389.330109 1037.883911 74.732071
v 373.892273 1031.808228 99.999924
v 375.687286 1038.449463 49.464203
vn 0.1848 -0.9752 -0.1216
vt 0.002000 0.860537
vt 0.002000 0.980569
vt 0.484187 0.919208
vt 0.966373 0.980569
vt 0.966373 0.860537
s 0
usemtl obj121.019
f 3326/1911/1274 3327/1912/1274 3328/1913/1274
f 3327/1912/1274 3329/1914/1274 3328/1913/1274
f 3329/1914/1274 3330/1915/1274 3328/1913/1274
f 3328/1913/1274 3330/1915/1274 3326/1911/1274
g Atomic28_meshId107_name.001
v 483.347839 1074.275146 103.729538
v 480.343323 1074.924805 98.993347
v 482.891052 1077.666016 104.466850
v 479.940948 1078.322266 99.732117
v 481.249725 1072.916382 109.461884
v 480.830994 1076.313721 110.200645
v 440.038269 1074.924805 98.993347
v 439.131775 1072.916504 109.461884
v 437.033691 1074.275146 103.729538
v 440.440491 1078.322266 99.732117
v 437.490540 1077.666016 104.466850
v 439.550537 1076.313721 110.200638
v 480.190704 1110.990723 46.999928
v 480.190735 1110.990723 49.999928
v 473.497681 1080.990723 46.999931
v 475.190704 1120.990723 46.999924
v 475.190735 1120.990723 49.999928
v 445.190735 1120.990723 49.999916
v 445.190735 1120.990723 46.999924
v 440.190735 1110.990723 46.999920
v 446.883881 1080.990723 46.999931
v 440.190735 1110.990723 49.999916
v 446.883850 1080.990723 49.999928
v 473.497650 1080.990723 49.999928
v 479.527649 1120.566650 -0.000083
v 474.722961 1115.810059 47.903740
v 478.810394 1117.889648 -0.000082
v 476.850830 1119.849365 -0.000083
v 472.046143 1115.092773 47.903740
v 474.005737 1113.133301 47.903740
v 478.694763 1077.726318 -0.000079
v 473.413422 1083.121094 48.830406
v 479.412048 1075.049561 -0.000079
v 476.735168 1075.766846 -0.000079
v 471.453796 1081.161621 48.830406
v 474.130707 1080.444336 48.830406
v 448.335388 1115.092773 47.903740
v 446.375824 1113.133301 47.903740
v 443.530701 1119.849365 -0.000083
v 440.853851 1120.566650 -0.000083
v 445.658539 1115.810059 47.903740
v 441.571136 1117.889648 -0.000082
v 448.927673 1081.161621 48.830406
v 446.250854 1080.444336 48.830406
v 443.646362 1075.766846 -0.000079
v 446.968079 1083.121094 48.830406
v 441.686737 1077.726318 -0.000079
v 440.969574 1075.049561 -0.000079
vn 0.4888 -0.6936 0.5291
vn 0.8228 -0.5329 -0.1974
vn 0.7318 0.6796 0.0516
vn 0.4342 0.4745 0.7657
vn -0.4342 0.4745 0.7657
vn -0.4745 0.8694 -0.1377
vn -0.7318 0.6796 0.0515
vn -0.5276 -0.7046 -0.4746
vn -0.8228 -0.5330 -0.1974
vn -0.4888 -0.6936 0.5291
vn 0.5276 -0.7046 -0.4746
vn 0.4745 0.8694 -0.1377
vn -0.0000 -1.0000 -0.0000
vn 0.6437 -0.1436 0.7517
vn 0.9760 -0.2177 -0.0000
vn 0.9926 0.1218 -0.0000
vn 0.7636 0.0937 0.6389
vn 0.4183 0.6769 0.6057
vn 0.5257 0.8507 -0.0000
vn -0.7636 0.0937 0.6389
vn -0.9926 0.1218 -0.0000
vn -0.9760 -0.2178 -0.0000
vn -0.6437 -0.1436 0.7517
vn -0.5257 0.8507 -0.0000
vn -0.4183 0.6768 0.6057
vn -0.9435 0.3256 -0.0623
vn -0.9773 0.1970 -0.0785
vn 0.6999 0.7005 0.1398
vn 0.7004 0.6999 0.1398
vn 0.1966 -0.9774 -0.0773
vn 0.3259 -0.9434 -0.0610
vn 0.6995 -0.6981 0.1528
vn 0.6983 -0.6994 0.1528
vn 0.3319 0.9409 -0.0681
vn 0.1917 0.9776 -0.0873
vn -0.9780 -0.1908 -0.0847
vn -0.9408 -0.3326 -0.0650
vn -0.6999 0.7005 0.1397
vn 0.9773 0.1970 -0.0785
vn 0.9435 0.3256 -0.0623
vn -0.7004 0.6999 0.1397
vn -0.3259 -0.9434 -0.0610
vn -0.1966 -0.9774 -0.0773
vn -0.6995 -0.6981 0.1528
vn -0.1918 0.9776 -0.0873
vn -0.3319 0.9409 -0.0681
vn -0.6982 -0.6994 0.1528
vn 0.9408 -0.3326 -0.0650
vn 0.9780 -0.1908 -0.0847
vt 0.401721 0.918806
vt 0.438050 0.918806
vt 0.438050 0.950824
vt 0.401631 0.950824
vt 0.264858 0.901063
vt 0.482361 0.901063
vt 0.497111 0.873766
vt 0.264858 0.848643
vt 0.473922 0.950824
vt 0.473922 0.918806
vt 0.484372 0.830282
vt 0.262847 0.830282
vt 0.247824 0.803791
vt 0.484372 0.777862
vt 0.482361 0.848643
vt 0.250108 0.874407
vt 0.262847 0.777862
vt 0.499395 0.805240
vt 0.350492 0.996044
vt 0.231355 0.996044
vt 0.231355 0.959269
vt 0.350492 0.959269
vt 0.449494 0.959269
vt 0.449494 0.996044
vt 0.581199 0.996044
vt 0.531199 0.996044
vt 0.531199 0.959269
vt 0.581199 0.959269
vt 0.707437 0.959269
vt 0.707437 0.996044
vt 0.223274 0.946341
vt 0.187132 0.780068
vt 0.042581 0.780068
vt 0.034431 0.997434
vt 0.003651 0.946341
vt 0.192494 0.997434
vt 0.998093 0.849256
vt 0.741145 0.849219
vt 0.741145 0.778190
vt 0.998072 0.778190
vt 0.769117 0.779618
vt 0.996957 0.779618
vt 0.996957 0.845176
vt 0.769117 0.845176
s 1
usemtl obj051.019
f 3335/1916/1275 3331/1917/1276 3333/1918/1277 3336/1919/1278
f 3342/1920/1279 3336/1921/1278 3333/1922/1277 3340/1923/1280
f 3341/1918/1281 3340/1924/1280 3337/1925/1282 3339/1917/1283
f 3342/1919/1279 3338/1916/1284 3335/1916/1275 3336/1919/1278
f 3338/1916/1284 3342/1919/1279 3341/1918/1281 3339/1917/1283
f 3335/1926/1275 3338/1927/1284 3339/1928/1283 3332/1929/1285
f 3333/1922/1277 3334/1930/1286 3340/1923/1280
f 3340/1923/1280 3341/1931/1281 3342/1920/1279
f 3339/1928/1283 3337/1932/1282 3332/1929/1285
f 3332/1929/1285 3331/1933/1276 3335/1926/1275
f 3332/1925/1285 3334/1924/1286 3333/1918/1277 3331/1917/1276
s 0
f 3354/1934/1287 3353/1935/1287 3351/1936/1287 3345/1937/1287
s 1
f 3354/1934/1288 3345/1937/1289 3343/1938/1290 3344/1939/1291
f 3347/1940/1292 3344/1941/1291 3343/1942/1290 3346/1943/1293
f 3352/1939/1294 3350/1938/1295 3351/1937/1296 3353/1934/1297
f 3346/1943/1293 3349/1944/1298 3348/1945/1299 3347/1940/1292
f 3352/1946/1294 3353/1947/1297 3354/1948/1288 3347/1949/1292
f 3354/1948/1288 3344/1950/1291 3347/1949/1292
f 3347/1949/1292 3348/1951/1299 3352/1946/1294
f 3352/1941/1294 3348/1940/1299 3349/1943/1298 3350/1942/1295
f 3358/1952/1300 3359/1953/1301 3356/1954/1302 3355/1955/1303
f 3356/1954/1302 3360/1953/1304 3357/1952/1305 3355/1955/1303
f 3360/1953/1304 3359/1953/1301 3358/1952/1300 3357/1952/1305
f 3366/1956/1306 3363/1957/1307 3361/1958/1308 3362/1959/1309
f 3366/1956/1306 3365/1959/1310 3364/1958/1311 3363/1957/1307
f 3365/1959/1310 3362/1959/1309 3361/1958/1308 3364/1958/1311
f 3371/1954/1312 3367/1953/1313 3369/1952/1314 3370/1955/1315
f 3371/1954/1312 3370/1955/1315 3372/1952/1316 3368/1953/1317
f 3368/1953/1317 3372/1952/1316 3369/1952/1314 3367/1953/1313
f 3374/1956/1318 3376/1959/1319 3377/1958/1320 3378/1957/1321
f 3374/1956/1318 3378/1957/1321 3375/1958/1322 3373/1959/1323
f 3373/1959/1323 3375/1958/1322 3377/1958/1320 3376/1959/1319
g Atomic28.001_meshId108_name.001
v 473.489807 1081.503662 49.464203
v 476.489777 1075.312744 99.999916
v 460.190704 1078.408203 74.732063
v 443.891663 1075.312744 99.999916
v 446.891663 1081.503662 49.464203
vn -0.0000 -0.9926 -0.1216
vt 0.002000 0.860537
vt 0.002000 0.980569
vt 0.484187 0.919208
vt 0.966373 0.980569
vt 0.966373 0.860537
s 0
usemtl obj121.019
f 3379/1960/1324 3380/1961/1324 3381/1962/1324
f 3380/1961/1324 3382/1963/1324 3381/1962/1324
f 3382/1963/1324 3383/1964/1324 3381/1962/1324
f 3381/1962/1324 3383/1964/1324 3379/1960/1324
g Atomic29_meshId109_name.001
v 441.726135 1377.047119 103.729515
v 444.730652 1376.397583 98.993324
v 442.182922 1373.656372 104.466827
v 445.132965 1373.000122 99.732094
v 443.824280 1378.406128 109.461861
v 444.242981 1375.008667 110.200623
v 485.035706 1376.397583 98.993324
v 485.942200 1378.406128 109.461861
v 488.040283 1377.047119 103.729515
v 484.633484 1373.000122 99.732094
v 487.583405 1373.656372 104.466827
v 485.523499 1375.008667 110.200615
v 444.883240 1340.331665 46.999908
v 444.883301 1340.331665 49.999908
v 451.576294 1370.331787 46.999908
v 449.883240 1330.331665 46.999908
v 449.883240 1330.331787 49.999912
v 479.883270 1330.331665 49.999901
v 479.883240 1330.331665 46.999908
v 484.883209 1340.331665 46.999901
v 478.190125 1370.331787 46.999908
v 484.883209 1340.331665 49.999897
v 478.190094 1370.331665 49.999905
v 451.576263 1370.331665 49.999905
v 445.546326 1330.755737 -0.000099
v 450.351013 1335.512451 47.903725
v 446.263550 1333.432617 -0.000099
v 448.223206 1331.473145 -0.000099
v 453.027832 1336.229492 47.903725
v 451.068237 1338.189209 47.903725
v 446.379211 1373.596069 -0.000102
v 451.660583 1368.201172 48.830383
v 445.661957 1376.272827 -0.000102
v 448.338806 1375.555664 -0.000102
v 453.620178 1370.160889 48.830383
v 450.943298 1370.878174 48.830383
v 476.738586 1336.229492 47.903725
v 478.698181 1338.189209 47.903725
v 481.543274 1331.473145 -0.000099
v 484.220154 1330.755737 -0.000099
v 479.415466 1335.512451 47.903725
v 483.502869 1333.432617 -0.000099
v 476.146332 1370.160889 48.830383
v 478.823120 1370.878174 48.830383
v 481.427612 1375.555664 -0.000102
v 478.105896 1368.201172 48.830383
v 483.387207 1373.596069 -0.000102
v 484.104431 1376.272827 -0.000102
vn -0.4888 0.6936 0.5291
vn -0.8228 0.5329 -0.1974
vn -0.7318 -0.6796 0.0516
vn -0.4342 -0.4745 0.7657
vn 0.4342 -0.4745 0.7657
vn 0.4745 -0.8694 -0.1377
vn 0.8228 0.5329 -0.1974
vn 0.7318 -0.6796 0.0514
vn 0.5276 0.7046 -0.4746
vn 0.4888 0.6936 0.5291
vn -0.5276 0.7046 -0.4746
vn -0.4745 -0.8694 -0.1378
vn -0.0000 1.0000 0.0001
vn 0.5257 -0.8507 -0.0000
vn 0.4183 -0.6768 0.6057
vn -0.4183 -0.6768 0.6058
vn -0.5257 -0.8507 0.0001
vn 0.6437 0.1436 0.7517
vn -0.6437 0.1436 0.7517
vn -0.7635 -0.0937 0.6389
vn -0.9760 0.2177 -0.0000
vn -0.9926 -0.1218 -0.0000
vn 0.7636 -0.0937 0.6389
vn 0.9926 -0.1218 -0.0000
vn 0.9760 0.2177 -0.0000
vn 0.9435 -0.3256 -0.0623
vn 0.9773 -0.1970 -0.0785
vn -0.6999 -0.7005 0.1397
vn -0.7004 -0.6999 0.1397
vn -0.1966 0.9774 -0.0773
vn -0.3259 0.9434 -0.0610
vn -0.6995 0.6981 0.1528
vn -0.6983 0.6994 0.1528
vn -0.3318 -0.9409 -0.0681
vn -0.1917 -0.9776 -0.0873
vn 0.9780 0.1908 -0.0847
vn 0.9408 0.3326 -0.0650
vn 0.6999 -0.7005 0.1397
vn -0.9773 -0.1970 -0.0785
vn -0.9435 -0.3256 -0.0623
vn 0.7004 -0.6999 0.1397
vn 0.3259 0.9434 -0.0610
vn 0.1966 0.9774 -0.0773
vn 0.6995 0.6981 0.1528
vn 0.6982 0.6994 0.1528
vn -0.9408 0.3326 -0.0650
vn -0.9780 0.1908 -0.0847
vn 0.1917 -0.9776 -0.0873
vn 0.3318 -0.9409 -0.0681
vt 0.401721 0.918806
vt 0.438050 0.918806
vt 0.438050 0.950824
vt 0.401631 0.950824
vt 0.264858 0.901063
vt 0.482361 0.901063
vt 0.497111 0.873766
vt 0.264858 0.848643
vt 0.473922 0.950824
vt 0.473922 0.918806
vt 0.484372 0.830282
vt 0.262847 0.830282
vt 0.247824 0.803791
vt 0.484372 0.777862
vt 0.482361 0.848643
vt 0.250108 0.874407
vt 0.262847 0.777862
vt 0.499395 0.805240
vt 0.350492 0.959269
vt 0.350492 0.996044
vt 0.231355 0.996044
vt 0.231355 0.959269
vt 0.707437 0.959269
vt 0.707437 0.996044
vt 0.581199 0.996044
vt 0.581199 0.959269
vt 0.187132 0.780068
vt 0.042581 0.780068
vt 0.003651 0.946341
vt 0.192494 0.997434
vt 0.449494 0.959269
vt 0.449494 0.996044
vt 0.531199 0.996044
vt 0.531199 0.959269
vt 0.223274 0.946341
vt 0.034431 0.997434
vt 0.998093 0.849256
vt 0.741145 0.849219
vt 0.741145 0.778190
vt 0.998072 0.778190
vt 0.769117 0.779618
vt 0.996957 0.779618
vt 0.996957 0.845176
vt 0.769117 0.845176
s 1
usemtl obj051.019
f 3388/1965/1325 3384/1966/1326 3386/1967/1327 3389/1968/1328
f 3395/1969/1329 3389/1970/1328 3386/1971/1327 3393/1972/1330
f 3392/1966/1331 3394/1967/1332 3393/1973/1330 3390/1974/1333
f 3395/1968/1329 3391/1965/1334 3388/1965/1325 3389/1968/1328
f 3391/1965/1334 3395/1968/1329 3394/1967/1332 3392/1966/1331
f 3388/1975/1325 3391/1976/1334 3392/1977/1331 3385/1978/1335
f 3386/1971/1327 3387/1979/1336 3393/1972/1330
f 3393/1972/1330 3394/1980/1332 3395/1969/1329
f 3392/1977/1331 3390/1981/1333 3385/1978/1335
f 3385/1978/1335 3384/1982/1326 3388/1975/1325
f 3387/1973/1336 3386/1967/1327 3384/1966/1326 3385/1974/1335
s 0
f 3398/1983/1337 3407/1984/1337 3406/1985/1337 3404/1986/1337
s 1
f 3402/1987/1338 3401/1988/1339 3400/1989/1340 3399/1990/1341
f 3406/1991/1342 3407/1992/1343 3397/1993/1344 3401/1994/1339
f 3407/1984/1343 3398/1983/1345 3396/1995/1346 3397/1996/1344
f 3400/1989/1340 3397/1997/1344 3396/1998/1346 3399/1990/1341
f 3406/1984/1342 3405/1996/1347 3403/1995/1348 3404/1983/1349
f 3401/1994/1339 3405/1999/1347 3406/1991/1342
f 3397/1993/1344 3400/2000/1340 3401/1994/1339
f 3405/1997/1347 3401/1989/1339 3402/1990/1338 3403/1998/1348
f 3411/2001/1350 3412/2002/1351 3409/2003/1352 3408/2004/1353
f 3409/2003/1352 3413/2002/1354 3410/2001/1355 3408/2004/1353
f 3413/2002/1354 3412/2002/1351 3411/2001/1350 3410/2001/1355
f 3419/2005/1356 3416/2006/1357 3414/2007/1358 3415/2008/1359
f 3419/2005/1356 3418/2008/1360 3417/2007/1361 3416/2006/1357
f 3418/2008/1360 3415/2008/1359 3414/2007/1358 3417/2007/1361
f 3424/2003/1362 3420/2002/1363 3422/2001/1364 3423/2004/1365
f 3424/2003/1362 3423/2004/1365 3425/2001/1366 3421/2002/1367
f 3421/2002/1367 3425/2001/1366 3422/2001/1364 3420/2002/1363
f 3427/2005/1368 3431/2006/1369 3428/2007/1370 3426/2008/1371
f 3427/2005/1368 3429/2008/1372 3430/2007/1373 3431/2006/1369
f 3426/2008/1371 3428/2007/1370 3430/2007/1373 3429/2008/1372
g Atomic29.001_meshId110_name.001
v 451.584167 1369.818848 49.464180
v 448.584137 1376.009644 99.999893
v 464.883270 1372.914185 74.732040
v 481.182312 1376.009644 99.999893
v 478.182312 1369.818848 49.464180
vn -0.0000 0.9926 -0.1216
vt 0.002000 0.860537
vt 0.002000 0.980569
vt 0.484187 0.919208
vt 0.966373 0.980569
vt 0.966373 0.860537
s 0
usemtl obj121.019
f 3432/2009/1374 3433/2010/1374 3434/2011/1374
f 3433/2010/1374 3435/2012/1374 3434/2011/1374
f 3435/2012/1374 3436/2013/1374 3434/2011/1374
f 3434/2011/1374 3436/2013/1374 3432/2009/1374
g Atomic30_meshId111_name.001
v 337.494202 1372.663574 103.729515
v 340.564911 1372.522827 98.993324
v 338.508759 1369.395996 104.466827
v 341.526886 1369.239746 99.732094
v 339.337036 1374.352539 109.461861
v 340.315155 1371.072144 110.200623
v 380.308258 1379.228271 98.993324
v 380.867981 1381.359619 109.461861
v 383.162872 1380.368774 103.729515
v 380.476868 1375.811279 99.732094
v 383.276550 1376.949219 104.466827
v 381.020294 1377.939819 110.200615
v 346.715607 1336.984985 46.999912
v 346.715637 1336.984985 49.999912
v 348.324341 1367.680420 46.999908
v 353.309601 1327.956177 46.999908
v 353.309631 1327.956299 49.999912
v 382.891541 1332.947266 49.999901
v 382.891510 1332.947144 46.999908
v 386.158142 1343.639648 46.999901
v 374.567261 1372.107910 46.999908
v 386.158173 1343.639648 49.999897
v 374.567261 1372.107910 49.999905
v 348.324341 1367.680542 49.999905
v 348.962585 1327.652832 -0.000098
v 352.908936 1333.142456 47.903725
v 349.224457 1330.411865 -0.000099
v 351.482758 1328.805542 -0.000098
v 355.429138 1334.295166 47.903725
v 353.170837 1335.901245 47.903725
v 342.656586 1370.034546 -0.000102
v 348.761902 1365.593628 48.830383
v 341.503998 1372.554932 -0.000102
v 344.262878 1372.292725 -0.000102
v 350.368164 1367.851929 48.830383
v 347.609253 1368.114014 48.830383
v 378.809448 1338.239746 47.903725
v 380.415741 1340.497925 47.903721
v 384.338501 1334.348877 -0.000099
v 387.097412 1334.086914 -0.000099
v 381.568329 1337.977783 47.903725
v 385.944794 1336.607300 -0.000099
v 372.580383 1371.599609 48.830383
v 375.100525 1372.752319 48.830383
v 376.890503 1377.797852 -0.000102
v 374.838684 1369.993408 48.830383
v 379.148865 1376.191650 -0.000102
v 379.410736 1378.950562 -0.000102
vn -0.5975 0.6026 0.5291
vn -0.9000 0.3886 -0.1974
vn -0.6085 -0.7918 0.0515
vn -0.3492 -0.5402 0.7657
vn 0.5071 -0.3957 0.7657
vn 0.6125 -0.7784 -0.1377
vn 0.8346 -0.5484 0.0515
vn 0.4030 0.7825 -0.4746
vn 0.7227 0.6624 -0.1974
vn 0.3666 0.7653 0.5291
vn -0.6374 0.6070 -0.4746
vn -0.3232 -0.9362 -0.1377
vn 0.7685 0.0347 0.6389
vn 0.6108 0.2487 0.7517
vn -0.6586 0.0345 0.7517
vn -0.2999 -0.7370 0.6057
vn 0.6599 -0.7513 -0.0000
vn 0.5251 -0.5978 0.6057
vn -0.3769 -0.9263 0.0001
vn -0.1664 0.9861 -0.0000
vn -0.7373 -0.2194 0.6389
vn -0.9986 0.0523 -0.0000
vn -0.9585 -0.2852 -0.0000
vn 0.9990 0.0451 -0.0000
vn 0.9262 0.3771 -0.0000
vn -0.5735 -0.8072 0.1397
vn -0.3565 0.9311 -0.0773
vn -0.4783 0.8761 -0.0610
vn -0.5742 -0.8067 0.1398
vn 0.9845 -0.1640 -0.0623
vn 0.9964 -0.0316 -0.0785
vn -0.8059 0.5720 0.1528
vn -0.8048 0.5735 0.1528
vn -0.1707 -0.9830 -0.0680
vn -0.0264 -0.9958 -0.0873
vn 0.9326 0.3508 -0.0847
vn 0.8724 0.4845 -0.0650
vn 0.8066 -0.5743 0.1398
vn 0.8071 -0.5736 0.1398
vn 0.1644 0.9845 -0.0610
vn 0.0313 0.9965 -0.0773
vn -0.9309 -0.3568 -0.0785
vn -0.8762 -0.4780 -0.0623
vn 0.5736 0.8048 0.1528
vn 0.3517 -0.9320 -0.0873
vn 0.4838 -0.8725 -0.0681
vn 0.5721 0.8058 0.1528
vn -0.9830 0.1714 -0.0650
vn -0.9961 0.0254 -0.0847
vt 0.401721 0.918806
vt 0.438050 0.918806
vt 0.438050 0.950824
vt 0.401631 0.950824
vt 0.264858 0.901063
vt 0.482361 0.901063
vt 0.497111 0.873766
vt 0.264858 0.848643
vt 0.473922 0.950824
vt 0.473922 0.918806
vt 0.484372 0.830282
vt 0.262847 0.830282
vt 0.247824 0.803791
vt 0.484372 0.777862
vt 0.482361 0.848643
vt 0.250108 0.874407
vt 0.262847 0.777862
vt 0.499395 0.805240
vt 0.223274 0.946341
vt 0.187132 0.780068
vt 0.042581 0.780068
vt 0.034431 0.997434
vt 0.707437 0.959269
vt 0.707437 0.996044
vt 0.581199 0.996044
vt 0.581199 0.959269
vt 0.350492 0.996044
vt 0.231355 0.996044
vt 0.231355 0.959269
vt 0.350492 0.959269
vt 0.449494 0.996044
vt 0.449494 0.959269
vt 0.531199 0.996044
vt 0.531199 0.959269
vt 0.003651 0.946341
vt 0.192494 0.997434
vt 0.741145 0.778190
vt 0.741145 0.849219
vt 0.998093 0.849256
vt 0.998072 0.778190
vt 0.769117 0.779618
vt 0.996957 0.779618
vt 0.996957 0.845176
vt 0.769117 0.845176
s 1
usemtl obj051.019
f 3441/2014/1375 3437/2015/1376 3439/2016/1377 3442/2017/1378
f 3448/2018/1379 3442/2019/1378 3439/2020/1377 3446/2021/1380
f 3447/2016/1381 3446/2022/1380 3443/2023/1382 3445/2015/1383
f 3448/2017/1379 3444/2014/1384 3441/2014/1375 3442/2017/1378
f 3444/2014/1384 3448/2017/1379 3447/2016/1381 3445/2015/1383
f 3441/2024/1375 3444/2025/1384 3445/2026/1383 3438/2027/1385
f 3439/2020/1377 3440/2028/1386 3446/2021/1380
f 3446/2021/1380 3447/2029/1381 3448/2018/1379
f 3445/2026/1383 3443/2030/1382 3438/2027/1385
f 3438/2027/1385 3437/2031/1376 3441/2024/1375
f 3438/2023/1385 3440/2022/1386 3439/2016/1377 3437/2015/1376
f 3458/2032/1387 3459/2033/1388 3460/2034/1389 3453/2035/1390
f 3455/2036/1391 3454/2037/1392 3453/2038/1390 3452/2039/1393
s 0
f 3460/2040/1394 3459/2041/1394 3457/2042/1394 3451/2043/1394
s 1
f 3450/2044/1395 3460/2040/1389 3451/2043/1396 3449/2045/1397
f 3453/2038/1390 3450/2046/1395 3449/2047/1397 3452/2039/1393
f 3456/2047/1398 3458/2046/1387 3454/2038/1392 3455/2039/1391
f 3460/2034/1389 3450/2048/1395 3453/2035/1390
f 3453/2035/1390 3454/2049/1392 3458/2032/1387
f 3458/2044/1387 3456/2045/1398 3457/2043/1399 3459/2040/1388
f 3462/2050/1400 3466/2051/1401 3463/2052/1402 3461/2053/1403
f 3464/2052/1404 3465/2051/1405 3462/2050/1400 3461/2053/1403
f 3466/2051/1401 3465/2051/1405 3464/2052/1404 3463/2052/1402
f 3472/2054/1406 3469/2055/1407 3467/2056/1408 3468/2057/1409
f 3472/2054/1406 3471/2057/1410 3470/2056/1411 3469/2055/1407
f 3471/2057/1410 3468/2057/1409 3467/2056/1408 3470/2056/1411
f 3477/2050/1412 3476/2053/1413 3478/2052/1414 3474/2051/1415
f 3477/2050/1412 3473/2051/1416 3475/2052/1417 3476/2053/1413
f 3474/2051/1415 3478/2052/1414 3475/2052/1417 3473/2051/1416
f 3480/2054/1418 3482/2057/1419 3483/2056/1420 3484/2055/1421
f 3480/2054/1418 3484/2055/1421 3481/2056/1422 3479/2057/1423
f 3479/2057/1423 3481/2056/1422 3483/2056/1420 3482/2057/1419
g Atomic30.001_meshId112_name.001
v 348.417419 1367.175903 49.464180
v 344.429260 1372.781372 99.999893
v 361.016144 1372.440674 74.732040
v 376.573120 1378.204712 99.999893
v 374.644897 1371.601074 49.464180
vn -0.1651 0.9787 -0.1216
vt 0.002000 0.860537
vt 0.002000 0.980569
vt 0.484187 0.919208
vt 0.966373 0.980569
vt 0.966373 0.860537
s 0
usemtl obj121.019
f 3485/2058/1424 3486/2059/1424 3487/2060/1424
f 3486/2059/1424 3488/2061/1424 3487/2060/1424
f 3488/2061/1424 3489/2062/1424 3487/2060/1424
f 3487/2060/1424 3489/2062/1424 3485/2058/1424
g Atomic31_meshId113_name.001
v 244.050674 1327.893799 103.729523
v 247.055176 1327.244019 98.993332
v 244.507431 1324.502930 104.466835
v 247.457520 1323.846680 99.732101
v 246.148834 1329.252563 109.461868
v 246.567490 1325.855347 110.200630
v 287.360229 1327.244019 98.993332
v 288.266724 1329.252563 109.461868
v 290.364807 1327.893799 103.729523
v 286.958008 1323.846680 99.732101
v 289.907928 1324.502930 104.466835
v 287.847961 1325.855347 110.200623
v 247.207764 1291.178223 46.999912
v 247.207779 1291.178345 49.999912
v 253.900848 1321.178223 46.999912
v 252.207764 1281.178223 46.999912
v 252.207764 1281.178223 49.999916
v 282.207764 1281.178223 49.999905
v 282.207764 1281.178223 46.999912
v 287.207764 1291.178223 46.999905
v 280.514648 1321.178223 46.999912
v 287.207764 1291.178223 49.999901
v 280.514648 1321.178223 49.999908
v 253.900833 1321.178223 49.999908
v 247.870850 1281.602417 -0.000095
v 252.675537 1286.358887 47.903728
v 248.588058 1284.279175 -0.000095
v 250.547668 1282.319580 -0.000095
v 255.352386 1287.076172 47.903728
v 253.392761 1289.035645 47.903725
v 248.703720 1324.442627 -0.000098
v 253.985107 1319.048096 48.830387
v 247.986435 1327.119385 -0.000098
v 250.663330 1326.402100 -0.000098
v 255.944687 1321.007324 48.830387
v 253.267822 1321.724609 48.830387
v 279.063110 1287.076172 47.903728
v 281.022705 1289.035645 47.903725
v 283.867798 1282.319580 -0.000095
v 286.544678 1281.602417 -0.000095
v 281.739990 1286.358887 47.903728
v 285.827393 1284.279175 -0.000095
v 278.470825 1321.007324 48.830387
v 281.147644 1321.724609 48.830387
v 283.752136 1326.402100 -0.000098
v 280.430420 1319.048096 48.830387
v 285.711731 1324.442627 -0.000098
v 286.428955 1327.119385 -0.000098
vn -0.4888 0.6936 0.5291
vn -0.8228 0.5329 -0.1974
vn -0.7318 -0.6796 0.0515
vn -0.4342 -0.4745 0.7657
vn 0.4342 -0.4745 0.7657
vn 0.4745 -0.8694 -0.1377
vn 0.7318 -0.6796 0.0515
vn 0.5276 0.7046 -0.4746
vn 0.8228 0.5329 -0.1974
vn 0.4888 0.6936 0.5291
vn -0.5276 0.7045 -0.4746
vn -0.4745 -0.8694 -0.1377
vn 0.5257 -0.8507 -0.0000
vn 0.4183 -0.6768 0.6057
vn -0.4183 -0.6768 0.6057
vn -0.5257 -0.8507 -0.0000
vn -0.0000 1.0000 -0.0000
vn 0.7636 -0.0937 0.6389
vn 0.9926 -0.1218 -0.0000
vn -0.7636 -0.0937 0.6389
vn -0.6437 0.1436 0.7517
vn -0.9760 0.2178 -0.0000
vn -0.9926 -0.1218 -0.0000
vn 0.6437 0.1436 0.7517
vn 0.9760 0.2178 -0.0000
vn -0.6999 -0.7005 0.1398
vn -0.1966 0.9774 -0.0773
vn -0.3259 0.9434 -0.0610
vn -0.7004 -0.6999 0.1398
vn 0.9435 -0.3256 -0.0623
vn 0.9773 -0.1970 -0.0785
vn -0.6995 0.6981 0.1528
vn -0.6983 0.6994 0.1528
vn -0.3319 -0.9409 -0.0681
vn -0.1917 -0.9776 -0.0873
vn 0.9780 0.1908 -0.0847
vn 0.9408 0.3326 -0.0650
vn 0.6999 -0.7005 0.1397
vn -0.9773 -0.1970 -0.0785
vn -0.9435 -0.3256 -0.0623
vn 0.7004 -0.6999 0.1398
vn 0.3259 0.9434 -0.0610
vn 0.1966 0.9774 -0.0773
vn 0.6995 0.6981 0.1528
vn 0.6982 0.6994 0.1528
vn -0.9408 0.3326 -0.0650
vn -0.9780 0.1908 -0.0847
vn 0.1917 -0.9776 -0.0873
vn 0.3319 -0.9409 -0.0681
vt 0.401721 0.918806
vt 0.438050 0.918806
vt 0.438050 0.950824
vt 0.401631 0.950824
vt 0.264858 0.901063
vt 0.482361 0.901063
vt 0.497111 0.873766
vt 0.264858 0.848643
vt 0.473922 0.950824
vt 0.473922 0.918806
vt 0.484372 0.830282
vt 0.262847 0.830282
vt 0.247824 0.803791
vt 0.484372 0.777862
vt 0.482361 0.848643
vt 0.250108 0.874407
vt 0.262847 0.777862
vt 0.499395 0.805240
vt 0.707437 0.959269
vt 0.707437 0.996044
vt 0.581199 0.996044
vt 0.581199 0.959269
vt 0.350492 0.959269
vt 0.350492 0.996044
vt 0.231355 0.996044
vt 0.231355 0.959269
vt 0.531199 0.996044
vt 0.531199 0.959269
vt 0.449494 0.996044
vt 0.449494 0.959269
vt 0.223274 0.946341
vt 0.187132 0.780068
vt 0.042581 0.780068
vt 0.034431 0.997434
vt 0.003651 0.946341
vt 0.192494 0.997434
vt 0.741145 0.778190
vt 0.741145 0.849219
vt 0.998093 0.849256
vt 0.998072 0.778190
vt 0.769117 0.779618
vt 0.996957 0.779618
vt 0.996957 0.845176
vt 0.769117 0.845176
s 1
usemtl obj051.019
f 3494/2063/1425 3490/2064/1426 3492/2065/1427 3495/2066/1428
f 3501/2067/1429 3495/2068/1428 3492/2069/1427 3499/2070/1430
f 3500/2065/1431 3499/2071/1430 3496/2072/1432 3498/2064/1433
f 3501/2066/1429 3497/2063/1434 3494/2063/1425 3495/2066/1428
f 3497/2063/1434 3501/2066/1429 3500/2065/1431 3498/2064/1433
f 3494/2073/1425 3497/2074/1434 3498/2075/1433 3491/2076/1435
f 3492/2069/1427 3493/2077/1436 3499/2070/1430
f 3499/2070/1430 3500/2078/1431 3501/2067/1429
f 3498/2075/1433 3496/2079/1432 3491/2076/1435
f 3491/2076/1435 3490/2080/1426 3494/2073/1425
f 3491/2072/1435 3493/2071/1436 3492/2065/1427 3490/2064/1426
f 3508/2081/1437 3507/2082/1438 3506/2083/1439 3505/2084/1440
s 0
f 3504/2085/1441 3513/2086/1441 3512/2087/1441 3510/2088/1441
s 1
f 3511/2089/1442 3507/2083/1438 3508/2084/1437 3509/2090/1443
f 3503/2091/1444 3513/2086/1445 3504/2085/1446 3502/2092/1447
f 3511/2093/1442 3512/2094/1448 3513/2095/1445 3506/2096/1439
f 3506/2083/1439 3503/2089/1444 3502/2090/1447 3505/2084/1440
f 3513/2095/1445 3503/2097/1444 3506/2096/1439
f 3506/2096/1439 3507/2098/1438 3511/2093/1442
f 3511/2091/1442 3509/2092/1443 3510/2085/1449 3512/2086/1448
f 3515/2099/1450 3519/2100/1451 3516/2101/1452 3514/2102/1453
f 3517/2101/1454 3518/2100/1455 3515/2099/1450 3514/2102/1453
f 3519/2100/1451 3518/2100/1455 3517/2101/1454 3516/2101/1452
f 3525/2103/1456 3522/2104/1457 3520/2105/1458 3521/2106/1459
f 3525/2103/1456 3524/2106/1460 3523/2105/1461 3522/2104/1457
f 3524/2106/1460 3521/2106/1459 3520/2105/1458 3523/2105/1461
f 3530/2099/1462 3526/2100/1463 3528/2101/1464 3529/2102/1465
f 3530/2099/1462 3529/2102/1465 3531/2101/1466 3527/2100/1467
f 3527/2100/1467 3531/2101/1466 3528/2101/1464 3526/2100/1463
f 3533/2103/1468 3537/2104/1469 3534/2105/1470 3532/2106/1471
f 3533/2103/1468 3535/2106/1472 3536/2105/1473 3537/2104/1469
f 3532/2106/1471 3534/2105/1470 3536/2105/1473 3535/2106/1472
g Atomic31.001_meshId114_name.001
v 253.908691 1320.665283 49.464184
v 250.908691 1326.856201 99.999901
v 267.207764 1323.760742 74.732048
v 283.506866 1326.856201 99.999901
v 280.506836 1320.665283 49.464184
vn -0.0000 0.9926 -0.1216
vt 0.002000 0.860537
vt 0.002000 0.980569
vt 0.484187 0.919208
vt 0.966373 0.980569
vt 0.966373 0.860537
s 0
usemtl obj121.019
f 3538/2107/1474 3539/2108/1474 3540/2109/1474
f 3539/2108/1474 3541/2110/1474 3540/2109/1474
f 3541/2110/1474 3542/2111/1474 3540/2109/1474
f 3540/2109/1474 3542/2111/1474 3538/2107/1474
g Atomic32_meshId115_name.001
v 298.670807 1023.363586 103.729546
v 295.666290 1024.013184 98.993355
v 298.214020 1026.754395 104.466858
v 295.263947 1027.410645 99.732124
v 296.572662 1022.004822 109.461891
v 296.153961 1025.402222 110.200653
v 255.361221 1024.013184 98.993355
v 254.454742 1022.004822 109.461891
v 252.356644 1023.363586 103.729546
v 255.763443 1027.410645 99.732124
v 252.813507 1026.754395 104.466858
v 254.873520 1025.402222 110.200645
v 295.513702 1060.079102 46.999931
v 295.513733 1060.079102 49.999931
v 288.820648 1030.079102 46.999935
v 290.513702 1070.079102 46.999928
v 290.513733 1070.079102 49.999931
v 260.513702 1070.079102 49.999920
v 260.513702 1070.079102 46.999928
v 255.513687 1060.079102 46.999924
v 262.206848 1030.079102 46.999935
v 255.513702 1060.079102 49.999920
v 262.206818 1030.079102 49.999931
v 288.820648 1030.079102 49.999931
v 294.850586 1069.655029 -0.000079
v 290.045959 1064.898438 47.903744
v 294.133392 1066.978027 -0.000079
v 292.173798 1068.937744 -0.000079
v 287.369110 1064.181152 47.903744
v 289.328705 1062.221680 47.903744
v 294.017761 1026.814697 -0.000076
v 288.736389 1032.209473 48.830410
v 294.735046 1024.137939 -0.000075
v 292.058105 1024.855225 -0.000075
v 286.776794 1030.250000 48.830410
v 289.453674 1029.532715 48.830410
v 263.658386 1064.181152 47.903744
v 261.698792 1062.221680 47.903744
v 258.853699 1068.937744 -0.000079
v 256.176819 1069.655029 -0.000079
v 260.981506 1064.898438 47.903744
v 256.894104 1066.978027 -0.000079
v 264.250610 1030.250000 48.830410
v 261.573822 1029.532715 48.830410
v 258.969330 1024.855225 -0.000075
v 262.291077 1032.209473 48.830410
v 257.009735 1026.814697 -0.000076
v 256.292542 1024.137939 -0.000075
vn 0.4889 -0.6936 0.5291
vn 0.8228 -0.5329 -0.1974
vn 0.7318 0.6796 0.0515
vn 0.4342 0.4745 0.7657
vn -0.4342 0.4745 0.7657
vn -0.4746 0.8694 -0.1377
vn -0.8228 -0.5329 -0.1974
vn -0.7317 0.6796 0.0515
vn -0.5276 -0.7046 -0.4746
vn -0.4888 -0.6936 0.5291
vn 0.5276 -0.7046 -0.4746
vn 0.4745 0.8694 -0.1378
vn 0.6437 -0.1436 0.7517
vn 0.9760 -0.2177 -0.0000
vn 0.9926 0.1218 -0.0000
vn 0.7636 0.0937 0.6389
vn -0.0000 -1.0000 -0.0000
vn 0.4183 0.6769 0.6057
vn 0.5257 0.8507 -0.0000
vn -0.5257 0.8507 -0.0000
vn -0.4183 0.6768 0.6057
vn -0.7636 0.0937 0.6389
vn -0.6437 -0.1436 0.7517
vn -0.9926 0.1218 -0.0000
vn -0.9760 -0.2178 -0.0000
vn -0.9435 0.3256 -0.0623
vn -0.9773 0.1970 -0.0785
vn 0.6999 0.7005 0.1397
vn 0.7004 0.6999 0.1397
vn 0.1966 -0.9774 -0.0773
vn 0.3259 -0.9434 -0.0610
vn 0.6995 -0.6981 0.1528
vn 0.6983 -0.6994 0.1528
vn 0.3319 0.9409 -0.0681
vn 0.1917 0.9776 -0.0873
vn -0.9780 -0.1908 -0.0847
vn -0.9408 -0.3326 -0.0650
vn -0.6999 0.7005 0.1397
vn 0.9773 0.1970 -0.0785
vn 0.9435 0.3256 -0.0623
vn -0.7004 0.6999 0.1397
vn -0.3259 -0.9434 -0.0610
vn -0.1966 -0.9774 -0.0773
vn -0.6995 -0.6981 0.1528
vn -0.6982 -0.6994 0.1528
vn 0.9408 -0.3326 -0.0650
vn 0.9780 -0.1908 -0.0847
vn -0.1917 0.9776 -0.0873
vn -0.3319 0.9409 -0.0681
vt 0.401721 0.918806
vt 0.438050 0.918806
vt 0.438050 0.950824
vt 0.401631 0.950824
vt 0.264858 0.901063
vt 0.482361 0.901063
vt 0.497111 0.873766
vt 0.264858 0.848643
vt 0.473922 0.950824
vt 0.473922 0.918806
vt 0.484372 0.830282
vt 0.262847 0.830282
vt 0.247824 0.803791
vt 0.484372 0.777862
vt 0.482361 0.848643
vt 0.250108 0.874407
vt 0.262847 0.777862
vt 0.499395 0.805240
vt 0.350492 0.996044
vt 0.350492 0.959269
vt 0.449494 0.959269
vt 0.449494 0.996044
vt 0.231355 0.996044
vt 0.231355 0.959269
vt 0.581199 0.996044
vt 0.531199 0.996044
vt 0.531199 0.959269
vt 0.581199 0.959269
vt 0.707437 0.959269
vt 0.707437 0.996044
vt 0.223274 0.946341
vt 0.187132 0.780068
vt 0.042581 0.780068
vt 0.034431 0.997434
vt 0.003651 0.946341
vt 0.192494 0.997434
vt 0.998093 0.849256
vt 0.741145 0.849219
vt 0.741145 0.778190
vt 0.998072 0.778190
vt 0.769117 0.779618
vt 0.996957 0.779618
vt 0.996957 0.845176
vt 0.769117 0.845176
s 1
usemtl obj051.019
f 3547/2112/1475 3543/2113/1476 3545/2114/1477 3548/2115/1478
f 3554/2116/1479 3548/2117/1478 3545/2118/1477 3552/2119/1480
f 3551/2113/1481 3553/2114/1482 3552/2120/1480 3549/2121/1483
f 3554/2115/1479 3550/2112/1484 3547/2112/1475 3548/2115/1478
f 3550/2112/1484 3554/2115/1479 3553/2114/1482 3551/2113/1481
f 3547/2122/1475 3550/2123/1484 3551/2124/1481 3544/2125/1485
f 3545/2118/1477 3546/2126/1486 3552/2119/1480
f 3552/2119/1480 3553/2127/1482 3554/2116/1479
f 3551/2124/1481 3549/2128/1483 3544/2125/1485
f 3544/2125/1485 3543/2129/1476 3547/2122/1475
f 3544/2121/1485 3546/2120/1486 3545/2114/1477 3543/2113/1476
f 3566/2130/1487 3557/2131/1488 3555/2132/1489 3556/2133/1490
s 0
f 3566/2130/1491 3565/2134/1491 3563/2135/1491 3557/2131/1491
s 1
f 3559/2136/1492 3556/2137/1490 3555/2138/1489 3558/2139/1493
f 3558/2139/1493 3561/2140/1494 3560/2141/1495 3559/2136/1492
f 3564/2142/1496 3565/2143/1497 3566/2144/1487 3559/2145/1492
f 3564/2133/1496 3562/2132/1498 3563/2131/1499 3565/2130/1497
f 3566/2144/1487 3556/2146/1490 3559/2145/1492
f 3559/2145/1492 3560/2147/1495 3564/2142/1496
f 3564/2137/1496 3560/2136/1495 3561/2139/1494 3562/2138/1498
f 3570/2148/1500 3571/2149/1501 3568/2150/1502 3567/2151/1503
f 3568/2150/1502 3572/2149/1504 3569/2148/1505 3567/2151/1503
f 3572/2149/1504 3571/2149/1501 3570/2148/1500 3569/2148/1505
f 3578/2152/1506 3575/2153/1507 3573/2154/1508 3574/2155/1509
f 3578/2152/1506 3577/2155/1510 3576/2154/1511 3575/2153/1507
f 3577/2155/1510 3574/2155/1509 3573/2154/1508 3576/2154/1511
f 3583/2150/1512 3579/2149/1513 3581/2148/1514 3582/2151/1515
f 3583/2150/1512 3582/2151/1515 3584/2148/1516 3580/2149/1517
f 3580/2149/1517 3584/2148/1516 3581/2148/1514 3579/2149/1513
f 3586/2152/1518 3590/2153/1519 3587/2154/1520 3585/2155/1521
f 3586/2152/1518 3588/2155/1522 3589/2154/1523 3590/2153/1519
f 3585/2155/1521 3587/2154/1520 3589/2154/1523 3588/2155/1522
g Atomic32.001_meshId116_name.001
v 288.812775 1030.592041 49.464207
v 291.812775 1024.401123 99.999924
v 275.513702 1027.496582 74.732071
v 259.214600 1024.401123 99.999924
v 262.214630 1030.592041 49.464207
vn -0.0000 -0.9926 -0.1216
vt 0.002000 0.860537
vt 0.002000 0.980569
vt 0.484187 0.919208
vt 0.966373 0.980569
vt 0.966373 0.860537
s 0
usemtl obj121.019
f 3591/2156/1524 3592/2157/1524 3593/2158/1524
f 3592/2157/1524 3594/2159/1524 3593/2158/1524
f 3594/2159/1524 3595/2160/1524 3593/2158/1524
f 3593/2158/1524 3595/2160/1524 3591/2156/1524
g Atomic33_meshId117_name.001
v 177.625244 1044.472900 103.729546
v 174.620728 1045.122559 98.993355
v 177.168442 1047.863770 104.466858
v 174.218384 1048.520020 99.732124
v 175.527084 1043.114136 109.461891
v 175.108429 1046.511597 110.200653
v 134.315674 1045.122559 98.993355
v 133.409180 1043.114258 109.461891
v 131.311096 1044.472900 103.729546
v 134.717896 1048.520020 99.732124
v 131.767944 1047.863770 104.466858
v 133.827942 1046.511597 110.200645
v 174.468124 1081.188477 46.999931
v 174.468124 1081.188477 49.999931
v 167.775085 1051.188721 46.999931
v 169.468140 1091.188477 46.999924
v 169.468140 1091.188477 49.999928
v 139.468140 1091.188477 49.999916
v 139.468140 1091.188477 46.999924
v 134.468140 1081.188477 46.999924
v 141.161255 1051.188721 46.999931
v 134.468140 1081.188477 49.999920
v 141.161255 1051.188599 49.999928
v 167.775085 1051.188599 49.999928
v 173.805054 1090.764404 -0.000080
v 169.000351 1086.007812 47.903744
v 173.087830 1088.087402 -0.000080
v 171.128235 1090.047119 -0.000080
v 166.323547 1085.290527 47.903744
v 168.283142 1083.331055 47.903744
v 172.972168 1047.924072 -0.000077
v 167.690796 1053.318848 48.830406
v 173.689453 1045.247314 -0.000077
v 171.012573 1045.964600 -0.000077
v 165.731201 1051.359375 48.830406
v 168.408081 1050.642090 48.830406
v 142.612793 1085.290527 47.903744
v 140.653198 1083.331055 47.903744
v 137.808105 1090.047119 -0.000080
v 135.131226 1090.764404 -0.000080
v 139.935913 1086.007812 47.903744
v 135.848511 1088.087402 -0.000080
v 143.205063 1051.359375 48.830406
v 140.528259 1050.642090 48.830406
v 137.923752 1045.964600 -0.000077
v 141.245483 1053.318848 48.830406
v 135.964172 1047.924072 -0.000077
v 135.246948 1045.247314 -0.000077
vn 0.4889 -0.6936 0.5291
vn 0.8229 -0.5329 -0.1974
vn 0.7317 0.6796 0.0515
vn 0.4342 0.4745 0.7657
vn -0.4342 0.4745 0.7657
vn -0.4745 0.8694 -0.1377
vn -0.8228 -0.5329 -0.1974
vn -0.7317 0.6796 0.0515
vn -0.5276 -0.7046 -0.4746
vn -0.4888 -0.6936 0.5291
vn 0.5276 -0.7046 -0.4746
vn 0.4745 0.8694 -0.1378
vn 0.4183 0.6768 0.6057
vn 0.7636 0.0937 0.6389
vn 0.9926 0.1218 -0.0000
vn 0.5257 0.8507 -0.0000
vn 0.6437 -0.1436 0.7517
vn 0.9760 -0.2177 -0.0000
vn -0.9926 0.1218 -0.0000
vn -0.7636 0.0937 0.6389
vn -0.4183 0.6768 0.6057
vn -0.5257 0.8507 -0.0000
vn -0.6437 -0.1436 0.7517
vn -0.9760 -0.2178 -0.0000
vn -0.0000 -1.0000 -0.0000
vn 0.6999 0.7005 0.1398
vn 0.1966 -0.9774 -0.0773
vn 0.3259 -0.9434 -0.0610
vn 0.7004 0.6999 0.1398
vn -0.9435 0.3256 -0.0623
vn -0.9773 0.1970 -0.0784
vn 0.6995 -0.6981 0.1528
vn 0.6983 -0.6994 0.1528
vn 0.3319 0.9409 -0.0681
vn 0.1917 0.9776 -0.0873
vn -0.9780 -0.1908 -0.0847
vn -0.9408 -0.3326 -0.0650
vn -0.6999 0.7005 0.1397
vn 0.9773 0.1970 -0.0784
vn 0.9435 0.3256 -0.0623
vn -0.7004 0.6999 0.1397
vn -0.3259 -0.9434 -0.0610
vn -0.1966 -0.9774 -0.0773
vn -0.6995 -0.6981 0.1528
vn -0.6982 -0.6994 0.1528
vn 0.9408 -0.3326 -0.0650
vn 0.9780 -0.1908 -0.0847
vn -0.1917 0.9776 -0.0873
vn -0.3319 0.9409 -0.0681
vt 0.401721 0.918806
vt 0.438050 0.918806
vt 0.438050 0.950824
vt 0.401631 0.950824
vt 0.264858 0.901063
vt 0.482361 0.901063
vt 0.497111 0.873766
vt 0.264858 0.848643
vt 0.473922 0.950824
vt 0.473922 0.918806
vt 0.484372 0.830282
vt 0.262847 0.830282
vt 0.247824 0.803791
vt 0.484372 0.777862
vt 0.482361 0.848643
vt 0.250108 0.874407
vt 0.262847 0.777862
vt 0.499395 0.805240
vt 0.581199 0.996044
vt 0.531199 0.996044
vt 0.531199 0.959269
vt 0.581199 0.959269
vt 0.449494 0.996044
vt 0.350492 0.996044
vt 0.350492 0.959269
vt 0.449494 0.959269
vt 0.187132 0.780068
vt 0.042581 0.780068
vt 0.003651 0.946341
vt 0.192494 0.997434
vt 0.707437 0.959269
vt 0.707437 0.996044
vt 0.223274 0.946341
vt 0.034431 0.997434
vt 0.231355 0.996044
vt 0.231355 0.959269
vt 0.741145 0.778190
vt 0.741145 0.849219
vt 0.998093 0.849256
vt 0.998072 0.778190
vt 0.769117 0.779618
vt 0.996957 0.779618
vt 0.996957 0.845176
vt 0.769117 0.845176
s 1
usemtl obj051.019
f 3600/2161/1525 3596/2162/1526 3598/2163/1527 3601/2164/1528
f 3607/2165/1529 3601/2166/1528 3598/2167/1527 3605/2168/1530
f 3604/2162/1531 3606/2163/1532 3605/2169/1530 3602/2170/1533
f 3607/2164/1529 3603/2161/1534 3600/2161/1525 3601/2164/1528
f 3603/2161/1534 3607/2164/1529 3606/2163/1532 3604/2162/1531
f 3600/2171/1525 3603/2172/1534 3604/2173/1531 3597/2174/1535
f 3598/2167/1527 3599/2175/1536 3605/2168/1530
f 3605/2168/1530 3606/2176/1532 3607/2165/1529
f 3604/2173/1531 3602/2177/1533 3597/2174/1535
f 3597/2174/1535 3596/2178/1526 3600/2171/1525
f 3597/2170/1535 3599/2169/1536 3598/2163/1527 3596/2162/1526
f 3612/2179/1537 3609/2180/1538 3608/2181/1539 3611/2182/1540
f 3609/2183/1538 3619/2184/1541 3610/2185/1542 3608/2186/1539
f 3615/2181/1543 3617/2180/1544 3613/2179/1545 3614/2182/1546
f 3618/2187/1547 3619/2188/1541 3609/2189/1538 3613/2190/1545
f 3614/2191/1546 3613/2192/1545 3612/2179/1537 3611/2182/1540
f 3617/2183/1544 3615/2186/1543 3616/2185/1548 3618/2184/1547
f 3613/2190/1545 3617/2193/1544 3618/2187/1547
f 3609/2189/1538 3612/2194/1537 3613/2190/1545
s 0
f 3619/2184/1549 3618/2195/1549 3616/2196/1549 3610/2185/1549
s 1
f 3621/2197/1550 3625/2198/1551 3622/2199/1552 3620/2200/1553
f 3623/2199/1554 3624/2198/1555 3621/2197/1550 3620/2200/1553
f 3625/2198/1551 3624/2198/1555 3623/2199/1554 3622/2199/1552
f 3631/2201/1556 3628/2202/1557 3626/2203/1558 3627/2204/1559
f 3631/2201/1556 3630/2204/1560 3629/2203/1561 3628/2202/1557
f 3630/2204/1560 3627/2204/1559 3626/2203/1558 3629/2203/1561
f 3636/2197/1562 3632/2198/1563 3634/2199/1564 3635/2200/1565
f 3636/2197/1562 3635/2200/1565 3637/2199/1566 3633/2198/1567
f 3633/2198/1567 3637/2199/1566 3634/2199/1564 3632/2198/1563
f 3639/2201/1568 3643/2202/1569 3640/2203/1570 3638/2204/1571
f 3639/2201/1568 3641/2204/1572 3642/2203/1573 3643/2202/1569
f 3638/2204/1571 3640/2203/1570 3642/2203/1573 3641/2204/1572
g Atomic33.001_meshId118_name.001
v 167.767212 1051.701416 49.464203
v 170.767212 1045.510498 99.999924
v 154.468140 1048.605957 74.732071
v 138.169067 1045.510498 99.999924
v 141.169067 1051.701416 49.464203
vn -0.0000 -0.9926 -0.1216
vt 0.002000 0.860537
vt 0.002000 0.980569
vt 0.484187 0.919208
vt 0.966373 0.980569
vt 0.966373 0.860537
s 0
usemtl obj121.019
f 3644/2205/1574 3645/2206/1574 3646/2207/1574
f 3645/2206/1574 3647/2208/1574 3646/2207/1574
f 3647/2208/1574 3648/2209/1574 3646/2207/1574
f 3646/2207/1574 3648/2209/1574 3644/2205/1574
g Atomic34_meshId119_name.001
v 139.348938 1372.132812 103.729515
v 142.105194 1370.771851 98.993324
v 138.967178 1368.732666 104.466827
v 141.669022 1367.378662 99.732094
v 141.714600 1372.940430 109.461861
v 141.294296 1369.543213 110.200623
v 181.199600 1360.967529 98.993332
v 182.567413 1362.695312 109.461868
v 184.271957 1360.866821 103.729523
v 179.983047 1357.770020 99.732101
v 183.003998 1357.688965 104.466835
v 181.334824 1359.501831 110.200623
v 133.480103 1335.751953 46.999912
v 133.480103 1335.751953 49.999912
v 147.269684 1363.222900 46.999908
v 135.897400 1324.836182 46.999908
v 135.897400 1324.836182 49.999912
v 164.996323 1317.538696 49.999901
v 164.996307 1317.538696 46.999908
v 172.278641 1326.021973 46.999905
v 173.084106 1356.749023 46.999908
v 172.278641 1326.021973 49.999901
v 173.084106 1356.749023 49.999905
v 147.269669 1363.222900 49.999905
v 131.793945 1326.302612 -0.000098
v 137.611328 1329.747314 47.903725
v 133.140778 1328.724487 -0.000098
v 134.564819 1326.347168 -0.000098
v 140.382233 1329.791992 47.903725
v 138.958160 1332.169434 47.903725
v 143.022751 1367.653564 -0.000101
v 146.833191 1361.135986 48.830383
v 142.978149 1370.424316 -0.000102
v 145.400177 1369.077515 -0.000101
v 149.210602 1362.560059 48.830383
v 146.788605 1363.906982 48.830383
v 163.380783 1324.024414 47.903725
v 165.758179 1325.448486 47.903725
v 166.884125 1318.242065 -0.000098
v 169.306137 1316.895264 -0.000098
v 165.802780 1322.677490 47.903725
v 169.261536 1319.666016 -0.000098
v 171.060120 1357.080566 48.830383
v 173.830994 1357.125244 48.830383
v 177.495087 1361.028564 -0.000101
v 172.484177 1354.703125 48.830383
v 178.919159 1358.651123 -0.000101
v 180.265976 1361.073120 -0.000101
vn 0.6428 0.5539 0.5291
vn 0.3058 -0.5659 0.7657
vn 0.5445 -0.8372 0.0515
vn 0.9277 0.3167 -0.1974
vn -0.5366 -0.3546 0.7657
vn -0.8751 -0.4812 0.0515
vn 0.2488 -0.9587 -0.1377
vn 0.6831 0.5551 -0.4746
vn -0.3054 0.7917 0.5291
vn -0.6685 0.7170 -0.1974
vn -0.3404 0.8117 -0.4746
vn -0.6718 -0.7279 -0.1377
vn -0.5704 -0.5548 0.6057
vn -0.7634 0.0949 0.6389
vn -0.9924 0.1233 -0.0000
vn -0.7169 -0.6972 -0.0000
vn 0.7178 -0.2766 0.6389
vn 0.2411 -0.7583 0.6057
vn 0.3030 -0.9530 -0.0000
vn 0.9331 -0.3596 -0.0000
vn 0.2433 0.9700 -0.0000
vn -0.5894 0.2959 0.7517
vn -0.8937 0.4486 -0.0000
vn 0.6593 -0.0173 0.7517
vn 0.9997 -0.0262 -0.0000
vn -0.8492 -0.5092 0.1398
vn 0.0470 0.9959 -0.0773
vn -0.0866 0.9944 -0.0610
vn -0.8496 -0.5085 0.1398
vn 0.8359 -0.5453 -0.0623
vn 0.9000 -0.4288 -0.0785
vn -0.5087 0.8473 0.1528
vn -0.5072 0.8482 0.1528
vn -0.5508 -0.8319 -0.0681
vn -0.4238 -0.9016 -0.0873
vn 0.9950 -0.0528 -0.0847
vn 0.9935 0.0938 -0.0650
vn 0.5085 -0.8497 0.1397
vn -0.9958 0.0466 -0.0785
vn -0.9943 -0.0863 -0.0623
vn 0.5091 -0.8493 0.1397
vn 0.5456 0.8358 -0.0610
vn 0.4285 0.9002 -0.0773
vn 0.8483 0.5070 0.1528
vn -0.0518 -0.9948 -0.0873
vn 0.0930 -0.9933 -0.0681
vn 0.8474 0.5085 0.1528
vn -0.8316 0.5515 -0.0650
vn -0.9022 0.4230 -0.0847
vt 0.401721 0.918806
vt 0.401631 0.950824
vt 0.438050 0.950824
vt 0.438050 0.918806
vt 0.264858 0.901063
vt 0.482361 0.901063
vt 0.497111 0.873766
vt 0.264858 0.848643
vt 0.473922 0.950824
vt 0.473922 0.918806
vt 0.484372 0.830282
vt 0.262847 0.830282
vt 0.247824 0.803791
vt 0.484372 0.777862
vt 0.482361 0.848643
vt 0.250108 0.874407
vt 0.262847 0.777862
vt 0.499395 0.805240
vt 0.581199 0.996044
vt 0.531199 0.996044
vt 0.531199 0.959269
vt 0.581199 0.959269
vt 0.707437 0.959269
vt 0.707437 0.996044
vt 0.350492 0.959269
vt 0.350492 0.996044
vt 0.231355 0.996044
vt 0.231355 0.959269
vt 0.449494 0.959269
vt 0.449494 0.996044
vt 0.223274 0.946341
vt 0.187132 0.780068
vt 0.042581 0.780068
vt 0.034431 0.997434
vt 0.192494 0.997434
vt 0.003651 0.946341
vt 0.741145 0.778190
vt 0.741145 0.849219
vt 0.998093 0.849256
vt 0.998072 0.778190
vt 0.769117 0.779618
vt 0.996957 0.779618
vt 0.996957 0.845176
vt 0.769117 0.845176
s 1
usemtl obj051.019
f 3656/2210/1575 3660/2211/1576 3659/2212/1577 3657/2213/1578
f 3660/2214/1576 3654/2215/1579 3651/2216/1580 3658/2217/1581
f 3659/2212/1577 3658/2218/1581 3655/2219/1582 3657/2213/1578
f 3653/2210/1583 3649/2213/1584 3651/2212/1580 3654/2211/1579
f 3660/2211/1576 3656/2210/1575 3653/2210/1583 3654/2211/1579
f 3653/2220/1583 3656/2221/1575 3657/2222/1578 3650/2223/1585
f 3651/2216/1580 3652/2224/1586 3658/2217/1581
f 3658/2217/1581 3659/2225/1577 3660/2214/1576
f 3657/2222/1578 3655/2226/1582 3650/2223/1585
f 3650/2223/1585 3649/2227/1584 3653/2220/1583
f 3652/2218/1586 3651/2212/1580 3649/2213/1584 3650/2219/1585
f 3665/2228/1587 3662/2229/1588 3661/2230/1589 3664/2231/1590
f 3670/2229/1591 3666/2228/1592 3667/2231/1593 3668/2230/1594
f 3667/2232/1593 3666/2233/1592 3665/2228/1587 3664/2231/1590
s 0
f 3663/2234/1595 3672/2235/1595 3671/2236/1595 3669/2237/1595
s 1
f 3672/2235/1596 3663/2234/1597 3661/2238/1589 3662/2239/1588
f 3670/2240/1591 3671/2241/1598 3672/2242/1596 3665/2243/1587
f 3665/2243/1587 3666/2244/1592 3670/2240/1591
f 3672/2242/1596 3662/2245/1588 3665/2243/1587
f 3670/2239/1591 3668/2238/1594 3669/2234/1599 3671/2235/1598
f 3674/2246/1600 3678/2247/1601 3675/2248/1602 3673/2249/1603
f 3676/2248/1604 3677/2247/1605 3674/2246/1600 3673/2249/1603
f 3678/2247/1601 3677/2247/1605 3676/2248/1604 3675/2248/1602
f 3684/2250/1606 3681/2251/1607 3679/2252/1608 3680/2253/1609
f 3684/2250/1606 3683/2253/1610 3682/2252/1611 3681/2251/1607
f 3683/2253/1610 3680/2253/1609 3679/2252/1608 3682/2252/1611
f 3689/2246/1612 3685/2247/1613 3687/2248/1614 3688/2249/1615
f 3689/2246/1612 3688/2249/1615 3690/2248/1616 3686/2247/1617
f 3686/2247/1617 3690/2248/1616 3687/2248/1614 3685/2247/1613
f 3692/2250/1618 3694/2253/1619 3695/2252/1620 3696/2251/1621
f 3692/2250/1618 3696/2251/1621 3693/2252/1622 3691/2253/1623
f 3691/2253/1623 3693/2252/1622 3695/2252/1620 3694/2253/1619
g Atomic34.001_meshId120_name.001
v 147.152542 1362.723511 49.464180
v 145.748596 1369.458252 99.999893
v 160.805130 1362.491089 74.732048
v 177.367599 1361.528687 99.999901
v 172.951767 1356.253540 49.464180
vn 0.2414 0.9628 -0.1216
vn 0.2415 0.9628 -0.1216
vt 0.002000 0.860537
vt 0.002000 0.980569
vt 0.484187 0.919208
vt 0.966373 0.980569
vt 0.966373 0.860537
s 0
usemtl obj121.019
f 3697/2254/1624 3698/2255/1624 3699/2256/1624
f 3698/2255/1624 3700/2257/1624 3699/2256/1624
f 3700/2257/1625 3701/2258/1625 3699/2256/1625
f 3699/2256/1624 3701/2258/1624 3697/2254/1624
g Atomic0.015_meshId0_name.003
g Atomic0.016_meshId0_name.004
v 0.000000 -892.075684 0.000028
v 0.000000 -886.075684 0.000028
v 0.000000 -886.075684 300.000031
v 0.000000 -892.075684 300.000031
v -150.000000 -886.075684 0.000028
v -150.000000 -892.075684 0.000028
v -150.000000 -886.075684 300.000031
v -150.000000 -892.075684 300.000031
v -9.191833 -899.687195 142.258621
v -9.191833 -902.687256 142.258636
v -9.191833 -899.687256 72.258652
v -11.789917 -898.187256 72.258652
v -11.789917 -904.187195 142.258636
v -11.789917 -898.187195 142.258621
v -14.388000 -899.687256 142.258621
v -14.388000 -899.687256 72.258652
v -14.388000 -902.687195 142.258636
v -14.388000 -902.687256 72.258652
v -11.789917 -904.187256 72.258652
v -9.191833 -902.687256 72.258652
v -9.191833 -875.464111 142.258621
v -11.789917 -873.964233 142.258621
v -9.191833 -878.464172 142.258621
v -9.191833 -875.464111 72.258652
v -9.191833 -878.464111 72.258652
v -11.789917 -879.964111 72.258652
v -11.789917 -879.964233 142.258621
v -14.388000 -878.464111 72.258652
v -14.388000 -878.464111 142.258621
v -14.388000 -875.464111 72.258652
v -11.789917 -873.964111 72.258652
v -14.388000 -875.464172 142.258621
v -9.953003 -884.075684 161.992569
v -9.015472 -884.075684 158.992569
v -13.369293 -884.075684 161.992569
v -14.104476 -886.075684 162.992569
v -9.217804 -886.075684 162.992569
v -7.967773 -886.075684 158.992569
v -9.217804 -886.075684 154.992569
v -9.953003 -884.075684 155.992569
v -13.369293 -884.075684 155.992569
v -14.104476 -886.075684 154.992569
v -9.953003 -884.075684 58.751514
v -9.015472 -884.075684 55.751518
v -13.369293 -884.075684 58.751514
v -14.104476 -886.075684 59.751511
v -9.217804 -886.075684 59.751511
v -7.967773 -886.075684 55.751518
v -9.217804 -886.075684 51.751518
v -9.953003 -884.075684 52.751514
v -13.369293 -884.075684 52.751514
v -14.104476 -886.075684 51.751518
v -7.967773 -892.075684 158.992569
v -9.217804 -892.075684 162.992569
v -9.015472 -894.075684 158.992569
v -9.217804 -892.075684 154.992569
v -9.953003 -894.075684 155.992569
v -13.369293 -894.075684 155.992569
v -14.104476 -892.075684 154.992569
v -13.369293 -894.075684 161.992569
v -14.104476 -892.075684 162.992569
v -9.953003 -894.075684 161.992569
v -7.967773 -892.075684 55.751518
v -9.217804 -892.075684 59.751511
v -9.015472 -894.075684 55.751518
v -9.217804 -892.075684 51.751518
v -9.953003 -894.075684 52.751514
v -13.369293 -894.075684 52.751514
v -14.104476 -892.075684 51.751518
v -13.369293 -894.075684 58.751514
v -9.953003 -894.075684 58.751514
v -14.104476 -892.075684 59.751511
v -10.289917 -892.075684 131.297501
v -10.289917 -898.730591 131.297501
v -10.289917 -892.075684 128.297501
v -13.289917 -892.075684 131.297501
v -13.289917 -892.075684 128.297501
v -13.289917 -898.730591 128.297501
v -13.289917 -898.730591 131.297501
v -10.289917 -898.730591 128.297501
v -10.289917 -886.075684 131.297501
v -10.289917 -886.075684 128.297501
v -10.289917 -879.420715 131.297501
v -13.289917 -886.075684 131.297501
v -13.289917 -879.420715 128.297501
v -13.289917 -886.075684 128.297501
v -13.289917 -879.420715 131.297501
v -10.289917 -879.420715 128.297501
v -10.289917 -892.075684 85.258652
v -10.289917 -898.730591 85.258652
v -10.289917 -892.075684 82.258652
v -13.289917 -892.075684 85.258652
v -13.289917 -892.075684 82.258652
v -13.289917 -898.730591 82.258652
v -13.289917 -898.730591 85.258652
v -10.289917 -898.730591 82.258652
v -10.289917 -886.075684 85.258652
v -10.289917 -886.075684 82.258652
v -10.289917 -879.420715 85.258652
v -13.289917 -886.075684 85.258652
v -13.289917 -879.420715 82.258652
v -13.289917 -886.075684 82.258652
v -13.289917 -879.420715 85.258652
v -10.289917 -879.420715 82.258652
vn 1.0000 -0.0000 -0.0000
vn -0.0000 1.0000 -0.0000
vn -1.0000 -0.0000 -0.0000
vn -0.0000 -1.0000 -0.0000
vn -0.0000 -0.0000 1.0000
vn 0.7505 0.6609 -0.0000
vn 0.9476 0.3195 0.0002
vn 0.1971 0.9804 -0.0000
vn -0.1971 0.9804 -0.0000
vn -0.7505 0.6609 0.0003
vn -0.9476 0.3195 -0.0000
vn -0.9476 -0.3195 -0.0001
vn -0.1971 -0.9804 -0.0000
vn 0.1971 -0.9804 -0.0000
vn -0.7505 -0.6609 -0.0002
vn 0.9476 -0.3195 0.0002
vn 0.7505 -0.6609 0.0001
vn -0.7505 0.6609 -0.0000
vn 0.9476 -0.3194 -0.0000
vn 0.7505 -0.6609 -0.0000
vn 0.9476 0.3195 -0.0000
vn -0.9476 -0.3195 -0.0000
vn -0.7505 -0.6609 -0.0000
vn -0.0000 0.4472 -0.8944
vn -0.9386 0.3450 -0.0000
vn 0.8537 0.4472 -0.2668
vn 0.8537 0.4472 0.2668
vn -0.0000 0.4472 0.8944
vn -0.0000 -0.4472 -0.8944
vn -0.9386 -0.3450 -0.0000
vn -0.0000 -0.4472 0.8944
vn 0.8537 -0.4472 0.2668
vn 0.8537 -0.4472 -0.2668
vt 0.524000 0.998000
vt 0.524000 0.000000
vt 0.502325 0.000000
vt 0.502325 0.998000
vt 0.003958 0.998000
vt 0.003958 0.000000
vt 0.502325 0.059790
vt 0.502325 0.558291
vt 0.524000 0.558291
vt 0.524000 0.059790
vt 0.645760 0.225399
vt 0.645760 0.000811
vt 0.661599 0.000811
vt 0.661599 0.225399
vt 0.649358 0.251536
vt 0.660484 0.240524
vt 0.649358 0.229512
vt 0.615979 0.240524
vt 0.628763 0.000811
vt 0.615226 0.000811
vt 0.615226 0.225399
vt 0.628763 0.225399
vt 0.627105 0.229512
vt 0.627105 0.251536
vt 0.643334 0.300149
vt 0.643334 0.311274
vt 0.620778 0.311274
vt 0.620778 0.300149
vt 0.655191 0.355920
vt 0.643443 0.355920
vt 0.655082 0.311274
vt 0.660984 0.333578
vt 0.649236 0.333578
vt 0.620794 0.355920
vt 0.643438 0.367284
vt 0.620765 0.367284
vt 0.615001 0.333578
vt 0.621602 0.286641
vt 0.621602 0.270826
vt 0.653829 0.270826
vt 0.653829 0.286641
vt 0.653829 0.299898
vt 0.621602 0.299898
s 0
usemtl door01.002
f 3705/2259/1626 3702/2260/1626 3703/2261/1626 3704/2262/1626
f 3708/2262/1627 3704/2263/1627 3703/2264/1627 3706/2261/1627
f 3708/2262/1628 3706/2261/1628 3707/2260/1628 3709/2259/1628
f 3709/2262/1629 3707/2261/1629 3702/2264/1629 3705/2263/1629
f 3709/2265/1630 3705/2266/1630 3704/2267/1630 3708/2268/1630
s 1
f 3710/2269/1631 3712/2270/1632 3713/2271/1633 3715/2272/1634
s 0
f 3710/2273/1630 3715/2274/1630 3716/2275/1630 3714/2276/1630
s 1
f 3713/2271/1633 3717/2270/1635 3716/2269/1636 3715/2272/1634
f 3719/2277/1637 3720/2278/1638 3714/2279/1639 3718/2280/1640
f 3711/2280/1641 3714/2279/1639 3720/2278/1638 3721/2277/1642
f 3717/2270/1635 3719/2277/1637 3718/2280/1640 3716/2269/1636
s 0
f 3716/2275/1630 3718/2281/1630 3714/2276/1630
f 3714/2276/1630 3711/2282/1630 3710/2273/1630
s 1
f 3721/2277/1642 3712/2270/1632 3710/2269/1631 3711/2280/1641
f 3723/2279/1633 3732/2278/1634 3731/2277/1636 3733/2280/1643
f 3728/2272/1638 3727/2271/1639 3726/2270/1644 3724/2269/1645
f 3725/2277/1631 3732/2278/1634 3723/2279/1633 3722/2280/1646
s 0
f 3728/2274/1630 3724/2273/1630 3722/2282/1630 3733/2281/1630
s 1
f 3722/2280/1646 3724/2269/1645 3726/2270/1644 3725/2277/1631
f 3730/2269/1647 3729/2270/1648 3727/2271/1639 3728/2272/1638
s 0
f 3722/2282/1630 3723/2276/1630 3733/2281/1630
f 3733/2281/1630 3730/2275/1630 3728/2274/1630
s 1
f 3733/2280/1643 3731/2277/1636 3729/2270/1648 3730/2269/1647
s 0
f 3743/2283/1649 3742/2284/1649 3741/2285/1649 3740/2286/1649
f 3737/2287/1650 3736/2288/1650 3742/2284/1650 3743/2289/1650
f 3739/2289/1651 3740/2290/1651 3741/2291/1651 3735/2284/1651
f 3739/2287/1652 3735/2288/1652 3734/2291/1652 3738/2290/1652
f 3734/2292/1653 3736/2288/1653 3737/2293/1653 3738/2294/1653
f 3734/2292/1627 3735/2295/1627 3741/2285/1627
f 3741/2285/1627 3742/2284/1627 3736/2288/1627 3734/2292/1627
f 3744/2292/1653 3746/2288/1653 3747/2293/1653 3748/2294/1653
f 3753/2283/1649 3752/2284/1649 3751/2285/1649 3750/2286/1649
f 3751/2285/1627 3752/2284/1627 3746/2288/1627 3745/2295/1627
f 3747/2287/1650 3746/2288/1650 3752/2284/1650 3753/2289/1650
f 3749/2287/1652 3745/2288/1652 3744/2291/1652 3748/2290/1652
f 3746/2288/1627 3744/2292/1627 3745/2295/1627
f 3749/2289/1651 3750/2290/1651 3751/2291/1651 3745/2284/1651
f 3760/2283/1654 3757/2286/1654 3758/2285/1654 3759/2284/1654
f 3760/2289/1655 3759/2284/1655 3761/2288/1655 3762/2287/1655
f 3761/2288/1629 3759/2284/1629 3758/2285/1629 3756/2295/1629
f 3762/2293/1656 3761/2288/1656 3763/2292/1656 3755/2294/1656
f 3763/2291/1657 3756/2288/1657 3754/2287/1657 3755/2290/1657
f 3756/2295/1629 3763/2292/1629 3761/2288/1629
f 3758/2291/1658 3757/2290/1658 3754/2289/1658 3756/2284/1658
f 3770/2283/1654 3767/2286/1654 3768/2285/1654 3769/2284/1654
f 3771/2288/1655 3773/2287/1655 3770/2289/1655 3769/2284/1655
f 3772/2291/1657 3766/2288/1657 3764/2287/1657 3765/2290/1657
f 3773/2293/1656 3771/2288/1656 3772/2292/1656 3765/2294/1656
f 3771/2288/1629 3769/2284/1629 3768/2285/1629 3766/2295/1629
f 3766/2295/1629 3772/2292/1629 3771/2288/1629
f 3768/2291/1658 3767/2290/1658 3764/2289/1658 3766/2284/1658
f 3777/2296/1628 3778/2297/1628 3779/2298/1628 3780/2299/1628
f 3780/2300/1630 3775/2299/1630 3774/2296/1630 3777/2301/1630
f 3781/2298/1626 3776/2297/1626 3774/2296/1626 3775/2299/1626
f 3786/2298/1628 3787/2297/1628 3785/2296/1628 3788/2299/1628
f 3788/2300/1630 3785/2301/1630 3782/2296/1630 3784/2299/1630
f 3789/2298/1626 3784/2299/1626 3782/2296/1626 3783/2297/1626
f 3793/2296/1628 3794/2297/1628 3795/2298/1628 3796/2299/1628
f 3796/2300/1630 3791/2299/1630 3790/2296/1630 3793/2301/1630
f 3797/2298/1626 3792/2297/1626 3790/2296/1626 3791/2299/1626
f 3802/2298/1628 3803/2297/1628 3801/2296/1628 3804/2299/1628
f 3804/2300/1630 3801/2301/1630 3798/2296/1630 3800/2299/1630
f 3805/2298/1626 3800/2299/1626 3798/2296/1626 3799/2297/1626
g Atomic2.006_meshId2_name.003
v 150.000000 -892.075684 300.000031
v 150.000000 -886.075623 300.000031
v 150.000000 -886.075684 0.000028
v 150.000000 -892.075684 0.000029
v 0.000000 -892.075684 300.000031
v 0.000000 -886.075562 300.000031
v 0.000000 -892.075684 0.000029
v 0.000000 -886.075684 0.000028
v 14.388000 -899.687256 72.258652
v 14.388000 -899.687256 142.258621
v 14.388000 -902.687256 72.258652
v 11.789917 -898.187256 72.258652
v 11.789917 -898.187195 142.258621
v 11.789917 -904.187195 142.258636
v 9.191833 -899.687195 142.258621
v 14.388000 -902.687195 142.258636
v 11.789917 -904.187256 72.258652
v 9.191833 -902.687256 72.258652
v 9.191833 -902.687256 142.258636
v 9.191833 -899.687256 72.258652
v 14.388000 -878.464111 142.258621
v 14.388000 -875.464172 142.258621
v 11.789917 -879.964233 142.258621
v 14.388000 -878.464111 72.258652
v 14.388000 -875.464111 72.258652
v 11.789917 -873.964111 72.258652
v 11.789917 -873.964233 142.258621
v 9.191833 -875.464111 72.258652
v 9.191833 -875.464111 142.258621
v 9.191833 -878.464111 72.258652
v 9.191833 -878.464172 142.258621
v 11.789917 -879.964111 72.258652
v 13.289917 -898.730591 131.297501
v 13.289917 -898.730591 128.297501
v 13.289917 -892.075684 131.297501
v 10.289917 -898.730591 131.297501
v 10.289917 -892.075684 131.297501
v 10.289917 -898.730591 128.297501
v 10.289917 -892.075684 128.297501
v 13.289917 -892.075684 128.297501
v 13.289917 -879.420715 131.297501
v 13.289917 -886.075684 131.297501
v 13.289917 -879.420715 128.297501
v 10.289917 -879.420715 131.297501
v 10.289917 -886.075684 131.297501
v 10.289917 -886.075684 128.297501
v 10.289917 -879.420715 128.297501
v 13.289917 -886.075684 128.297501
v 13.289917 -898.730591 85.258652
v 13.289917 -898.730591 82.258652
v 13.289917 -892.075684 85.258652
v 10.289917 -898.730591 85.258652
v 10.289917 -892.075684 85.258652
v 10.289917 -898.730591 82.258652
v 10.289917 -892.075684 82.258652
v 13.289917 -892.075684 82.258652
v 13.289917 -879.420715 85.258652
v 13.289917 -886.075684 85.258652
v 13.289917 -879.420715 82.258652
v 10.289917 -879.420715 85.258652
v 10.289917 -886.075684 85.258652
v 10.289917 -886.075684 82.258652
v 10.289917 -879.420715 82.258652
v 13.289917 -886.075684 82.258652
vn -0.0000 -0.0000 1.0000
vn -0.0000 1.0000 -0.0000
vn 1.0000 -0.0000 -0.0000
vn -1.0000 -0.0000 -0.0000
vn -0.0000 -1.0000 -0.0000
vn 0.1971 0.9804 -0.0000
vn 0.9476 0.3195 -0.0000
vn 0.7505 0.6609 -0.0000
vn -0.1971 0.9804 -0.0000
vn -0.7505 0.6609 -0.0000
vn -0.9476 0.3195 -0.0000
vn -0.9476 -0.3195 -0.0000
vn -0.7505 -0.6609 -0.0000
vn 0.1971 -0.9804 -0.0000
vn -0.1971 -0.9804 -0.0000
vn 0.9476 -0.3195 -0.0000
vn 0.7505 -0.6609 -0.0000
vn -0.9476 0.3195 0.0002
vn -0.7505 -0.6609 -0.0001
vn -0.9476 -0.3194 -0.0001
vn 0.7505 0.6609 0.0001
vn 0.9476 0.3195 -0.0001
vn 0.7505 -0.6609 0.0002
vn 0.9476 -0.3195 0.0002
vt 0.524000 0.059790
vt 0.524000 0.558291
vt 0.502325 0.558291
vt 0.502325 0.059790
vt 0.003958 0.998000
vt 0.502325 0.998000
vt 0.502325 0.000000
vt 0.003958 0.000000
vt 0.524000 0.000000
vt 0.524000 0.998000
vt 0.661599 0.225399
vt 0.645760 0.225399
vt 0.645760 0.000811
vt 0.661599 0.000811
vt 0.649358 0.229512
vt 0.660484 0.240524
vt 0.649358 0.251536
vt 0.615979 0.240524
vt 0.628763 0.225399
vt 0.628763 0.000811
vt 0.615226 0.000811
vt 0.615226 0.225399
vt 0.627105 0.251536
vt 0.627105 0.229512
vt 0.653829 0.270826
vt 0.653829 0.286641
vt 0.621602 0.286641
vt 0.621602 0.270826
vt 0.653829 0.299898
vt 0.621602 0.299898
s 0
usemtl door011
f 3807/2302/1659 3811/2303/1659 3810/2304/1659 3806/2305/1659
f 3811/2306/1660 3807/2307/1660 3808/2308/1660 3813/2309/1660
f 3809/2310/1661 3808/2308/1661 3807/2307/1661 3806/2311/1661
f 3811/2307/1662 3813/2308/1662 3812/2310/1662 3810/2311/1662
f 3812/2309/1663 3809/2308/1663 3806/2307/1663 3810/2306/1663
s 1
f 3818/2312/1664 3815/2313/1665 3814/2314/1666 3817/2315/1667
s 0
f 3815/2316/1659 3818/2317/1659 3820/2318/1659 3819/2319/1659
s 1
f 3820/2313/1668 3818/2312/1664 3817/2315/1667 3825/2314/1669
f 3824/2320/1670 3823/2321/1671 3822/2322/1672 3819/2323/1673
f 3819/2323/1673 3822/2322/1672 3816/2321/1674 3821/2320/1675
f 3820/2313/1668 3825/2314/1669 3823/2321/1671 3824/2320/1670
s 0
f 3820/2318/1659 3824/2324/1659 3819/2319/1659
f 3819/2319/1659 3821/2325/1659 3815/2316/1659
s 1
f 3821/2320/1675 3816/2321/1674 3814/2314/1666 3815/2313/1665
f 3833/2321/1668 3834/2320/1676 3832/2323/1667 3831/2322/1664
f 3828/2312/1672 3836/2313/1677 3835/2314/1678 3837/2315/1673
s 0
f 3834/2324/1659 3836/2318/1659 3828/2317/1659 3827/2325/1659
s 1
f 3832/2323/1667 3827/2320/1679 3830/2321/1680 3831/2322/1664
f 3834/2320/1676 3833/2321/1668 3835/2314/1678 3836/2313/1677
f 3837/2315/1673 3829/2314/1681 3826/2313/1682 3828/2312/1672
s 0
f 3827/2325/1659 3832/2319/1659 3834/2324/1659
f 3828/2317/1659 3826/2316/1659 3827/2325/1659
s 1
f 3829/2314/1681 3830/2321/1680 3827/2320/1679 3826/2313/1682
s 0
f 3843/2326/1662 3841/2327/1662 3842/2328/1662 3844/2329/1662
f 3842/2328/1659 3841/2327/1659 3838/2330/1659 3840/2331/1659
f 3845/2329/1661 3840/2328/1661 3838/2327/1661 3839/2326/1661
f 3852/2326/1662 3851/2329/1662 3850/2328/1662 3849/2327/1662
f 3850/2328/1659 3847/2331/1659 3846/2330/1659 3849/2327/1659
f 3853/2329/1661 3848/2326/1661 3846/2327/1661 3847/2328/1661
f 3859/2326/1662 3857/2327/1662 3858/2328/1662 3860/2329/1662
f 3858/2328/1659 3857/2327/1659 3854/2330/1659 3856/2331/1659
f 3861/2329/1661 3856/2328/1661 3854/2327/1661 3855/2326/1661
f 3868/2326/1662 3867/2329/1662 3866/2328/1662 3865/2327/1662
f 3866/2328/1659 3863/2331/1659 3862/2330/1659 3865/2327/1659
f 3869/2329/1661 3864/2326/1661 3862/2327/1661 3863/2328/1661
g Atomic4.009_meshId4_name.003
v 169.281921 -904.075684 320.000031
v 169.281921 -904.075684 0.000030
v 169.281921 -879.075684 320.000031
v 169.281921 -879.075684 0.000028
v 149.281921 -904.075684 300.000031
v 149.281921 -904.075684 0.000030
v 149.281921 -879.075684 300.000031
v 149.281921 -879.075684 0.000028
v -150.718079 -879.075684 300.000031
v -170.718079 -879.075684 320.000031
v -150.718079 -904.075684 300.000031
v -170.718079 -904.075684 320.000031
v -170.718079 -904.075684 0.000030
v -170.718079 -879.075684 0.000028
v -150.718079 -904.075684 0.000030
v -150.718079 -879.075684 0.000028
vn -0.0000 1.0000 -0.0000
vn -0.0000 -1.0000 -0.0000
vn 1.0000 -0.0000 -0.0000
vn -0.0000 -0.0000 1.0000
vn -1.0000 -0.0000 -0.0000
vt 0.947264 0.001585
vt 0.896467 0.750000
vt 0.947264 0.800000
vt 0.998121 0.850000
vt 0.949932 0.050000
vt 0.998120 0.000000
vt 0.896467 0.009512
vt 0.896467 0.849499
vt 0.849443 0.849499
vt 0.849443 0.009512
vt 0.849443 0.849499
vt 0.849443 0.001585
vt 0.896467 0.001585
vt 0.896468 0.849499
vt 0.896468 0.771523
vt 0.849443 0.771523
vt 0.849443 0.009512
vt 0.949933 0.800000
vt 0.849443 0.771523
vt 0.896467 0.771523
vt 0.947264 0.001585
vt 0.896467 0.750000
vt 0.947264 0.800000
vt 0.896467 0.001585
s 0
usemtl door02.002
f 3873/2332/1683 3876/2333/1683 3872/2334/1683
f 3881/2335/1684 3874/2336/1684 3870/2337/1684
f 3873/2338/1685 3872/2339/1685 3870/2340/1685 3871/2341/1685
f 3881/2342/1686 3870/2343/1686 3872/2344/1686 3879/2345/1686
f 3885/2338/1685 3878/2346/1685 3880/2347/1685 3884/2348/1685
f 3879/2335/1683 3876/2336/1683 3878/2349/1683
f 3874/2333/1684 3871/2332/1684 3870/2334/1684
f 3875/2341/1687 3874/2350/1687 3876/2351/1687 3877/2338/1687
f 3882/2352/1684 3880/2353/1684 3881/2354/1684
f 3883/2352/1683 3878/2353/1683 3885/2344/1683
f 3873/2332/1683 3877/2355/1683 3876/2333/1683
f 3881/2335/1684 3880/2349/1684 3874/2336/1684
f 3879/2335/1683 3872/2337/1683 3876/2336/1683
f 3874/2333/1684 3875/2355/1684 3871/2332/1684
f 3882/2352/1684 3884/2344/1684 3880/2353/1684
f 3883/2352/1683 3879/2354/1683 3878/2353/1683
f 3879/2345/1687 3883/2338/1687 3882/2348/1687 3881/2342/1687
g Atomic2.012_meshId8_name.002
v -1549.985229 1799.984497 599.999878
v -1507.056274 1842.913452 599.999878
v -1549.985229 1799.984497 -0.000123
v -1507.056274 1842.913452 -0.000126
v -907.056152 -1107.086548 0.000097
v -907.056152 -1107.086548 150.000092
v -949.985291 -1150.015747 0.000100
v -907.056152 -1107.086548 600.000061
v -949.985291 -1150.015869 600.000061
vn -0.7071 0.7071 -0.0000
vn 0.7071 -0.7071 -0.0000
vt 0.195936 11.869820
vt 0.195935 5.869820
vt 0.803042 5.869820
vt 0.803043 11.869820
vt 0.743438 6.190190
vt 0.743438 7.690190
vt 0.236329 6.190190
vt 0.743440 12.190190
vt 0.236330 12.190190
s 0
usemtl wall03.002
f 3887/2356/1688 3889/2357/1688 3888/2358/1688 3886/2359/1688
f 3890/2360/1689 3891/2361/1689 3892/2362/1689
f 3891/2361/1689 3893/2363/1689 3892/2362/1689
f 3892/2362/1689 3893/2363/1689 3894/2364/1689
g Atomic2.018_meshId14_name.002
g Atomic0.018_meshId0_name.008
v -343.224915 -685.580261 111.028885
v -343.224915 -685.580261 112.028885
v -343.224915 -723.746460 111.028885
v -343.224915 -724.368713 112.028885
v -343.224915 -725.070801 108.338898
v -343.224915 -726.070801 108.571724
v -343.224915 -725.070801 103.718880
v -343.224915 -726.070801 103.486053
v -343.224915 -723.746460 101.028885
v -343.224915 -724.368713 100.028885
v -343.224915 -685.580261 101.028885
v -343.224915 -685.580261 100.028885
v -394.213989 -724.368713 112.028885
v -394.213989 -685.580261 112.028885
v -394.213989 -685.580261 111.028885
v -394.213989 -723.746460 111.028885
v -394.213989 -725.070801 108.338898
v -394.213989 -725.070801 103.718880
v -394.213989 -723.746460 101.028893
v -394.213989 -724.368713 100.028893
v -394.213989 -726.070801 103.486053
v -394.213989 -685.580261 101.028885
v -394.213989 -685.580261 100.028885
v -394.213989 -726.070801 108.571724
v -345.384521 -723.746460 111.028885
v -345.380951 -687.561584 111.028885
v -345.380951 -687.561584 101.028885
v -392.057953 -687.561584 111.028885
v -392.057953 -687.561584 101.028885
v -392.054382 -723.746460 111.028885
v -392.054382 -723.746460 101.028885
v -345.384521 -723.746460 101.028885
v -380.945251 -664.090698 100.028885
v -381.945251 -665.090698 103.028885
v -380.945251 -676.090698 100.028885
v -387.945251 -664.090698 100.028885
v -386.945251 -665.090698 103.028885
v -386.945251 -675.090698 103.028885
v -381.945251 -675.090698 103.028885
v -387.945251 -676.090698 100.028885
v -382.646545 -672.424805 103.028885
v -382.646545 -672.424805 105.028885
v -383.552673 -673.994263 103.028885
v -383.552673 -670.855347 105.028885
v -383.552673 -670.855347 103.028885
v -385.364929 -670.855347 103.028885
v -385.364929 -670.855347 105.028885
v -386.271057 -672.424805 105.028885
v -385.364929 -673.994263 105.028885
v -383.552673 -673.994263 105.028885
v -386.271057 -672.424805 103.028885
v -385.364929 -673.994263 103.028885
v -395.938568 -653.592651 138.351395
v -386.519897 -667.335083 109.784561
v -386.501770 -664.739136 109.169228
v -383.874237 -668.289978 102.854370
v -386.282715 -666.643738 110.558472
v -384.352386 -668.809448 102.815895
v -386.760864 -666.185303 110.311020
v -384.352386 -667.831543 102.606934
v -387.239044 -666.704834 110.272560
v -384.830536 -668.351074 102.568459
v -386.760864 -667.163208 110.519997
vn -0.0000 -0.9966 -0.0824
vn -0.0001 -0.9966 -0.0823
vn -0.0000 -0.9966 0.0824
vn -0.0000 -0.9966 0.0822
vn -0.0000 -0.0000 1.0000
vn -0.0000 -0.0000 -1.0000
vn -0.0000 0.9974 -0.0715
vn 0.0001 0.9974 0.0715
vn -0.0000 0.9974 0.0715
vn 1.0000 -0.0000 -0.0000
vn -0.0000 1.0000 -0.0000
vn -1.0000 -0.0000 -0.0000
vn -0.0000 -1.0000 -0.0000
vn -1.0000 -0.0001 -0.0000
vn 1.0000 -0.0001 -0.0000
vn -0.0000 0.9487 0.3162
vn 0.9487 -0.0000 0.3162
vn -0.0000 -0.9487 0.3162
vn -0.9487 -0.0000 0.3162
vn 0.3274 0.9449 -0.0000
vn 0.6546 0.7560 -0.0000
vn 0.9820 -0.1890 -0.0000
vn 0.9820 0.1889 -0.0000
vn -0.9820 0.1890 -0.0000
vn -0.3274 0.9449 -0.0000
vn -0.6547 0.7559 -0.0000
vn -0.9820 -0.1889 -0.0000
vn -0.3273 -0.9449 -0.0000
vn -0.6546 -0.7560 -0.0000
vn 0.3273 -0.9449 -0.0000
vn 0.6547 -0.7559 -0.0000
vn 0.9563 0.0611 0.2859
vn 0.9014 -0.2689 0.3393
vn -0.3192 -0.9422 0.1015
vn 0.3192 -0.9014 0.2924
vn 0.9014 0.3841 0.1997
vn -0.9014 -0.3841 -0.1997
vn -0.9014 0.2689 -0.3393
vn 0.3193 0.9422 -0.1015
vn -0.3192 0.9015 -0.2924
vt 0.041210 0.003647
vt 0.089107 0.003647
vt 0.089107 0.456480
vt 0.041210 0.456480
vt 0.825956 0.003560
vt 0.825956 0.258660
vt 0.519254 0.258660
vt 0.519254 0.003560
vt 0.497020 0.456480
vt 0.497020 0.003647
vt 0.125378 0.003647
vt 0.125378 0.456480
vt 0.497020 0.456480
vt 0.125378 0.456480
vt 0.497020 0.003647
vt 0.825956 0.276132
vt 0.825956 0.306139
vt 0.519254 0.306139
vt 0.519254 0.276132
vt 0.881984 0.315120
vt 0.881968 0.315189
vt 0.881649 0.315189
vt 0.519254 0.323611
vt 0.825956 0.323611
vt 0.881439 0.318213
vt 0.881455 0.318144
vt 0.881773 0.318144
vt 0.003797 0.456480
vt 0.003797 0.003647
vt 0.881866 0.317798
vt 0.881797 0.317798
vt 0.881797 0.314543
vt 0.881866 0.314543
vt 0.882153 0.317911
vt 0.882153 0.315280
vt 0.882222 0.315237
vt 0.882222 0.317911
vt 0.825956 0.003560
vt 0.519254 0.003560
vt 0.519254 0.258660
vt 0.882028 0.315422
vt 0.882028 0.318096
vt 0.881959 0.318053
vt 0.881959 0.315422
vt 0.881395 0.315237
vt 0.881633 0.315120
vt 0.881269 0.315422
vt 0.881269 0.318053
vt 0.881201 0.318096
vt 0.881201 0.315422
vt 0.881464 0.315280
vt 0.881789 0.318213
vt 0.881464 0.317911
vt 0.881395 0.317911
vt 0.881585 0.317798
vt 0.881516 0.317798
vt 0.881516 0.314543
vt 0.881585 0.314543
vt 0.991599 0.452498
vt 0.991599 0.332729
vt 0.582657 0.332729
vt 0.582657 0.452498
vt 0.582658 0.332729
vt 0.582658 0.452498
vt 0.505861 0.452498
vt 0.505861 0.332729
vt 0.948621 0.315582
vt 0.948621 0.319953
vt 0.944251 0.319953
vt 0.944251 0.315582
vt 0.948257 0.315582
vt 0.948257 0.319953
vt 0.947529 0.319953
vt 0.947529 0.315582
vt 0.945343 0.319953
vt 0.944615 0.319953
vt 0.944615 0.315582
vt 0.945343 0.315582
vt 0.943886 0.319953
vt 0.943886 0.315582
vt 0.946072 0.315582
vt 0.946072 0.319953
vt 0.946800 0.319953
vt 0.946800 0.315582
vt 0.946436 0.319953
vt 0.920451 0.006511
vt 0.944604 0.005982
vt 0.990552 0.295851
vt 0.876315 0.126495
vt 0.873028 0.126495
vt 0.873028 0.004564
vt 0.876315 0.004564
vt 0.869741 0.004564
vt 0.869741 0.126495
vt 0.866454 0.126495
vt 0.866454 0.004564
vt 0.863166 0.126495
vt 0.863166 0.004564
s 1
usemtl floor03.002
f 3902/2365/1690 3900/2366/1691 3918/2367/1692 3915/2368/1693
s 0
f 3916/2369/1694 3913/2370/1694 3903/2371/1694 3905/2372/1694
f 3917/2373/1695 3906/2374/1695 3904/2375/1695 3914/2376/1695
f 3908/2377/1694 3907/2378/1694 3898/2375/1694 3896/2379/1694
s 1
f 3912/2380/1696 3911/2381/1696 3899/2382/1697 3901/2383/1698
s 0
f 3902/2384/1699 3901/2385/1699 3899/2386/1699
s 1
f 3897/2387/1700 3899/2382/1697 3911/2381/1696 3910/2388/1700
s 0
f 3918/2389/1701 3911/2390/1701 3912/2391/1701
s 1
f 3915/2368/1693 3914/2392/1702 3904/2393/1702 3902/2365/1690
s 0
f 3909/2394/1700 3908/2395/1700 3896/2396/1700 3895/2397/1700
s 1
f 3907/2378/1702 3918/2367/1692 3900/2366/1691 3898/2375/1702
s 0
f 3905/2398/1699 3903/2399/1699 3904/2400/1699 3906/2401/1699
f 3909/2402/1695 3895/2403/1695 3897/2404/1695 3910/2370/1695
s 1
f 3901/2383/1698 3903/2371/1700 3913/2370/1700 3912/2380/1696
s 0
f 3917/2405/1701 3914/2406/1701 3913/2407/1701 3916/2408/1701
f 3898/2409/1699 3900/2410/1699 3902/2384/1699
f 3909/2411/1701 3910/2412/1701 3907/2413/1701 3908/2414/1701
f 3899/2386/1699 3897/2415/1699 3898/2409/1699
f 3899/2386/1699 3898/2409/1699 3902/2384/1699
f 3910/2412/1701 3911/2390/1701 3918/2389/1701 3907/2413/1701
f 3914/2406/1701 3915/2416/1701 3918/2389/1701
f 3897/2415/1699 3895/2417/1699 3896/2418/1699 3898/2409/1699
f 3912/2391/1701 3913/2407/1701 3914/2406/1701
f 3903/2399/1699 3901/2385/1699 3902/2384/1699 3904/2400/1699
f 3912/2391/1701 3914/2406/1701 3918/2389/1701
f 3917/2419/1700 3916/2420/1700 3905/2421/1700 3906/2422/1700
f 3922/2423/1703 3923/2424/1703 3925/2425/1703 3924/2426/1703
f 3926/2427/1704 3921/2424/1704 3920/2423/1704 3919/2428/1704
f 3923/2424/1700 3922/2423/1700 3920/2429/1700 3921/2430/1700
f 3930/2431/1705 3931/2432/1705 3928/2433/1705 3927/2434/1705
f 3933/2433/1706 3929/2434/1706 3927/2431/1706 3928/2432/1706
f 3929/2431/1707 3933/2432/1707 3932/2433/1707 3934/2434/1707
f 3930/2434/1708 3934/2431/1708 3932/2432/1708 3931/2433/1708
f 3928/2432/1694 3931/2433/1694 3932/2434/1694 3933/2431/1694
s 1
f 3939/2435/1709 3938/2436/1710 3936/2437/1711 3935/2438/1712
f 3942/2439/1713 3941/2440/1714 3940/2441/1715 3945/2442/1716
f 3940/2441/1715 3941/2440/1714 3938/2443/1710 3939/2444/1709
f 3946/2445/1717 3943/2446/1718 3942/2439/1713 3945/2442/1716
f 3936/2437/1711 3944/2447/1719 3937/2448/1720 3935/2438/1712
s 0
f 3936/2449/1694 3938/2443/1694 3941/2440/1694 3943/2446/1694
f 3941/2440/1694 3942/2439/1694 3943/2446/1694
f 3943/2446/1694 3944/2447/1694 3936/2449/1694
s 1
f 3944/2447/1719 3943/2446/1718 3946/2445/1717 3937/2448/1720
s 0
f 3948/2450/1721 3949/2451/1721 3947/2452/1721
s 1
f 3951/2453/1722 3957/2454/1723 3952/2455/1724 3950/2456/1725
f 3956/2457/1726 3955/2458/1727 3953/2459/1728 3954/2460/1729
f 3953/2459/1728 3951/2461/1722 3950/2462/1725 3954/2460/1729
f 3957/2454/1723 3955/2458/1727 3956/2457/1726 3952/2455/1724
g Atomic2.020_meshId2_name.005
v -149.016663 417.763275 67.988007
v -84.691429 482.088501 67.988014
v -149.016663 417.763275 134.028717
v -84.691429 482.088531 134.028717
vn 0.7071 -0.7071 -0.0000
vt 0.453456 0.673384
vt 0.453456 0.996305
vt 0.008034 0.996305
vt 0.008035 0.673384
s 0
usemtl obj15.002
f 3959/2463/1730 3961/2464/1730 3960/2465/1730 3958/2466/1730
g Atomic22.027_meshId77_name.092
v 164.123840 1841.789307 49.999863
v 164.123810 1814.047241 49.999859
v 136.381973 1841.789307 49.999863
v 164.123840 1841.789429 45.999863
v 136.381989 1841.789429 45.999863
v 164.123810 1814.047363 45.999859
v 136.381989 1814.047363 45.999859
v 136.381973 1814.047241 49.999859
vn 0.5773 -0.5774 0.5774
vn 0.5774 0.5773 0.5773
vn -0.5774 0.5773 0.5773
vn -0.5773 -0.5774 0.5774
vn 0.7071 -0.7071 -0.0000
vn 0.7071 0.7071 -0.0000
vn -0.7071 0.7071 -0.0000
vn -0.7071 -0.7071 -0.0000
vt 0.752273 0.733913
vt 0.231410 0.744674
vt 0.853078 0.648809
vt 0.139259 0.651499
s 1
usemtl obj101.005
f 3963/2467/1731 3962/2467/1732 3964/2468/1733 3969/2468/1734
f 3962/2467/1732 3963/2467/1731 3967/2469/1735 3965/2469/1736
f 3962/2467/1732 3965/2469/1736 3966/2470/1737 3964/2468/1733
f 3968/2470/1738 3967/2469/1735 3963/2467/1731 3969/2468/1734
f 3964/2468/1733 3966/2470/1737 3968/2470/1738 3969/2468/1734
g Atomic22.028_meshId77_name.093
v 63.909756 1813.833618 49.999863
v 36.167892 1813.833740 49.999863
v 63.909756 1813.833496 45.999863
v 63.909729 1786.091797 49.999863
v 36.167892 1786.091797 49.999863
v 63.909729 1786.091797 45.999863
v 36.167892 1786.091797 45.999863
v 36.167892 1813.833496 45.999863
vn -0.7071 0.7071 -0.0000
vn -0.5773 0.5774 0.5773
vn 0.5774 0.5774 0.5773
vn 0.7071 0.7071 -0.0000
vn -0.5774 -0.5774 0.5774
vn 0.5773 -0.5774 0.5774
vn 0.7071 -0.7071 -0.0000
vn -0.7071 -0.7071 -0.0000
vt 0.139259 0.651499
vt 0.231410 0.744674
vt 0.752273 0.733913
vt 0.853078 0.648809
s 1
usemtl obj101.005
f 3977/2471/1739 3971/2472/1740 3970/2473/1741 3972/2474/1742
f 3970/2473/1741 3971/2472/1740 3974/2472/1743 3973/2473/1744
f 3973/2473/1744 3975/2474/1745 3972/2474/1742 3970/2473/1741
f 3973/2473/1744 3974/2472/1743 3976/2471/1746 3975/2474/1745
f 3977/2471/1739 3976/2471/1746 3974/2472/1743 3971/2472/1740
g Atomic22.029_meshId77_name.094
v 164.454620 1816.044312 -0.000141
v 161.610138 1819.886230 45.999863
v 165.081665 1813.089600 -0.000138
v 162.127106 1813.716675 -0.000134
v 158.285126 1816.561279 45.999859
v 162.505951 1815.665405 45.999863
vn -0.9422 -0.3299 -0.0583
vn -0.9682 -0.2413 -0.0659
vn 0.2413 0.9682 -0.0659
vn 0.3299 0.9422 -0.0583
vn 0.7049 -0.7049 0.0789
vt 0.187275 0.007487
vt 0.187275 0.603991
vt 0.186017 0.603991
vt 0.186017 0.007487
vt 0.003102 0.603991
vt 0.003102 0.007487
s 1
usemtl obj101.005
f 3981/2475/1747 3982/2476/1748 3979/2477/1749 3978/2478/1750
f 3983/2479/1751 3980/2480/1751 3978/2475/1750 3979/2476/1749
f 3983/2479/1751 3982/2476/1748 3981/2475/1747 3980/2480/1751
g Atomic22.030_meshId77_name.095
v 163.397827 1840.993042 10.061041
v 163.231720 1840.993042 13.061041
v 163.397827 1814.843506 10.061039
v 163.231720 1814.843506 13.061039
vn 0.9985 -0.0000 0.0553
vn -0.9985 -0.0000 -0.0553
vt 0.274607 0.148693
vt 0.274607 0.545963
vt 0.217831 0.545963
vt 0.217831 0.148693
s 0
usemtl obj101.005
f 3985/2481/1752 3987/2482/1752 3986/2483/1752 3984/2484/1752
f 3986/2483/1753 3987/2482/1753 3985/2481/1753 3984/2484/1753
g Atomic22.031_meshId77_name.096
v 162.199524 1839.130127 38.999866
v 161.794159 1839.130127 45.999863
v 162.199524 1816.706543 38.999863
v 161.794159 1816.706543 45.999863
vn 0.9983 -0.0000 0.0578
vt 0.992149 0.657801
vt 0.992149 0.729648
vt 0.855827 0.729648
vt 0.855827 0.657801
s 0
usemtl obj101.005
f 3989/2485/1754 3991/2486/1754 3990/2487/1754 3988/2488/1754
g Atomic22.032_meshId77_name.097
v 162.127106 1842.120117 -0.000142
v 158.285095 1839.275757 45.999863
v 165.081696 1842.747070 -0.000138
v 164.454620 1839.792725 -0.000135
v 161.610107 1835.950684 45.999863
v 162.505920 1840.171387 45.999863
vn 0.2413 -0.9682 -0.0659
vn -0.9682 0.2413 -0.0660
vn -0.9422 0.3299 -0.0583
vn 0.3299 -0.9422 -0.0583
vn 0.7049 0.7049 0.0789
vt 0.187275 0.603991
vt 0.186017 0.603991
vt 0.186017 0.007487
vt 0.187275 0.007487
vt 0.003102 0.603991
vt 0.003102 0.007487
s 1
usemtl obj101.005
f 3996/2489/1755 3993/2490/1756 3992/2491/1757 3995/2492/1758
f 3997/2493/1759 3994/2494/1759 3992/2492/1757 3993/2489/1756
f 3997/2493/1759 3996/2489/1755 3995/2492/1758 3994/2494/1759
g Atomic22.033_meshId77_name.098
v 163.327789 1840.897217 13.061044
v 163.327789 1841.063232 10.061045
v 137.178009 1840.897217 13.061044
v 137.178009 1841.063232 10.061045
vn -0.0000 0.9985 0.0552
vn -0.0000 -0.9985 -0.0552
vt 0.217831 0.545963
vt 0.217831 0.148693
vt 0.274607 0.148693
vt 0.274607 0.545963
s 0
usemtl obj101.005
f 3999/2495/1760 4001/2496/1760 4000/2497/1760 3998/2498/1760
f 3998/2498/1761 4000/2497/1761 4001/2496/1761 3999/2495/1761
g Atomic22.034_meshId77_name.099
v 163.327789 1814.939331 13.061035
v 163.327789 1814.773315 10.061035
v 137.178009 1814.939331 13.061035
v 137.178009 1814.773315 10.061035
vn -0.0000 0.9985 -0.0553
vn -0.0000 -0.9985 0.0553
vt 0.217831 0.148693
vt 0.217831 0.545963
vt 0.274607 0.545963
vt 0.274607 0.148693
s 0
usemtl obj101.005
f 4003/2499/1762 4005/2500/1762 4004/2501/1762 4002/2502/1762
f 4002/2502/1763 4004/2501/1763 4005/2500/1763 4003/2499/1763
g Atomic22.035_meshId77_name.100
v 161.464737 1839.459595 45.999863
v 161.464737 1839.864990 38.999866
v 139.041046 1839.459595 45.999863
v 139.041046 1839.864990 38.999866
vn -0.0000 0.9983 0.0578
vt 0.855827 0.729648
vt 0.855827 0.657801
vt 0.992149 0.657801
vt 0.992149 0.729648
s 0
usemtl obj101.005
f 4007/2503/1764 4009/2504/1764 4008/2505/1764 4006/2506/1764
g Atomic22.036_meshId77_name.101
v 161.464737 1815.971802 38.999859
v 161.464737 1816.377075 45.999863
v 139.041046 1815.971802 38.999859
v 139.041046 1816.377075 45.999863
vn -0.0000 -0.9983 0.0578
vt 0.992149 0.657801
vt 0.992149 0.729648
vt 0.855827 0.729648
vt 0.855827 0.657801
s 0
usemtl obj101.005
f 4011/2507/1765 4013/2508/1765 4012/2509/1765 4010/2510/1765
g Atomic22.037_meshId77_name.102
v 142.220703 1816.561279 45.999863
v 138.378723 1813.716675 -0.000134
v 138.895676 1819.886230 45.999863
v 137.999847 1815.665405 45.999863
v 135.424103 1813.089600 -0.000138
v 136.051208 1816.044312 -0.000141
vn 0.9422 -0.3299 -0.0583
vn -0.3299 0.9422 -0.0583
vn -0.2413 0.9682 -0.0659
vn 0.9682 -0.2413 -0.0659
vn -0.7049 -0.7049 0.0789
vt 0.186017 0.007487
vt 0.187275 0.007487
vt 0.187275 0.603991
vt 0.186017 0.603991
vt 0.003102 0.603991
vt 0.003102 0.007487
s 1
usemtl obj101.005
f 4015/2511/1766 4019/2512/1767 4016/2513/1768 4014/2514/1769
f 4017/2515/1770 4018/2516/1770 4015/2512/1766 4014/2513/1769
f 4019/2512/1767 4018/2516/1770 4017/2515/1770 4016/2513/1768
g Atomic22.038_meshId77_name.103
v 138.895676 1835.950684 45.999863
v 136.051208 1839.792725 -0.000135
v 142.220703 1839.275757 45.999863
v 137.999847 1840.171387 45.999863
v 135.424118 1842.747070 -0.000138
v 138.378723 1842.120117 -0.000142
vn 0.9422 0.3299 -0.0583
vn 0.9682 0.2413 -0.0659
vn -0.2413 -0.9682 -0.0659
vn -0.3299 -0.9422 -0.0583
vn -0.7049 0.7049 0.0789
vt 0.187275 0.007487
vt 0.187275 0.603991
vt 0.186017 0.603991
vt 0.186017 0.007487
vt 0.003102 0.603991
vt 0.003102 0.007487
s 1
usemtl obj101.005
f 4025/2517/1771 4022/2518/1772 4020/2519/1773 4021/2520/1774
f 4023/2521/1775 4024/2522/1775 4021/2517/1774 4020/2518/1773
f 4025/2517/1771 4024/2522/1775 4023/2521/1775 4022/2518/1772
g Atomic22.039_meshId77_name.104
v 138.711624 1839.130127 45.999863
v 138.306259 1839.130127 38.999866
v 138.711624 1816.706543 45.999863
v 138.306259 1816.706543 38.999863
vn -0.9983 -0.0000 0.0578
vt 0.855827 0.729648
vt 0.855827 0.657801
vt 0.992149 0.657801
vt 0.992149 0.729648
s 0
usemtl obj101.005
f 4027/2523/1776 4029/2524/1776 4028/2525/1776 4026/2526/1776
g Atomic22.040_meshId77_name.105
v 137.274078 1840.993042 13.061041
v 137.107971 1840.993042 10.061041
v 137.274078 1814.843506 13.061039
v 137.107971 1814.843506 10.061039
vn -0.9985 -0.0000 0.0553
vn 0.9985 -0.0000 -0.0553
vt 0.217831 0.545963
vt 0.217831 0.148693
vt 0.274607 0.148693
vt 0.274607 0.545963
s 0
usemtl obj101.005
f 4031/2527/1777 4033/2528/1777 4032/2529/1777 4030/2530/1777
f 4032/2529/1778 4033/2528/1778 4031/2527/1778 4030/2530/1778
g Atomic22.041_meshId77_name.106
v 64.240540 1788.088379 -0.000139
v 61.396057 1791.930542 45.999866
v 64.867584 1785.134033 -0.000136
v 61.913025 1785.761108 -0.000132
v 58.071045 1788.605347 45.999863
v 62.291870 1787.709717 45.999866
vn -0.9422 -0.3299 -0.0583
vn -0.9682 -0.2413 -0.0659
vn 0.2413 0.9682 -0.0659
vn 0.3299 0.9422 -0.0583
vn 0.7049 -0.7049 0.0789
vt 0.187275 0.007487
vt 0.187275 0.603991
vt 0.186017 0.603991
vt 0.186017 0.007487
vt 0.003102 0.603991
vt 0.003102 0.007487
s 1
usemtl obj101.005
f 4037/2531/1779 4038/2532/1780 4035/2533/1781 4034/2534/1782
f 4039/2535/1783 4036/2536/1783 4034/2531/1782 4035/2532/1781
f 4039/2535/1783 4038/2532/1780 4037/2531/1779 4036/2536/1783
g Atomic22.042_meshId77_name.107
v 63.183746 1813.037598 10.061043
v 63.017639 1813.037598 13.061043
v 63.183746 1786.887939 10.061042
v 63.017639 1786.887939 13.061042
vn 0.9985 -0.0000 0.0553
vn -0.9985 -0.0000 -0.0553
vt 0.274607 0.148693
vt 0.274607 0.545963
vt 0.217831 0.545963
vt 0.217831 0.148693
s 0
usemtl obj101.005
f 4041/2537/1784 4043/2538/1784 4042/2539/1784 4040/2540/1784
f 4042/2539/1785 4043/2538/1785 4041/2537/1785 4040/2540/1785
g Atomic22.043_meshId77_name.108
v 61.396027 1807.994873 45.999863
v 64.240540 1811.837158 -0.000133
v 62.291836 1812.215698 45.999863
v 58.071011 1811.320068 45.999863
v 61.913025 1814.164429 -0.000140
v 64.867615 1814.791504 -0.000136
vn 0.2413 -0.9682 -0.0659
vn -0.9682 0.2413 -0.0659
vn -0.9422 0.3299 -0.0583
vn 0.3299 -0.9422 -0.0583
vn 0.7049 0.7049 0.0789
vt 0.187275 0.603991
vt 0.186017 0.603991
vt 0.186017 0.007487
vt 0.187275 0.007487
vt 0.003102 0.007487
vt 0.003102 0.603991
s 1
usemtl obj101.005
f 4044/2541/1786 4047/2542/1787 4048/2543/1788 4045/2544/1789
f 4045/2544/1789 4049/2545/1790 4046/2546/1790 4044/2541/1786
f 4046/2546/1790 4049/2545/1790 4048/2544/1788 4047/2541/1787
g Atomic22.044_meshId77_name.109
v 61.985439 1811.174561 38.999866
v 61.580078 1811.174561 45.999863
v 61.985439 1788.750610 38.999866
v 61.580078 1788.750610 45.999866
vn 0.9983 -0.0000 0.0578
vt 0.992149 0.657801
vt 0.992149 0.729648
vt 0.855827 0.729648
vt 0.855827 0.657801
s 0
usemtl obj101.005
f 4051/2547/1791 4053/2548/1791 4052/2549/1791 4050/2550/1791
g Atomic22.045_meshId77_name.110
v 63.113705 1812.941406 13.061046
v 63.113705 1813.107788 10.061047
v 36.963928 1812.941406 13.061046
v 36.963928 1813.107788 10.061047
vn -0.0000 0.9985 0.0554
vn -0.0000 -0.9985 -0.0554
vt 0.217831 0.545963
vt 0.217831 0.148693
vt 0.274607 0.148693
vt 0.274607 0.545963
s 0
usemtl obj101.005
f 4055/2551/1792 4057/2552/1792 4056/2553/1792 4054/2554/1792
f 4054/2554/1793 4056/2553/1793 4057/2552/1793 4055/2551/1793
g Atomic22.046_meshId77_name.111
v 63.113705 1786.983887 13.061038
v 63.113705 1786.817749 10.061038
v 36.963928 1786.983887 13.061038
v 36.963928 1786.817749 10.061038
vn -0.0000 0.9985 -0.0553
vn -0.0000 -0.9985 0.0553
vt 0.217831 0.148693
vt 0.217831 0.545963
vt 0.274607 0.545963
vt 0.274607 0.148693
s 0
usemtl obj101.005
f 4059/2555/1794 4061/2556/1794 4060/2557/1794 4058/2558/1794
f 4058/2558/1795 4060/2557/1795 4061/2556/1795 4059/2555/1795
g Atomic22.047_meshId77_name.112
v 61.250671 1811.503784 45.999863
v 38.826965 1811.503784 45.999863
v 61.250671 1811.909302 38.999866
v 38.826965 1811.909302 38.999866
vn -0.0000 0.9983 0.0578
vt 0.855827 0.729648
vt 0.855827 0.657801
vt 0.992149 0.657801
vt 0.992149 0.729648
s 0
usemtl obj101.005
f 4064/2559/1796 4065/2560/1796 4063/2561/1796 4062/2562/1796
g Atomic22.048_meshId77_name.113
v 61.250671 1788.016235 38.999863
v 61.250671 1788.421387 45.999866
v 38.826965 1788.016235 38.999863
v 38.826965 1788.421387 45.999866
vn -0.0000 -0.9983 0.0578
vt 0.992149 0.657801
vt 0.992149 0.729648
vt 0.855827 0.729648
vt 0.855827 0.657801
s 0
usemtl obj101.005
f 4067/2563/1797 4069/2564/1797 4068/2565/1797 4066/2566/1797
g Atomic22.049_meshId77_name.114
v 42.006622 1788.605347 45.999866
v 38.164642 1785.761108 -0.000132
v 38.681610 1791.930420 45.999866
v 37.785767 1787.709717 45.999866
v 35.210022 1785.134033 -0.000136
v 35.837128 1788.088379 -0.000139
vn 0.9422 -0.3299 -0.0583
vn -0.3299 0.9422 -0.0583
vn -0.2413 0.9682 -0.0659
vn 0.9682 -0.2413 -0.0659
vn -0.7049 -0.7049 0.0789
vt 0.186017 0.007487
vt 0.187275 0.007487
vt 0.187275 0.603991
vt 0.186017 0.603991
vt 0.003102 0.603991
vt 0.003102 0.007487
s 1
usemtl obj101.005
f 4071/2567/1798 4075/2568/1799 4072/2569/1800 4070/2570/1801
f 4073/2571/1802 4074/2572/1802 4071/2568/1798 4070/2569/1801
f 4075/2568/1799 4074/2572/1802 4073/2571/1802 4072/2569/1800
g Atomic22.050_meshId77_name.115
v 42.006622 1811.320068 45.999863
v 38.164642 1814.164429 -0.000140
v 37.785767 1812.215698 45.999863
v 38.681610 1807.994873 45.999863
v 35.837128 1811.837158 -0.000133
v 35.210037 1814.791504 -0.000136
vn -0.3299 -0.9422 -0.0583
vn 0.9422 0.3299 -0.0583
vn 0.9682 0.2413 -0.0659
vn -0.2413 -0.9682 -0.0659
vn -0.7049 0.7049 0.0789
vt 0.186017 0.007487
vt 0.187275 0.007487
vt 0.187275 0.603991
vt 0.186017 0.603991
vt 0.003102 0.007487
vt 0.003102 0.603991
s 1
usemtl obj101.005
f 4080/2573/1803 4077/2574/1804 4076/2575/1805 4079/2576/1806
f 4077/2574/1804 4081/2577/1807 4078/2578/1807 4076/2575/1805
f 4078/2578/1807 4081/2577/1807 4080/2574/1803 4079/2575/1806
g Atomic22.051_meshId77_name.116
v 38.497559 1811.174561 45.999863
v 38.092194 1811.174561 38.999866
v 38.497559 1788.750610 45.999866
v 38.092194 1788.750610 38.999866
vn -0.9983 -0.0000 0.0578
vt 0.855827 0.729648
vt 0.855827 0.657801
vt 0.992149 0.657801
vt 0.992149 0.729648
s 0
usemtl obj101.005
f 4083/2579/1808 4085/2580/1808 4084/2581/1808 4082/2582/1808
g Atomic22.052_meshId77_name.117
v 37.059998 1813.037598 13.061043
v 36.893890 1813.037598 10.061043
v 37.059998 1786.887939 13.061042
v 36.893890 1786.887939 10.061042
vn -0.9985 -0.0000 0.0553
vn 0.9985 -0.0000 -0.0553
vt 0.217831 0.545963
vt 0.217831 0.148693
vt 0.274607 0.148693
vt 0.274607 0.545963
s 0
usemtl obj101.005
f 4087/2583/1809 4089/2584/1809 4088/2585/1809 4086/2586/1809
f 4088/2585/1810 4089/2584/1810 4087/2583/1810 4086/2586/1810
g DiningTable.001_meshId86_name.010
v 311.500000 1288.500000 69.999893
v 311.500000 1288.500000 -0.000097
v 311.500000 1293.500000 69.999893
v 306.500000 1288.500000 69.999893
v 306.500000 1288.500000 -0.000097
v 306.500000 1293.500000 69.999893
v 306.500000 1293.500000 -0.000098
v 311.500000 1293.500000 -0.000098
vn -0.0000 -1.0000 -0.0000
vn -1.0000 -0.0000 -0.0000
vn 1.0000 -0.0000 -0.0000
vn -0.0000 1.0000 -0.0000
vt 0.512197 0.865741
vt 0.994642 0.865741
vt 0.994642 0.908517
vt 0.512197 0.908517
s 0
usemtl obj05.001
f 4093/2587/1811 4094/2588/1811 4091/2589/1811 4090/2590/1811
f 4096/2589/1812 4094/2588/1812 4093/2587/1812 4095/2590/1812
f 4097/2588/1813 4092/2587/1813 4090/2590/1813 4091/2589/1813
f 4097/2588/1814 4096/2589/1814 4095/2590/1814 4092/2587/1814
g DiningTable.002_meshId86_name.011
v 311.500000 1106.500000 -0.000084
v 311.500000 1111.500000 -0.000084
v 311.500000 1106.500000 69.999931
v 306.500000 1106.500000 -0.000084
v 306.500000 1106.500000 69.999931
v 306.500000 1111.500000 -0.000084
v 306.500000 1111.500000 69.999931
v 311.500000 1111.500000 69.999931
vn -0.0000 -1.0000 -0.0000
vn -1.0000 -0.0000 -0.0000
vn 1.0000 -0.0000 -0.0000
vn -0.0000 1.0000 -0.0000
vt 0.994642 0.908517
vt 0.994642 0.865741
vt 0.512197 0.865741
vt 0.512197 0.908517
s 0
usemtl obj05.001
f 4101/2591/1815 4098/2592/1815 4100/2593/1815 4102/2594/1815
f 4103/2592/1816 4101/2591/1816 4102/2594/1816 4104/2593/1816
f 4105/2594/1817 4100/2593/1817 4098/2592/1817 4099/2591/1817
f 4099/2591/1818 4103/2592/1818 4104/2593/1818 4105/2594/1818
g DiningTable.003_meshId86_name.012
v 293.500000 1106.500000 69.999931
v 293.500000 1106.500000 -0.000084
v 293.500000 1111.500000 69.999931
v 288.500000 1106.500000 69.999931
v 288.500000 1106.500000 -0.000084
v 288.500000 1111.500000 69.999931
v 288.500000 1111.500000 -0.000084
v 293.500000 1111.500000 -0.000084
vn -0.0000 -1.0000 -0.0000
vn -1.0000 -0.0000 -0.0000
vn 1.0000 -0.0000 -0.0000
vn -0.0000 1.0000 -0.0000
vt 0.512197 0.865741
vt 0.994642 0.865741
vt 0.994642 0.908517
vt 0.512197 0.908517
s 0
usemtl obj05.001
f 4109/2595/1819 4110/2596/1819 4107/2597/1819 4106/2598/1819
f 4112/2597/1820 4110/2596/1820 4109/2595/1820 4111/2598/1820
f 4113/2596/1821 4108/2595/1821 4106/2598/1821 4107/2597/1821
f 4113/2596/1822 4112/2597/1822 4111/2598/1822 4108/2595/1822
g DiningTable.004_meshId86_name.013
v 293.500000 1288.500000 -0.000097
v 293.500000 1293.500000 -0.000098
v 293.500000 1288.500000 69.999893
v 288.500000 1288.500000 -0.000097
v 288.500000 1288.500000 69.999893
v 288.500000 1293.500000 -0.000098
v 288.500000 1293.500000 69.999893
v 293.500000 1293.500000 69.999893
vn -0.0000 -1.0000 -0.0000
vn -1.0000 -0.0000 -0.0000
vn 1.0000 -0.0000 -0.0000
vn -0.0000 1.0000 -0.0000
vt 0.994642 0.908517
vt 0.994642 0.865741
vt 0.512197 0.865741
vt 0.512197 0.908517
s 0
usemtl obj05.001
f 4117/2599/1823 4114/2600/1823 4116/2601/1823 4118/2602/1823
f 4119/2600/1824 4117/2599/1824 4118/2602/1824 4120/2601/1824
f 4121/2602/1825 4116/2601/1825 4114/2600/1825 4115/2599/1825
f 4119/2600/1826 4120/2601/1826 4121/2602/1826 4115/2599/1826
g DiningTable.005_meshId86_name.014
v 91.500000 1111.500000 69.999931
v 91.500000 1106.500000 69.999931
v 91.500000 1111.500000 -0.000084
v 86.500000 1111.500000 69.999931
v 86.500000 1111.500000 -0.000084
v 86.500000 1106.500000 69.999931
v 86.500000 1106.500000 -0.000084
v 91.500000 1106.500000 -0.000084
vn -0.0000 1.0000 -0.0000
vn -1.0000 -0.0000 -0.0000
vn 1.0000 -0.0000 -0.0000
vn -0.0000 -1.0000 -0.0000
vt 0.512197 0.865741
vt 0.512197 0.908517
vt 0.994642 0.908517
vt 0.994642 0.865741
s 0
usemtl obj05.001
f 4125/2603/1827 4122/2604/1827 4124/2605/1827 4126/2606/1827
f 4125/2603/1828 4126/2606/1828 4128/2605/1828 4127/2604/1828
f 4129/2606/1829 4124/2605/1829 4122/2604/1829 4123/2603/1829
f 4127/2604/1830 4128/2605/1830 4129/2606/1830 4123/2603/1830
g DiningTable.006_meshId86_name.015
v 91.500000 1288.500000 69.999893
v 91.500000 1288.500000 -0.000097
v 91.500000 1293.500000 69.999893
v 86.500000 1288.500000 69.999893
v 86.500000 1288.500000 -0.000097
v 86.500000 1293.500000 69.999893
v 86.500000 1293.500000 -0.000098
v 91.500000 1293.500000 -0.000098
vn -0.0000 -1.0000 -0.0000
vn -1.0000 -0.0000 -0.0000
vn 1.0000 -0.0000 -0.0000
vn -0.0000 1.0000 -0.0000
vt 0.512197 0.865741
vt 0.994642 0.865741
vt 0.994642 0.908517
vt 0.512197 0.908517
s 0
usemtl obj05.001
f 4133/2607/1831 4134/2608/1831 4131/2609/1831 4130/2610/1831
f 4136/2609/1832 4134/2608/1832 4133/2607/1832 4135/2610/1832
f 4137/2608/1833 4132/2607/1833 4130/2610/1833 4131/2609/1833
f 4136/2609/1834 4135/2610/1834 4132/2607/1834 4137/2608/1834
g DiningTable.007_meshId86_name.016
v 508.500000 1293.500000 -0.000098
v 508.500000 1288.500000 -0.000097
v 508.500000 1293.500000 69.999893
v 513.500000 1293.500000 -0.000098
v 513.500000 1288.500000 -0.000097
v 513.500000 1293.500000 69.999893
v 513.500000 1288.500000 69.999893
v 508.500000 1288.500000 69.999893
vn -0.0000 1.0000 -0.0000
vn 1.0000 -0.0000 -0.0000
vn -1.0000 -0.0000 -0.0000
vn -0.0000 -1.0000 -0.0000
vt 0.994642 0.908517
vt 0.994642 0.865741
vt 0.512197 0.865741
vt 0.512197 0.908517
s 0
usemtl obj05.001
f 4141/2611/1835 4138/2612/1835 4140/2613/1835 4143/2614/1835
f 4141/2611/1836 4143/2614/1836 4144/2613/1836 4142/2612/1836
f 4145/2614/1837 4140/2613/1837 4138/2612/1837 4139/2611/1837
f 4142/2612/1838 4144/2613/1838 4145/2614/1838 4139/2611/1838
g DiningTable.008_meshId86_name.017
v 508.500000 1106.500000 -0.000084
v 508.500000 1106.500000 69.999931
v 508.500000 1111.500000 -0.000084
v 513.500000 1106.500000 -0.000084
v 513.500000 1106.500000 69.999931
v 513.500000 1111.500000 -0.000084
v 513.500000 1111.500000 69.999931
v 508.500000 1111.500000 69.999931
vn -0.0000 -1.0000 -0.0000
vn 1.0000 -0.0000 -0.0000
vn -1.0000 -0.0000 -0.0000
vn -0.0000 1.0000 -0.0000
vt 0.994642 0.908517
vt 0.512197 0.908517
vt 0.512197 0.865741
vt 0.994642 0.865741
s 0
usemtl obj05.001
f 4149/2615/1839 4150/2616/1839 4147/2617/1839 4146/2618/1839
f 4152/2617/1840 4150/2616/1840 4149/2615/1840 4151/2618/1840
f 4153/2616/1841 4148/2615/1841 4146/2618/1841 4147/2617/1841
f 4153/2616/1842 4152/2617/1842 4151/2618/1842 4148/2615/1842
g SmallObjs.001_meshId89_name.002
v 832.998169 -1030.741699 94.012390
v 830.052368 -1033.687500 94.012390
v 836.010254 -1031.025757 41.687847
v 829.421509 -1030.103516 94.012390
v 835.536316 -1031.346680 226.851990
v 832.583740 -1034.299072 226.851990
v 832.033569 -1030.796631 226.851990
v 831.613464 -1030.350342 41.687847
v 832.288818 -1034.747314 41.687836
vn 0.9491 0.3145 0.0180
vn 0.9540 0.2992 -0.0166
vn -0.2947 -0.9556 0.0015
vn -0.3239 -0.9461 0.0030
vn -0.2815 -0.9595 0.0065
vn 0.9544 0.2939 0.0523
vn -0.6964 0.7170 -0.0310
vn -0.7131 0.7010 -0.0072
vn -0.7027 0.7112 0.0174
vt 0.669786 0.161409
vt 0.681896 0.161409
vt 0.669786 0.102237
vt 0.681896 0.102237
vt 0.657676 0.161409
vt 0.657676 0.102237
s 1
usemtl obj091.007
f 4154/2619/1843 4158/2619/1844 4159/2620/1845 4155/2620/1846
f 4162/2620/1847 4156/2619/1848 4154/2621/1843 4155/2622/1846
f 4161/2623/1849 4157/2624/1850 4154/2621/1843 4156/2619/1848
f 4154/2619/1843 4157/2623/1850 4160/2623/1851 4158/2619/1844
f 4155/2619/1846 4159/2619/1845 4160/2623/1851 4157/2623/1850
f 4161/2623/1849 4162/2619/1847 4155/2621/1846 4157/2624/1850
g SmallObjs.002_meshId89_name.003
v 816.256348 -1048.267456 45.010078
v 816.256348 -1017.414185 45.010075
v 847.109497 -1048.267334 45.010078
v 850.453125 -1051.610840 45.010078
v 812.912842 -1051.610840 45.010078
v 812.912842 -1014.070496 45.010075
v 805.137939 -1032.840820 45.010075
v 820.269043 -1021.426941 0.010077
v 831.683044 -1006.295837 45.010075
v 850.453125 -1014.070496 45.010075
v 847.109497 -1017.414185 45.010075
v 831.682983 -1016.698975 0.010077
v 843.096924 -1021.426941 0.010077
v 847.824707 -1032.840698 0.010078
v 843.096924 -1044.254639 0.010079
v 831.682983 -1048.982422 0.010079
v 831.683044 -1059.385742 45.010078
v 820.269043 -1044.254639 0.010079
v 815.541260 -1032.840698 0.010078
v 853.499451 -1032.840698 45.010075
v 858.227905 -1032.840820 45.010075
vn -0.0000 -0.0000 1.0000
vn -0.5378 0.8025 -0.2583
vn -0.9478 -0.1872 -0.2583
vn -0.9477 -0.1873 -0.2584
vn -0.5379 0.8025 -0.2583
vn -0.0000 0.9743 -0.2252
vn 0.6721 0.6721 -0.3107
vn 0.6722 0.6720 -0.3108
vn 0.9743 0.0001 -0.2252
vn 0.8025 -0.5377 -0.2584
vn 0.8026 -0.5377 -0.2583
vn -0.1873 -0.9477 -0.2583
vn -0.1873 -0.9477 -0.2584
vn -0.6890 -0.6889 -0.2252
vn -0.6889 -0.6890 -0.2252
vt 0.737759 0.294960
vt 0.693062 0.250263
vt 0.693062 0.339658
vt 0.004131 0.415708
vt 0.096561 0.415708
vt 0.096476 0.400446
vt 0.003821 0.400446
vt 0.050148 0.400446
vt 0.003511 0.287730
vt 0.049951 0.287730
vt 0.142803 0.400446
vt 0.189130 0.400446
vt 0.188991 0.415708
vt 0.096390 0.287730
vt 0.142830 0.287730
vt 0.189269 0.287730
vt 0.142776 0.415708
vt 0.724667 0.326566
s 0
usemtl obj091.007
f 4164/2625/1852 4163/2626/1852 4165/2625/1852 4173/2627/1852
f 4163/2628/1852 4164/2629/1852 4168/2630/1852
f 4166/2630/1852 4165/2629/1852 4163/2628/1852
f 4167/2631/1852 4166/2630/1852 4163/2628/1852
f 4168/2630/1852 4167/2631/1852 4163/2628/1852
f 4168/2630/1852 4169/2632/1852 4167/2631/1852
s 1
f 4170/2633/1853 4181/2634/1854 4169/2632/1855 4168/2631/1856
f 4174/2634/1857 4170/2633/1853 4168/2631/1856 4171/2632/1857
s 0
f 4164/2629/1852 4171/2635/1852 4168/2630/1852
f 4172/2636/1852 4171/2635/1852 4173/2637/1852
s 1
f 4175/2638/1858 4174/2634/1857 4171/2632/1857 4172/2630/1859
s 0
f 4164/2629/1852 4173/2637/1852 4171/2635/1852
s 1
f 4176/2639/1860 4175/2638/1858 4172/2630/1859
f 4166/2636/1861 4177/2640/1862 4176/2639/1860 4172/2630/1859
f 4178/2639/1863 4177/2640/1862 4166/2636/1861 4179/2635/1864
f 4180/2638/1865 4178/2639/1863 4179/2635/1864 4169/2632/1855
f 4169/2632/1855 4181/2634/1854 4180/2638/1865
s 0
f 4167/2631/1852 4179/2632/1852 4166/2630/1852
s 1
f 4179/2635/1864 4167/2630/1866 4169/2632/1855
s 0
f 4173/2637/1852 4182/2641/1852 4183/2635/1852 4172/2636/1852
f 4165/2625/1852 4182/2642/1852 4173/2627/1852
f 4166/2630/1852 4183/2635/1852 4182/2641/1852 4165/2629/1852
s 1
f 4172/2630/1859 4183/2635/1860 4166/2636/1861
g SmallObjs.003_meshId89_name.004
v 833.148804 488.357819 226.851883
v 830.196472 491.310272 226.851883
v 829.646240 487.807587 226.851883
v 832.537048 485.826385 94.012276
v 829.591431 488.772186 94.012276
v 828.953247 485.195526 94.012276
v 833.596924 488.062836 41.687721
v 829.200073 487.387390 41.687733
v 829.875488 491.784241 41.687733
vn -0.3145 0.9491 0.0180
vn -0.2992 0.9541 -0.0166
vn 0.9556 -0.2947 0.0015
vn 0.9461 -0.3239 0.0030
vn -0.7112 -0.7027 0.0171
vn -0.7010 -0.7131 -0.0072
vn 0.9595 -0.2816 0.0065
vn -0.2939 0.9544 0.0523
vn -0.7170 -0.6964 -0.0310
vt 0.669786 0.161409
vt 0.681896 0.161409
vt 0.657676 0.161409
vt 0.669786 0.102237
vt 0.681896 0.102237
vt 0.657676 0.102237
s 1
usemtl obj091.007
f 4188/2643/1867 4185/2643/1868 4184/2644/1869 4187/2644/1870
f 4186/2645/1871 4189/2645/1872 4187/2643/1870 4184/2643/1869
f 4190/2644/1873 4192/2643/1874 4188/2646/1867 4187/2647/1870
f 4187/2646/1870 4189/2648/1872 4191/2645/1875 4190/2643/1873
f 4191/2645/1875 4189/2648/1872 4188/2646/1867 4192/2643/1874
f 4188/2643/1867 4189/2645/1872 4186/2645/1871 4185/2643/1868
g SmallObjs.004_meshId89_name.005
v 831.690430 514.001953 45.009960
v 831.690430 503.598724 0.009962
v 812.920288 506.227112 45.009960
v 850.460571 506.227112 45.009960
v 858.235474 487.457001 45.009960
v 831.690430 509.273499 45.009960
v 847.117065 502.883606 45.009960
v 816.263916 502.883545 45.009960
v 816.263916 472.030365 45.009964
v 847.117126 472.030365 45.009964
v 812.920288 468.686829 45.009964
v 850.460571 468.686829 45.009964
v 843.104370 476.043060 0.009964
v 847.832153 487.456970 0.009963
v 820.276611 476.043060 0.009964
v 815.548706 487.456970 0.009963
v 805.145508 487.457001 45.009960
v 843.104370 498.870941 0.009962
v 853.506958 487.457001 45.009960
vn 0.6890 0.6889 -0.2252
vn -0.0161 0.9421 -0.3349
vn 0.0044 0.9424 -0.3345
vn 0.9477 0.1873 -0.2584
vn -0.9395 0.1969 -0.2802
vn -0.6825 0.6825 -0.2615
vn -0.0000 -0.0000 1.0000
vn 0.6889 0.6890 -0.2252
vn 0.5530 -0.8031 -0.2217
vn 0.5276 -0.8204 -0.2204
vn 0.9478 0.1872 -0.2583
vn -0.5276 -0.8204 -0.2204
vn -0.5530 -0.8031 -0.2217
vn -0.9426 0.1830 -0.2795
vt 0.189269 0.287730
vt 0.142830 0.287730
vt 0.142803 0.400446
vt 0.049951 0.287730
vt 0.096476 0.400446
vt 0.188991 0.415708
vt 0.142776 0.415708
vt 0.189130 0.400446
vt 0.096561 0.415708
vt 0.737759 0.294960
vt 0.724667 0.326566
vt 0.693062 0.339658
vt 0.693062 0.250263
vt 0.003821 0.400446
vt 0.004131 0.415708
vt 0.050148 0.400446
vt 0.050346 0.415708
vt 0.096390 0.287730
vt 0.003511 0.287730
vt 0.724667 0.263355
s 1
usemtl obj091.007
f 4210/2649/1876 4194/2650/1877 4193/2651/1878 4197/2651/1879
f 4193/2651/1878 4194/2650/1877 4208/2652/1880 4195/2653/1881
s 0
f 4200/2654/1882 4198/2655/1882 4193/2651/1882 4195/2656/1882
s 1
f 4193/2651/1878 4196/2656/1883 4197/2651/1879
s 0
f 4198/2655/1882 4199/2657/1882 4196/2653/1882 4193/2651/1882
f 4199/2658/1882 4198/2659/1882 4200/2660/1882
f 4200/2660/1882 4201/2658/1882 4202/2661/1882 4199/2658/1882
f 4201/2657/1882 4200/2654/1882 4195/2656/1882
f 4204/2662/1882 4202/2663/1882 4201/2657/1882
f 4201/2657/1882 4195/2656/1882 4203/2653/1882
f 4204/2662/1882 4201/2657/1882 4203/2653/1882
f 4204/2662/1882 4197/2664/1882 4211/2665/1882 4202/2663/1882
s 1
f 4204/2653/1884 4205/2666/1885 4206/2650/1886 4197/2651/1879
f 4207/2667/1887 4205/2666/1885 4204/2653/1884 4203/2662/1888
f 4208/2652/1880 4207/2667/1887 4203/2662/1888 4209/2664/1889
f 4208/2652/1880 4209/2664/1889 4195/2653/1881
s 0
f 4195/2656/1882 4209/2651/1882 4203/2653/1882
s 1
f 4197/2651/1879 4206/2650/1886 4210/2649/1876
s 0
f 4202/2661/1882 4211/2668/1882 4199/2658/1882
f 4199/2657/1882 4211/2665/1882 4197/2664/1882 4196/2653/1882
g SmallObjs.005_meshId89_name.006
v 650.000000 80.000000 2.209994
v 650.000000 140.000000 2.209990
v 590.000000 80.000000 2.209994
v 650.000000 -100.000000 2.210008
v 590.000000 -100.000000 2.210008
v 650.000000 -280.000000 2.210021
v 590.000000 -280.000000 2.210021
v 650.000000 -340.000000 2.210026
v 590.000000 -340.000000 2.210026
v 410.000000 -340.000000 2.210026
v 410.000000 -280.000000 2.210021
v 350.000000 -340.000000 2.210026
v 350.000000 -280.000000 2.210021
v 350.000000 -100.000000 2.210008
v 410.000000 -100.000000 2.210008
v 350.000000 80.000000 2.209994
v 410.000000 80.000000 2.209994
v 350.000000 140.000000 2.209990
v 410.000000 140.000000 2.209990
v 590.000000 140.000000 2.209990
vn -0.0000 -0.0000 1.0000
vt 0.501776 0.998021
vt 0.375000 0.998021
vt 0.375000 0.872658
vt 0.501776 0.872658
vt 0.001466 0.997946
vt 0.001319 0.872658
vt 0.373199 0.501561
vt 0.373199 0.869360
vt 0.001319 0.869360
vt 0.001164 0.501391
s 0
usemtl obj091.007
f 4213/2669/1890 4231/2670/1890 4214/2671/1890 4212/2672/1890
f 4216/2671/1890 4215/2670/1890 4212/2673/1890 4214/2674/1890
f 4218/2674/1890 4217/2673/1890 4215/2670/1890 4216/2671/1890
f 4218/2671/1890 4220/2670/1890 4219/2669/1890 4217/2672/1890
f 4222/2674/1890 4221/2673/1890 4220/2670/1890 4218/2671/1890
f 4222/2671/1890 4224/2670/1890 4223/2669/1890 4221/2672/1890
f 4226/2674/1890 4225/2673/1890 4224/2670/1890 4222/2671/1890
f 4228/2671/1890 4227/2670/1890 4225/2673/1890 4226/2674/1890
f 4230/2672/1890 4229/2669/1890 4227/2670/1890 4228/2671/1890
f 4214/2671/1890 4231/2670/1890 4230/2673/1890 4228/2674/1890
f 4216/2675/1890 4214/2676/1890 4228/2677/1890 4226/2678/1890
f 4218/2676/1890 4216/2675/1890 4226/2678/1890 4222/2677/1890
g SmallObjs.006_meshId89_name.007
v 389.794403 -1030.398682 45.010075
v 367.977844 -1008.582153 45.010075
v 367.977844 -1052.215088 45.010078
v 367.977844 -1003.853638 45.010075
v 394.522827 -1030.398682 45.010075
v 367.977844 -1056.943604 45.010078
v 349.207733 -1049.168945 45.010078
v 386.748016 -1049.168945 45.010078
v 379.391785 -1041.812744 0.010079
v 386.748016 -1011.628540 45.010075
v 379.391785 -1018.984741 0.010077
v 367.977875 -1014.256958 0.010077
v 356.563934 -1018.984741 0.010077
v 351.836121 -1030.398682 0.010078
v 356.563934 -1041.812744 0.010079
v 341.432861 -1030.398682 45.010075
v 346.161377 -1030.398682 45.010075
vn -0.0000 -0.0000 1.0000
vn 0.6603 -0.6603 -0.3579
vn 0.0001 -0.9652 -0.2616
vn -0.5369 -0.7960 -0.2795
vn -0.5252 -0.8036 -0.2801
vn 0.6603 -0.6603 -0.3577
vn 0.8035 0.5252 -0.2802
vn 0.7960 0.5369 -0.2795
vn 0.9652 0.0001 -0.2616
vn -0.1795 0.9633 -0.1997
vn -0.1958 0.9604 -0.1985
vn -0.7018 0.7018 -0.1228
vn -0.9603 0.1959 -0.1984
vn -0.9633 0.1795 -0.1997
vt 0.724667 0.326566
vt 0.724667 0.263355
vt 0.050148 0.400446
vt 0.050346 0.415708
vt 0.142776 0.415708
vt 0.142803 0.400446
vt 0.096476 0.400446
vt 0.189130 0.400446
vt 0.189269 0.287730
vt 0.096390 0.287730
vt 0.003511 0.287730
vt 0.003821 0.400446
vt 0.049951 0.287730
vt 0.142830 0.287730
s 0
usemtl obj091.007
f 4234/2679/1891 4232/2679/1891 4233/2680/1891 4248/2680/1891
f 4235/2681/1891 4233/2682/1891 4232/2683/1891
f 4232/2683/1891 4234/2683/1891 4237/2684/1891
f 4236/2684/1891 4235/2681/1891 4232/2683/1891
f 4237/2684/1891 4236/2684/1891 4232/2683/1891
f 4234/2683/1891 4238/2685/1891 4237/2684/1891
s 1
f 4239/2685/1892 4237/2684/1893 4238/2686/1894
s 0
f 4237/2684/1891 4239/2686/1891 4236/2684/1891
s 1
f 4238/2686/1894 4246/2687/1895 4240/2688/1896 4239/2685/1892
f 4240/2688/1896 4242/2689/1897 4241/2690/1898 4239/2685/1892
f 4241/2690/1898 4236/2681/1899 4239/2685/1892
s 0
f 4236/2684/1891 4241/2685/1891 4235/2681/1891
s 1
f 4235/2681/1900 4241/2690/1898 4242/2689/1897 4243/2691/1901
f 4235/2681/1900 4243/2691/1901 4244/2688/1902
f 4245/2692/1903 4247/2684/1904 4235/2681/1900 4244/2688/1902
f 4247/2684/1904 4245/2692/1903 4246/2687/1895 4238/2686/1894
s 0
f 4247/2681/1891 4238/2685/1891 4248/2682/1891
f 4248/2682/1891 4235/2681/1891 4247/2681/1891
f 4248/2682/1891 4233/2682/1891 4235/2681/1891
f 4234/2683/1891 4248/2682/1891 4238/2685/1891
g SmallObjs.007_meshId89_name.008
v 370.468262 -1030.329102 41.687847
v 370.715088 -1028.137207 94.012390
v 369.792847 -1034.725952 41.687847
v 366.071472 -1031.004639 41.687836
v 367.131165 -1028.768066 94.012390
v 370.076904 -1031.713867 94.012390
v 366.519531 -1031.299561 226.851990
v 369.472015 -1034.251953 226.851990
v 370.022156 -1030.749268 226.851990
vn 0.7170 0.6964 -0.0310
vn -0.9595 0.2815 0.0065
vn -0.9461 0.3239 0.0030
vn 0.7010 0.7131 -0.0072
vn 0.3145 -0.9491 0.0180
vn 0.2939 -0.9544 0.0523
vn 0.7112 0.7027 0.0171
vn -0.9556 0.2947 0.0015
vn 0.2992 -0.9540 -0.0166
vt 0.657676 0.161409
vt 0.669786 0.161409
vt 0.669786 0.102237
vt 0.657676 0.102237
vt 0.681896 0.102237
vt 0.681896 0.161409
s 1
usemtl obj091.007
f 4249/2693/1905 4252/2694/1906 4253/2695/1907 4250/2696/1908
f 4254/2695/1909 4251/2694/1910 4249/2693/1905 4250/2696/1908
f 4254/2695/1909 4253/2697/1907 4252/2698/1906 4251/2694/1910
f 4257/2693/1911 4250/2693/1908 4253/2694/1907 4255/2694/1912
f 4254/2694/1909 4256/2694/1913 4255/2698/1912 4253/2698/1907
f 4257/2693/1911 4256/2694/1913 4254/2694/1909 4250/2693/1908
g SmallObjs.008_meshId89_name.009
v -128.000000 -715.171448 4.010054
v -128.000000 -779.171509 4.010059
v -64.000000 -715.171509 4.010054
v -64.000000 -699.171570 4.010053
v -143.999985 -699.171570 4.010053
v -143.999985 -779.171570 4.010059
v -143.999985 -859.171509 4.010065
v -128.000000 -843.171509 4.010064
v -64.000000 -843.171509 4.010064
v -64.000000 -779.171509 4.010059
v -64.000000 -859.171509 4.010065
v 0.000000 -843.171509 4.010064
v 0.000000 -779.171509 4.010059
v 64.000000 -843.171509 4.010064
v 0.000000 -859.171509 4.010065
v 64.000000 -859.171509 4.010065
v 144.000000 -859.171509 4.010065
v 128.000000 -843.171509 4.010064
v 128.000000 -779.171509 4.010059
v 64.000000 -779.171509 4.010059
v 144.000000 -779.171570 4.010059
v 128.000000 -715.171448 4.010054
v 144.000000 -699.171570 4.010053
v 64.000000 -715.171509 4.010054
v 64.000000 -699.171570 4.010053
v 0.000000 -715.171509 4.010054
v 0.000000 -699.171570 4.010053
vn -0.0000 -0.0000 1.0000
vt 0.412364 0.412126
vt 0.547012 0.412126
vt 0.547012 0.274882
vt 0.412364 0.274882
vt 0.455758 0.271811
vt 0.613143 0.271810
vt 0.650157 0.236827
vt 0.455758 0.236827
vt 0.683761 0.274882
vt 0.683760 0.412126
vt 0.613185 0.236827
s 0
usemtl obj091.007
f 4259/2699/1914 4267/2700/1914 4260/2701/1914 4258/2702/1914
f 4259/2703/1914 4258/2704/1914 4262/2705/1914
f 4258/2704/1914 4260/2703/1914 4261/2706/1914
f 4262/2705/1914 4258/2704/1914 4261/2706/1914
f 4263/2706/1914 4259/2703/1914 4262/2705/1914
f 4264/2705/1914 4265/2704/1914 4263/2706/1914
f 4265/2704/1914 4259/2703/1914 4263/2706/1914
f 4259/2699/1914 4265/2702/1914 4266/2701/1914 4267/2700/1914
f 4266/2703/1914 4265/2704/1914 4264/2705/1914
f 4266/2701/1914 4269/2707/1914 4270/2708/1914 4267/2700/1914
f 4269/2704/1914 4266/2703/1914 4268/2706/1914 4272/2709/1914
f 4268/2706/1914 4266/2703/1914 4264/2705/1914
f 4269/2707/1914 4271/2701/1914 4277/2700/1914 4270/2708/1914
f 4273/2709/1914 4271/2704/1914 4269/2703/1914 4272/2706/1914
f 4275/2704/1914 4271/2703/1914 4273/2706/1914
f 4274/2705/1914 4275/2704/1914 4273/2706/1914
f 4275/2702/1914 4276/2699/1914 4277/2700/1914 4271/2701/1914
f 4276/2703/1914 4275/2704/1914 4274/2705/1914
f 4276/2699/1914 4279/2702/1914 4281/2701/1914 4277/2700/1914
f 4278/2706/1914 4276/2703/1914 4274/2705/1914
f 4276/2703/1914 4278/2706/1914 4279/2704/1914
f 4278/2706/1914 4280/2705/1914 4279/2704/1914
f 4279/2704/1914 4280/2705/1914 4281/2703/1914
f 4277/2700/1914 4281/2701/1914 4283/2707/1914 4270/2708/1914
f 4280/2705/1914 4282/2706/1914 4281/2703/1914
f 4281/2703/1914 4282/2706/1914 4284/2709/1914 4283/2704/1914
f 4270/2708/1914 4283/2707/1914 4260/2701/1914 4267/2700/1914
f 4284/2706/1914 4261/2709/1914 4260/2704/1914 4283/2703/1914
g SmallObjs.009_meshId89_name.010
v -358.614471 -588.846436 127.053032
v -358.065491 -590.023560 133.053055
v -379.929565 -581.089966 127.053040
v -350.858032 -567.531372 127.053032
v -349.680969 -566.982300 133.053040
v -372.173187 -559.774902 127.053032
v -372.722229 -558.597778 133.053040
v -380.465881 -568.826050 127.053032
v -381.106750 -581.639038 133.053040
v -374.369202 -555.066406 133.053040
v -359.465057 -558.018066 133.053040
v -358.132629 -554.356323 133.053040
v -360.967224 -562.146118 100.461639
v -346.149506 -565.335327 133.053040
v -345.439514 -581.571899 133.053040
v -356.418457 -593.554932 133.053055
v -353.229248 -578.737244 100.461639
v -372.655090 -594.265015 133.053055
v -359.922211 -586.042358 100.461639
v -369.820435 -586.475159 100.461639
v -377.125580 -579.782227 100.461639
v -377.558441 -569.884033 100.461639
v -384.638153 -583.286011 133.053055
v -385.348206 -567.049438 133.053040
vn 0.0366 0.0351 0.9987
vn 0.8295 -0.1770 0.5296
vn -0.0449 0.0651 0.9969
vn 0.2560 -0.0394 0.9659
vn 0.1770 0.8296 0.5296
vn -0.0651 -0.0448 0.9969
vn 0.0393 0.2560 0.9659
vn -0.0351 0.0365 0.9987
vn -0.0000 -0.0000 1.0000
vn 0.0499 0.6183 0.7844
vn -0.7785 0.2160 0.5894
vn 0.1255 0.1350 0.9829
vn 0.1064 0.6021 0.7913
vn 0.1220 -0.8262 -0.5500
vn 0.1074 0.0364 0.9935
vn 0.4245 -0.4098 0.8074
vn 0.4245 -0.4099 0.8073
vn -0.3021 -0.7893 0.5345
vn 0.1219 -0.8262 -0.5500
vn 0.4244 -0.4099 0.8074
vn 0.5044 -0.2097 0.8376
vn -0.3022 -0.7892 0.5346
vn -0.8123 0.1486 0.5641
vn 0.0421 0.1157 0.9924
vn 0.1064 0.6022 0.7912
vn -0.6407 0.1277 0.7571
vn 0.0499 0.6184 0.7843
vn 0.2157 0.7831 0.5833
vn 0.3150 0.8658 -0.3888
vn 0.9016 -0.4218 -0.0961
vn 0.8808 -0.3024 -0.3644
vn 0.4394 -0.8978 -0.0279
vn -0.8588 -0.4022 0.3174
vn 0.4097 -0.8783 -0.2465
vn -0.3217 -0.8843 -0.3384
vn -0.8783 -0.4096 -0.2465
vn -0.8974 -0.4403 -0.0279
vn -0.9041 0.4165 -0.0957
vn -0.8692 0.3342 -0.3644
vt 0.736304 0.221587
vt 0.736304 0.239871
vt 0.689543 0.239871
vt 0.689543 0.221587
vt 0.738943 0.295721
vt 0.690531 0.344133
vt 0.690531 0.247309
vt 0.712923 0.239871
vt 0.724764 0.261489
vt 0.736304 0.207675
vt 0.712923 0.221587
vt 0.712923 0.207675
vt 0.689543 0.207675
vt 0.712923 0.150552
vt 0.736304 0.150552
vt 0.689543 0.150552
s 0
usemtl obj091.007
f 4286/2710/1915 4285/2711/1916 4287/2712/1917 4293/2713/1918
f 4288/2712/1919 4285/2711/1920 4286/2710/1921 4289/2713/1922
f 4285/2714/1923 4288/2715/1923 4290/2714/1923 4287/2716/1923
f 4291/2710/1924 4290/2711/1925 4288/2712/1926 4289/2713/1927
f 4292/2717/1928 4290/2711/1929 4291/2710/1930
f 4290/2714/1923 4292/2718/1923 4287/2716/1923
f 4291/2710/1931 4287/2712/1932 4292/2717/1933
f 4291/2710/1934 4293/2713/1935 4287/2712/1936
s 1
f 4293/2713/1923 4291/2710/1923 4294/2719/1937
f 4291/2710/1923 4295/2720/1923 4296/2721/1938 4294/2719/1937
s 0
f 4289/2713/1939 4295/2720/1940 4291/2710/1941
s 1
f 4298/2722/1942 4296/2721/1938 4295/2720/1923 4289/2713/1923
f 4294/2719/1937 4296/2721/1938 4297/2723/1943
f 4299/2721/1944 4301/2723/1945 4297/2723/1943 4296/2721/1938
f 4296/2721/1938 4298/2722/1942 4299/2721/1944
f 4299/2721/1944 4300/2719/1946 4302/2721/1947
f 4300/2719/1946 4299/2721/1944 4298/2722/1942
f 4303/2724/1948 4301/2723/1945 4299/2721/1944
f 4302/2721/1947 4304/2723/1949 4303/2724/1948 4299/2721/1944
f 4305/2725/1950 4304/2723/1949 4302/2721/1947 4307/2722/1951
f 4307/2722/1951 4308/2721/1952 4306/2723/1953 4305/2725/1950
f 4294/2719/1937 4308/2721/1952 4307/2722/1951
f 4307/2722/1951 4302/2721/1947 4300/2719/1946
f 4286/2710/1923 4307/2722/1951 4300/2719/1946
f 4293/2713/1923 4294/2719/1937 4307/2722/1951
f 4286/2710/1923 4293/2713/1923 4307/2722/1951
f 4297/2723/1943 4306/2723/1953 4308/2721/1952 4294/2719/1937
f 4300/2719/1946 4298/2722/1942 4286/2710/1923
f 4298/2722/1942 4289/2713/1923 4286/2710/1923
g SmallObjs.010_meshId89_name.011
v -591.643433 -749.047485 89.010056
v -591.643494 -741.547485 89.010056
v -619.643494 -749.047485 89.010056
v -591.643433 -749.047546 87.010056
v -599.514893 -734.047485 89.010056
v -599.514893 -734.047546 87.010056
v -611.771973 -734.047485 89.010056
v -619.643494 -741.547546 89.010056
v -619.643433 -741.547546 87.010056
v -611.771973 -734.047546 87.010056
v -619.643433 -749.047546 87.010056
v -591.643433 -741.547546 87.010056
vn -0.0000 -0.0000 1.0000
vn 1.0000 -0.0000 -0.0000
vn -0.0000 -1.0000 -0.0000
vn -0.0000 1.0000 -0.0000
vn 0.6898 0.7240 -0.0000
vn -0.6898 0.7240 -0.0000
vn -1.0000 -0.0000 -0.0000
vt 0.870051 0.953528
vt 0.870051 0.934778
vt 0.889730 0.916028
vt 0.882820 0.989959
vt 0.882820 0.994959
vt 0.901570 0.994959
vt 0.901570 0.989959
vt 0.940051 0.934778
vt 0.940051 0.953528
vt 0.886631 0.916838
vt 0.956631 0.916838
vt 0.956631 0.911838
vt 0.886631 0.911838
vt 0.936952 0.911838
vt 0.936952 0.916838
vt 0.906309 0.916838
vt 0.906309 0.911838
vt 0.920373 0.916028
s 0
usemtl obj091.007
f 4309/2726/1954 4310/2727/1954 4313/2728/1954
f 4320/2729/1955 4310/2730/1955 4309/2731/1955 4312/2732/1955
f 4316/2733/1954 4311/2734/1954 4309/2726/1954 4313/2728/1954
f 4309/2735/1956 4311/2736/1956 4319/2737/1956 4312/2738/1956
f 4318/2739/1957 4315/2740/1957 4313/2741/1957 4314/2742/1957
f 4310/2727/1958 4320/2727/1958 4314/2728/1958 4313/2728/1958
f 4313/2728/1954 4315/2743/1954 4316/2733/1954
f 4317/2733/1959 4316/2733/1959 4315/2743/1959 4318/2743/1959
f 4317/2729/1960 4319/2732/1960 4311/2731/1960 4316/2730/1960
g SmallObjs.013_meshId89_name.014
v -1093.547607 2294.261719 45.009823
v -1093.547729 2263.408447 45.009823
v -1078.121094 2300.651367 45.009819
v -1096.891235 2297.605225 45.009823
v -1096.891235 2260.064941 45.009823
v -1104.666016 2278.834961 45.009823
v -1078.121094 2252.290039 45.009823
v -1078.121094 2262.693359 0.009825
v -1059.350830 2260.064941 45.009823
v -1078.121094 2257.018555 45.009823
v -1062.694458 2263.408447 45.009823
v -1062.694458 2294.261719 45.009823
v -1059.351074 2297.605225 45.009823
v -1078.121094 2305.379883 45.009819
v -1066.707275 2290.249023 0.009823
v -1051.576172 2278.834961 45.009823
v -1061.979370 2278.834961 0.009824
v -1089.534912 2290.249023 0.009823
v -1094.262939 2278.834961 0.009824
vn -0.0000 -0.0000 1.0000
vn -0.0000 -0.9338 -0.3578
vn -0.6824 -0.6825 -0.2616
vn -0.9425 -0.1832 -0.2796
vn -0.9396 -0.1968 -0.2802
vn -0.0000 -0.9338 -0.3577
vn 0.6825 -0.6825 -0.2615
vn 0.9395 -0.1969 -0.2802
vn -0.5369 0.7960 -0.2795
vn -0.0001 0.9652 -0.2616
vn 0.5369 0.7960 -0.2795
vn 0.9426 -0.1830 -0.2795
vn 0.5252 0.8036 -0.2801
vn -0.5252 0.8036 -0.2801
vt 0.724667 0.263355
vt 0.737759 0.294960
vt 0.693062 0.339658
vt 0.189130 0.400446
vt 0.188991 0.415708
vt 0.096561 0.415708
vt 0.050148 0.400446
vt 0.096476 0.400446
vt 0.050346 0.415708
vt 0.142803 0.400446
vt 0.142776 0.415708
vt 0.142830 0.287730
vt 0.049951 0.287730
vt 0.003821 0.400446
vt 0.724667 0.326566
vt 0.004131 0.415708
vt 0.693062 0.250263
vt 0.096390 0.287730
vt 0.189269 0.287730
s 0
usemtl obj091.007
f 4323/2744/1961 4321/2745/1961 4322/2746/1961
f 4325/2747/1961 4322/2748/1961 4321/2749/1961
f 4334/2750/1961 4324/2751/1961 4321/2749/1961 4323/2752/1961
f 4321/2749/1961 4324/2751/1961 4325/2747/1961
s 1
f 4327/2750/1962 4325/2751/1963 4326/2753/1964
s 0
f 4324/2751/1961 4326/2753/1961 4325/2747/1961
f 4330/2754/1961 4322/2748/1961 4325/2747/1961 4327/2753/1961
s 1
f 4326/2753/1964 4339/2755/1965 4328/2756/1966 4327/2750/1962
f 4329/2757/1967 4327/2750/1962 4328/2756/1966 4337/2756/1968
s 0
f 4331/2749/1961 4330/2754/1961 4327/2753/1961 4329/2751/1961
f 4322/2746/1961 4330/2758/1961 4331/2745/1961
f 4333/2757/1961 4332/2759/1961 4331/2749/1961
f 4331/2745/1961 4332/2760/1961 4323/2744/1961 4322/2746/1961
f 4333/2757/1961 4331/2749/1961 4329/2751/1961
s 1
f 4324/2747/1969 4334/2753/1970 4333/2751/1971
s 0
f 4323/2752/1961 4332/2759/1961 4333/2757/1961 4334/2750/1961
s 1
f 4336/2750/1972 4337/2756/1968 4335/2761/1973 4333/2751/1971
f 4335/2761/1973 4338/2762/1974 4324/2747/1969 4333/2751/1971
s 0
f 4329/2751/1961 4336/2750/1961 4333/2757/1961
s 1
f 4337/2756/1968 4336/2750/1972 4329/2757/1967
f 4326/2753/1964 4324/2747/1969 4338/2762/1974 4339/2755/1965
g SmallObjs.014_meshId89_name.015
v -1104.694092 2177.697510 117.052849
v -1099.016602 2188.581787 117.052856
v -1116.404785 2174.016113 117.052856
v -1127.288574 2179.693848 117.052864
v -1116.519165 2172.722656 123.052856
v -1125.292480 2202.288330 117.052849
v -1126.126465 2203.284180 123.052856
v -1113.581909 2205.969727 117.052856
v -1113.467407 2207.263672 123.052856
v -1097.722656 2188.467041 123.052856
v -1093.841309 2188.124023 123.052856
v -1113.124512 2211.145020 123.052856
v -1128.628784 2206.271240 123.052856
v -1098.715088 2203.628662 123.052856
v -1105.069824 2198.305176 90.461433
v -1101.357910 2173.714844 123.052856
v -1113.854004 2202.887695 90.461433
v -1123.305664 2199.916504 90.461433
v -1124.916748 2181.680664 90.461433
v -1116.132568 2177.098145 90.461433
v -1131.271484 2176.357422 123.052856
v -1136.145386 2191.861816 123.052856
v -1116.862183 2168.840820 123.052864
v -1128.284424 2178.859863 123.052856
v -1106.680908 2180.069336 90.461433
vn -0.0000 -0.0000 1.0000
vn 0.0001 -0.0000 1.0000
vn 0.7575 -0.3003 0.5796
vn -0.0000 0.0001 1.0000
vn 0.2443 -0.1190 0.9624
vn -0.1620 0.5674 0.8073
vn -0.3317 0.4342 0.8375
vn 0.6569 0.5317 0.5345
vn -0.1111 0.0222 0.9936
vn 0.0513 0.0602 0.9969
vn 0.0279 -0.2575 0.9659
vn 0.0434 -0.0263 0.9987
vn 0.0429 -0.8471 0.5296
vn -0.0001 -0.0001 1.0000
vn -0.7480 -0.3233 0.5796
vn -0.2569 -0.0886 0.9624
vn 0.0062 -0.0789 0.9969
vn -0.2019 0.1622 0.9659
vn -0.0494 -0.0122 0.9987
vn -0.6294 0.5686 0.5296
vn 0.3457 0.3368 0.8758
vn 0.2152 0.7974 0.5638
vn -0.5315 0.5640 0.6320
vn 0.7859 -0.2109 0.5812
vn 0.0947 -0.1120 0.9892
vn 0.7247 0.5849 -0.3644
vn 0.0854 0.9654 -0.2464
vn 0.6109 -0.7029 -0.3644
vn -0.6107 0.7030 -0.3644
vn -0.7610 -0.5537 0.3380
vn -0.7246 -0.5849 -0.3644
vn 0.2622 -0.2851 0.9219
vn -0.7629 -0.6391 -0.0976
vn -0.0853 -0.9654 -0.2465
vt 0.724764 0.261489
vt 0.738943 0.295721
vt 0.724764 0.329953
vt 0.690531 0.247309
vt 0.712923 0.221587
vt 0.712923 0.239871
vt 0.689543 0.239871
vt 0.689543 0.221587
vt 0.736304 0.239871
vt 0.736304 0.221587
vt 0.712923 0.207675
vt 0.736304 0.207675
vt 0.689543 0.207675
vt 0.689543 0.150552
vt 0.712923 0.150552
vt 0.736304 0.150552
s 0
usemtl obj091.007
f 4342/2763/1975 4340/2764/1975 4341/2765/1975
f 4345/2764/1975 4343/2766/1975 4342/2763/1975
f 4344/2767/1976 4342/2768/1977 4343/2769/1978 4363/2770/1979
f 4344/2767/1980 4349/2767/1981 4341/2768/1982 4342/2768/1983
f 4341/2765/1975 4347/2765/1975 4345/2764/1975 4342/2763/1975
f 4345/2771/1984 4346/2772/1985 4363/2770/1986 4343/2769/1987
f 4346/2772/1988 4345/2771/1989 4347/2768/1976 4348/2767/1990
f 4341/2768/1991 4349/2767/1992 4348/2767/1993 4347/2768/1994
s 1
f 4348/2767/1975 4349/2767/1975 4350/2773/1995
f 4352/2774/1996 4346/2772/1975 4348/2767/1975 4351/2773/1997
f 4348/2767/1975 4350/2773/1995 4351/2773/1997
f 4352/2774/1996 4351/2773/1997 4353/2775/1998
f 4350/2773/1995 4353/2775/1998 4351/2773/1997
f 4353/2775/1998 4350/2773/1995 4355/2774/1999
f 4353/2775/1998 4354/2776/2000 4356/2777/2001
f 4364/2778/2002 4354/2776/2000 4353/2775/1998 4355/2774/1999
f 4356/2777/2001 4357/2778/2003 4352/2774/1996 4353/2775/1998
f 4361/2773/2004 4352/2774/1996 4357/2778/2003 4358/2776/2005
f 4362/2773/2006 4360/2775/2007 4358/2776/2005 4359/2777/2008
f 4358/2776/2005 4360/2775/2007 4361/2773/2004
f 4352/2774/1996 4361/2773/2004 4360/2775/2007
f 4360/2775/2007 4362/2773/2006 4344/2767/1975 4363/2770/1975
f 4352/2774/1996 4360/2775/2007 4346/2772/1975
f 4360/2775/2007 4363/2770/1975 4346/2772/1975
f 4362/2773/2006 4355/2774/1999 4349/2767/1975
f 4359/2777/2008 4364/2778/2002 4355/2774/1999 4362/2773/2006
f 4349/2767/1975 4344/2767/1975 4362/2773/2006
f 4349/2767/1975 4355/2774/1999 4350/2773/1995
g SmallObjs.015_meshId89_name.016
v -538.133850 -753.896423 90.010056
v -538.133911 -753.896362 81.010056
v -538.133911 -712.060486 90.010071
v -539.133850 -752.896362 85.010056
v -568.897583 -753.896423 90.010056
v -568.897583 -753.896423 81.010056
v -568.897583 -712.060486 90.010071
v -567.897583 -752.896484 85.010056
v -567.897583 -713.060364 85.010063
v -539.133911 -713.060364 85.010063
v -568.897583 -712.060425 81.010071
v -538.133911 -712.060425 81.010071
vn 1.0000 -0.0000 -0.0000
vn -0.0000 -1.0000 -0.0000
vn -0.9806 -0.0000 0.1961
vn -0.0000 0.9806 0.1961
vn -1.0000 -0.0000 -0.0000
vn 0.9806 -0.0000 0.1961
vn -0.0000 -0.0000 1.0000
vn -0.0000 -0.9806 0.1961
vn -0.0000 1.0000 -0.0000
vt 0.662189 0.978587
vt 0.552837 0.978587
vt 0.552838 0.997833
vt 0.662189 0.997833
vt 0.786551 0.838426
vt 0.786551 0.772328
vt 0.842395 0.772328
vt 0.842395 0.838426
s 0
usemtl obj091.007
f 4366/2779/2009 4376/2780/2009 4367/2781/2009 4365/2782/2009
f 4369/2782/2010 4370/2779/2010 4366/2780/2010 4365/2781/2010
f 4368/2779/2011 4365/2782/2011 4367/2781/2011 4374/2780/2011
f 4372/2779/2012 4369/2782/2012 4365/2781/2012 4368/2780/2012
f 4371/2781/2013 4375/2780/2013 4370/2779/2013 4369/2782/2013
f 4371/2782/2014 4369/2781/2014 4372/2780/2014 4373/2779/2014
f 4368/2783/2015 4374/2784/2015 4373/2785/2015 4372/2786/2015
f 4367/2782/2016 4371/2781/2016 4373/2780/2016 4374/2779/2016
f 4376/2780/2017 4375/2779/2017 4371/2782/2017 4367/2781/2017
g SmallObjs.016_meshId89_name.017
v -564.764832 -687.060303 106.439026
v -564.764832 -687.060303 80.010071
v -564.764832 -668.217163 106.439018
v -590.379822 -687.060303 106.439011
v -590.418030 -687.060303 80.010071
v -590.379883 -668.217285 106.439011
v -590.379822 -668.217285 80.010056
v -564.764832 -668.217163 80.010071
v -590.456177 -687.060303 111.714050
v -590.456177 -661.696289 80.010071
v -634.570679 -687.060303 80.010071
v -634.570618 -687.060425 111.714027
v -634.570679 -661.696289 80.010071
v -634.570740 -661.696411 111.714035
v -590.456177 -661.696289 111.714043
vn 1.0000 -0.0000 -0.0000
vn -0.0000 -1.0000 -0.0000
vn -0.0000 -0.0000 1.0000
vn -1.0000 0.0010 0.0007
vn -1.0000 0.0016 0.0011
vn -0.0000 1.0000 -0.0000
vn 1.0000 0.0008 0.0006
vn 1.0000 0.0011 0.0005
vn -1.0000 -0.0000 -0.0000
vt 0.561402 0.573219
vt 0.539406 0.573219
vt 0.549768 0.420615
vt 0.557728 0.420615
vt 0.557728 0.573219
vt 0.549768 0.573219
vt 0.539406 0.420615
vt 0.561402 0.420615
vt 0.513840 0.573219
vt 0.513840 0.420615
vt 0.549709 0.853556
vt 0.549709 0.669126
vt 0.557779 0.669126
vt 0.557779 0.853556
vt 0.541059 0.853556
vt 0.561402 0.853556
vt 0.541059 0.669126
vt 0.561402 0.669126
vt 0.513840 0.853556
vt 0.513840 0.669126
s 0
usemtl obj091.007
f 4378/2787/2018 4384/2788/2018 4379/2788/2018 4377/2787/2018
f 4380/2789/2019 4381/2790/2019 4378/2791/2019 4377/2792/2019
f 4382/2793/2020 4380/2794/2020 4377/2787/2020 4379/2788/2020
f 4383/2793/2021 4381/2794/2021 4380/2794/2022 4382/2793/2021
f 4379/2788/2023 4384/2795/2023 4383/2796/2023 4382/2793/2023
f 4385/2797/2019 4388/2798/2019 4387/2799/2019 4381/2800/2019
f 4386/2801/2024 4391/2801/2025 4385/2802/2024 4381/2802/2024
f 4390/2803/2026 4389/2803/2026 4387/2804/2026 4388/2804/2026
f 4391/2801/2023 4386/2805/2023 4389/2806/2023 4390/2803/2023
f 4390/2803/2020 4388/2804/2020 4385/2802/2020 4391/2801/2020
g SmallObjs.017_meshId89_name.018
v -575.643372 -734.125610 135.473190
v -575.643372 -749.516602 93.187027
v -575.643372 -731.306458 134.447113
v -635.643494 -734.125732 135.473190
v -635.643433 -731.306641 134.447113
v -635.643494 -749.516602 93.187027
v -635.643433 -746.697510 92.160957
v -575.643372 -746.697510 92.160957
vn -0.0000 -0.9397 0.3420
vn 1.0000 -0.0000 -0.0000
vn -0.0000 0.3420 0.9397
vn -1.0000 -0.0000 -0.0000
vn -0.0000 -0.3420 -0.9397
vn -0.0000 0.9397 -0.3420
vt 0.845964 0.877318
vt 0.845964 0.759560
vt 0.998431 0.759648
vt 0.997829 0.877318
vt 0.893510 0.885978
vt 0.855039 0.991978
vt 0.862081 0.994259
vt 0.900558 0.888543
vt 0.996379 0.889299
vt 0.996505 0.896592
vt 0.846505 0.896592
vt 0.846379 0.889299
vt 0.846379 0.934824
vt 0.996379 0.934824
vt 0.996379 0.927776
vt 0.846379 0.927776
vt 0.996468 0.883028
vt 0.846468 0.883028
vt 0.846468 0.995528
vt 0.996468 0.995528
s 0
usemtl obj091.007
f 4395/2807/2027 4397/2808/2027 4393/2809/2027 4392/2810/2027
f 4399/2811/2028 4394/2812/2028 4392/2813/2028 4393/2814/2028
f 4396/2815/2029 4395/2816/2029 4392/2817/2029 4394/2818/2029
f 4397/2814/2030 4395/2813/2030 4396/2812/2030 4398/2811/2030
f 4393/2819/2031 4397/2820/2031 4398/2821/2031 4399/2822/2031
f 4399/2823/2032 4398/2824/2032 4396/2825/2032 4394/2826/2032
g SmallObjs.018_meshId89_name.019
v -575.643372 -787.271545 82.010056
v -575.643433 -787.271606 81.010056
v -575.643372 -768.516541 85.218552
v -635.643494 -787.271545 82.010056
v -635.643433 -768.516602 85.218552
v -635.643433 -787.271606 81.010056
v -635.643433 -767.271606 81.010063
v -575.643433 -767.271606 81.010063
vn -0.0000 -1.0000 -0.0000
vn 1.0000 -0.0000 -0.0000
vn -0.0000 -0.1686 0.9857
vn -1.0000 -0.0000 -0.0000
vn -0.0000 0.9589 0.2837
vt 0.996631 0.899338
vt 0.996505 0.896592
vt 0.846505 0.896592
vt 0.846631 0.899338
vt 0.997130 0.974959
vt 0.947130 0.974959
vt 0.950242 0.985480
vt 0.997130 0.977459
vt 0.664934 0.998313
vt 0.664934 0.940543
vt 0.840241 0.940543
vt 0.840241 0.998313
vt 0.846379 0.979212
vt 0.996379 0.979212
vt 0.996379 0.986692
vt 0.846379 0.986692
s 0
usemtl obj091.007
f 4403/2827/2033 4405/2828/2033 4401/2829/2033 4400/2830/2033
f 4401/2831/2034 4407/2832/2034 4402/2833/2034 4400/2834/2034
f 4404/2835/2035 4403/2836/2035 4400/2837/2035 4402/2838/2035
f 4405/2831/2036 4403/2834/2036 4404/2833/2036 4406/2832/2036
f 4407/2839/2037 4406/2840/2037 4404/2841/2037 4402/2842/2037
g SmallObjs.019_meshId89_name.020
v -585.643433 -764.655518 87.010063
v -585.643433 -764.655518 81.010063
v -585.643494 -728.655518 87.010056
v -625.643494 -764.655518 87.010063
v -625.643433 -764.655518 81.010063
v -625.643433 -728.655518 87.010056
v -625.643433 -728.655518 81.010056
v -585.643433 -728.655518 81.010056
vn -0.0000 -1.0000 -0.0000
vn 1.0000 -0.0000 -0.0000
vn -0.0000 -0.0000 1.0000
vn -1.0000 -0.0000 -0.0000
vn -0.0000 1.0000 -0.0000
vt 0.871631 0.911838
vt 0.971631 0.911838
vt 0.971631 0.896838
vt 0.871631 0.896838
vt 0.940590 0.974959
vt 0.850590 0.974959
vt 0.850590 0.989959
vt 0.940590 0.989959
vt 0.955051 0.902548
vt 0.955051 0.992548
vt 0.855039 0.991978
vt 0.855051 0.902548
vt 0.667512 0.940756
vt 0.667512 0.923313
vt 0.775512 0.923313
vt 0.775512 0.940756
s 0
usemtl obj091.007
f 4408/2843/2038 4411/2844/2038 4412/2845/2038 4409/2846/2038
f 4409/2847/2039 4415/2848/2039 4410/2849/2039 4408/2850/2039
f 4413/2851/2040 4411/2852/2040 4408/2853/2040 4410/2854/2040
f 4413/2849/2041 4414/2848/2041 4412/2847/2041 4411/2850/2041
f 4410/2855/2042 4415/2856/2042 4414/2857/2042 4413/2858/2042
g SmallObjs.020_meshId89_name.021
v -597.436340 -743.942505 100.011665
v -597.436340 -739.738525 100.011665
v -597.436340 -739.738525 111.446167
v -613.850525 -743.942566 100.011665
v -613.850525 -739.738525 100.011665
v -613.850525 -739.738525 111.446175
vn -0.0000 -0.0000 -1.0000
vn 1.0000 -0.0000 -0.0000
vn -1.0000 -0.0000 -0.0000
vn -0.0000 1.0000 -0.0000
vt 0.925569 0.930255
vt 0.884534 0.930255
vt 0.884534 0.940766
vt 0.925569 0.940766
vt 0.886623 0.905605
vt 0.876113 0.905605
vt 0.876113 0.934191
vt 0.901113 0.944342
vt 0.942149 0.944342
vt 0.942149 0.972928
vt 0.901113 0.972928
s 0
usemtl obj091.007
f 4420/2859/2043 4417/2860/2043 4416/2861/2043 4419/2862/2043
f 4416/2863/2044 4417/2864/2044 4418/2865/2044
f 4420/2864/2045 4419/2863/2045 4421/2865/2045
f 4417/2866/2046 4420/2867/2046 4421/2868/2046 4418/2869/2046
g SmallObjs.021_meshId89_name.022
v -598.643433 -740.547546 87.010056
v -601.863403 -741.007568 105.910065
v -598.643433 -742.547546 87.010056
v -612.643433 -740.547546 87.010056
v -609.423462 -741.007568 105.910065
v -612.643433 -742.547546 87.010056
v -609.423462 -742.087585 105.910065
v -601.863403 -742.087585 105.910065
vn 0.9858 -0.0000 0.1679
vn -0.0000 0.9997 0.0243
vn -0.9858 -0.0000 0.1679
vn -0.0000 -0.9997 0.0243
vt 0.926715 0.962761
vt 0.926715 0.965461
vt 0.884414 0.966611
vt 0.884414 0.961611
vt 0.939131 0.911838
vt 0.931081 0.959088
vt 0.912181 0.959088
vt 0.904131 0.911838
s 0
usemtl obj091.007
f 4423/2870/2047 4429/2871/2047 4424/2872/2047 4422/2873/2047
f 4425/2874/2048 4426/2875/2048 4423/2876/2048 4422/2877/2048
f 4427/2872/2049 4428/2871/2049 4426/2870/2049 4425/2873/2049
f 4429/2876/2050 4428/2875/2050 4427/2874/2050 4424/2877/2050
g SmallObjs.022_meshId89_name.023
v -634.555786 -690.429688 120.010056
v -634.555786 -690.429688 80.010056
v -634.555786 -650.429688 120.010048
v -669.555725 -690.429688 120.010056
v -669.555786 -690.429688 80.010056
v -669.555725 -650.429688 120.010048
v -669.555786 -650.429688 80.010048
v -634.555786 -650.429688 80.010048
vn -0.0000 -1.0000 -0.0000
vn 1.0000 -0.0000 -0.0000
vn -0.0000 -0.0000 1.0000
vn -1.0000 -0.0000 -0.0000
vn -0.0000 1.0000 -0.0000
vt 0.298937 0.384730
vt 0.298937 0.275166
vt 0.404436 0.275166
vt 0.404436 0.384730
vt 0.298937 0.490282
vt 0.205162 0.490282
vt 0.205162 0.384730
vt 0.205162 0.275166
s 0
usemtl obj091.007
f 4433/2878/2051 4434/2879/2051 4431/2880/2051 4430/2881/2051
f 4437/2879/2052 4432/2878/2052 4430/2881/2052 4431/2880/2052
f 4435/2878/2053 4433/2882/2053 4430/2883/2053 4432/2884/2053
f 4436/2879/2054 4434/2880/2054 4433/2881/2054 4435/2878/2054
f 4437/2885/2055 4436/2879/2055 4435/2878/2055 4432/2884/2055
g SmallObjs.023_meshId89_name.024
v -1076.490479 2279.681641 94.012138
v -1075.859619 2276.097656 94.012138
v -1078.726929 2280.741699 41.687592
v -1079.436401 2276.736084 94.012138
v -1079.021851 2280.293457 226.851746
v -1078.471680 2276.790771 226.851746
v -1081.974365 2277.340820 226.851746
v -1082.448486 2277.020020 41.687592
v -1078.051514 2276.345215 41.687592
vn 0.3239 0.9461 0.0030
vn 0.7131 -0.7010 -0.0072
vn 0.6964 -0.7170 -0.0310
vn 0.2816 0.9595 0.0065
vn 0.2947 0.9556 0.0015
vn 0.7027 -0.7113 0.0171
vn -0.9491 -0.3145 0.0180
vn -0.9544 -0.2939 0.0523
vn -0.9541 -0.2992 -0.0166
vt 0.669786 0.102237
vt 0.657676 0.102237
vt 0.657676 0.161409
vt 0.669786 0.161409
vt 0.681896 0.102237
vt 0.681896 0.161409
s 1
usemtl obj091.007
f 4438/2886/2056 4439/2887/2057 4446/2888/2058 4440/2889/2059
f 4438/2889/2056 4442/2889/2060 4443/2888/2061 4439/2888/2057
f 4441/2886/2062 4438/2890/2056 4440/2891/2059 4445/2889/2063
f 4441/2889/2062 4444/2889/2064 4442/2891/2060 4438/2891/2056
f 4443/2888/2061 4444/2889/2064 4441/2889/2062 4439/2888/2057
f 4446/2888/2058 4439/2887/2057 4441/2886/2062 4445/2889/2063
g Atomic24.007_meshId93_name.003
v -250.000000 1699.999512 88.610802
v -250.000000 1699.999512 -0.000128
v -250.000000 1850.000000 88.610794
v -300.000000 1699.999512 88.610802
v -300.000000 1699.999756 -0.000128
v -300.000000 1750.000000 88.610802
v -300.000000 1750.000000 -0.000132
v -355.000000 1750.000000 88.610802
v -355.000000 1750.000000 -0.000132
v -355.000000 1840.000000 88.610794
v -355.000000 1840.000000 -0.000141
v -250.000000 1850.000000 -0.000140
vn 1.0000 -0.0000 -0.0000
vn -0.0000 -1.0000 -0.0000
vn 0.0001 -0.7070 0.7073
vn -0.0000 -0.7069 0.7073
vn -1.0000 -0.0000 -0.0000
vt -0.645775 0.000000
vt -0.645775 0.147685
vt -0.395782 0.147685
vt -0.395774 0.000000
vt 0.458333 0.000000
vt 0.541667 0.000000
vt 0.541667 0.147685
vt 0.458333 0.147685
vt -0.395774 0.000000
vt -0.395783 0.147685
vt 0.766994 0.000000
vt 0.850317 0.000000
vt 0.850324 0.148202
vt 0.766994 0.148202
vt 0.414194 0.148202
vt 0.414194 0.000000
vt 0.588706 0.000000
vt 0.588706 0.148202
s 0
usemtl wall011.007
f 4458/2892/2065 4449/2893/2065 4447/2894/2065 4448/2895/2065
s 1
f 4451/2896/2066 4448/2897/2066 4447/2898/2067 4450/2899/2068
s 0
f 4451/2900/2069 4450/2901/2069 4452/2893/2069 4453/2892/2069
f 4455/2902/2066 4453/2903/2066 4452/2904/2066 4454/2905/2066
f 4456/2906/2069 4457/2907/2069 4455/2908/2069 4454/2909/2069
g Atomic7.001_meshId57_name.002
v 880.000000 600.000000 99.999962
v 730.000000 600.000000 99.999962
v 880.000000 600.000000 295.000000
v 730.000000 600.000000 99.999962
v 730.000000 600.000000 295.000000
v 880.000000 600.000000 295.000000
v 880.000000 600.000000 99.999954
v 880.000000 600.000000 294.999969
v 730.000000 600.000000 99.999954
v 880.000000 600.000000 294.999969
v 730.000000 600.000000 294.999969
v 730.000000 600.000000 99.999954
v 199.999969 600.000000 99.999962
v 49.999969 600.000000 99.999962
v 199.999969 600.000000 295.000000
v 49.999969 600.000000 99.999962
v 49.999969 600.000000 295.000000
v 199.999969 600.000000 295.000000
v 199.999969 600.000000 99.999954
v 199.999969 600.000000 294.999969
v 49.999969 600.000000 99.999954
v 199.999969 600.000000 294.999969
v 49.999969 600.000000 294.999969
v 49.999969 600.000000 99.999954
v 39.999969 600.000000 99.999962
v -110.000031 600.000000 99.999962
v 39.999969 600.000000 295.000000
v -110.000031 600.000000 99.999962
v -110.000031 600.000000 295.000000
v 39.999969 600.000000 295.000000
v 39.999969 600.000000 99.999954
v 39.999969 600.000000 294.999969
v -110.000031 600.000000 99.999954
v 39.999969 600.000000 294.999969
v -110.000031 600.000000 294.999969
v -110.000031 600.000000 99.999954
v -120.000031 600.000000 99.999962
v -270.000000 600.000000 99.999962
v -120.000031 600.000000 295.000000
v -270.000000 600.000000 99.999962
v -270.000000 600.000000 295.000000
v -120.000031 600.000000 295.000000
v -120.000031 600.000000 99.999954
v -120.000031 600.000000 294.999969
v -270.000000 600.000000 99.999954
v -120.000031 600.000000 294.999969
v -270.000000 600.000000 294.999969
v -270.000000 600.000000 99.999954
v -274.999786 1419.822754 294.999908
v -274.999786 1264.822754 294.999939
v -274.999786 1419.822754 99.999901
v -274.999786 1264.822754 294.999939
v -274.999786 1264.822754 99.999908
v -274.999786 1419.822754 99.999901
v -274.999786 1419.822754 294.999878
v -274.999786 1419.822754 99.999893
v -274.999786 1264.822754 294.999908
v -274.999786 1419.822754 99.999893
v -274.999786 1264.822754 99.999901
v -274.999786 1264.822754 294.999908
v -274.999786 1254.822754 294.999939
v -274.999786 1099.822754 294.999939
v -274.999786 1254.822754 99.999916
v -274.999786 1099.822754 294.999939
v -274.999786 1099.822754 99.999924
v -274.999786 1254.822754 99.999916
v -274.999908 295.322632 99.999977
v -274.999939 295.322662 294.999969
v -274.999878 440.322632 99.999969
v -274.999939 295.322662 294.999969
v -274.999908 440.322662 294.999969
v -274.999878 440.322632 99.999969
v -274.999786 1254.822754 294.999908
v -274.999786 1254.822754 99.999908
v -274.999847 1099.822754 294.999908
v -274.999786 1254.822754 99.999908
v -274.999786 1099.822754 99.999916
v -274.999847 1099.822754 294.999908
v -274.999786 1089.822754 294.999939
v -274.999847 934.822693 294.999969
v -274.999786 1089.822754 99.999924
v -274.999847 934.822693 294.999969
v -274.999847 934.822693 99.999939
v -274.999786 1089.822754 99.999924
v -274.999786 1089.822754 294.999908
v -274.999786 1089.822754 99.999916
v -274.999847 934.822693 294.999939
v -274.999786 1089.822754 99.999916
v -274.999847 934.822693 99.999931
v -274.999847 934.822693 294.999939
v -274.999847 924.822754 294.999969
v -274.999878 769.822693 294.999969
v -274.999847 924.822754 99.999939
v -274.999878 769.822693 294.999969
v -274.999847 769.822693 99.999947
v -274.999847 924.822754 99.999939
v -274.999847 924.822754 294.999939
v -274.999847 924.822754 99.999931
v -274.999878 769.822693 294.999939
v -274.999847 924.822754 99.999931
v -274.999878 769.822693 99.999939
v -274.999878 769.822693 294.999939
v -274.999878 759.822693 294.999969
v -274.999878 604.822693 295.000000
v -274.999847 759.822693 99.999947
v -274.999878 604.822693 295.000000
v -274.999878 604.822693 99.999962
v -274.999847 759.822693 99.999947
v -274.999878 759.822693 294.999939
v -274.999878 759.822693 99.999939
v -274.999908 604.822693 294.999969
v -274.999878 759.822693 99.999939
v -274.999878 604.822693 99.999954
v -274.999908 604.822693 294.999969
v -274.999878 595.000000 295.000000
v -274.999908 450.000000 295.000000
v -274.999878 595.000000 99.999962
v -274.999908 450.000000 295.000000
v -274.999908 449.999969 99.999977
v -274.999878 595.000000 99.999962
v -274.999878 440.322662 295.000000
v -274.999908 295.322662 295.000000
v -274.999878 440.322632 99.999977
v -274.999908 295.322662 295.000000
v -274.999908 295.322632 99.999985
v -274.999878 440.322632 99.999977
v -274.999878 595.000000 294.999969
v -274.999878 595.000000 99.999954
v -274.999908 450.000000 294.999969
v -274.999878 595.000000 99.999954
v -274.999908 449.999969 99.999969
v -274.999908 450.000000 294.999969
vn -0.0000 1.0000 -0.0000
vn -0.0000 -1.0000 -0.0000
vn 1.0000 -0.0000 -0.0000
vn -1.0000 -0.0000 -0.0000
vt 0.998000 0.002000
vt 0.324763 0.002000
vt 0.998000 0.998000
vt 0.324763 0.998000
s 0
usemtl obj03_tra.002
f 4459/2910/2070 4460/2911/2070 4461/2912/2070
f 4462/2911/2070 4463/2913/2070 4464/2912/2070
f 4465/2910/2071 4466/2912/2071 4467/2911/2071
f 4468/2912/2071 4469/2913/2071 4470/2911/2071
f 4471/2910/2070 4472/2911/2070 4473/2912/2070
f 4474/2911/2070 4475/2913/2070 4476/2912/2070
f 4477/2910/2071 4478/2912/2071 4479/2911/2071
f 4480/2912/2071 4481/2913/2071 4482/2911/2071
f 4483/2910/2070 4484/2911/2070 4485/2912/2070
f 4486/2911/2070 4487/2913/2070 4488/2912/2070
f 4489/2910/2071 4490/2912/2071 4491/2911/2071
f 4492/2912/2071 4493/2913/2071 4494/2911/2071
f 4495/2910/2070 4496/2911/2070 4497/2912/2070
f 4498/2911/2070 4499/2913/2070 4500/2912/2070
f 4501/2910/2071 4502/2912/2071 4503/2911/2071
f 4504/2912/2071 4505/2913/2071 4506/2911/2071
f 4507/2913/2072 4508/2912/2072 4509/2911/2072
f 4510/2912/2072 4511/2910/2072 4512/2911/2072
f 4513/2913/2073 4514/2911/2073 4515/2912/2073
f 4516/2911/2073 4517/2910/2073 4518/2912/2073
f 4519/2913/2072 4520/2912/2072 4521/2911/2072
f 4522/2912/2072 4523/2910/2072 4524/2911/2072
f 4525/2910/2073 4526/2912/2073 4527/2911/2073
f 4528/2912/2073 4529/2913/2073 4530/2911/2073
f 4531/2913/2073 4532/2911/2073 4533/2912/2073
f 4534/2911/2073 4535/2910/2073 4536/2912/2073
f 4537/2913/2072 4538/2912/2072 4539/2911/2072
f 4540/2912/2072 4541/2910/2072 4542/2911/2072
f 4543/2913/2073 4544/2911/2073 4545/2912/2073
f 4546/2911/2073 4547/2910/2073 4548/2912/2073
f 4549/2913/2072 4550/2912/2072 4551/2911/2072
f 4552/2912/2072 4553/2910/2072 4554/2911/2072
f 4555/2913/2073 4556/2911/2073 4557/2912/2073
f 4558/2911/2073 4559/2910/2073 4560/2912/2073
f 4561/2913/2072 4562/2912/2072 4563/2911/2072
f 4564/2912/2072 4565/2910/2072 4566/2911/2072
f 4567/2913/2073 4568/2911/2073 4569/2912/2073
f 4570/2911/2073 4571/2910/2073 4572/2912/2073
f 4573/2913/2072 4574/2912/2072 4575/2911/2072
f 4576/2912/2072 4577/2910/2072 4578/2911/2072
f 4579/2913/2072 4580/2912/2072 4581/2911/2072
f 4582/2912/2072 4583/2910/2072 4584/2911/2072
f 4585/2913/2073 4586/2911/2073 4587/2912/2073
f 4588/2911/2073 4589/2910/2073 4590/2912/2073
g Atomic24.002_meshId87_name.002
v 756.277222 -273.722900 2.010036
v 753.719177 -273.719238 2.010044
v 756.280945 -276.280884 2.010044
v 756.717529 -273.282593 57.010040
v 753.277710 -273.277710 57.010033
v 756.722412 -276.722412 57.010040
v 753.282593 -276.717529 57.010033
v 753.722839 -276.277222 2.010036
vn -0.7071 0.7071 -0.0114
vn 0.7071 0.7071 -0.0113
vn 0.7071 -0.7071 -0.0114
vn -0.7071 -0.7071 -0.0113
vt 0.460412 0.517672
vt 0.460412 0.786825
vt 0.513201 0.786825
vt 0.513201 0.517672
vt 0.408370 0.786825
vt 0.408370 0.517672
s 1
usemtl obj071.005
f 4592/2914/2074 4595/2915/2074 4594/2916/2075 4591/2917/2075
f 4594/2916/2075 4596/2915/2076 4593/2914/2076 4591/2917/2075
f 4597/2918/2077 4598/2919/2077 4593/2914/2076 4596/2915/2076
f 4597/2918/2077 4595/2915/2074 4592/2914/2074 4598/2919/2077
g Atomic24.010_meshId87_name.003
v -1138.727539 2226.272461 2.009801
v -1138.289062 2226.710938 77.009796
v -1138.722900 2223.722656 2.009802
v -1141.277100 2226.277100 2.009809
v -1141.272339 2223.727539 2.009809
v -1141.717529 2226.717285 77.009796
v -1141.710938 2223.289062 77.009796
v -1138.282471 2223.282715 77.009796
vn -0.7071 0.7071 -0.0083
vn 0.7071 0.7071 -0.0083
vn 0.7071 -0.7071 -0.0083
vn -0.7071 -0.7071 -0.0083
vt 0.513201 0.517672
vt 0.513201 0.786825
vt 0.460412 0.786825
vt 0.460412 0.517672
vt 0.408370 0.517672
vt 0.408370 0.786825
s 1
usemtl obj071.005
f 4602/2920/2078 4604/2921/2078 4600/2922/2079 4599/2923/2079
f 4601/2924/2080 4599/2923/2079 4600/2922/2079 4606/2925/2080
f 4602/2920/2078 4603/2923/2081 4605/2922/2081 4604/2921/2078
f 4601/2924/2080 4606/2925/2080 4605/2922/2081 4603/2923/2081
g Atomic24.011_meshId87_name.004
v -1088.735840 2156.264160 2.009860
v -1088.300049 2156.699707 77.009857
v -1088.722900 2153.722656 2.009853
v -1091.277100 2156.277344 2.009852
v -1091.264038 2153.735840 2.009860
v -1091.717529 2156.717529 77.009857
v -1091.699951 2153.300293 77.009857
v -1088.282471 2153.282715 77.009857
vn 0.7071 0.7070 -0.0082
vn 0.7071 -0.7071 -0.0083
vn -0.7071 0.7071 -0.0083
vn -0.7071 -0.7071 -0.0082
vt 0.460412 0.786825
vt 0.513201 0.786825
vt 0.513201 0.517672
vt 0.460412 0.517672
vt 0.408370 0.517672
vt 0.408370 0.786825
s 1
usemtl obj071.005
f 4608/2926/2082 4614/2927/2083 4609/2928/2083 4607/2929/2082
f 4608/2926/2082 4607/2929/2082 4610/2930/2084 4612/2931/2084
f 4610/2930/2084 4611/2929/2085 4613/2926/2085 4612/2931/2084
f 4609/2928/2083 4614/2927/2083 4613/2926/2085 4611/2929/2085
g Atomic24.014_meshId87_name.005
v -671.277100 -588.722900 2.010006
v -668.720581 -588.720581 2.010007
v -671.279419 -591.279541 2.010006
v -671.717468 -588.282593 67.010010
v -668.279480 -588.279541 67.010010
v -671.720581 -591.720581 67.010010
v -668.282593 -591.717529 67.010010
v -668.722778 -591.277222 2.010011
vn 0.7071 0.7071 -0.0096
vn -0.7071 0.7071 -0.0096
vn -0.7071 -0.7071 -0.0096
vn 0.7071 -0.7071 -0.0096
vt 0.460412 0.517672
vt 0.513201 0.517672
vt 0.513201 0.786825
vt 0.460412 0.786825
vt 0.408370 0.786825
vt 0.408370 0.517672
s 1
usemtl obj071.005
f 4616/2932/2086 4615/2933/2087 4618/2934/2087 4619/2935/2086
f 4617/2932/2088 4620/2935/2088 4618/2934/2087 4615/2933/2087
f 4621/2936/2089 4620/2935/2088 4617/2932/2088 4622/2937/2089
f 4621/2936/2089 4622/2937/2089 4616/2932/2086 4619/2935/2086
g Atomic24.016_meshId87_name.006
v -668.282593 -711.717529 67.010017
v -668.722778 -711.277222 2.010020
v -671.720581 -711.720581 67.010017
v -668.279480 -708.279541 67.010017
v -671.717468 -708.282593 67.010017
v -668.720581 -708.720581 2.010016
v -671.277100 -708.722900 2.010015
v -671.279419 -711.279541 2.010015
vn 0.7071 0.7071 -0.0096
vn 0.7071 -0.7071 -0.0096
vn -0.7071 -0.7071 -0.0096
vn -0.7071 0.7071 -0.0096
vt 0.460412 0.517672
vt 0.460412 0.786825
vt 0.408370 0.786825
vt 0.408370 0.517672
vt 0.513201 0.517672
vt 0.513201 0.786825
s 1
usemtl obj071.005
f 4628/2938/2090 4626/2939/2090 4623/2940/2091 4624/2941/2091
f 4630/2938/2092 4624/2941/2091 4623/2940/2091 4625/2939/2092
f 4628/2938/2090 4629/2942/2093 4627/2943/2093 4626/2939/2090
f 4630/2938/2092 4625/2939/2092 4627/2943/2093 4629/2942/2093
g Atomic24.017_meshId87_name.007
v -230.000000 -843.349792 12.010064
v -230.000000 -844.743958 42.010063
v -223.231064 -850.000000 12.010064
v -236.768921 -850.000000 12.010064
v -230.000000 -856.650269 12.010065
v -235.583481 -850.000000 42.010063
v -230.000000 -855.255981 42.010063
v -224.416504 -850.000000 42.010063
vn 0.9990 -0.0000 0.0438
vn -0.0000 0.9991 0.0422
vn -0.9990 -0.0000 0.0438
vn -0.0000 -0.9991 0.0422
vn -0.0000 -0.0000 1.0000
vt 0.207621 0.423426
vt 0.245057 0.423426
vt 0.245057 0.549245
vt 0.207627 0.549245
vt 0.166480 0.549245
vt 0.166480 0.423426
vt 0.180875 0.572193
vt 0.232247 0.572193
s 1
usemtl obj071.005
f 4633/2944/2094 4631/2945/2095 4632/2946/2095 4638/2947/2094
f 4632/2946/2095 4631/2945/2095 4634/2944/2096 4636/2947/2096
f 4637/2948/2097 4636/2947/2096 4634/2944/2096 4635/2949/2097
s 0
f 4637/2950/2098 4638/2947/2098 4632/2951/2098 4636/2947/2098
s 1
f 4633/2944/2094 4638/2947/2094 4637/2948/2097 4635/2949/2097
g Atomic24.018_meshId87_name.008
v -1138.282593 2156.717529 77.009804
v -1138.722900 2156.277344 2.009807
v -1141.701660 2156.701660 77.009804
v -1138.298584 2153.298340 77.009804
v -1141.717529 2153.282715 77.009804
v -1138.734741 2153.734863 2.009807
v -1141.277222 2153.723145 2.009815
v -1141.265381 2156.265381 2.009814
vn 0.7071 0.7071 -0.0083
vn 0.7071 -0.7071 -0.0082
vn -0.7071 0.7071 -0.0082
vn -0.7071 -0.7071 -0.0083
vt 0.408370 0.517672
vt 0.408370 0.786825
vt 0.460412 0.786825
vt 0.460412 0.517672
vt 0.513201 0.517672
vt 0.513201 0.786825
s 1
usemtl obj071.005
f 4640/2952/2099 4639/2953/2099 4642/2954/2100 4644/2955/2100
f 4640/2952/2099 4646/2955/2101 4641/2954/2101 4639/2953/2099
f 4645/2956/2102 4644/2955/2100 4642/2954/2100 4643/2957/2102
f 4645/2956/2102 4643/2957/2102 4641/2954/2101 4646/2955/2101
g Atomic24.022_meshId87_name.009
v -1146.325928 2145.000000 89.009827
v -1083.674316 2145.000000 89.009865
v -1147.000000 2228.325684 92.009811
v -1150.000000 2231.325684 89.009819
v -1146.325684 2235.000000 89.009811
v -1083.674194 2235.000000 89.009857
v -1080.000000 2148.674316 89.009865
vn -0.2939 0.1424 0.9452
vn 0.0013 -0.0173 0.9998
vn 0.0240 -0.0167 0.9996
vn 0.0210 0.0137 0.9997
vn -0.3099 0.2720 0.9110
vn -0.0229 0.4118 0.9110
vt 0.964879 0.771191
vt 0.998364 0.773170
vt 0.980541 0.755826
s 1
usemtl obj071.005
f 4649/2958/2103 4647/2959/2104 4648/2959/2105 4652/2959/2106
f 4647/2959/2104 4649/2958/2103 4650/2960/2107
f 4651/2959/2108 4650/2960/2107 4649/2958/2103
f 4651/2959/2108 4649/2958/2103 4652/2959/2106
f 4648/2959/2105 4653/2960/2105 4652/2959/2106
g Atomic24.023_meshId87_name.010
v -1088.718994 2223.719238 2.009855
v -1088.277588 2223.277832 77.009850
v -1088.722656 2226.277100 2.009847
v -1091.277100 2223.722656 2.009847
v -1091.280762 2226.280762 2.009855
v -1091.717529 2223.282715 77.009850
v -1091.722412 2226.722168 77.009850
v -1088.282471 2226.717285 77.009850
vn 0.7071 -0.7071 -0.0083
vn -0.7071 -0.7071 -0.0083
vn 0.7071 0.7071 -0.0083
vn -0.7071 0.7071 -0.0083
vt 0.460412 0.517672
vt 0.460412 0.786825
vt 0.408370 0.786825
vt 0.408370 0.517672
vt 0.513201 0.786825
vt 0.513201 0.517672
s 1
usemtl obj071.005
f 4654/2961/2109 4655/2962/2109 4659/2963/2110 4657/2964/2110
f 4661/2965/2111 4655/2962/2109 4654/2961/2109 4656/2966/2111
f 4658/2961/2112 4657/2964/2110 4659/2963/2110 4660/2962/2112
f 4658/2961/2112 4660/2962/2112 4661/2965/2111 4656/2966/2111
g Atomic24.024_meshId87_name.011
v 706.717468 -276.717529 57.009979
v 706.277222 -276.277222 2.009990
v 703.288940 -276.711060 57.009979
v 706.711121 -273.289062 57.009983
v 703.282410 -273.282593 57.009979
v 706.272461 -273.727661 2.009990
v 703.722900 -273.722900 2.009998
v 703.727722 -276.272461 2.009998
vn -0.7071 -0.7071 -0.0113
vn 0.7071 -0.7071 -0.0113
vn 0.7071 0.7070 -0.0113
vn 0.7071 0.7071 -0.0113
vn -0.7071 0.7071 -0.0113
vt 0.460412 0.786825
vt 0.460412 0.517672
vt 0.408370 0.517672
vt 0.408370 0.786825
vt 0.513201 0.517672
vt 0.513201 0.786825
s 1
usemtl obj071.005
f 4664/2967/2113 4669/2968/2113 4663/2969/2114 4662/2970/2114
f 4663/2969/2114 4667/2968/2115 4665/2967/2116 4662/2970/2114
f 4668/2971/2117 4666/2972/2117 4665/2967/2116 4667/2968/2115
f 4668/2971/2117 4669/2968/2113 4664/2967/2113 4666/2972/2117
g Atomic24.025_meshId87_name.012
v 734.575378 110.000008 80.009995
v 734.575317 110.000008 104.009995
v 730.000000 114.607430 80.009995
v 730.000000 105.392586 80.009995
v 725.424683 110.000008 80.009995
v 730.000000 105.392586 104.009995
v 725.424744 110.000008 104.009995
v 730.000000 114.607430 104.009995
vn -0.0000 -1.0000 -0.0000
vn 1.0000 -0.0000 -0.0000
vn -0.0000 1.0000 -0.0000
vn -1.0000 -0.0000 -0.0000
vn -0.0000 -0.0000 1.0000
vt 0.207621 0.423426
vt 0.166480 0.423426
vt 0.166480 0.549245
vt 0.207627 0.549245
vt 0.245057 0.549245
vt 0.245057 0.423426
vt 0.232247 0.572193
vt 0.180875 0.572193
s 1
usemtl obj071.005
f 4673/2973/2118 4670/2974/2119 4671/2975/2119 4675/2976/2118
f 4671/2975/2119 4670/2974/2119 4672/2973/2120 4677/2976/2120
f 4676/2977/2121 4674/2978/2121 4673/2973/2118 4675/2976/2118
s 0
f 4676/2979/2122 4675/2976/2122 4671/2980/2122 4677/2976/2122
s 1
f 4672/2973/2120 4674/2978/2121 4676/2977/2121 4677/2976/2120
g Atomic24.026_meshId87_name.013
v 756.264038 76.263977 2.010017
v 756.699890 76.699776 57.010014
v 753.722839 76.277161 2.010010
v 756.277222 73.722717 2.010010
v 753.735962 73.735901 2.010017
v 756.717529 73.282539 57.010017
v 753.300171 73.300117 57.010010
v 753.282471 76.717476 57.010006
vn 0.7071 0.7071 -0.0112
vn -0.7071 0.7071 -0.0113
vn 0.7071 -0.7071 -0.0113
vn -0.7071 -0.7071 -0.0112
vt 0.460412 0.786825
vt 0.460412 0.517672
vt 0.408370 0.517672
vt 0.408370 0.786825
vt 0.513201 0.517672
vt 0.513201 0.786825
s 1
usemtl obj071.005
f 4679/2981/2123 4678/2982/2123 4680/2983/2124 4685/2984/2124
f 4681/2985/2125 4678/2982/2123 4679/2981/2123 4683/2986/2125
f 4681/2985/2125 4683/2986/2125 4684/2981/2126 4682/2982/2126
f 4680/2983/2124 4682/2982/2126 4684/2981/2126 4685/2984/2124
g Atomic24.027_meshId87_name.014
v 753.735962 -346.264038 2.010049
v 753.722839 -343.722778 2.010041
v 756.277222 -346.277222 2.010041
v 753.300171 -346.699829 57.010040
v 753.282471 -343.282471 57.010040
v 756.717529 -346.717407 57.010048
v 756.699890 -343.300171 57.010048
v 756.264038 -343.735931 2.010049
vn -0.7071 0.7071 -0.0113
vn -0.7071 -0.7071 -0.0112
vn 0.7071 -0.7071 -0.0113
vn 0.7071 0.7071 -0.0112
vt 0.408370 0.517672
vt 0.460412 0.517672
vt 0.460412 0.786825
vt 0.408370 0.786825
vt 0.513201 0.517672
vt 0.513201 0.786825
s 1
usemtl obj071.005
f 4687/2987/2127 4686/2988/2128 4689/2989/2128 4690/2990/2127
f 4688/2991/2129 4691/2992/2129 4689/2989/2128 4686/2988/2128
f 4692/2989/2130 4691/2992/2129 4688/2991/2129 4693/2988/2130
f 4687/2987/2127 4690/2990/2127 4692/2989/2130 4693/2988/2130
g Atomic24.028_meshId87_name.015
v -668.287720 -691.712402 67.010017
v -668.726685 -691.273315 2.010015
v -668.282593 -688.282471 67.010017
v -671.717529 -691.717468 67.010017
v -671.712524 -688.287476 67.010017
v -671.277222 -691.277039 2.010014
v -671.273560 -688.726562 2.010014
v -668.722900 -688.722778 2.010018
vn 0.7071 0.7071 -0.0096
vn 0.7071 -0.7071 -0.0096
vn -0.7071 -0.7071 -0.0096
vn -0.7071 0.7071 -0.0096
vt 0.408370 0.517672
vt 0.408370 0.786825
vt 0.460412 0.786825
vt 0.460412 0.517672
vt 0.513201 0.517672
vt 0.513201 0.786825
s 1
usemtl obj071.005
f 4701/2993/2131 4696/2994/2131 4694/2995/2132 4695/2996/2132
f 4699/2997/2133 4695/2996/2132 4694/2995/2132 4697/2998/2133
f 4699/2997/2133 4697/2998/2133 4698/2995/2134 4700/2996/2134
f 4698/2995/2134 4696/2994/2131 4701/2993/2131 4700/2996/2134
g Atomic24.029_meshId87_name.016
v -676.325745 -700.000000 79.010033
v -680.000000 -703.674194 79.010040
v -523.674255 -700.000000 79.010078
v -673.325745 -697.000000 82.010040
v -680.000000 -583.674194 79.010033
v -519.999939 -703.674316 79.010078
v -673.325745 -817.000000 82.010048
v -520.000000 -816.325867 79.010086
v -676.325806 -820.000000 79.010048
v -523.674194 -580.000000 79.010071
v -520.000000 -696.325867 79.010078
vn -0.1624 -0.0976 0.9819
vn -0.0022 0.0126 0.9999
vn -0.2782 -0.3080 0.9098
vn 0.0092 0.0131 0.9999
vn 0.0098 -0.2075 0.9782
vn -0.2668 -0.1730 0.9481
vn -0.0076 0.0127 0.9999
vn 0.0094 0.0007 1.0000
vn -0.3997 -0.4168 0.8164
vn 0.0095 0.0135 0.9999
vn 0.0098 -0.1344 0.9909
vt 0.980770 0.754795
vt 0.998364 0.773170
vt 0.964879 0.771191
s 1
usemtl obj071.005
f 4702/2999/2135 4703/3000/2136 4708/3001/2137
f 4707/3000/2138 4704/2999/2139 4702/2999/2135
f 4705/3001/2140 4702/2999/2135 4704/2999/2139
f 4702/2999/2135 4705/3001/2140 4706/3000/2141
f 4708/3001/2137 4709/3000/2142 4707/3000/2138 4702/2999/2135
f 4710/2999/2143 4709/3000/2142 4708/3001/2137
f 4710/2999/2143 4708/3001/2137 4703/3000/2136
f 4711/2999/2144 4706/3000/2141 4705/3001/2140 4712/3000/2145
f 4705/3001/2140 4704/2999/2139 4712/3000/2145
g Atomic24.030_meshId87_name.017
v -536.457153 -669.543701 84.172302
v -536.760742 -669.236694 82.562325
v -537.251892 -668.739990 85.167305
v -532.253174 -644.860596 83.715218
v -533.221497 -645.829041 84.710236
v -536.960205 -644.534302 85.343491
v -534.189941 -646.797485 83.715218
v -538.046631 -667.936279 84.172302
v -533.820068 -646.427490 82.105247
v -536.960205 -645.903809 84.348480
v -539.659302 -646.709839 83.979248
v -539.289490 -647.079712 85.589218
v -540.303833 -649.562866 84.868286
v -539.858398 -649.562866 86.478264
v -541.024536 -649.562988 87.473274
v -542.190674 -649.562988 86.478264
v -540.257812 -646.111328 86.584236
v -541.226135 -645.143005 85.589218
v -536.960205 -643.164795 84.348480
v -540.856323 -645.512817 83.979248
v -536.960205 -643.687866 82.738503
v -541.745178 -649.562988 84.868294
v -532.623047 -645.230469 82.105247
v -537.743103 -668.243286 82.562325
vn 0.8448 0.4352 -0.3113
vn 0.7937 0.5622 0.2323
vn 0.9658 -0.1622 0.2022
vn 0.9654 -0.1691 -0.1986
vn 0.2639 0.0489 0.9633
vn 0.3151 -0.0335 0.9485
vn 0.2825 0.0917 0.9549
vn -0.0212 0.9704 0.2405
vn 0.2235 -0.7786 0.5864
vn -0.6915 -0.4826 0.5375
vn -0.9401 0.1753 0.2923
vn -0.9651 0.1706 -0.1985
vn -0.8137 -0.5686 -0.1208
vn 0.5077 -0.8587 -0.0702
vn 0.7944 -0.5279 0.3005
vn 0.9169 -0.2972 -0.2663
vn 0.8720 -0.2757 0.4046
vn 0.0838 0.2455 0.9658
vn -0.0562 0.1060 0.9928
vn -0.6772 0.6649 0.3149
vn -0.8967 0.2769 0.3452
vn -0.7529 0.5855 -0.3005
vn -0.0540 0.9494 -0.3092
vn -0.9535 0.1542 -0.2591
vt 0.248075 0.691056
vt 0.251903 0.691192
vt 0.251770 0.774422
vt 0.248137 0.774267
vt 0.255568 0.691315
vt 0.255793 0.774469
vt 0.255611 0.675896
vt 0.251820 0.675717
vt 0.259531 0.675907
vt 0.259619 0.691270
vt 0.259595 0.774516
vt 0.263014 0.774521
vt 0.263018 0.691371
vt 0.263002 0.659444
vt 0.259454 0.659383
vt 0.262877 0.641735
vt 0.259505 0.642107
vt 0.255540 0.659507
vt 0.255686 0.641997
vt 0.251753 0.659362
vt 0.251764 0.641952
vt 0.248112 0.659219
vt 0.248073 0.675553
vt 0.248251 0.641575
s 1
usemtl obj071.005
f 4735/3002/2146 4716/3003/2147 4713/3004/2148 4714/3005/2149
f 4713/3004/2148 4717/3006/2150 4715/3007/2151
f 4713/3004/2148 4716/3003/2147 4717/3006/2150
f 4718/3008/2152 4717/3006/2150 4716/3003/2147 4731/3009/2153
f 4722/3010/2154 4719/3011/2155 4717/3006/2150 4718/3008/2152
f 4719/3011/2155 4715/3007/2151 4717/3006/2150
f 4719/3011/2155 4720/3012/2156 4715/3007/2151
f 4736/3013/2157 4720/3012/2156 4719/3011/2155 4721/3014/2158
f 4723/3015/2159 4721/3014/2158 4719/3011/2155
f 4722/3010/2154 4723/3015/2159 4719/3011/2155
f 4722/3010/2154 4724/3016/2160 4723/3015/2159
f 4725/3017/2161 4723/3015/2159 4724/3016/2160 4726/3018/2162
f 4729/3019/2163 4727/3020/2164 4726/3018/2162 4724/3016/2160
f 4729/3019/2163 4730/3021/2165 4728/3022/2166 4727/3020/2164
f 4729/3019/2163 4718/3008/2152 4731/3009/2153 4730/3021/2165
f 4724/3016/2160 4722/3010/2154 4718/3008/2152 4729/3019/2163
f 4732/3023/2167 4730/3021/2165 4731/3009/2153 4733/3024/2168
f 4734/3025/2169 4728/3022/2166 4730/3021/2165 4732/3023/2167
f 4733/3024/2168 4731/3009/2153 4716/3003/2147 4735/3002/2146
g Atomic24.031_meshId87_name.018
v 761.325867 -265.000000 69.010048
v 765.000000 -351.325806 69.010048
v 695.000000 -268.674194 69.010010
v 695.000000 -351.325806 69.010002
v 701.674133 -352.000000 72.010002
v 698.674194 -355.000000 69.010017
v 761.325806 -355.000000 69.010056
vn 0.0230 0.0177 0.9996
vn 0.0230 0.0178 0.9996
vn -0.0003 0.0159 0.9999
vn -0.1533 -0.2787 0.9481
vn -0.4114 -0.0176 0.9113
vn -0.2793 -0.3041 0.9108
vn 0.0225 -0.0040 0.9997
vt 0.980541 0.755826
vt 0.998364 0.773170
vt 0.982487 0.788863
s 1
usemtl obj071.005
f 4738/3026/2170 4737/3027/2171 4739/3026/2172 4741/3028/2173
f 4740/3026/2174 4741/3028/2173 4739/3026/2172
f 4740/3026/2174 4742/3027/2175 4741/3028/2173
f 4741/3028/2173 4742/3027/2175 4743/3027/2176
f 4741/3028/2173 4743/3027/2176 4738/3026/2170
g Atomic24.032_meshId87_name.019
v -528.266541 -591.733398 67.010063
v -528.710938 -591.289185 2.010060
v -528.282471 -588.282593 67.010063
v -531.717407 -591.717529 67.010063
v -531.733276 -588.266724 67.010063
v -531.277100 -591.277222 2.010056
v -531.288940 -588.711060 2.010059
v -528.722778 -588.722900 2.010060
vn 0.7071 0.7071 -0.0096
vn 0.7071 -0.7071 -0.0097
vn -0.7071 -0.7071 -0.0096
vn -0.7071 0.7071 -0.0097
vt 0.513201 0.786825
vt 0.460412 0.786825
vt 0.460412 0.517672
vt 0.513201 0.517672
vt 0.408370 0.786825
vt 0.408370 0.517672
s 1
usemtl obj071.005
f 4746/3029/2177 4744/3030/2178 4745/3031/2178 4751/3032/2177
f 4747/3033/2179 4749/3034/2179 4745/3031/2178 4744/3030/2178
f 4747/3033/2179 4748/3030/2180 4750/3031/2180 4749/3034/2179
f 4750/3031/2180 4748/3030/2180 4746/3029/2177 4751/3032/2177
g Atomic24.033_meshId87_name.020
v 425.000000 -246.325790 59.009995
v 428.674194 -250.000000 59.009998
v 428.674225 50.000004 59.009975
v 571.325806 50.000004 59.010017
v 575.000000 -246.325790 59.010040
vn -0.0000 -0.0000 1.0000
vt 0.998364 0.773170
vt 0.980541 0.755826
s 1
usemtl obj071.005
f 4755/3035/2181 4752/3036/2181 4753/3035/2181
f 4755/3035/2181 4754/3035/2181 4752/3036/2181
f 4753/3035/2181 4756/3036/2181 4755/3035/2181
g Atomic24.034_meshId87_name.021
v 761.325867 154.999924 69.010010
v 765.000000 68.674141 69.010017
v 695.000000 151.325745 69.009979
v 762.000000 71.674141 72.010017
v 698.674194 64.999947 69.009979
v 761.325806 64.999947 69.010017
v 695.000000 68.674141 69.009972
vn 0.2939 -0.1424 0.9452
vn 0.3099 -0.2720 0.9110
vn -0.0003 0.0173 0.9999
vn -0.0238 0.0166 0.9996
vn -0.0217 -0.0043 0.9998
vn 0.0229 -0.4118 0.9110
vt 0.964879 0.771191
vt 0.980541 0.755826
vt 0.998364 0.773170
s 1
usemtl obj071.005
f 4760/3037/2182 4758/3038/2183 4757/3039/2184
f 4760/3037/2182 4757/3039/2184 4759/3038/2185 4761/3039/2186
f 4762/3039/2187 4758/3038/2183 4760/3037/2182
f 4762/3039/2187 4760/3037/2182 4761/3039/2186
f 4759/3038/2185 4763/3038/2185 4761/3039/2186
g Atomic24.035_meshId87_name.022
v 706.717468 -343.282471 57.009987
v 706.277100 -343.722778 2.009995
v 703.298340 -343.298462 57.009987
v 706.701416 -346.701538 57.009991
v 706.265320 -346.265259 2.009996
v 703.282410 -346.717407 57.009987
v 703.722839 -346.277100 2.010003
v 703.734619 -343.734619 2.010003
vn 0.7071 0.7071 -0.0113
vn -0.7071 0.7071 -0.0112
vn 0.7071 -0.7071 -0.0112
vn -0.7071 -0.7071 -0.0113
vt 0.408370 0.517672
vt 0.460412 0.517672
vt 0.460412 0.786825
vt 0.408370 0.786825
vt 0.513201 0.517672
vt 0.513201 0.786825
s 1
usemtl obj071.005
f 4765/3040/2188 4771/3041/2189 4766/3042/2189 4764/3043/2188
f 4767/3042/2190 4768/3041/2190 4765/3040/2188 4764/3043/2188
f 4770/3044/2191 4768/3041/2190 4767/3042/2190 4769/3045/2191
f 4766/3042/2189 4771/3041/2189 4770/3044/2191 4769/3045/2191
g Atomic24.036_meshId87_name.023
v 724.714600 -329.560791 80.010025
v 729.289917 -334.168213 80.010025
v 720.139282 -334.168213 80.010025
v 724.714600 -329.560791 104.010025
v 729.289978 -334.168213 104.010025
v 720.139221 -334.168213 104.010025
v 724.714600 -338.775635 104.010025
v 724.714600 -338.775635 80.010025
vn 1.0000 -0.0000 -0.0000
vn -0.0000 1.0000 -0.0000
vn -1.0000 -0.0000 -0.0000
vn -0.0000 -0.0000 1.0000
vn -0.0000 -1.0000 -0.0000
vt 0.166480 0.423426
vt 0.207621 0.423426
vt 0.207627 0.549245
vt 0.166480 0.549245
vt 0.245057 0.423426
vt 0.245057 0.549245
vt 0.232247 0.572193
vt 0.180875 0.572193
s 1
usemtl obj071.005
f 4773/3046/2192 4772/3047/2193 4775/3048/2193 4776/3049/2192
f 4774/3050/2194 4777/3051/2194 4775/3048/2193 4772/3047/2193
s 0
f 4777/3052/2195 4778/3048/2195 4776/3053/2195 4775/3048/2195
s 1
f 4778/3048/2196 4777/3051/2194 4774/3050/2194 4779/3047/2196
f 4773/3046/2192 4776/3049/2192 4778/3048/2196 4779/3047/2196
g Atomic24.037_meshId87_name.024
v 760.000000 -350.000000 69.010048
v 700.000000 -350.000000 69.010010
v 760.000000 -350.000000 57.010048
v 760.000000 -270.000000 69.010048
v 760.000000 -270.000000 57.010040
v 700.000000 -270.000000 69.010010
v 700.000000 -270.000000 57.009987
v 700.000000 -350.000000 57.009995
vn -0.0000 -1.0000 -0.0000
vn 1.0000 -0.0000 -0.0000
vn -0.0000 1.0000 -0.0000
vn -1.0000 -0.0000 -0.0000
vt 0.759598 0.752050
vt 0.759598 0.711847
vt 0.994571 0.711847
vt 0.994571 0.752050
vt 0.529006 0.752050
vt 0.529006 0.711847
vt 0.770575 0.711847
vt 0.770575 0.752050
s 0
usemtl obj071.005
f 4781/3054/2197 4787/3055/2197 4782/3056/2197 4780/3057/2197
f 4783/3057/2198 4780/3054/2198 4782/3055/2198 4784/3056/2198
f 4785/3057/2199 4783/3054/2199 4784/3055/2199 4786/3056/2199
f 4785/3058/2200 4786/3059/2200 4787/3060/2200 4781/3061/2200
g Atomic24.038_meshId87_name.025
v 760.000000 69.999947 69.010017
v 700.000000 69.999947 69.009979
v 760.000000 69.999947 57.010017
v 760.000000 149.999939 69.010017
v 760.000000 149.999939 57.010010
v 700.000000 149.999939 69.009979
v 700.000000 149.999939 57.009956
v 700.000000 69.999947 57.009964
vn -0.0000 -1.0000 -0.0000
vn 1.0000 -0.0000 -0.0000
vn -0.0000 1.0000 -0.0000
vn -1.0000 -0.0000 -0.0000
vt 0.759598 0.752050
vt 0.759598 0.711847
vt 0.994571 0.711847
vt 0.994571 0.752050
vt 0.529006 0.752050
vt 0.529006 0.711847
vt 0.770575 0.711847
vt 0.770575 0.752050
s 0
usemtl obj071.005
f 4789/3062/2201 4795/3063/2201 4790/3064/2201 4788/3065/2201
f 4791/3065/2202 4788/3062/2202 4790/3063/2202 4792/3064/2202
f 4793/3065/2203 4791/3062/2203 4792/3063/2203 4794/3064/2203
f 4793/3066/2204 4794/3067/2204 4795/3068/2204 4789/3069/2204
g Atomic24.039_meshId87_name.026
v 744.281616 110.000008 72.009995
v 737.546021 97.359138 72.009995
v 737.546021 122.640877 72.009995
v 731.857117 111.857063 80.009995
v 722.453979 122.640877 72.009995
v 715.718445 110.000008 72.009995
v 728.142944 111.857063 80.009995
v 728.142944 108.142944 80.009995
v 722.453979 97.359138 72.009995
v 731.857056 108.142944 80.009995
vn 0.3001 -0.3396 0.8914
vn 0.5690 -0.0000 0.8223
vn 0.3001 0.3396 0.8914
vn -0.3428 0.2944 0.8921
vn 0.3428 0.2945 0.8920
vn -0.3001 0.3396 0.8914
vn -0.5690 -0.0000 0.8223
vn -0.3000 -0.3396 0.8914
vn -0.3428 -0.2945 0.8921
vn 0.3428 -0.2945 0.8921
vt 0.403285 0.426268
vt 0.403285 0.386198
vt 0.548024 0.467788
vt 0.548024 0.426268
vt 0.403285 0.467788
vt 0.403285 0.507785
s 1
usemtl obj071.005
f 4797/3070/2205 4796/3071/2206 4798/3070/2207
f 4802/3072/2208 4799/3073/2209 4798/3070/2207 4800/3074/2210
f 4797/3070/2205 4798/3070/2207 4799/3073/2209
f 4800/3074/2210 4801/3075/2211 4804/3074/2212
f 4803/3072/2213 4802/3072/2208 4800/3074/2210
f 4800/3074/2210 4804/3074/2212 4803/3072/2213
f 4797/3070/2205 4805/3073/2214 4803/3072/2213 4804/3074/2212
f 4799/3073/2209 4805/3073/2214 4797/3070/2205
g Atomic24.040_meshId87_name.027
v 737.491699 120.495613 158.649231
v 735.413147 121.695572 158.649231
v 730.938477 109.251602 157.752625
v 728.860107 110.451675 157.752625
vn -0.0344 -0.0595 0.9976
vt 0.268181 0.558386
vt 0.268181 0.634303
vt 0.269480 0.634303
vt 0.269480 0.558386
s 0
usemtl obj071.005
f 4807/3076/2215 4809/3077/2215 4808/3078/2215 4806/3079/2215
g Atomic24.041_meshId87_name.028
v 737.429565 99.508430 158.649246
v 735.351074 98.308487 158.649246
v 730.938477 110.734512 157.752625
v 728.860107 109.534561 157.752625
vn -0.0345 0.0597 0.9976
vt 0.268181 0.634303
vt 0.269480 0.634303
vt 0.269480 0.558386
vt 0.268181 0.558386
s 0
usemtl obj071.005
f 4812/3080/2216 4813/3081/2216 4811/3082/2216 4810/3083/2216
g Atomic24.042_meshId87_name.029
v 738.996277 -334.168213 72.010025
v 732.260620 -346.809082 72.010025
v 732.260620 -321.527344 72.010025
v 717.168640 -321.527344 72.010025
v 726.571655 -332.311157 80.010025
v 722.857605 -332.311157 80.010025
v 726.571655 -336.025269 80.010025
v 722.857605 -336.025269 80.010025
v 722.088379 -334.168213 80.010025
v 717.168640 -346.809082 72.010025
v 710.432983 -334.168213 72.010025
vn 0.3001 -0.3396 0.8914
vn 0.5690 -0.0000 0.8223
vn 0.3000 0.3396 0.8914
vn -0.3019 0.3398 0.8907
vn -0.3266 0.3143 0.8914
vn 0.3428 0.2945 0.8920
vn 0.3428 -0.2944 0.8921
vn -0.3266 -0.3143 0.8914
vn -0.3020 -0.3398 0.8907
vn -0.5724 -0.0000 0.8199
vn -0.5724 -0.0000 0.8200
vt 0.403285 0.426268
vt 0.403285 0.386198
vt 0.403285 0.467788
vt 0.548024 0.467788
vt 0.548024 0.426268
vt 0.548024 0.507785
vt 0.403285 0.507785
s 1
usemtl obj071.005
f 4815/3084/2217 4814/3085/2218 4816/3084/2219
f 4817/3086/2220 4819/3087/2221 4818/3088/2222 4816/3084/2219
f 4815/3084/2217 4816/3084/2219 4818/3088/2222
f 4818/3088/2222 4820/3088/2223 4815/3084/2217
f 4820/3088/2223 4821/3087/2224 4823/3086/2225 4815/3084/2217
f 4823/3086/2225 4821/3087/2224 4822/3089/2226
f 4817/3086/2220 4824/3090/2227 4823/3086/2225
f 4822/3089/2226 4817/3086/2220 4823/3086/2225
f 4822/3089/2226 4819/3087/2221 4817/3086/2220
g Atomic24.043_meshId87_name.030
v 730.995972 111.760750 104.009995
v 730.696716 111.252945 157.347977
v 730.995972 108.213013 104.009995
v 728.252686 110.000008 104.009995
v 728.719604 110.000015 157.347977
v 730.696716 108.720833 157.347977
vn 0.4769 -0.8789 0.0110
vn 0.4773 -0.8787 0.0110
vn 0.4807 0.8768 0.0109
vn 0.4804 0.8770 0.0109
vn -1.0000 0.0039 0.0090
vn -1.0000 0.0040 0.0090
vt 0.247695 0.637389
vt 0.247695 0.424278
vt 0.287549 0.424278
vt 0.287549 0.637389
s 1
usemtl obj071.005
f 4830/3091/2228 4827/3092/2229 4825/3092/2230 4826/3091/2231
f 4828/3093/2232 4829/3094/2233 4826/3091/2231 4825/3092/2230
f 4830/3091/2228 4829/3094/2233 4828/3093/2232 4827/3092/2229
g Atomic24.044_meshId87_name.031
v 732.206299 -323.672607 158.649277
v 730.127808 -322.472656 158.649277
v 725.653015 -334.916626 157.752670
v 723.574707 -333.716553 157.752670
vn -0.0344 -0.0595 0.9976
vt 0.268181 0.558386
vt 0.268181 0.634303
vt 0.269480 0.634303
vt 0.269480 0.558386
s 0
usemtl obj071.005
f 4832/3095/2234 4834/3096/2234 4833/3097/2234 4831/3098/2234
g Atomic24.045_meshId87_name.032
v 732.144165 -344.659790 158.649277
v 725.653015 -333.433716 157.752670
v 730.065674 -345.859711 158.649277
v 723.574707 -334.633667 157.752670
vn -0.0345 0.0597 0.9976
vt 0.268181 0.634303
vt 0.269480 0.634303
vt 0.269480 0.558386
vt 0.268181 0.558386
s 0
usemtl obj071.005
f 4836/3099/2235 4838/3100/2235 4837/3101/2235 4835/3102/2235
g Atomic24.046_meshId87_name.033
v 729.921143 111.199966 157.752625
v 717.050354 111.199966 158.649231
v 729.921143 108.800064 157.752625
v 717.050354 108.800064 158.649231
vn 0.0695 -0.0000 0.9976
vt 0.269480 0.558386
vt 0.268181 0.558386
vt 0.268181 0.634303
vt 0.269480 0.634303
s 0
usemtl obj071.005
f 4840/3103/2236 4842/3104/2236 4841/3105/2236 4839/3106/2236
g Atomic24.047_meshId87_name.034
v 725.710632 -332.407471 104.010025
v 725.411377 -332.915283 157.348022
v 725.710632 -335.955170 104.010025
v 722.967285 -334.168213 104.010025
v 723.434265 -334.168213 157.348022
v 725.411377 -335.447388 157.348022
vn 0.4769 -0.8789 0.0110
vn 0.4773 -0.8787 0.0110
vn 0.4807 0.8768 0.0109
vn 0.4804 0.8770 0.0109
vn -1.0000 0.0039 0.0090
vt 0.247695 0.637389
vt 0.247695 0.424278
vt 0.287549 0.424278
vt 0.287549 0.637389
s 1
usemtl obj071.005
f 4848/3107/2237 4845/3108/2238 4843/3108/2239 4844/3107/2240
f 4846/3109/2241 4847/3110/2241 4844/3107/2240 4843/3108/2239
f 4848/3107/2237 4847/3110/2241 4846/3109/2241 4845/3108/2238
g Atomic24.048_meshId87_name.035
v 706.277100 76.277161 2.009964
v 706.717468 76.717476 57.009953
v 706.265320 73.734680 2.009964
v 703.734619 76.265320 2.009971
v 703.722839 73.722839 2.009972
v 703.298340 76.701485 57.009953
v 703.282410 73.282539 57.009956
v 706.701416 73.298409 57.009960
vn -0.7071 0.7071 -0.0112
vn 0.7071 0.7071 -0.0113
vn 0.7071 -0.7071 -0.0112
vn -0.7071 -0.7071 -0.0113
vt 0.460412 0.786825
vt 0.408370 0.786825
vt 0.408370 0.517672
vt 0.460412 0.517672
vt 0.513201 0.517672
vt 0.513201 0.786825
s 1
usemtl obj071.005
f 4854/3111/2242 4850/3112/2243 4849/3113/2243 4852/3114/2242
f 4849/3113/2243 4850/3112/2243 4856/3111/2244 4851/3114/2244
f 4853/3115/2245 4855/3116/2245 4854/3111/2242 4852/3114/2242
f 4853/3115/2245 4851/3114/2244 4856/3111/2244 4855/3116/2245
g Atomic24.049_meshId87_name.036
v 724.635742 -332.968262 157.752670
v 711.764893 -332.968262 158.649277
v 724.635742 -335.368164 157.752670
v 711.764893 -335.368164 158.649277
vn 0.0695 -0.0000 0.9976
vt 0.269480 0.558386
vt 0.268181 0.558386
vt 0.268181 0.634303
vt 0.269480 0.634303
s 0
usemtl obj071.005
f 4858/3117/2246 4860/3118/2246 4859/3119/2246 4857/3120/2246
g Atomic24.050_meshId87_name.037
v 706.277222 143.722717 2.009959
v 703.727722 143.727478 2.009966
v 706.272461 146.272278 2.009959
v 706.717468 143.282394 57.009949
v 703.288940 143.288864 57.009949
v 706.711121 146.710876 57.009953
v 703.282410 146.717346 57.009949
v 703.722900 146.277039 2.009966
vn -0.7071 -0.7071 -0.0113
vn 0.7071 -0.7071 -0.0113
vn 0.7071 0.7071 -0.0113
vn -0.7071 0.7071 -0.0113
vt 0.460412 0.786825
vt 0.460412 0.517672
vt 0.408370 0.517672
vt 0.408370 0.786825
vt 0.513201 0.517672
vt 0.513201 0.786825
s 1
usemtl obj071.005
f 4865/3121/2247 4862/3122/2247 4861/3123/2248 4864/3124/2248
f 4866/3121/2249 4864/3124/2248 4861/3123/2248 4863/3122/2249
f 4868/3125/2250 4867/3126/2250 4866/3121/2249 4863/3122/2249
f 4865/3121/2247 4867/3126/2250 4868/3125/2250 4862/3122/2247
g Atomic24.051_meshId87_name.038
v 570.000000 -245.000000 59.010040
v 570.000000 45.000004 59.010017
v 569.999939 -245.000000 47.010033
v 430.000000 -245.000000 59.009998
v 430.000000 45.000004 59.009975
v 429.999939 -245.000000 47.009998
v 430.000000 45.000004 47.009975
v 570.000000 45.000004 47.010010
vn 1.0000 -0.0000 -0.0000
vn -0.0000 -1.0000 -0.0000
vn -1.0000 -0.0000 -0.0000
vn -0.0000 1.0000 -0.0000
vt 0.994571 0.711847
vt 0.994571 0.752050
s 0
usemtl obj071.005
f 4871/3127/2251 4876/3127/2251 4870/3128/2251 4869/3128/2251
f 4872/3128/2252 4874/3127/2252 4871/3127/2252 4869/3128/2252
f 4875/3127/2253 4874/3127/2253 4872/3128/2253 4873/3128/2253
f 4870/3128/2254 4876/3127/2254 4875/3127/2254 4873/3128/2254
g Atomic24.052_meshId87_name.039
v 566.719971 -238.280029 47.010029
v 566.278992 -238.720947 2.010028
v 566.717407 -241.717407 47.010033
v 563.282593 -238.282471 47.010029
v 563.722839 -238.722809 2.010031
v 563.280029 -241.719971 47.010029
v 563.720947 -241.279053 2.010031
v 566.277222 -241.277222 2.010032
vn -0.7070 0.7070 -0.0138
vn 0.7070 0.7070 -0.0139
vn 0.7070 -0.7070 -0.0138
vn -0.7070 -0.7070 -0.0139
vt 0.408370 0.786825
vt 0.460412 0.786825
vt 0.460412 0.517672
vt 0.408370 0.517672
vt 0.513201 0.786825
vt 0.513201 0.517672
s 1
usemtl obj071.005
f 4880/3129/2255 4877/3130/2256 4878/3131/2256 4881/3132/2255
f 4878/3131/2256 4877/3130/2256 4879/3133/2257 4884/3134/2257
f 4880/3129/2255 4881/3132/2255 4883/3131/2258 4882/3130/2258
f 4879/3133/2257 4882/3130/2258 4883/3131/2258 4884/3134/2257
g Atomic24.053_meshId87_name.040
v 566.277222 41.277096 2.010011
v 566.717529 41.717411 47.010010
v 566.280640 38.719360 2.010007
v 563.719482 41.280518 2.010010
v 563.278015 41.721989 47.010006
v 563.722900 38.722778 2.010010
v 563.282593 38.282475 47.010006
v 566.722107 38.277897 47.010006
vn 0.7070 0.7070 -0.0138
vn 0.7070 -0.7070 -0.0139
vn -0.7070 0.7070 -0.0139
vn -0.7070 -0.7070 -0.0138
vt 0.513201 0.786825
vt 0.460412 0.786825
vt 0.460412 0.517672
vt 0.513201 0.517672
vt 0.408370 0.786825
vt 0.408370 0.517672
s 1
usemtl obj071.005
f 4886/3135/2259 4892/3136/2260 4887/3137/2260 4885/3138/2259
f 4886/3135/2259 4885/3138/2259 4888/3137/2261 4889/3136/2261
f 4891/3139/2262 4889/3136/2261 4888/3137/2261 4890/3140/2262
f 4887/3137/2260 4892/3136/2260 4891/3139/2262 4890/3140/2262
g Atomic24.054_meshId87_name.041
v 436.703064 -241.703125 47.009983
v 436.266479 -241.266479 2.009982
v 436.717377 -238.282471 47.009983
v 433.282410 -241.717407 47.009979
v 433.296753 -238.296753 47.009983
v 433.722778 -241.277100 2.009981
v 433.733398 -238.733383 2.009985
v 436.277100 -238.722809 2.009982
vn -0.7070 -0.7070 -0.0138
vn 0.7070 -0.7070 -0.0137
vn 0.7070 0.7070 -0.0138
vn -0.7070 0.7070 -0.0137
vt 0.513201 0.517672
vt 0.460412 0.517672
vt 0.460412 0.786825
vt 0.513201 0.786825
vt 0.408370 0.517672
vt 0.408370 0.786825
s 1
usemtl obj071.005
f 4898/3141/2263 4894/3142/2264 4893/3143/2264 4896/3144/2263
f 4900/3145/2265 4895/3146/2265 4893/3143/2264 4894/3142/2264
f 4898/3141/2263 4896/3144/2263 4897/3143/2266 4899/3142/2266
f 4897/3143/2266 4895/3146/2265 4900/3145/2265 4899/3142/2266
g Atomic24.055_meshId87_name.042
v 224.299194 -850.000000 176.010056
v 230.000000 -844.355286 176.010056
v 230.000000 -855.644714 176.010056
v 224.070557 -850.000000 142.010056
v 230.000000 -844.355225 142.010056
v 230.000000 -855.644775 142.010056
v 235.929443 -850.000000 142.010056
v 235.700790 -850.000000 176.010056
vn -0.0000 -0.0000 1.0000
vn -1.0000 -0.0000 0.0034
vn -0.0000 1.0000 0.0033
vn -0.1171 0.9928 0.0248
vn -0.9931 -0.1066 0.0479
vn -0.0000 -1.0000 0.0033
vn -0.1216 -0.9926 0.0036
vn 0.9938 -0.0010 -0.1114
vn 1.0000 -0.0000 0.0034
vt 0.345777 0.584091
vt 0.368567 0.564570
vt 0.388156 0.584091
vt 0.399780 0.564570
vt 0.399780 0.423183
vt 0.368552 0.423183
vt 0.334251 0.423183
vt 0.334251 0.564570
s 0
usemtl obj071.005
f 4903/3147/2267 4908/3148/2267 4902/3149/2267 4901/3148/2267
s 1
f 4901/3148/2268 4902/3150/2269 4905/3151/2270 4904/3152/2271
f 4906/3153/2272 4903/3154/2273 4901/3148/2268 4904/3152/2271
f 4908/3148/2274 4903/3154/2273 4906/3153/2272 4907/3152/2275
f 4908/3148/2274 4907/3152/2275 4905/3151/2270 4902/3150/2269
g Atomic24.056_meshId87_name.043
v 224.416504 -850.000000 42.010063
v 230.000000 -855.255981 42.010063
v 230.000000 -844.743958 42.010063
v 223.231064 -850.000000 12.010064
v 230.000000 -843.349792 12.010064
v 230.000000 -856.650269 12.010065
v 236.768921 -850.000000 12.010064
v 235.583481 -850.000000 42.010063
vn -0.0000 -0.9991 0.0422
vn -0.9990 -0.0000 0.0438
vn -0.0000 -0.0000 1.0000
vn -0.0000 0.9991 0.0422
vn 0.9990 -0.0000 0.0438
vt 0.166480 0.549245
vt 0.207627 0.549245
vt 0.207621 0.423426
vt 0.166480 0.423426
vt 0.180875 0.572193
vt 0.232247 0.572193
vt 0.245057 0.549245
vt 0.245057 0.423426
s 1
usemtl obj071.005
f 4910/3155/2276 4909/3156/2277 4912/3157/2277 4914/3158/2276
s 0
f 4910/3159/2278 4916/3156/2278 4911/3160/2278 4909/3156/2278
s 1
f 4911/3161/2279 4913/3162/2279 4912/3157/2277 4909/3156/2277
f 4910/3155/2276 4914/3158/2276 4915/3157/2280 4916/3156/2280
f 4911/3161/2279 4916/3156/2280 4915/3157/2280 4913/3162/2279
g Atomic24.057_meshId87_name.044
v -224.299194 -850.000000 176.010056
v -224.070557 -850.000000 142.010056
v -230.000000 -855.644714 176.010056
v -230.000000 -844.355286 176.010056
v -235.700790 -850.000000 176.010056
v -230.000000 -844.355225 142.010056
v -235.929443 -850.000000 142.010056
v -230.000000 -855.644775 142.010056
vn -0.1091 0.9927 0.0510
vn -0.0000 1.0000 0.0033
vn 1.0000 -0.0000 0.0034
vn 0.9932 0.1140 0.0224
vn 0.0847 -0.9924 0.0893
vn -0.0000 -1.0000 0.0033
vn -0.0000 -0.0000 1.0000
vn -1.0000 -0.0000 0.0034
vn -0.9937 0.0458 -0.1019
vt 0.399780 0.423183
vt 0.399780 0.564570
vt 0.368567 0.564570
vt 0.368552 0.423183
vt 0.334251 0.423183
vt 0.334251 0.564570
vt 0.345777 0.584091
vt 0.388156 0.584091
s 1
usemtl obj071.005
f 4922/3163/2281 4920/3164/2282 4917/3165/2283 4918/3166/2284
f 4924/3167/2285 4918/3166/2284 4917/3165/2283 4919/3168/2286
s 0
f 4919/3169/2287 4917/3165/2287 4920/3170/2287 4921/3165/2287
s 1
f 4922/3163/2281 4923/3166/2288 4921/3165/2289 4920/3164/2282
f 4921/3165/2289 4923/3166/2288 4924/3167/2285 4919/3168/2286
g Atomic24.058_meshId87_name.045
v 436.730072 41.730045 47.009960
v 433.282562 41.717411 47.009956
v 436.717468 38.282475 47.009960
v 436.286560 41.286499 2.009961
v 433.722839 41.277096 2.009960
v 436.277191 38.722778 2.009961
v 433.713470 38.713379 2.009964
v 433.269867 38.269840 47.009960
vn -0.7070 0.7070 -0.0138
vn 0.7070 0.7070 -0.0139
vn 0.7070 -0.7070 -0.0138
vn -0.7070 -0.7070 -0.0139
vt 0.513201 0.786825
vt 0.460412 0.786825
vt 0.460412 0.517672
vt 0.513201 0.517672
vt 0.408370 0.786825
vt 0.408370 0.517672
s 1
usemtl obj071.005
f 4926/3171/2290 4925/3172/2291 4928/3173/2291 4929/3174/2290
f 4927/3175/2292 4930/3176/2292 4928/3173/2291 4925/3172/2291
f 4931/3173/2293 4930/3176/2292 4927/3175/2292 4932/3172/2293
f 4931/3173/2293 4932/3172/2293 4926/3171/2290 4929/3174/2290
g Atomic24.059_meshId87_name.046
v 254.034058 -850.000000 2.010064
v 234.486145 -850.000000 12.010064
v 246.994629 -833.005371 2.010063
v 230.000000 -874.034058 2.010066
v 233.172180 -846.827881 12.010064
v 213.005402 -833.005371 2.010063
v 205.965942 -850.000000 2.010064
v 226.827820 -846.827820 12.010064
v 226.827820 -853.172241 12.010065
v 233.172180 -853.172119 12.010065
vn -0.1261 -0.3046 0.9441
vn 0.0593 0.1428 0.9880
vn 0.0325 0.0783 0.9964
vn 0.1855 0.4476 0.8748
vn 0.1854 0.4475 0.8748
vn 0.0054 0.0134 0.9999
vn -0.1261 -0.3045 0.9441
vn -0.1262 -0.3046 0.9441
vn 0.0324 0.0783 0.9964
vn -0.1263 -0.3047 0.9440
vt 0.403285 0.387647
vt 0.403285 0.445905
vt 0.548024 0.445905
vt 0.548024 0.475034
vt 0.403285 0.475034
vt 0.548024 0.416776
s 1
usemtl obj071.005
f 4936/3177/2294 4933/3178/2295 4934/3179/2296
f 4937/3180/2297 4934/3179/2296 4933/3178/2295
f 4933/3178/2295 4935/3181/2298 4938/3181/2299
f 4937/3180/2297 4933/3178/2295 4938/3181/2299
f 4938/3181/2299 4939/3178/2300 4936/3177/2294
f 4941/3182/2301 4940/3180/2302 4938/3181/2299
f 4938/3181/2299 4940/3180/2302 4937/3180/2297
f 4941/3182/2301 4938/3181/2299 4936/3177/2294
f 4941/3182/2301 4936/3177/2294 4942/3182/2303
f 4936/3177/2294 4934/3179/2296 4942/3182/2303
g Atomic24.060_meshId87_name.047
v 243.108749 -859.252991 241.411133
v 229.164307 -851.262207 240.290375
v 244.608765 -856.655029 241.411133
v 230.664307 -848.664062 240.290375
vn -0.0602 0.0348 0.9976
vt 0.268181 0.558386
vt 0.268181 0.634303
vt 0.269480 0.634303
vt 0.269480 0.558386
s 0
usemtl obj071.005
f 4945/3183/2304 4946/3184/2304 4944/3185/2304 4943/3186/2304
g Atomic24.061_meshId87_name.048
v 230.000000 -846.956787 42.010063
v 230.000000 -846.956787 142.010056
v 232.596497 -851.074585 42.010063
v 227.403503 -851.074585 42.010063
v 227.403503 -851.074585 142.010056
v 232.596497 -851.074585 142.010056
vn 0.8756 -0.4830 -0.0000
vn -0.0000 1.0000 -0.0000
vn -0.8756 -0.4830 -0.0000
vt 0.247695 0.541412
vt 0.247695 0.424278
vt 0.287549 0.424278
vt 0.287549 0.541412
s 1
usemtl obj071.005
f 4952/3187/2305 4949/3188/2305 4947/3189/2306 4948/3190/2306
f 4951/3187/2307 4948/3190/2306 4947/3189/2306 4950/3188/2307
f 4952/3187/2305 4951/3187/2307 4950/3188/2307 4949/3188/2305
g Atomic24.062_meshId87_name.049
v 230.000000 -848.013672 176.010056
v 231.934021 -851.107788 176.010056
v 230.000000 -848.013672 240.339401
v 228.065979 -851.107788 176.010056
v 228.065979 -851.107788 240.339401
v 231.934021 -851.107788 240.339401
vn 0.8747 -0.4847 -0.0000
vn -0.0000 1.0000 -0.0000
vn -0.8747 -0.4847 -0.0000
vt 0.290715 0.638043
vt 0.290715 0.424761
vt 0.330781 0.424761
vt 0.330781 0.638043
s 1
usemtl obj071.005
f 4958/3191/2308 4954/3192/2308 4953/3193/2309 4955/3194/2309
f 4957/3191/2310 4955/3194/2309 4953/3193/2309 4956/3192/2310
f 4958/3191/2308 4957/3191/2310 4956/3192/2310 4954/3192/2308
g Atomic24.063_meshId87_name.050
v 231.500000 -849.901489 240.290375
v 228.500000 -849.901489 240.290375
v 231.500000 -834.178101 241.411133
v 228.500000 -834.178101 241.411133
vn -0.0000 -0.0711 0.9975
vt 0.269480 0.558386
vt 0.268181 0.558386
vt 0.268181 0.634303
vt 0.269480 0.634303
s 0
usemtl obj071.005
f 4961/3195/2311 4962/3196/2311 4960/3197/2311 4959/3198/2311
g Atomic24.064_meshId87_name.051
v 229.383163 -848.654541 240.290375
v 230.883179 -851.252625 240.290375
v 215.454956 -856.716309 241.411133
v 216.954956 -859.314331 241.411133
vn 0.0602 0.0347 0.9976
vt 0.269480 0.558386
vt 0.268181 0.558386
vt 0.268181 0.634303
vt 0.269480 0.634303
s 0
usemtl obj071.005
f 4965/3199/2312 4966/3200/2312 4964/3201/2312 4963/3202/2312
g Atomic24.065_meshId87_name.052
v -216.891220 -859.252991 241.411133
v -230.835693 -851.262207 240.290375
v -215.391235 -856.655029 241.411133
v -229.335693 -848.664062 240.290375
vn -0.0602 0.0348 0.9976
vt 0.268181 0.558386
vt 0.268181 0.634303
vt 0.269480 0.634303
vt 0.269480 0.558386
s 0
usemtl obj071.005
f 4969/3203/2313 4970/3204/2313 4968/3205/2313 4967/3206/2313
g Atomic24.066_meshId87_name.053
v -225.513855 -850.000000 12.010064
v -230.000000 -854.486084 12.010065
v -226.827820 -846.827881 12.010064
v -205.965942 -850.000000 2.010064
v -213.005402 -833.005371 2.010063
v -230.000000 -874.034058 2.010066
v -246.994629 -833.005371 2.010063
v -233.172180 -846.827820 12.010064
v -254.034058 -850.000000 2.010064
v -233.172180 -853.172241 12.010065
vn -0.0783 -0.0326 0.9964
vn 0.3046 0.1262 0.9441
vn 0.3046 0.1261 0.9441
vn -0.0453 -0.0187 0.9988
vn 0.3045 0.1261 0.9441
vn 0.3044 0.1261 0.9441
vn -0.1429 -0.0591 0.9880
vn -0.4477 -0.1854 0.8748
vn -0.0783 -0.0324 0.9964
vn -0.4476 -0.1853 0.8748
vt 0.403285 0.387647
vt 0.403285 0.445905
vt 0.548024 0.445905
vt 0.548024 0.387647
vt 0.548024 0.475034
vt 0.403285 0.475034
vt 0.548024 0.416776
s 1
usemtl obj071.005
f 4976/3207/2314 4974/3208/2315 4971/3209/2316 4972/3210/2317
f 4973/3211/2318 4971/3209/2316 4974/3208/2315
f 4974/3208/2315 4975/3212/2319 4977/3212/2320
f 4974/3208/2315 4977/3212/2320 4973/3211/2318
f 4980/3213/2321 4978/3211/2322 4977/3212/2320
f 4977/3212/2320 4978/3211/2322 4973/3211/2318
f 4977/3212/2320 4979/3208/2323 4976/3207/2314
f 4976/3207/2314 4980/3213/2321 4977/3212/2320
f 4976/3207/2314 4972/3210/2317 4980/3213/2321
g Atomic24.067_meshId87_name.054
v -227.403503 -851.074585 142.010056
v -227.403503 -851.074585 42.010063
v -230.000000 -846.956787 142.010056
v -232.596497 -851.074585 142.010056
v -232.596497 -851.074585 42.010063
v -230.000000 -846.956787 42.010063
vn -0.0000 1.0000 -0.0000
vn 0.8756 -0.4830 -0.0000
vn -0.8756 -0.4830 -0.0000
vt 0.287549 0.424278
vt 0.287549 0.541412
vt 0.247695 0.541412
vt 0.247695 0.424278
s 1
usemtl obj071.005
f 4986/3214/2324 4983/3215/2324 4981/3216/2325 4982/3217/2325
f 4985/3217/2326 4982/3217/2325 4981/3216/2325 4984/3216/2326
f 4986/3214/2324 4985/3217/2326 4984/3216/2326 4983/3215/2324
g Atomic24.068_meshId87_name.055
v -228.065979 -851.107788 240.339401
v -230.000000 -848.013672 240.339401
v -228.065979 -851.107788 176.010056
v -231.934021 -851.107788 240.339401
v -231.934021 -851.107788 176.010056
v -230.000000 -848.013672 176.010056
vn -0.0000 1.0000 -0.0000
vn 0.8747 -0.4847 -0.0000
vn -0.8747 -0.4847 -0.0000
vt 0.330781 0.424761
vt 0.330781 0.638043
vt 0.290715 0.638043
vt 0.290715 0.424761
s 1
usemtl obj071.005
f 4992/3218/2327 4988/3219/2327 4987/3220/2328 4989/3221/2328
f 4990/3220/2329 4991/3221/2329 4989/3221/2328 4987/3220/2328
f 4992/3218/2327 4991/3221/2329 4990/3220/2329 4988/3219/2327
g Atomic24.069_meshId87_name.056
v -228.500000 -849.901489 240.290375
v -228.500000 -834.178101 241.411133
v -231.500000 -849.901489 240.290375
v -231.500000 -834.178101 241.411133
vn -0.0000 -0.0711 0.9975
vt 0.269480 0.558386
vt 0.268181 0.558386
vt 0.268181 0.634303
vt 0.269480 0.634303
s 0
usemtl obj071.005
f 4994/3222/2330 4996/3223/2330 4995/3224/2330 4993/3225/2330
g Atomic24.070_meshId87_name.057
v -230.616821 -848.654541 240.290375
v -229.116821 -851.252625 240.290375
v -244.545044 -856.716309 241.411133
v -243.045029 -859.314331 241.411133
vn 0.0602 0.0347 0.9976
vt 0.269480 0.558386
vt 0.268181 0.558386
vt 0.268181 0.634303
vt 0.269480 0.634303
s 0
usemtl obj071.005
f 4999/3226/2331 5000/3227/2331 4998/3228/2331 4997/3229/2331
g Atomic24.071_meshId87_name.058
v -456.000000 -764.000000 4.010008
v -472.000061 -764.000000 4.010008
v -456.000092 -828.000000 4.010013
v -456.000092 -700.000183 4.010003
v -472.000061 -700.000000 4.010003
v -456.000000 -636.000122 4.009998
v -472.000061 -636.000000 4.009998
v -456.000000 -572.000000 4.009994
v -455.999939 -492.000000 4.009987
v -472.000000 -508.000000 4.009988
v -472.000000 -572.000000 4.009994
v -536.000000 -572.000000 4.009994
v -536.000000 -508.000000 4.009988
v -536.000000 -636.000000 4.009998
v -600.000000 -572.000000 4.009994
v -600.000000 -508.000000 4.009988
v -664.000000 -572.000000 4.009994
v -600.000000 -636.000000 4.009998
v -600.000000 -700.000000 4.010003
v -664.000000 -636.000000 4.009998
v -728.000000 -636.000000 4.009998
v -664.000000 -700.000000 4.010003
v -664.000000 -764.000000 4.010008
v -728.000000 -700.000000 4.010003
v -744.000000 -700.000000 4.010003
v -728.000000 -764.000000 4.010008
v -744.000000 -764.000000 4.010008
v -728.000000 -827.999939 4.010013
v -664.000000 -828.000000 4.010013
v -744.000000 -827.999878 4.010013
v -728.000000 -891.999817 4.010017
v -664.000000 -892.000000 4.010017
v -744.000000 -907.999878 4.010019
v -664.000000 -908.000000 4.010019
v -600.000000 -908.000000 4.010019
v -536.000122 -908.000000 4.010019
v -600.000000 -892.000000 4.010017
v -536.000061 -892.000000 4.010017
v -600.000000 -828.000000 4.010013
v -600.000000 -764.000000 4.010008
v -536.000000 -828.000000 4.010013
v -472.000061 -828.000000 4.010013
v -536.000000 -764.000000 4.010008
v -536.000000 -700.000000 4.010003
v -472.000061 -892.000000 4.010017
v -456.000092 -908.000000 4.010019
v -744.000000 -636.000000 4.009998
v -744.000000 -572.000000 4.009994
v -728.000000 -572.000000 4.009994
v -743.999939 -492.000000 4.009987
v -727.999939 -508.000000 4.009988
v -663.999939 -492.000000 4.009987
v -600.000000 -492.000000 4.009987
v -664.000000 -508.000000 4.009988
v -536.000000 -492.000000 4.009987
vn -0.0000 -0.0000 1.0000
vt 0.359180 0.384640
vt 0.203138 0.384640
vt 0.203138 0.419624
vt 0.359180 0.419624
vt 0.397008 0.419624
vt 0.242215 0.384640
vt 0.397008 0.384640
vt 0.003227 0.386651
vt 0.160086 0.386651
vt 0.160086 0.544078
vt 0.003227 0.544078
vt 0.242210 0.419624
vt 0.165777 0.419624
s 0
usemtl obj071.005
f 5002/3230/2332 5042/3231/2332 5003/3232/2332 5001/3233/2332
f 5004/3233/2332 5005/3230/2332 5002/3231/2332 5001/3232/2332
f 5006/3233/2332 5007/3230/2332 5005/3231/2332 5004/3232/2332
f 5011/3230/2332 5007/3231/2332 5006/3232/2332 5008/3233/2332
f 5008/3234/2332 5009/3232/2332 5010/3235/2332
f 5011/3236/2332 5008/3234/2332 5010/3235/2332
f 5013/3237/2332 5012/3238/2332 5011/3239/2332 5010/3240/2332
f 5012/3237/2332 5014/3238/2332 5007/3239/2332 5011/3240/2332
f 5013/3240/2332 5016/3237/2332 5015/3238/2332 5012/3239/2332
f 5015/3237/2332 5018/3238/2332 5014/3239/2332 5012/3240/2332
f 5016/3240/2332 5054/3237/2332 5017/3238/2332 5015/3239/2332
f 5015/3240/2332 5017/3237/2332 5020/3238/2332 5018/3239/2332
f 5018/3237/2332 5019/3238/2332 5044/3239/2332 5014/3240/2332
f 5018/3240/2332 5020/3237/2332 5022/3238/2332 5019/3239/2332
f 5049/3237/2332 5021/3238/2332 5020/3239/2332 5017/3240/2332
f 5021/3237/2332 5024/3238/2332 5022/3239/2332 5020/3240/2332
f 5022/3237/2332 5023/3238/2332 5040/3239/2332 5019/3240/2332
f 5024/3237/2332 5026/3238/2332 5023/3239/2332 5022/3240/2332
f 5021/3236/2332 5047/3234/2332 5025/3241/2332 5024/3235/2332
f 5024/3236/2332 5025/3234/2332 5027/3241/2332 5026/3235/2332
f 5026/3237/2332 5028/3238/2332 5029/3239/2332 5023/3240/2332
f 5026/3236/2332 5027/3234/2332 5030/3241/2332 5028/3235/2332
f 5028/3237/2332 5031/3238/2332 5032/3239/2332 5029/3240/2332
f 5031/3235/2332 5028/3236/2332 5030/3234/2332
f 5032/3236/2332 5031/3235/2332 5033/3232/2332
f 5033/3232/2332 5031/3235/2332 5030/3234/2332
f 5034/3234/2332 5032/3236/2332 5033/3232/2332
f 5035/3233/2332 5037/3230/2332 5032/3231/2332 5034/3232/2332
f 5038/3230/2332 5037/3231/2332 5035/3232/2332 5036/3233/2332
f 5029/3237/2332 5032/3238/2332 5037/3239/2332 5039/3240/2332
f 5041/3240/2332 5039/3237/2332 5037/3238/2332 5038/3239/2332
f 5043/3240/2332 5040/3237/2332 5039/3238/2332 5041/3239/2332
f 5023/3237/2332 5029/3238/2332 5039/3239/2332 5040/3240/2332
f 5042/3240/2332 5041/3237/2332 5038/3238/2332 5045/3239/2332
f 5002/3240/2332 5043/3237/2332 5041/3238/2332 5042/3239/2332
f 5044/3237/2332 5043/3238/2332 5002/3239/2332 5005/3240/2332
f 5019/3237/2332 5040/3238/2332 5043/3239/2332 5044/3240/2332
f 5014/3237/2332 5044/3238/2332 5005/3239/2332 5007/3240/2332
f 5042/3230/2332 5045/3231/2332 5046/3242/2332
f 5003/3233/2332 5042/3230/2332 5046/3242/2332
f 5046/3242/2332 5045/3231/2332 5036/3233/2332
f 5045/3231/2332 5038/3230/2332 5036/3233/2332
f 5049/3236/2332 5048/3234/2332 5047/3241/2332 5021/3235/2332
f 5050/3242/2332 5048/3233/2332 5049/3230/2332
f 5052/3233/2332 5050/3242/2332 5051/3231/2332
f 5051/3231/2332 5050/3242/2332 5049/3230/2332
f 5016/3231/2332 5053/3232/2332 5052/3233/2332 5054/3230/2332
f 5054/3230/2332 5052/3233/2332 5051/3231/2332
f 5051/3237/2332 5049/3238/2332 5017/3239/2332 5054/3240/2332
f 5055/3232/2332 5053/3233/2332 5016/3230/2332 5013/3231/2332
f 5009/3232/2332 5055/3234/2332 5013/3236/2332
f 5010/3235/2332 5009/3232/2332 5013/3236/2332
g Atomic24.072_meshId87_name.059
v -525.000000 -705.000000 79.010078
v -525.000000 -705.000000 67.010078
v -675.000000 -705.000000 79.010040
v -525.000122 -815.000000 79.010086
v -675.000000 -815.000000 79.010048
v -525.000122 -815.000000 67.010086
v -675.000000 -815.000000 67.010048
v -675.000000 -705.000000 67.010040
vn 1.0000 -0.0000 -0.0000
vn -0.0000 1.0000 -0.0000
vn -0.0000 -1.0000 -0.0000
vn -1.0000 -0.0000 -0.0000
vt 0.994571 0.711847
vt 0.994571 0.752050
s 0
usemtl obj071.005
f 5057/3243/2333 5056/3244/2333 5059/3244/2333 5061/3243/2333
f 5057/3243/2334 5063/3243/2334 5058/3244/2334 5056/3244/2334
f 5062/3243/2335 5061/3243/2335 5059/3244/2335 5060/3244/2335
f 5063/3243/2336 5062/3243/2336 5060/3244/2336 5058/3244/2336
g Atomic24.073_meshId87_name.060
v -525.000000 -585.000000 79.010071
v -525.000000 -585.000000 67.010071
v -675.000000 -585.000000 79.010033
v -525.000122 -695.000000 79.010078
v -675.000000 -695.000000 79.010040
v -525.000122 -695.000000 67.010078
v -675.000000 -695.000000 67.010040
v -675.000000 -585.000000 67.010033
vn -0.0000 1.0000 -0.0000
vn 1.0000 -0.0000 -0.0000
vn -0.0000 -1.0000 -0.0000
vn -1.0000 -0.0000 -0.0000
vt 0.994571 0.752050
vt 0.994571 0.711847
s 0
usemtl obj071.005
f 5066/3245/2337 5064/3245/2337 5065/3246/2337 5071/3246/2337
f 5067/3245/2338 5069/3246/2338 5065/3246/2338 5064/3245/2338
f 5070/3246/2339 5069/3246/2339 5067/3245/2339 5068/3245/2339
f 5071/3246/2340 5070/3246/2340 5068/3245/2340 5066/3245/2340
g Atomic24.074_meshId87_name.061
v -528.710938 -711.289185 2.010069
v -528.722778 -708.722900 2.010069
v -531.277100 -711.277222 2.010065
v -528.266541 -711.733398 67.010071
v -531.717407 -711.717529 67.010071
v -528.282471 -708.282593 67.010071
v -531.733276 -708.266785 67.010071
v -531.288940 -708.711121 2.010068
vn 0.7071 0.7071 -0.0096
vn 0.7071 -0.7071 -0.0097
vn -0.7071 -0.7071 -0.0096
vn -0.7071 0.7071 -0.0097
vt 0.513201 0.786825
vt 0.460412 0.786825
vt 0.460412 0.517672
vt 0.513201 0.517672
vt 0.408370 0.786825
vt 0.408370 0.517672
s 1
usemtl obj071.005
f 5077/3247/2341 5075/3248/2342 5072/3249/2342 5073/3250/2341
f 5072/3249/2342 5075/3248/2342 5076/3251/2343 5074/3252/2343
f 5077/3247/2341 5073/3250/2341 5079/3249/2344 5078/3248/2344
f 5076/3251/2343 5078/3248/2344 5079/3249/2344 5074/3252/2343
g Atomic24.075_meshId87_name.062
v -528.282593 -811.717529 67.010078
v -528.278564 -808.278564 67.010078
v -531.721436 -811.721436 67.010078
v -528.722839 -811.277222 2.010077
v -528.719849 -808.719910 2.010077
v -531.280151 -811.280151 2.010076
v -531.277222 -808.722839 2.010072
v -531.717529 -808.282593 67.010078
vn 0.7071 -0.7071 -0.0096
vn 0.7071 0.7071 -0.0096
vn -0.7071 -0.7071 -0.0096
vn -0.7071 0.7071 -0.0096
vt 0.513201 0.786825
vt 0.513201 0.517672
vt 0.460412 0.517672
vt 0.460412 0.786825
vt 0.408370 0.786825
vt 0.408370 0.517672
s 1
usemtl obj071.005
f 5080/3253/2345 5083/3254/2345 5084/3255/2346 5081/3256/2346
f 5085/3255/2347 5083/3254/2345 5080/3253/2345 5082/3256/2347
f 5085/3255/2347 5082/3256/2347 5087/3257/2348 5086/3258/2348
f 5084/3255/2346 5086/3258/2348 5087/3257/2348 5081/3256/2346
g Atomic24.076_meshId87_name.063
v -528.282593 -691.717529 67.010071
v -528.278564 -688.278564 67.010071
v -531.721436 -691.721436 67.010071
v -528.722839 -691.277222 2.010068
v -531.280151 -691.280151 2.010067
v -528.719849 -688.719910 2.010068
v -531.277222 -688.722778 2.010063
v -531.717529 -688.282593 67.010071
vn 0.7071 -0.7071 -0.0096
vn 0.7071 0.7071 -0.0096
vn -0.7071 -0.7071 -0.0096
vn -0.7071 0.7071 -0.0096
vt 0.513201 0.786825
vt 0.513201 0.517672
vt 0.460412 0.517672
vt 0.460412 0.786825
vt 0.408370 0.786825
vt 0.408370 0.517672
s 1
usemtl obj071.005
f 5088/3259/2349 5091/3260/2349 5093/3261/2350 5089/3262/2350
f 5092/3261/2351 5091/3260/2349 5088/3259/2349 5090/3262/2351
f 5095/3263/2352 5089/3262/2350 5093/3261/2350 5094/3264/2352
f 5095/3263/2352 5094/3264/2352 5092/3261/2351 5090/3262/2351
g Atomic24.077_meshId87_name.064
v -668.287720 -811.712402 67.010025
v -668.726685 -811.273315 2.010024
v -668.282593 -808.282471 67.010025
v -671.717529 -811.717468 67.010025
v -671.712524 -808.287476 67.010025
v -671.277222 -811.277100 2.010023
v -671.273560 -808.726562 2.010023
v -668.722900 -808.722839 2.010027
vn 0.7071 0.7071 -0.0096
vn 0.7071 -0.7071 -0.0096
vn -0.7071 -0.7071 -0.0096
vn -0.7071 0.7071 -0.0096
vt 0.408370 0.517672
vt 0.408370 0.786825
vt 0.460412 0.786825
vt 0.460412 0.517672
vt 0.513201 0.786825
vt 0.513201 0.517672
s 1
usemtl obj071.005
f 5103/3265/2353 5098/3266/2353 5096/3267/2354 5097/3268/2354
f 5096/3267/2354 5099/3269/2355 5101/3270/2355 5097/3268/2354
f 5101/3270/2355 5099/3269/2355 5100/3267/2356 5102/3268/2356
f 5100/3267/2356 5098/3266/2353 5103/3265/2353 5102/3268/2356
g Atomic24.078_meshId87_name.065
v -535.829956 -647.977539 82.010048
v -535.829956 -685.417480 82.010056
v -535.829956 -647.977539 84.890038
v -563.044434 -647.977539 82.010048
v -563.044434 -685.417480 82.010056
v -563.044434 -647.977539 84.890045
v -563.044434 -683.977539 90.650047
v -535.830017 -683.977539 90.650047
vn 1.0000 -0.0000 -0.0000
vn -0.0000 1.0000 -0.0000
vn -1.0000 -0.0000 -0.0000
vn -0.0000 0.1580 0.9874
vn -0.0000 -0.9864 0.1644
vt 0.388789 0.755661
vt 0.404941 0.755880
vt 0.396785 0.650114
vt 0.388789 0.650123
vt 0.388789 0.641903
vt 0.305603 0.650130
vt 0.305627 0.641903
vt 0.305550 0.755616
vt 0.388789 0.779506
vt 0.305522 0.779506
s 0
usemtl obj071.005
f 5111/3271/2357 5105/3272/2357 5104/3273/2357 5106/3274/2357
f 5107/3275/2358 5109/3274/2358 5106/3276/2358 5104/3277/2358
f 5107/3273/2359 5108/3272/2359 5110/3271/2359 5109/3274/2359
f 5106/3276/2360 5109/3274/2360 5110/3271/2360 5111/3278/2360
f 5111/3278/2361 5110/3271/2361 5108/3279/2361 5105/3280/2361
g Atomic24.079_meshId87_name.066
v -536.814819 -649.737427 84.675682
v -536.814819 -681.043213 89.748398
v -537.414795 -649.906982 87.620453
v -545.439697 -649.737427 84.675682
v -545.439697 -681.043213 89.748398
v -544.839783 -649.906982 87.620453
v -544.839722 -680.028198 92.501236
v -537.414795 -680.028259 92.501236
vn 0.9790 0.0326 0.2013
vn -0.0000 0.9983 0.0575
vn -0.9790 0.0326 0.2013
vn -0.0000 0.1600 0.9871
vn -0.0000 -0.9383 0.3460
vt 0.291374 0.649965
vt 0.291377 0.740205
vt 0.299345 0.740177
vt 0.299400 0.649908
vt 0.291370 0.642659
vt 0.267077 0.649946
vt 0.267061 0.642659
vt 0.267125 0.740214
s 0
usemtl obj071.005
f 5114/3281/2362 5119/3282/2362 5113/3283/2362 5112/3284/2362
f 5115/3285/2363 5117/3281/2363 5114/3286/2363 5112/3287/2363
f 5117/3281/2364 5115/3284/2364 5116/3283/2364 5118/3282/2364
f 5118/3282/2365 5119/3288/2365 5114/3286/2365 5117/3281/2365
f 5119/3286/2366 5118/3281/2366 5116/3285/2366 5113/3287/2366
g Atomic24.080_meshId87_name.067
v -1085.000000 2230.000000 89.009857
v -1085.000000 2230.000000 77.009865
v -1085.000000 2150.000000 89.009865
v -1145.000000 2230.000000 89.009819
v -1145.000000 2230.000000 77.009804
v -1145.000000 2150.000000 89.009827
v -1145.000000 2150.000000 77.009811
v -1085.000000 2150.000000 77.009872
vn 1.0000 -0.0000 -0.0000
vn -0.0000 1.0000 -0.0000
vn -1.0000 -0.0000 -0.0000
vn -0.0000 -1.0000 -0.0000
vt 0.759598 0.711847
vt 0.994571 0.711847
vt 0.994571 0.752050
vt 0.759598 0.752050
vt 0.529006 0.752050
vt 0.529006 0.711847
vt 0.770575 0.711847
vt 0.770575 0.752050
s 0
usemtl obj071.005
f 5127/3289/2367 5121/3290/2367 5120/3291/2367 5122/3292/2367
f 5123/3291/2368 5120/3292/2368 5121/3289/2368 5124/3290/2368
f 5123/3293/2369 5124/3294/2369 5126/3295/2369 5125/3296/2369
f 5125/3292/2370 5126/3289/2370 5127/3290/2370 5122/3291/2370
