# Blender 5.1.1
# www.blender.org
mtllib station.mtl
g 5_Mesh10_0.5_0_0_5_Mesh10_0.5_0_0
v 1.059974 1.727087 0.810000
v 1.059974 2.335426 0.810000
v 1.019143 1.686257 0.810000
v 1.019143 2.376256 0.810000
v 0.100804 1.686256 0.810000
v 0.100804 2.376256 0.810000
v 0.059974 1.727087 0.810000
v 0.059974 2.335426 0.810000
v -0.286905 3.716721 1.074808
v -0.260924 3.716721 1.089808
v -0.286905 4.116722 1.074808
v -0.136905 3.716721 0.815001
v -0.136905 4.116721 0.815001
v -0.110924 3.716720 0.830001
v -0.110924 4.116720 0.830001
v -0.110924 3.716720 0.800001
v 0.189076 3.716718 0.830001
v 0.189076 3.716718 0.800001
v 0.189076 4.116718 0.830001
v 0.189076 4.116718 0.800001
v -0.110924 4.116720 0.800001
v -0.260924 4.116722 1.089808
v 1.771350 4.518966 1.074808
v 1.771350 4.492986 1.089808
v 2.171350 4.518966 1.074808
v 1.771350 4.368966 0.815001
v 2.171350 4.368966 0.815001
v 1.771350 4.342986 0.830001
v 2.171350 4.342986 0.830001
v 1.771350 4.342986 0.800001
v 1.771350 4.042985 0.830001
v 1.771350 4.042985 0.800001
v 2.171350 4.042985 0.830001
v 2.171350 4.042985 0.800001
v 2.171350 4.342986 0.800001
v 2.171350 4.492986 1.089808
vn -0.0000 -0.0000 -1.0000
vn -0.0000 0.0003 -1.0000
vn -0.0003 -0.0000 -1.0000
vn -0.5571 -0.8079 -0.1921
vn -0.0268 -0.0275 -0.9993
vn 0.5000 -0.0258 -0.8657
vn 0.8659 -0.0164 0.4999
vn -0.5001 -0.0000 0.8659
vn 0.8645 -0.0876 0.4949
vn -0.8058 -0.0059 -0.5921
vn -0.3532 -0.2423 -0.9036
vn 0.0896 0.7499 -0.6555
vn -0.3582 0.2384 -0.9027
vn 0.7897 -0.2102 0.5764
vn 1.0000 -0.0000 -0.0000
vn -0.0000 -1.0000 -0.0000
vn -0.0000 1.0000 -0.0000
vn -0.5264 0.4735 0.7062
vn -0.5474 0.4524 0.7040
vn -0.0000 -1.0000 0.0001
vn 0.5000 -0.0000 -0.8660
vn -0.5000 -0.0000 0.8660
vn -1.0000 -0.0000 -0.0000
vn -0.1972 -0.3415 -0.9190
vn 0.2927 0.0343 0.9556
vn -0.9978 -0.0157 0.0646
vn -0.4248 0.8865 -0.1836
vn 0.4576 -0.1628 -0.8741
vn 0.2655 0.9190 -0.2915
vn -0.5210 -0.4788 -0.7066
vn -0.8257 0.1741 -0.5365
vn 0.3184 0.7808 -0.5375
vn -0.0649 0.0609 -0.9960
vn 0.7072 0.5002 -0.4997
vn 0.9968 0.0771 0.0228
vn -0.3055 0.8313 0.4643
vt 0.772108 0.014717
vt 0.772108 0.294581
vt 0.784551 0.307024
vt 0.985180 0.307024
vt 0.997623 0.294581
vt 0.997623 0.014717
vt 0.985180 0.002274
vt 0.784551 0.002274
vt 0.189467 0.599682
vt 0.189467 0.490308
vt 0.338079 0.490308
vt 0.338079 0.599682
vt 0.189467 0.833717
vt 0.189467 0.720674
vt 0.338079 0.720674
vt 0.338079 0.833717
vt 0.338079 0.599718
vt 0.338079 0.708923
vt 0.189467 0.708923
vt 0.189467 0.599718
vt 0.338079 0.477686
vt 0.189467 0.477686
vt 0.189467 0.490310
vt 0.338079 0.490310
vt 0.338079 0.720654
vt 0.189467 0.720654
vt 0.189467 0.708975
vt 0.338079 0.708975
vt 0.338060 0.490282
vt 0.189467 0.490282
vt 0.189467 0.477657
vt 0.338060 0.477657
vt 0.338079 0.708976
vt 0.189467 0.708976
vt 0.189467 0.720655
vt 0.338079 0.720655
vt 0.338079 0.490311
vt 0.189467 0.490311
vt 0.185873 0.709078
vt 0.036927 0.709078
vt 0.036927 0.720757
vt 0.185873 0.720757
vt 0.036927 0.477937
vt 0.036927 0.490191
vt 0.185853 0.490191
vt 0.185853 0.477937
vt 0.185873 0.709079
vt 0.036927 0.709079
vt 0.036927 0.720758
vt 0.185873 0.720758
vt 0.185873 0.600338
vt 0.185873 0.490217
vt 0.036927 0.490217
vt 0.036927 0.600338
vt 0.185873 0.477965
vt 0.036927 0.477965
vt 0.036927 0.490219
vt 0.185873 0.490219
vt 0.036927 0.833778
vt 0.036927 0.720776
vt 0.185873 0.720776
vt 0.185873 0.833778
vt 0.036927 0.709026
vt 0.185873 0.709026
vt 0.185873 0.600374
vt 0.036927 0.600374
vt 0.185873 0.490220
vt 0.185873 0.477966
vt 0.036927 0.477966
vt 0.036927 0.490220
s 1
usemtl 5_Mesh10_0.5_0_0
f 3/1/1 5/2/1 7/3/1
f 7/3/1 8/4/1 6/5/1
f 6/5/1 4/6/1 2/7/1
f 2/7/1 1/8/1 3/1/1
f 3/1/1 7/3/1 6/5/1 2/7/1
f 14/9/2 17/10/3 19/11/4 15/12/5
f 9/13/6 12/14/7 13/15/8 11/16/9
f 15/17/10 22/18/11 10/19/12 14/20/13
f 21/21/14 16/22/15 14/23/15 15/24/5
f 22/25/11 15/26/10 13/27/16 11/28/16
f 14/29/17 17/30/18 18/31/19 16/32/17
f 12/27/17 14/26/13 10/25/12 9/28/17
f 19/30/4 20/31/20 21/32/14 15/29/5
f 9/33/6 11/34/9 22/35/21 10/36/21
f 12/37/7 14/21/22 15/22/22 13/38/8
f 20/21/23 18/22/19 17/23/18 19/24/23
f 25/39/24 27/40/25 29/41/26 36/42/27
f 32/43/15 31/44/15 28/45/15 30/46/15
f 23/47/28 25/48/24 36/49/27 24/50/29
f 35/46/30 34/43/31 33/44/32 29/45/33
f 29/51/33 33/52/32 31/53/34 28/54/1
f 34/55/31 32/56/17 31/57/34 33/58/32
f 23/59/28 26/60/35 27/61/25 25/62/24
f 24/63/29 36/64/27 29/65/26 28/66/36
f 26/67/35 28/68/36 29/69/26 27/70/25
f 23/39/28 24/42/29 28/41/36 26/40/35
f 29/58/33 28/57/16 30/56/16 35/55/30
g 5_Mesh12_0.5_0_0_5_Mesh12_0.5_0_0
v -1.682382 1.034862 0.064000
v -1.679657 1.012399 0.054628
v -1.685106 1.057325 0.054628
v -1.678529 1.003095 0.032000
v -1.686235 1.066629 0.032000
v -1.679657 1.012399 0.009373
v -1.685106 1.057325 0.009373
v -1.682382 1.034862 0.000000
v -1.702236 1.032454 0.000000
v -1.704961 1.054917 0.009373
v -1.704961 1.054917 0.054628
v -1.702236 1.032454 0.064000
v -1.699512 1.009991 0.054628
v -1.698383 1.000687 0.032000
v -1.699512 1.009991 0.009373
v -1.733077 1.452837 0.064000
v -1.730352 1.430375 0.054628
v -1.735801 1.475300 0.054628
v -1.755656 1.472892 0.054628
v -1.752931 1.450429 0.064000
v -1.750207 1.427967 0.054628
v -1.729224 1.421070 0.032000
v -1.749078 1.418662 0.032000
v -1.736929 1.484605 0.032000
v -1.755656 1.472892 0.009373
v -1.752931 1.450429 0.000000
v -1.735801 1.475300 0.009373
v -1.750207 1.427967 0.009373
v -1.730352 1.430375 0.009373
v -1.733077 1.452837 0.000000
v -2.615543 0.921682 0.064000
v -2.612819 0.899219 0.054628
v -2.618268 0.944145 0.054628
v -2.638122 0.941737 0.054628
v -2.635398 0.919274 0.064000
v -2.632674 0.896811 0.054628
v -2.631545 0.887507 0.032000
v -2.611691 0.889915 0.032000
v -2.612819 0.899219 0.009373
v -2.618268 0.944145 0.009373
v -2.615543 0.921682 0.000000
v -2.635398 0.919274 0.000000
v -2.638122 0.941737 0.009373
v -2.666238 1.339658 0.064000
v -2.663514 1.317195 0.054628
v -2.668963 1.362120 0.054628
v -2.686093 1.337249 0.064000
v -2.688817 1.359712 0.054628
v -2.689946 1.369017 0.032000
v -2.683368 1.314787 0.054628
v -2.662385 1.307890 0.032000
v -2.682240 1.305482 0.032000
v -2.683368 1.314787 0.009373
v -2.663514 1.317194 0.009373
v -2.688817 1.359712 0.009373
v -2.686093 1.337249 0.000000
v -2.668963 1.362120 0.009373
v -2.666238 1.339658 0.000000
vn -0.4826 0.8013 -0.3536
vn 0.2299 0.8613 -0.4531
vn -0.2404 0.6900 0.6827
vn -0.8225 -0.2942 -0.4867
vn -0.0851 0.7019 -0.7072
vn 0.9352 0.3241 0.1424
vn 0.9592 -0.2303 -0.1642
vn -0.0000 -0.0000 -1.0000
vn 0.1598 -0.9798 0.1203
vn 0.3438 -0.9391 -0.0000
vn 0.2352 -0.7960 -0.5577
vn -0.0824 0.6795 0.7290
vn -0.0153 0.1264 0.9919
vn 0.7202 -0.5209 0.4583
vn 0.9016 0.3228 -0.2881
vn -0.9927 -0.1202 -0.0004
vn -0.9927 -0.1204 -0.0000
vn -0.7894 0.4159 -0.4516
vn 0.7365 0.5749 -0.3566
vn 0.2352 -0.7960 0.5577
vn 0.9447 0.1960 -0.2628
vn -0.9927 -0.1207 -0.0000
vn -0.0851 0.7018 -0.7072
vn 0.6633 -0.6058 -0.4393
vn 0.2726 0.8827 0.3829
vn 0.8368 -0.4745 -0.2731
vn -0.3446 0.9293 -0.1330
vn -0.0853 0.7020 0.7071
vn -0.0904 0.9193 0.3831
vn -0.8297 0.0629 -0.5546
vn -0.0851 0.7018 0.7072
vn -0.0000 -0.0000 1.0000
vn 0.9591 -0.2303 0.1643
vn 0.0767 -0.7797 -0.6215
vn 0.2633 -0.7454 -0.6124
vn -0.8689 0.0890 0.4869
vn 0.1204 -0.9927 -0.0000
vn -0.7317 -0.1339 0.6683
vn 0.3985 -0.9170 -0.0166
vn -0.8226 -0.2945 -0.4863
vn 0.0851 -0.7018 0.7072
vn -0.9927 -0.1204 -0.0005
vn -0.9927 -0.1206 0.0004
vn 0.9927 0.1204 -0.0000
vn 0.1693 -0.3113 0.9351
vn 0.4515 -0.8437 -0.2902
vn 0.6352 0.0797 -0.7682
vn 0.2030 0.6954 0.6893
vn 0.1568 0.1325 0.9787
vn 0.1061 0.9887 -0.1060
vn -0.1111 0.9172 0.3827
vn -0.7894 0.4161 -0.4514
vn -0.8226 -0.2941 -0.4867
vn 0.4994 0.7468 -0.4392
vn 0.1001 -0.8254 -0.5556
vn 0.1001 -0.8254 0.5556
vn -0.9927 -0.1203 0.0003
vn -0.9927 -0.1204 0.0003
vn 0.7470 0.5832 -0.3193
vn 0.4995 0.7468 -0.4392
vn 0.5798 -0.7407 0.3393
vn -0.0381 -0.8292 -0.5576
vn -0.0983 -0.0119 0.9951
vn 0.2726 0.8827 0.3828
vn -0.0381 -0.8292 0.5576
vn -0.0723 -0.5095 0.8574
vn -0.1495 -0.9178 0.3678
vn -0.4826 0.8013 -0.3535
vn 0.1713 0.9084 -0.3813
vn -0.9921 -0.0878 0.0900
vn -0.8225 -0.2941 -0.4868
vn -0.0852 0.7019 0.7072
vn -0.9352 -0.3419 -0.0923
vn -0.9927 -0.1205 -0.0000
vn -0.9927 -0.1204 0.0001
vt 0.336211 0.995304
vt 0.344578 0.995304
vt 0.327843 0.995304
vt 0.302740 0.995304
vt 0.311108 0.995304
vt 0.319475 0.995304
vt 0.352946 0.995304
vt 0.361313 0.995304
vt 0.327934 0.998650
vt 0.366112 0.960472
vt 0.327934 0.922294
vt 0.289756 0.960472
vt 0.300938 0.933477
vt 0.294372 0.995304
vt 0.300938 0.987468
vt 0.354930 0.987468
vt 0.354930 0.933477
s 1
usemtl 5_Mesh12_0.5_0_0
f 49/71/37 50/72/38 40/72/39 38/71/40
f 38/71/41 49/71/42 48/73/43 37/73/44
f 46/74/45 41/75/46 39/76/47
f 42/77/48 44/78/49 45/78/50 51/77/51
f 37/79/52 40/80/39 44/81/53 41/82/53
f 40/72/39 50/72/38 42/77/54
f 45/81/50 46/83/45 48/79/43 50/80/55
f 46/74/45 45/84/50 44/84/49 43/74/56
f 46/83/45 47/85/57 48/79/43
f 48/79/43 49/86/42 50/80/55
f 50/80/55 51/87/51 45/81/50
f 37/79/52 38/86/40 40/80/39
f 40/80/39 42/87/54 44/81/53
f 44/81/53 43/83/53 41/82/53
f 41/82/53 39/85/58 37/79/52
f 51/77/51 50/72/55 42/77/48
f 39/76/47 47/76/57 46/74/45
f 46/74/45 43/74/56 41/75/46
f 48/73/43 47/76/57 39/76/47 37/73/44
f 53/71/59 57/71/42 56/73/60 52/73/44
f 56/79/60 57/86/42 64/87/61 61/83/62
f 59/72/63 64/77/64 65/77/65 58/72/66
f 65/77/67 66/78/68 62/78/69 64/77/61
f 56/73/60 55/76/70 54/76/71 52/73/44
f 63/74/72 61/74/73 60/75/74
f 55/76/70 60/75/75 54/76/71
f 53/86/76 65/87/65 63/83/72 54/85/53
f 66/84/68 63/74/77 61/74/62 62/84/69
f 53/86/76 58/80/66 65/87/65
f 65/87/65 66/81/78 63/83/72
f 63/83/72 60/82/74 54/85/53
f 54/85/53 52/79/79 53/86/76
f 57/86/42 59/80/80 64/87/61
f 64/87/61 62/81/69 61/83/62
f 61/83/62 55/85/70 56/79/60
f 55/76/70 61/74/62 60/75/75
f 53/71/76 57/71/37 59/72/63 58/72/66
f 78/81/81 79/83/82 70/85/83 72/86/42
f 78/78/81 75/77/84 77/78/85
f 74/72/86 73/72/87 75/77/88
f 73/72/87 74/72/86 68/71/89 72/71/37
f 67/73/44 71/73/90 70/76/83 69/76/91
f 77/84/85 76/74/92 79/74/82 78/84/81
f 69/85/53 67/79/53 74/80/86 77/81/93
f 68/71/59 72/71/42 71/73/90 67/73/44
f 67/79/53 68/86/89 74/80/86
f 74/80/86 75/87/88 77/81/93
f 77/81/93 76/83/94 69/85/53
f 72/86/42 73/80/95 78/81/81
f 70/85/83 71/79/90 72/86/42
f 78/78/81 73/72/95 75/77/84
f 70/76/83 79/74/82 76/74/92 69/76/91
f 86/71/42 83/73/96 80/73/44 81/71/41
f 80/73/44 83/73/96 84/76/97 82/76/98
f 94/78/68 92/78/99 89/77/100 90/77/67
f 93/74/101 91/74/102 92/84/99 94/84/68
f 92/81/99 85/82/103 83/79/96 88/80/80
f 86/71/104 88/72/105 87/72/106 81/71/107
f 87/72/106 88/72/105 89/77/108 90/77/109
f 94/81/53 93/83/53 82/85/110 81/86/107
f 84/76/97 85/75/103 91/74/102
f 92/81/99 91/83/102 85/82/103
f 85/82/103 84/85/97 83/79/96
f 83/79/96 86/86/42 88/80/80
f 88/80/80 89/87/100 92/81/99
f 87/80/106 90/87/109 94/81/53
f 82/85/110 80/79/111 81/86/107
f 81/86/107 87/80/106 94/81/53
f 91/74/102 93/74/101 82/76/98 84/76/97
g 5_Mesh13_0.5_0_0_5_Mesh13_0.5_0_0
v 1.832545 2.106576 0.932679
v 2.225563 2.048143 0.932679
v 1.845355 2.192735 1.230881
v 2.238373 2.134303 1.230880
v 2.273030 1.808926 0.800000
v 2.318324 2.113573 0.800000
v 2.281264 1.864308 0.886400
v 1.717537 1.891515 0.800000
v 1.725770 1.946896 0.886400
v 1.762830 2.196162 0.886400
v 1.762830 2.196162 0.800000
v 2.318325 2.113573 0.886400
v 2.269550 2.030314 0.886400
v 2.274813 2.065716 0.886400
v 2.286282 2.142851 1.275894
v 1.785273 2.102314 0.886400
v 1.802005 2.214851 1.275894
v 1.806381 2.244284 1.266847
v 1.790537 2.137716 0.886400
v 2.290658 2.172284 1.266847
vn 0.1413 0.9493 -0.2810
vn 0.1412 0.9496 -0.2799
vn 0.1412 0.9495 -0.2803
vn 0.9963 -0.0684 -0.0511
vn 0.1234 0.8301 -0.5438
vn 0.1234 0.8303 -0.5434
vn 0.1117 0.8316 -0.5441
vn -0.9822 0.1879 -0.0000
vn -0.1291 -0.9915 0.0182
vn -0.0060 -0.0402 -0.9992
vn -0.1471 -0.9891 -0.0000
vn -0.1326 0.0197 -0.9910
vn -0.9891 0.1471 -0.0000
vn 0.9891 -0.1472 0.0006
vn 0.9892 -0.1465 0.0002
vn -0.0000 -0.0000 -1.0000
vn 0.6618 -0.7286 0.1765
vn 0.6795 -0.0859 -0.7286
vn 0.1221 -0.9549 0.2707
vn 0.6045 -0.0548 -0.7947
vn -0.4759 0.5246 -0.7059
vn -0.6774 -0.6230 -0.3911
vn -0.8450 -0.5048 0.1764
vn -0.5174 0.8278 -0.2170
vn 0.4111 -0.8155 -0.4073
vn 0.6619 -0.7285 0.1765
vn -0.8451 -0.5046 0.1765
vn -0.6774 -0.6231 -0.3910
vn 0.6277 0.2994 -0.7186
vn -0.2104 0.4997 -0.8402
vn -0.5132 0.4691 -0.7187
vt 0.498884 0.027171
vt 0.498884 0.188285
vt 0.306102 0.188285
vt 0.306102 0.027171
vt 0.435862 0.252128
vt 0.435862 0.436125
vt 0.402131 0.436125
vt 0.402131 0.252128
vt 0.291259 0.436125
vt 0.319566 0.436125
vt 0.319566 0.252128
vt 0.291259 0.252128
vt 0.319566 0.223821
vt 0.420475 0.223821
vt 0.269361 0.002538
vt 0.283720 0.002538
vt 0.283720 0.221017
vt 0.269361 0.221310
vt 0.269361 0.220978
vt 0.521266 0.212800
vt 0.283720 0.212800
vt 0.283720 0.002527
vt 0.521266 0.002527
vt 0.269361 0.221605
vt 0.269361 0.436206
vt 0.283720 0.436330
vt 0.283720 0.221507
vt 0.283720 0.002509
vt 0.521266 0.002509
vt 0.521266 0.212946
vt 0.283720 0.212946
s 1
usemtl 5_Mesh13_0.5_0_0
f 96/88/112 98/89/113 97/90/114 95/91/113
f 102/92/115 99/93/116 101/94/117 103/95/118
f 100/96/119 106/97/120 104/98/121 105/99/122
f 101/95/123 106/98/120 100/100/119 99/101/124
f 105/100/125 102/101/115 103/95/118 104/98/126
f 101/94/123 103/95/127 104/98/121 106/97/120
f 113/102/128 110/103/129 111/104/130 112/105/131
f 109/104/132 114/106/133 108/102/134 107/103/135
f 114/107/133 112/108/136 113/109/137
f 108/110/138 113/109/139 114/107/128
f 112/111/136 114/112/133 109/113/132 111/114/140
f 110/115/129 107/116/141 109/117/142 111/118/130
g 5_Mesh14_0.5_0_0_5_Mesh14_0.5_0_0
v -0.934500 2.220374 1.106173
v -0.934500 2.343759 1.333353
v -1.148194 2.220374 1.106173
v -1.148194 2.343759 1.333353
v -0.972864 2.089168 0.856483
v -0.972864 2.186028 1.096176
v -1.186558 2.089168 0.856483
v -1.186558 2.186028 1.096176
v -0.979123 2.154528 0.979536
v -0.979123 2.251389 1.219229
v -1.192816 2.154528 0.979536
v -1.192816 2.251389 1.219229
v -1.475125 2.251389 1.219229
v -1.475125 2.154528 0.979536
v -1.261432 2.251389 1.219229
v -1.261432 2.154528 0.979536
v -1.221579 2.089168 0.856483
v -1.221579 2.186028 1.096176
v -1.435272 2.089168 0.856483
v -1.435272 2.186028 1.096176
v -1.248180 2.220374 1.106173
v -1.248180 2.343759 1.333353
v -1.461874 2.220374 1.106173
v -1.461874 2.343759 1.333353
v 1.264175 1.980900 0.810001
v 1.272601 1.831137 0.810001
v 1.613623 2.000561 0.810001
v 1.617836 1.925679 1.049641
v 1.268388 1.906018 1.049641
v 1.622049 1.850798 0.810001
vn -0.0000 0.8789 -0.4770
vn -0.0000 0.8787 -0.4773
vn -0.0000 0.8788 -0.4773
vn -0.0000 0.9271 -0.3747
vn 0.0005 0.9272 -0.3747
vn -0.0000 0.9272 -0.3746
vn -0.0000 0.9272 -0.3747
vn 0.0003 0.9272 -0.3747
vn -0.0000 0.8788 -0.4772
vn -0.0429 0.7567 -0.6523
vn -0.0536 0.9528 -0.2987
vn -0.0536 0.9529 -0.2986
vn -0.0261 0.4645 -0.8852
vn -0.0539 0.9527 0.2991
vn -0.0536 0.9529 0.2987
vn -0.0539 0.9528 0.2987
vn -0.0536 0.9528 0.2987
vn -0.0000 -0.0000 -1.0000
vt 0.323851 0.998439
vt 0.167359 0.998439
vt 0.167359 0.803645
vt 0.323851 0.803645
vt 0.998621 0.998439
vt 0.832490 0.998439
vt 0.832490 0.803645
vt 0.998621 0.803645
vt 0.649659 0.998439
vt 0.496825 0.998439
vt 0.496825 0.803645
vt 0.649659 0.803645
vt 0.331552 0.803645
vt 0.485835 0.803645
vt 0.485835 0.998439
vt 0.331552 0.998439
vt 0.825848 0.998439
vt 0.659200 0.998439
vt 0.659200 0.803645
vt 0.825848 0.803645
vt 0.158204 0.998439
vt 0.002876 0.998439
vt 0.002876 0.803645
vt 0.158204 0.803645
vt 0.317901 0.051011
vt 0.317901 0.272859
vt 0.008678 0.272859
vt 0.008678 0.051011
vt 0.010258 0.040585
vt 0.010258 0.004181
vt 0.185258 0.004181
vt 0.185258 0.040585
vt 0.307617 0.003725
vt 0.132617 0.003725
vt 0.132617 0.038148
vt 0.307617 0.038148
s 1
usemtl 5_Mesh14_0.5_0_0
f 116/119/143 118/120/144 117/121/143 115/122/145
f 120/123/146 122/124/147 121/125/148 119/126/149
f 124/127/146 126/128/148 125/129/148 123/130/149
f 128/131/148 130/132/149 129/133/146 127/134/149
f 132/135/146 134/136/150 133/137/146 131/138/149
f 136/139/143 138/140/145 137/141/151 135/142/145
f 144/143/152 142/144/153 143/145/154 140/146/155
f 143/147/156 139/148/157 141/149/158 142/150/159
f 144/151/152 140/152/155 139/153/160 141/154/160
g 5_Mesh15_0.5_0_0_5_Mesh15_0.5_0_0
v -1.967868 2.257449 1.263643
v -2.062696 2.235708 1.263478
v -2.051477 2.218245 1.393288
v -2.016987 2.168715 1.451901
v -1.918749 2.168715 1.451901
v -1.884259 2.218245 1.393288
v -1.873040 2.235708 1.263478
v -1.888174 2.200025 1.110039
v -1.934841 2.119621 0.957646
v -2.000895 2.119621 0.957646
v -2.013194 2.099900 0.957646
v -2.095675 2.139669 1.110039
v -2.109506 2.175834 1.262133
v -2.124349 2.093279 1.258368
v -2.126599 2.070782 1.325050
v -2.049857 1.935392 1.312898
v -2.039838 1.948851 1.405341
v -2.016987 1.998561 1.451901
v -2.052945 2.034519 1.451901
v -2.052945 2.132757 1.451901
v -2.066106 2.083638 1.451901
v -1.811387 2.093279 1.258368
v -1.870850 2.050469 1.110039
v -1.840061 2.139669 1.110039
v -1.934841 2.080180 0.957646
v -1.922542 2.099900 0.957646
v -1.853168 2.084161 0.896804
v -1.916800 2.084161 0.921900
v -1.873546 2.086125 0.859458
v -1.928851 2.080973 0.873786
v -1.967868 2.074603 0.919026
v -1.843212 2.011042 1.398818
v -1.809137 2.070782 1.325050
v -1.836446 1.998528 1.313725
v -1.895898 1.948851 1.405341
v -1.885879 1.935392 1.312898
v -1.967868 1.985400 1.451901
v -1.869630 2.083638 1.451901
v -1.882791 2.132757 1.451901
v -1.884778 1.938974 1.276991
v -1.811366 2.099378 0.828832
v -1.873546 2.112120 0.859458
v -1.967868 2.123493 0.919026
v -2.006885 2.117122 0.873786
v -2.062190 2.112120 0.859458
v -2.062190 2.086125 0.859458
v -2.124370 2.099378 0.828832
v -2.082568 2.084161 0.896804
v -1.853168 2.115536 0.896804
v -1.854952 2.142444 1.503986
v -1.854952 2.014227 1.527661
v -1.902676 1.967297 1.536327
v -1.902676 2.189374 1.495321
v -1.967868 2.206552 1.492149
v -2.033060 1.967297 1.536327
v -2.080784 2.142444 1.503986
v -2.080784 2.014227 1.527661
v -1.882791 2.034519 1.483989
v -1.886241 1.951897 1.258368
v -1.864247 2.041079 1.244977
v -1.967868 2.021446 1.242759
v -2.049495 1.951897 1.258368
v -2.050957 1.938974 1.276991
v -1.882791 2.034519 1.451901
v -1.918749 1.998561 1.451901
v -1.882791 2.132757 1.483989
v -1.918749 2.168715 1.483989
v -2.016987 2.168715 1.483989
v -2.052945 2.132757 1.483989
v -2.052945 2.034519 1.483989
v -1.967868 1.985400 1.483989
v -2.082568 2.115536 0.896804
v -2.095068 2.099849 0.909758
v -2.000895 2.080180 0.957646
v -2.018936 2.084161 0.921900
v -2.064886 2.050469 1.110039
v -2.071489 2.041079 1.244977
v -1.904754 2.099849 0.932897
v -1.840667 2.099849 0.909758
v -2.239075 2.084764 1.292544
v -2.218509 2.110346 1.305688
v -2.101202 2.139101 1.163346
v -2.083903 2.162731 1.193465
v -2.219292 2.056986 1.279512
v -2.177356 2.051943 1.282580
v -2.138848 2.039970 1.336484
v -2.092377 2.098087 1.161158
v -2.106382 2.038442 1.394570
v -2.157173 2.074924 1.371071
v -2.137893 2.081643 1.354591
v -2.128730 2.064166 1.337297
v -2.151494 2.075944 1.298397
v -2.066252 2.080704 1.189089
v -2.173265 2.105669 1.307649
v -2.048954 2.104335 1.219207
v -2.057779 2.145348 1.221395
v -1.743710 2.089074 1.118396
v -1.725269 2.089074 1.140699
v -1.690151 2.114136 1.092885
v -1.859283 2.076028 1.204188
v -1.752931 2.114136 1.107245
v -1.873304 2.114136 1.187232
v -1.859283 2.152245 1.204188
v -1.725269 2.139199 1.140699
v -1.831242 2.152245 1.238100
v -1.716048 2.114136 1.151850
v -1.817221 2.114136 1.255056
v -1.831242 2.076028 1.238100
v -1.778318 2.093910 0.800000
v -1.787109 2.093910 0.830000
v -1.872672 2.257336 0.800000
v -1.877068 2.249722 0.830000
v -2.061380 2.257336 0.800000
v -2.056984 2.249722 0.830000
v -2.146943 2.093910 0.830000
v -2.155734 2.093910 0.800000
v -2.061380 1.930483 0.800000
v -2.056984 1.938097 0.830000
v -1.877068 1.938097 0.830000
v -1.872672 1.930483 0.800000
v -1.882791 2.038893 1.455524
v -1.905888 1.966867 1.439725
v -1.918749 2.002935 1.455524
v -1.967585 1.949423 1.439725
v -2.029283 1.966867 1.439725
v -2.016987 2.002935 1.455524
v -2.052945 2.038893 1.455524
vn 0.0988 -0.6945 0.7127
vn -0.5658 0.5872 -0.5788
vn -0.3334 -0.2729 0.9024
vn -0.1257 0.7746 0.6198
vn -0.5811 0.8128 -0.0395
vn -0.0001 0.7958 0.6055
vn 0.2288 0.9666 -0.1151
vn -0.2644 0.9547 -0.1366
vn 0.1029 0.8507 0.5154
vn 0.3401 0.7678 0.5429
vn -0.4705 0.6169 -0.6309
vn -0.2428 0.6437 0.7257
vn -0.7626 0.5153 0.3911
vn -0.5764 0.7162 0.3934
vn 0.7967 0.6007 0.0671
vn 0.9819 0.1106 -0.1534
vn 0.6713 0.7268 -0.1455
vn 0.5358 -0.8436 0.0351
vn 0.9002 -0.4350 0.0191
vn 0.9114 -0.1788 0.3706
vn -0.3609 -0.0206 0.9324
vn -0.7827 0.2692 0.5612
vn 0.0180 -0.2189 0.9756
vn -0.3495 0.9368 -0.0158
vn -0.6771 0.6697 0.3049
vn -0.7002 0.0036 -0.7139
vn -0.9114 -0.1790 0.3706
vn -0.9954 0.0825 -0.0495
vn -0.5474 0.8291 0.1138
vn 0.9977 0.0366 0.0562
vn 0.8971 -0.4052 -0.1763
vn 0.5635 -0.7866 -0.2524
vn 0.7640 -0.6306 -0.1364
vn 0.1155 0.0140 0.9932
vn 0.5249 -0.1780 0.8323
vn 0.4679 -0.0715 0.8809
vn 0.4604 0.0110 0.8877
vn -0.9955 0.0641 -0.0705
vn -0.8588 0.5068 -0.0750
vn -0.8041 0.4184 -0.4224
vn -0.1971 0.9256 0.3232
vn -0.3233 -0.5803 0.7475
vn 0.7077 0.0855 0.7014
vn -0.8587 0.5070 -0.0750
vn -0.5400 0.8400 -0.0525
vn -0.4813 0.7372 -0.4743
vn 0.6482 0.4257 0.6314
vn -0.7350 -0.0050 0.6781
vn -0.9669 0.2550 -0.0021
vn -0.5916 0.7078 0.3861
vn -0.4249 -0.9052 0.0115
vn -0.8573 -0.4214 -0.2956
vn -0.5373 -0.8434 -0.0000
vn -0.2589 -0.9659 -0.0001
vn 0.8427 0.4865 -0.2304
vn -0.3932 0.8331 -0.3890
vn 0.7752 0.4710 -0.4210
vn 0.8023 -0.4057 0.4379
vn 0.2454 -0.9677 0.0579
vn 0.5233 -0.8508 0.0476
vn 0.2589 -0.9659 -0.0000
vn 0.9167 -0.3843 -0.1091
vn 0.7114 -0.6823 -0.1688
vn 0.7296 0.6784 -0.0863
vn 0.9229 -0.2948 -0.2479
vn -0.5037 0.8139 0.2895
vn -0.6845 -0.1505 0.7133
vn -0.4531 0.6494 -0.6108
vn 0.4856 0.5711 0.6619
vn 0.0741 0.7150 0.6952
vn 0.5004 0.7101 0.4953
vn 0.1651 -0.4227 0.8911
vn -0.0000 0.9124 0.4094
vn -0.4765 0.7791 -0.4073
vn -0.2395 0.8619 -0.4469
vn 0.1187 0.9431 -0.3105
vn -0.3617 0.9108 -0.1990
vn -0.1637 0.7247 0.6694
vn 0.7007 0.0018 0.7135
vn 0.3020 0.9171 -0.2601
vn 0.6388 -0.4223 -0.6431
vn 0.6556 -0.5029 0.5633
vn -0.0072 -0.7108 0.7034
vn -0.9793 0.0322 -0.1997
vn -0.8638 0.0946 -0.4950
vn -0.0966 0.9952 -0.0174
vn 0.2365 0.6851 0.6890
vn 0.5615 0.6930 -0.4521
vn -0.5126 -0.8153 -0.2692
vn 0.0426 -0.9752 0.2173
vn 0.9126 0.3656 0.1830
vn 0.3871 0.9031 -0.1858
vn 0.6847 0.4128 0.6007
vn 0.6052 -0.2360 0.7603
vn -0.0000 -0.1816 -0.9834
vn -0.6374 0.3461 -0.6884
vn -0.0779 -0.6556 0.7511
vn 0.2310 -0.7283 0.6452
vn -0.4678 -0.8181 -0.3346
vn -0.3022 -0.9509 0.0661
vn -0.9126 0.3656 0.1829
vn -0.6847 0.4128 0.6007
vn 0.2060 0.9658 -0.1575
vn 0.2939 0.9342 -0.2021
vn -0.1556 0.8489 0.5052
vn 0.2747 0.2036 0.9397
vn -0.8656 -0.3085 -0.3943
vn -0.4215 0.3790 0.8238
vn -0.1801 -0.9607 0.2113
vn -0.9605 0.1040 -0.2581
vn 0.4085 -0.8805 -0.2404
vn -0.1714 0.9616 0.2145
vn 0.4672 0.7358 0.4903
vn 0.5475 0.8290 0.1138
vn 0.5924 0.7677 0.2444
vn 0.9520 -0.1103 0.2855
vn 0.9114 -0.1789 0.3707
vn -0.3185 0.8239 -0.4688
vn -0.4126 0.5859 0.6975
vn -0.6176 0.7369 0.2749
vn -0.0000 0.7041 0.7101
vn -0.9964 -0.0812 -0.0226
vn -0.0139 0.8913 0.4532
vn -0.2341 0.6469 0.7258
vn 0.2786 0.5177 0.8089
vn -0.2436 0.9591 -0.1440
vn -0.7567 0.3664 -0.5415
vn -0.6917 -0.0684 0.7189
vn -0.9498 -0.3060 0.0650
vn -0.1270 -0.1322 0.9830
vn -0.9306 0.0251 0.3652
vn -0.7150 -0.6374 0.2873
vn -0.3859 -0.9225 -0.0104
vn -0.9901 -0.1199 -0.0731
vn -0.4252 -0.5446 0.7230
vn -0.4823 0.5911 -0.6465
vn -0.8149 -0.1026 -0.5704
vn -0.2741 0.4839 -0.8311
vn -0.6792 0.5222 -0.5158
vn -0.0000 0.9731 -0.2303
vn 0.9207 -0.3417 -0.1887
vn -0.7218 0.6603 -0.2075
vn -0.6382 0.7109 -0.2956
vn -0.8562 0.5153 -0.0368
vn -0.5057 -0.8570 0.0990
vn 0.1707 -0.3873 0.9060
vn 0.5600 0.1818 0.8083
vn -0.8082 0.0148 -0.5887
vn 0.6751 0.3018 -0.6732
vn 0.5073 -0.1368 0.8509
vn 0.6518 0.1599 0.7414
vn -0.6851 0.7019 -0.1948
vn 0.4317 0.9009 -0.0436
vn -0.9659 -0.0526 -0.2535
vn -0.9454 -0.1156 -0.3048
vn 0.4231 0.7998 0.4258
vn 0.0703 0.7886 0.6109
vn 0.4945 0.8490 -0.1859
vn -0.5775 0.1968 -0.7923
vn -0.2285 0.9559 0.1845
vn 0.7030 -0.3560 0.6156
vn 0.3063 -0.9486 -0.0800
vn 0.6397 -0.6637 -0.3876
vn 0.9637 0.1846 -0.1926
vn -0.6548 -0.6522 0.3820
vn -0.2680 -0.9633 0.0175
vn -0.6310 -0.2650 -0.7291
vn -0.5513 0.7289 0.4059
vn 0.4073 -0.3585 -0.8400
vn -0.0050 0.7650 -0.6440
vn 0.0042 0.1965 0.9805
vn 0.2740 0.9066 0.3210
vn -0.5264 -0.8245 -0.2074
vn -0.9011 -0.1655 0.4008
vn -0.3605 -0.5782 -0.7319
vn -0.2991 0.9454 0.1291
vn 0.4119 0.5292 0.7418
vn -0.3048 -0.8228 -0.4796
vn -0.5264 -0.8246 -0.2072
vn 0.7074 -0.3998 0.5829
vn 0.9094 0.4083 0.0792
vn -0.7341 0.6744 -0.0791
vn -0.3660 -0.5710 -0.7348
vn 0.1014 0.8346 0.5415
vn -0.7081 -0.0579 0.7037
vn 0.4265 -0.1771 0.8870
vn 0.4084 -0.0000 0.9128
vn 0.1391 0.7460 0.6513
vn 0.0787 0.8092 0.5823
vn -0.3782 -0.9197 -0.1055
vn 0.1934 -0.8552 0.4808
vn -0.7973 -0.0093 -0.6035
vn -0.4899 0.8329 -0.2574
vn -0.7211 0.0013 -0.6928
vn 0.5070 -0.1277 0.8525
vn 0.2366 0.8613 0.4497
vn -0.3987 0.7622 -0.5099
vn -0.7107 0.6637 -0.2332
vn -0.7141 -0.0000 -0.7001
vn -0.7320 0.6385 -0.2376
vn -0.7708 0.0002 0.6371
vn -0.8199 0.0001 -0.5725
vn -0.5128 -0.8346 -0.2012
vn -0.3593 -0.9126 -0.1952
vn -0.8040 0.0312 0.5939
vn 0.3947 0.0818 -0.9152
vn 0.4798 0.8311 -0.2812
vn 0.9596 -0.0000 -0.2812
vn 0.9675 -0.1030 -0.2307
vn -0.4798 -0.8311 -0.2812
vn -0.9596 -0.0000 -0.2812
vn -0.2681 -0.3008 -0.9152
vn 0.2116 -0.6321 -0.7455
vn -0.7149 0.6373 -0.2877
vn 0.7149 -0.6373 -0.2877
vn 0.4798 -0.8311 -0.2812
vn -0.4798 0.8311 -0.2812
vn -0.1865 0.3672 -0.9112
vn -0.2075 0.3281 -0.9216
vn -0.2937 0.2937 -0.9096
vn -0.1806 0.3417 -0.9223
vn 0.0008 0.3659 -0.9307
vn -0.2075 0.3282 -0.9215
vn 0.0540 0.3124 -0.9484
vn 0.0847 0.3106 -0.9468
vn 0.0846 0.3105 -0.9468
vn -0.0369 0.3085 -0.9505
vn 0.0847 0.3105 -0.9468
vt 0.687460 0.012316
vt 0.761004 0.131903
vt 0.796856 0.066199
vt 0.631856 0.006988
vt 0.526139 0.223813
vt 0.678847 0.412648
vt 0.912967 0.083870
vt 0.846396 0.204794
vt 0.519142 0.415804
vt 0.557206 0.482251
vt 0.146274 0.916487
vt 0.383914 0.995123
vt 0.144473 0.975240
vt 0.141139 0.416928
vt 0.224172 0.218926
vt 0.237080 0.415013
vt 0.458452 0.962017
vt 0.247015 0.864495
vt 0.141720 0.892799
vt 0.868299 0.245653
vt 0.904696 0.238945
vt 0.872954 0.176055
vt 0.380350 0.223813
vt 0.564931 0.006988
vt 0.326011 0.414544
vt 0.125177 0.676099
vt 0.156605 0.800119
vt 0.247053 0.909150
vt 0.458637 0.864495
vt 0.348482 0.577126
vt 0.436848 0.564390
vt 0.446474 0.682084
vt 0.962801 0.143389
vt 0.803756 0.031315
vt 0.556692 0.563214
vt 0.570946 0.691365
vt 0.555126 0.507059
vt 0.141827 0.805161
vt 0.247015 0.805161
vt 0.141827 0.864495
vt 0.678489 0.805161
vt 0.568803 0.805161
vt 0.053208 0.002100
vt 0.458637 0.805161
vt 0.384673 0.798687
vt 0.471981 0.798687
vt 0.282293 0.976592
vt 0.729620 0.160061
vt 0.991994 0.124605
vt 0.934522 0.050328
vt 0.353574 0.805161
vt 0.006217 0.417163
vt 0.556217 0.988136
vt 0.231457 0.160067
vt 0.472185 0.095564
vt 0.407682 0.160067
vt 0.143345 0.007452
vt 0.119606 0.218926
vt 0.104560 0.002100
vt 0.076104 0.800119
vt 0.579253 0.798687
vt 0.678847 0.798687
vt 0.678489 0.864495
vt 0.229496 0.800119
vt 0.032142 0.882717
vt 0.166955 0.095564
vt 0.912966 0.083870
vt 0.943495 0.462563
vt 0.919373 0.681895
vt 0.894591 0.611690
vt 0.992399 0.266262
vt 0.943495 0.266262
vt 0.992399 0.462563
vt 0.845687 0.462563
vt 0.894591 0.462563
vt 0.845687 0.611690
vt 0.943495 0.611690
vt 0.894591 0.266262
vt 0.845687 0.266262
vt 0.737022 0.391043
vt 0.757824 0.460450
vt 0.688417 0.391043
vt 0.737022 0.220401
vt 0.785626 0.391043
vt 0.737021 0.220401
vt 0.834231 0.391043
vt 0.785627 0.391043
vt 0.834231 0.220401
vt 0.688417 0.220401
vt 0.785627 0.220401
vt 0.785626 0.220401
vt 0.740617 0.931992
vt 0.719735 0.919936
vt 0.845643 0.846278
vt 0.845643 0.870390
vt 0.973223 0.919936
vt 0.952341 0.931992
vt 0.952342 0.931992
vt 0.744094 0.699649
vt 0.838635 0.666381
vt 0.931692 0.764865
vt 0.698567 0.532624
vt 0.838938 0.666059
s 1
usemtl 5_Mesh15_0.5_0_0
f 185/155/161 171/156/162 173/157/163
f 169/158/164 167/159/165 205/160/166 220/159/167
f 171/156/168 173/157/169 174/161/170 222/162/171
f 205/160/172 204/163/173 203/164/174
f 207/165/175 159/166/176 160/167/177
f 146/168/178 156/169/179 157/170/180
f 195/171/181 210/172/182 197/173/183
f 170/174/184 169/175/164 172/176/185 222/162/186
f 168/177/187 170/178/188 169/158/189
f 158/179/190 157/170/191 147/180/192 164/181/193
f 201/171/194 200/182/195 213/172/196 214/183/197
f 177/184/198 178/185/199 176/186/200
f 175/187/201 189/188/202 191/155/203
f 178/185/204 180/189/205 179/190/206
f 206/164/207 158/179/190 159/184/176 207/191/175
f 203/164/174 166/179/208 177/184/209 184/191/210
f 149/192/211 183/193/212 210/172/213 211/194/214
f 214/183/215 181/195/216 162/196/217
f 156/169/218 154/197/219 146/168/220
f 212/194/221 213/172/222 164/193/193 148/192/223
f 213/172/222 214/183/215 163/198/224 164/193/193
f 165/199/225 163/200/224 160/189/177 159/184/176
f 178/201/204 184/165/226 180/167/205
f 185/155/161 193/156/227 223/202/228
f 221/163/229 206/164/207 205/160/230
f 187/203/231 175/187/232 188/204/233
f 179/190/234 161/190/235 160/189/236 180/189/237
f 190/157/238 192/156/239 191/155/240
f 191/155/241 216/156/242 189/157/243
f 210/172/182 208/198/244 182/205/245
f 184/191/210 207/191/246 206/164/247 203/164/174
f 163/200/224 161/190/248 160/189/177
f 150/180/249 147/180/192 146/168/220 145/206/250
f 201/171/251 199/207/252 214/183/253
f 213/172/196 200/182/195 212/194/254
f 194/208/255 196/209/256 201/210/251 198/211/255
f 187/187/257 186/157/258 193/156/259 153/175/260
f 195/171/261 202/183/262 196/207/256
f 192/156/263 219/176/264 190/157/265
f 180/167/237 160/167/236 207/165/246 184/165/210
f 175/187/232 187/203/231 186/188/266 173/157/163
f 168/177/267 166/179/208 204/163/173 167/159/165
f 178/201/268 184/165/210 177/166/209
f 152/212/269 153/197/260 170/213/270
f 153/175/260 216/156/271 187/187/257
f 147/180/192 150/180/249 149/214/211 148/214/223
f 219/176/272 218/175/273 155/174/274
f 220/159/275 221/163/229 205/160/230
f 158/179/190 221/163/229 220/159/275 156/177/276
f 156/177/277 155/178/274 218/158/273
f 162/215/217 181/216/216 179/190/278
f 204/163/279 167/159/280 205/160/281
f 169/175/164 219/176/272 175/187/232
f 166/179/282 183/181/212 150/180/249
f 215/217/283 196/207/284 214/183/285
f 193/156/259 222/162/171 170/174/270
f 185/155/161 223/202/228 171/156/162
f 174/161/170 172/176/286 222/162/171
f 222/162/171 223/202/287 171/156/168
f 203/164/174 206/164/247 205/160/172
f 204/163/173 166/179/208 203/164/174
f 197/173/183 194/182/288 195/171/181
f 195/171/181 202/183/289 210/172/182
f 210/172/182 211/194/290 197/173/183
f 165/218/225 159/184/176 158/179/190
f 158/179/190 156/169/276 157/170/191
f 157/170/191 146/168/220 147/180/192
f 147/180/192 148/214/223 164/181/193
f 164/181/193 165/218/225 158/179/190
f 167/159/165 169/158/164 168/177/267
f 145/206/291 151/168/292 166/179/208
f 168/169/267 170/213/293 152/212/294
f 191/155/203 190/157/265 175/187/201
f 175/187/201 188/204/295 189/188/202
f 177/184/296 182/199/245 208/200/244
f 179/190/297 178/185/298 176/186/299
f 176/186/299 177/184/296 208/200/244
f 162/196/217 163/198/224 214/183/215
f 214/183/215 215/217/300 181/195/216
f 156/169/218 155/213/301 154/197/219
f 163/198/224 165/205/225 164/193/193
f 208/198/302 209/196/303 181/195/216
f 208/200/244 209/215/304 179/190/297 176/186/299
f 153/197/260 152/212/269 145/206/250
f 145/206/250 151/168/305 150/180/249
f 185/155/161 186/157/266 193/156/227
f 221/163/229 158/179/190 206/164/207
f 186/188/266 185/155/161 173/157/163
f 173/157/163 174/161/306 175/187/232
f 191/155/241 217/202/307 216/156/242
f 182/205/245 183/193/308 210/172/182
f 210/172/182 202/183/289 208/198/244
f 145/206/291 166/179/208 168/169/267 152/212/294
f 163/200/224 162/215/217 161/190/248
f 192/156/263 217/202/309 155/174/301 219/176/264
f 198/219/310 197/173/183 211/194/290
f 198/219/310 211/194/290 212/194/254
f 200/182/195 198/219/310 212/194/254
f 194/208/255 195/210/261 196/209/256
f 196/209/256 199/209/252 201/210/251
f 201/210/251 200/208/255 198/211/255
f 198/211/255 197/220/255 194/208/255
f 192/156/263 191/155/311 217/202/309
f 155/174/301 217/202/309 216/156/271 154/175/219
f 219/176/264 175/187/201 190/157/265
f 181/195/216 215/217/300 202/183/312 208/198/302
f 220/159/275 218/158/313 156/177/276
f 153/197/260 145/206/250 146/168/220 154/197/219
f 153/175/260 154/175/219 216/156/271
f 216/156/271 189/157/202 188/221/295
f 216/156/271 188/221/295 187/187/257
f 220/159/167 218/158/273 169/158/164
f 179/190/278 161/190/248 162/215/217
f 181/216/216 209/215/303 179/190/278
f 174/161/306 172/176/185 169/175/164
f 169/175/164 218/175/273 219/176/272
f 175/187/232 174/161/306 169/175/164
f 150/180/249 151/168/305 166/179/282
f 166/179/282 177/184/314 182/218/315
f 183/181/212 149/214/211 150/180/249
f 166/179/282 182/218/315 183/181/212
f 215/217/283 202/183/316 196/207/284
f 196/207/284 199/207/317 214/183/285
f 170/174/270 153/175/260 193/156/259
f 193/156/259 223/202/287 222/162/171
f 211/194/214 212/194/221 148/192/223 149/192/211
f 228/222/318 232/223/319 230/224/320
f 226/225/321 227/226/322 225/222/323 224/227/324
f 236/228/325 238/229/326 234/224/327 235/230/328
f 233/231/329 224/227/324 225/222/323
f 232/223/319 228/222/318 224/227/324
f 229/229/330 228/222/331 231/226/332
f 233/231/329 234/224/333 232/223/319
f 234/224/333 235/230/334 232/223/319
f 235/230/334 230/224/320 232/223/319
f 240/232/335 238/229/326 236/228/325 239/233/336
f 230/224/337 229/229/330 236/228/325 235/230/328
f 238/229/338 225/222/323 227/226/322
f 238/229/326 233/231/339 234/224/327
f 228/222/331 224/227/340 226/225/341 231/226/332
f 233/231/329 232/223/319 224/227/324
f 231/226/332 237/232/342 229/229/330
f 229/229/330 230/224/337 228/222/331
f 227/226/322 240/232/343 238/229/338
f 238/229/338 233/231/329 225/222/323
f 236/228/325 229/229/330 237/232/342 239/233/336
f 241/234/344 243/235/345 245/236/346
f 245/236/347 241/234/348 244/237/349
f 248/238/350 247/239/351 243/235/345
f 250/240/352 242/241/353 251/242/354
f 246/243/355 244/237/356 245/236/346
f 243/235/357 252/244/358 244/237/349
f 251/242/359 252/244/358 242/241/360
f 243/235/361 248/238/362 250/240/363
f 247/239/351 245/236/346 243/235/345
f 248/238/350 249/245/364 247/239/351
f 250/240/352 243/235/365 242/241/353
f 244/237/349 241/234/348 243/235/357
f 243/235/357 242/241/360 252/244/358
f 247/239/351 246/243/355 245/236/346
f 248/238/350 250/240/352 251/242/354 249/245/364
f 262/246/366 261/247/367 260/248/368 259/249/369
f 255/250/370 253/248/371 254/249/372 256/251/373
f 254/249/372 263/246/374 262/246/366 258/252/375
f 258/252/375 257/250/376 255/250/370 256/251/373
f 263/246/374 264/247/377 261/247/367 262/246/366
f 259/249/369 260/248/368 257/250/376 258/252/375
f 262/246/366 259/249/369 258/252/375
f 258/252/375 256/251/373 254/249/372
f 263/246/374 254/249/372 253/248/371 264/247/377
f 266/253/378 267/254/379 265/255/380
f 266/253/381 267/254/382 268/256/383
f 268/256/384 271/255/385 270/257/386
f 270/257/386 267/254/387 268/256/384
f 268/256/384 269/253/388 271/255/385
g 5_Mesh16_0.2_0_0_5_Mesh16_0.2_0_0
v 2.791374 1.893208 1.000000
v 2.808312 1.956419 1.000000
v 2.745101 1.846935 1.000000
v 2.745101 2.065904 1.000000
v 2.555468 1.956419 1.000000
v 2.572405 2.019630 1.000000
v 2.618679 2.065904 1.000000
v 2.681890 2.082841 1.000000
v 2.572405 1.893208 1.000000
v 2.618679 1.846935 1.000000
v 2.681890 1.829997 1.000000
v 2.791374 2.019630 1.000000
vn -0.0000 -0.0000 -1.0000
vt 0.788023 0.828398
vt 0.770627 0.811001
vt 0.794390 0.852161
vt 0.770627 0.893321
vt 0.705704 0.875925
vt 0.723100 0.893321
vt 0.699336 0.852161
vt 0.746863 0.899688
vt 0.705704 0.828398
vt 0.723100 0.811001
vt 0.746863 0.804634
vt 0.788023 0.875925
s 1
usemtl 5_Mesh16_0.2_0_0
f 272/258/389 274/259/389 273/260/389
f 273/260/389 274/259/389 275/261/389
f 277/262/389 278/263/389 276/264/389
f 276/264/389 278/263/389 275/261/389
f 278/263/389 279/265/389 275/261/389
f 280/266/389 276/264/389 281/267/389
f 281/267/389 274/259/389 282/268/389
f 273/260/389 275/261/389 283/269/389
f 274/259/389 281/267/389 276/264/389 275/261/389
g 5_Mesh17_0.5_0_0_5_Mesh17_0.5_0_0
v 2.950000 4.750001 0.800001
v 2.950000 4.750001 0.760001
v 1.550000 4.750000 0.800001
v 1.550000 4.750001 0.760001
v 1.550000 3.750000 0.800001
v 1.550000 3.750001 0.760001
v 2.950000 3.750001 0.760001
v 2.950000 3.750001 0.800001
v 1.640000 4.690001 0.760001
v 1.640000 4.690001 0.000001
v 1.600000 4.690001 0.760001
v 1.640000 4.650001 0.760001
v 1.640000 4.650001 0.000001
v 1.600000 4.650001 0.760001
v 1.600000 4.650001 0.000001
v 1.600000 4.690001 0.000001
v 2.890000 4.690001 0.130001
v 2.890000 4.690001 0.000001
v 2.850000 4.690001 0.130001
v 2.890000 4.650001 0.130001
v 2.890000 4.650001 0.000001
v 2.850000 4.650001 0.130001
v 2.850000 4.650001 0.000001
v 2.850000 4.690001 0.000001
v 2.900000 4.710001 0.080001
v 2.900000 4.710001 0.760001
v 2.900000 3.790001 0.080001
v 2.900000 3.790001 0.760001
v 2.310000 3.790001 0.080001
v 2.310000 4.660001 0.080001
v 2.310000 4.660001 0.760001
v 2.310000 3.790001 0.760001
v 2.310000 4.680001 0.650001
v 2.310000 4.680001 0.760001
v 2.310000 3.810001 0.650001
v 1.610000 4.680001 0.650001
v 1.610000 3.810001 0.650001
v 1.610000 4.680000 0.760001
v 1.610000 3.810000 0.760001
v 2.310000 3.810001 0.760001
v 1.640000 3.840001 0.760001
v 1.640000 3.840001 0.000001
v 1.600000 3.840001 0.760001
v 1.640000 3.800000 0.760001
v 1.640000 3.800001 0.000001
v 1.600000 3.800000 0.760001
v 1.600000 3.800001 0.000001
v 1.600000 3.840001 0.000001
v 2.890000 3.840001 0.130001
v 2.890000 3.840001 0.000001
v 2.850000 3.840001 0.130001
v 2.890000 3.800001 0.130001
v 2.890000 3.800001 0.000001
v 2.850000 3.800001 0.130001
v 2.850000 3.800001 0.000001
v 2.850000 3.840001 0.000001
vn -0.0035 1.0000 -0.0035
vn 0.9981 -0.0621 -0.0000
vn 1.0000 -0.0000 -0.0000
vn 0.1852 0.4241 0.8865
vn -0.0000 1.0000 -0.0000
vn -0.0000 0.0230 0.9997
vn -1.0000 -0.0000 -0.0000
vn -0.9986 0.0523 -0.0000
vn 0.0523 -0.9986 -0.0000
vn -0.0000 -1.0000 -0.0000
vn -0.0000 -0.0000 1.0000
vn -0.0527 -0.9472 0.3163
vn -0.3163 -0.7988 -0.5117
vn 0.0712 0.9287 -0.3641
vn 0.9849 0.1733 0.0017
vn -0.0003 1.0000 -0.0000
vn -0.0000 1.0000 -0.0003
vn -0.8626 -0.2178 0.4566
vn -0.9287 -0.0711 -0.3639
vn 0.0099 0.9902 0.1393
vn 0.5975 0.5100 -0.6188
vn 1.0000 -0.0001 -0.0000
vn -0.0015 0.9968 0.0801
vn 0.7896 0.2104 -0.5764
vn 0.6575 -0.3684 0.6572
vn -0.0000 -0.0142 0.9999
vn 0.5958 0.4042 0.6940
vn 1.0000 0.0001 -0.0005
vn 0.0147 -0.0003 0.9999
vn -0.2226 -0.7773 0.5884
vn -0.8652 -0.2499 -0.4347
vn 1.0000 -0.0000 0.0003
vn 0.4494 0.5504 0.7036
vn 0.8167 0.3416 -0.4651
vn 1.0000 -0.0005 -0.0000
vn -0.0000 1.0000 -0.0006
vn -0.2176 -0.8628 0.4563
vn -0.4999 -0.4999 -0.7072
vn 0.2637 0.7363 0.6232
vn 0.9839 0.1235 -0.1290
vt 0.003780 0.829650
vt 0.003780 0.785571
vt 0.506459 0.785571
vt 0.506459 0.829650
vt 0.558751 0.785571
vt 0.558751 0.829650
vt 0.003788 0.785551
vt 0.559246 0.785551
vt 0.559246 0.003722
vt 0.003787 0.003722
vt 0.568338 0.425049
vt 0.568338 0.805049
vt 0.614071 0.805049
vt 0.614071 0.425049
vt 0.568337 0.425049
vt 0.568337 0.490049
vt 0.614071 0.490049
vt 0.568338 0.490049
vt 0.572618 0.006113
vt 0.572618 0.315204
vt 0.990800 0.315204
vt 0.990800 0.006113
vt 0.620463 0.992114
vt 0.620463 0.673513
vt 0.994927 0.673513
vt 0.994927 0.992113
vt 0.572618 0.265204
vt 0.990800 0.265204
vt 0.909321 0.988581
vt 0.909320 0.686271
vt 0.984952 0.686271
vt 0.984952 0.988581
vt 0.572618 0.009260
vt 0.952863 0.315203
vt 0.952863 0.009260
s 1
usemtl 5_Mesh17_0.5_0_0
f 289/270/390 288/271/391 286/272/392 287/273/393
f 291/274/394 288/271/391 289/270/390 290/275/395
f 291/271/396 284/272/397 285/273/398 290/270/396
f 287/270/399 285/275/398 284/274/397 286/271/399
f 289/276/390 287/277/393 285/278/400 290/279/395
f 296/280/396 295/281/396 292/282/401 293/283/402
f 294/282/392 299/283/392 298/280/403 297/281/404
f 298/280/403 296/283/405 295/282/406 297/281/404
f 299/280/399 293/283/402 292/282/401 294/281/399
f 301/283/407 304/284/396 303/285/396 300/286/408
f 307/283/392 306/284/409 305/285/410 302/286/411
f 306/280/409 304/283/394 303/286/394 305/287/410
f 307/280/399 301/283/407 300/286/408 302/287/399
f 312/288/412 315/289/413 314/290/392 313/291/392
f 311/289/396 309/290/396 308/291/396 310/288/396
f 312/292/412 310/293/394 311/294/394 315/295/413
f 318/296/396 323/289/396 317/290/396 316/297/396
f 320/298/414 318/299/415 323/300/394 322/301/416
f 320/296/414 322/289/416 321/290/417 319/297/418
f 318/302/415 320/289/414 319/303/418 316/304/400
f 328/280/396 327/281/396 324/282/419 325/283/420
f 331/280/399 325/283/420 324/282/419 326/281/399
f 331/283/421 330/280/422 329/281/423 326/282/424
f 330/280/422 328/283/405 327/282/425 329/281/423
f 333/283/426 336/284/396 335/285/396 332/286/427
f 339/283/392 338/284/428 337/285/429 334/286/392
f 337/287/429 338/280/428 336/283/394 335/286/394
f 339/280/399 333/283/426 332/286/427 334/287/399
g 5_Mesh2_0.5_0_0_5_Mesh2_0.5_0_0
v -0.905152 1.992245 1.087186
v -0.899353 1.995752 1.082839
v -0.905450 1.989039 1.083488
v -0.902212 1.987160 1.074922
v -0.908569 1.987270 1.086045
v -0.909703 1.982100 1.080976
v -0.908278 1.990487 1.089756
v -0.918978 1.998661 1.061862
v -0.917968 1.994746 1.060562
v -0.915249 2.000099 1.060428
v -0.914239 1.996185 1.059128
v -0.883131 1.980633 1.086210
v -0.890330 1.978735 1.076746
v -0.882799 1.965903 1.066343
v -0.896247 1.971621 1.083584
v -0.886220 1.955612 1.069622
v -0.889049 1.973519 1.093049
v -0.875567 1.952934 1.072517
v -0.869762 1.938058 1.009129
v -0.866421 1.948571 1.006615
v -0.865693 1.923633 0.958275
v -0.862304 1.933994 0.955184
v -0.862259 1.905917 0.915482
v -0.858398 1.879982 0.881500
v -0.854567 1.887633 0.873874
v -0.852916 1.840220 0.856143
v -0.848699 1.844863 0.846713
v -0.833502 1.793425 0.838383
v -0.829644 1.799257 0.829449
v -0.793566 1.757762 0.826555
v -0.791167 1.764968 0.818068
v -0.741140 1.743915 0.820016
v -0.741819 1.752029 0.811925
v -0.684309 1.762400 0.818001
v -0.688944 1.769215 0.810040
v -0.643180 1.804235 0.818000
v -0.650265 1.808478 0.810024
v -0.629843 1.862412 0.818000
v -0.644350 1.917226 0.818000
v -0.651322 1.912974 0.810024
v -0.696590 1.945583 0.810032
v -0.644392 1.917200 0.802000
v -0.693565 1.953509 0.802000
v -0.637420 1.921452 0.809977
v -0.690526 1.961465 0.809969
v -0.621648 1.862386 0.809977
v -0.629892 1.862412 0.802000
v -0.643222 1.804260 0.802000
v -0.684323 1.762407 0.801999
v -0.742320 1.743474 0.804045
v -0.796563 1.757770 0.810799
v -0.838416 1.795077 0.823162
v -0.859194 1.845345 0.842159
v -0.865151 1.889527 0.870260
v -0.869437 1.918306 0.908089
v -0.873067 1.936993 0.953396
v -0.877190 1.951578 1.004869
v -0.768132 1.969538 0.810530
v -0.847348 1.961606 0.803600
v -0.845900 1.969446 0.811639
v -0.924995 1.980635 0.804619
v -0.922231 1.988222 0.812632
v -0.847124 1.961486 0.819598
v -0.924863 1.980549 0.820618
v -0.848572 1.953647 0.811559
v -0.927627 1.972961 0.812605
v -0.636138 1.800018 0.809977
v -0.679688 1.755592 0.809961
v -0.741641 1.735360 0.812136
v -0.798961 1.750564 0.819285
v -0.842274 1.789246 0.832096
v -0.863412 1.840703 0.851589
v -0.868982 1.881876 0.877887
v -0.876456 1.926632 0.956488
v -0.880531 1.941065 1.007383
v -0.693551 1.953539 0.818000
v -0.768245 1.961363 0.818499
v -0.923867 1.983621 0.817711
v -0.924921 1.980726 0.814658
v -0.925925 1.977798 0.817699
v -0.956307 1.998423 0.810197
v -0.924870 1.980693 0.820752
v -0.958071 1.995939 0.813244
v -0.959836 1.993454 0.810197
v -0.958071 1.995939 0.807149
v -0.905307 1.995988 1.062299
v -0.915045 2.005988 1.064575
v -0.915045 1.985988 1.064575
v -0.962740 1.985988 0.860468
v -0.953002 1.995988 0.858192
v -0.975713 1.995988 0.804951
v -0.972477 1.995988 0.862743
v -0.924782 1.995988 1.066850
v -0.925911 2.042328 0.800000
v -0.906621 1.995758 0.800000
v -0.972481 2.061617 0.800000
v -1.019050 2.042328 0.800000
v -1.038340 1.995758 0.800000
v -1.019050 1.949188 0.800000
v -0.972481 1.929899 0.800000
v -0.925911 1.949188 0.800000
v 0.900000 5.949977 2.400001
v 0.900000 5.979977 2.400001
v 0.800000 5.949977 2.226796
v 0.800000 5.979977 2.226796
v 0.600000 5.949977 2.226796
v 0.500000 5.949977 2.400001
v 0.600000 5.979977 2.226796
v 0.500000 5.979977 2.400001
v 0.700000 5.979977 2.600001
v 0.700000 5.949977 2.600001
v 1.715000 5.953701 0.770001
v 2.070000 5.953701 0.770001
v 1.715000 5.953701 0.415001
v 1.715000 5.633701 0.770001
v 2.070000 5.633701 0.770001
v 1.715000 5.633701 0.415001
v 2.070000 5.633701 0.415001
v 2.070000 5.953701 0.415001
v 2.070000 5.633701 0.385001
v 1.715000 5.633701 0.385001
v 1.715000 5.633701 0.030001
v 1.715000 5.953701 0.385001
v 2.070000 5.953701 0.385001
v 1.715000 5.953701 0.030001
v 2.070000 5.953701 0.030001
v 2.070000 5.603702 0.030001
v 2.070000 5.953701 1.155001
v 1.330000 5.953701 0.030001
v 1.685000 5.953701 0.030001
v 1.330000 5.953701 0.385001
v 1.330000 5.603702 0.030001
v 1.330000 5.953701 1.155001
v 1.330000 5.953701 0.800001
v 1.685000 5.953701 1.155001
v 1.330000 5.603701 1.155001
v 2.100000 5.603702 1.185001
v 2.070000 5.603701 1.155001
v 2.100000 6.003701 1.185001
v 1.300000 5.603702 1.185001
v 2.100000 5.603701 0.000001
v 2.100000 6.003701 0.000001
v 1.300000 5.603701 0.000001
v 1.300000 6.003701 0.000001
v 1.300000 6.003701 1.185001
v 1.685000 5.953701 0.800001
v 1.685000 5.633701 1.155001
v 1.685000 5.633701 0.800001
v 1.715000 5.633701 1.155001
v 1.715000 5.633701 0.800001
v 1.715000 5.953701 1.155001
v 1.715000 5.953701 0.800001
v 2.070000 5.953701 0.800001
v 2.070000 5.633701 0.800001
v 1.330000 5.633701 0.800001
v 1.330000 5.633701 0.770001
v 1.685000 5.633701 0.770001
v 1.685000 5.633701 0.415001
v 1.685000 5.953701 0.770001
v 1.330000 5.953701 0.770001
v 1.685000 5.953701 0.415001
v 1.330000 5.953701 0.415001
v 1.330000 5.633701 0.415001
v 1.330000 5.633701 0.385001
v 1.685000 5.633701 0.385001
v 1.685000 5.633701 0.030001
v 1.685000 5.953701 0.385001
v -0.894841 2.229200 1.169941
v -0.894841 2.283697 1.169941
v -0.894841 2.066628 0.800000
v -0.914841 2.229200 1.169941
v -0.914841 2.066628 0.800000
v -0.914841 2.283697 0.800000
v -0.914841 2.283697 1.169941
v -0.894841 2.283697 0.800000
v -0.914841 2.324908 1.266203
v -0.914841 2.313841 1.272349
v -0.914841 2.089141 0.825506
v -1.534841 2.324908 1.266203
v -1.534841 2.313841 1.272349
v -1.534841 2.089141 0.825506
v -1.534841 2.078074 0.831652
v -0.914841 2.078074 0.831652
v -1.554841 2.066628 0.800000
v -1.554841 2.283697 0.800000
v -1.554841 2.229200 1.169941
v -1.534841 2.066628 0.800000
v -1.534841 2.229200 1.169941
v -1.534841 2.283697 1.169941
v -1.534841 2.283697 0.800000
v -1.554841 2.283697 1.169941
v -0.914841 2.212391 1.082033
v -0.914841 2.228746 1.150520
v -1.534841 2.212391 1.082033
v -1.534841 2.228746 1.150520
v -0.914841 2.147940 0.962033
v -1.534841 2.147940 0.962033
v -0.914841 2.164296 1.030520
v -1.534841 2.164296 1.030520
v -0.914841 2.083502 0.842033
v -0.914841 2.099858 0.910520
v -1.534841 2.083502 0.842033
v -1.534841 2.099858 0.910520
v 4.000000 2.900000 0.900000
v 4.000000 4.099999 0.900001
v 3.600000 2.900000 0.900000
v 4.000000 2.900000 0.000000
v 3.600000 2.900000 0.000000
v 3.600000 4.100000 0.000001
v 4.000000 4.100000 0.000001
v 3.600000 4.099999 0.900001
v 3.600000 4.070000 0.030001
v 3.940000 4.070000 0.030001
v 3.600000 2.930000 0.030000
v 3.600000 4.070000 0.870001
v 3.600000 2.930000 0.870000
v 3.940000 4.070000 0.870001
v 3.940000 2.930000 0.870000
v 3.940000 2.930000 0.030000
v 3.639999 2.930000 0.870000
v 3.639999 2.930000 0.030000
v 3.639999 3.500000 0.870001
v 3.639999 3.500000 0.030001
v 3.619999 3.500000 0.870001
v 3.619999 3.500000 0.030001
v 3.619999 4.070000 0.870001
v 3.619999 4.070000 0.030001
v 3.659762 5.952175 2.450001
v 3.659762 5.952175 0.000001
v 3.601198 5.939125 2.450001
v 3.964248 4.585687 2.450001
v 3.751107 5.542228 1.990001
v 3.872902 4.995634 1.990001
v 3.751107 5.542228 1.620001
v 3.872902 4.995634 1.620001
v 3.905684 4.572638 2.450001
v 3.964248 4.585688 0.000001
v 3.905684 4.572638 0.000001
v 3.601198 5.939125 0.000001
v 3.692544 5.529178 1.990001
v 3.692544 5.529178 1.620001
v 3.814338 4.982584 1.990001
v 3.814338 4.982584 1.620001
v 3.678433 5.546525 2.005021
v 3.678433 5.546525 1.605021
v 3.756518 5.563924 2.005021
v 3.684958 5.517243 1.635021
v 3.808928 4.960888 2.005021
v 3.808928 4.960888 1.605021
v 3.887012 4.978288 2.005021
v 3.887012 4.978288 1.605021
v 3.880488 5.007569 1.635021
v 3.763043 5.534643 1.635021
v 3.880488 5.007569 1.975021
v 3.802403 4.990170 1.635021
v 3.802403 4.990170 1.975021
v 3.684958 5.517243 1.975021
v 3.763043 5.534643 1.975021
v 3.756518 5.563924 1.605021
v 3.724000 5.525943 1.635021
v 3.724000 5.525943 1.975021
v 3.841445 4.998869 1.635021
v 3.841445 4.998869 1.975021
v 3.848786 4.690514 1.055548
v 3.871968 4.716646 1.097346
v 3.871968 4.716646 1.013750
v 3.853426 4.669692 1.034215
v 3.881058 4.675848 0.996437
v 3.890149 4.635051 1.013750
v 3.856707 4.654968 1.040463
v 3.858066 4.648869 1.055548
v 3.812127 4.645034 1.040463
v 3.813486 4.638936 1.055548
v 3.808846 4.659758 1.076881
v 3.856707 4.654968 1.070632
v 3.893914 4.618153 1.055548
v 3.890149 4.635051 1.097346
v 3.853426 4.669692 1.076881
v 3.850145 4.684415 1.070632
v 3.881058 4.675848 1.114659
v 3.804206 4.680580 1.055548
v 3.808846 4.659758 1.034215
v 3.757735 4.687873 1.094107
v 3.830088 4.664491 1.100337
v 3.774507 4.612601 1.094107
v 3.777981 4.597013 1.055548
v 3.836976 4.633578 1.087219
v 3.839829 4.620774 1.055548
v 3.774507 4.612602 1.016989
v 3.830088 4.664491 1.010759
v 3.766121 4.650238 1.001017
v 3.754261 4.703463 1.055548
v 3.820347 4.708208 1.055548
v 3.823200 4.695403 1.087219
vn 0.1734 -0.9813 0.0833
vn 0.2346 -0.4338 0.8699
vn -0.1292 -0.9892 0.0695
vn 0.2345 -0.4336 0.8700
vn 0.2094 -0.2582 0.9431
vn 0.7844 0.6127 -0.0970
vn -0.3859 0.4203 -0.8212
vn 0.6603 0.7466 -0.0810
vn -0.8163 0.3992 0.4174
vn 0.4782 0.8747 0.0789
vn 0.2664 -0.4342 0.8605
vn 0.2734 -0.3966 0.8763
vn 0.6848 -0.2658 0.6786
vn 0.8701 -0.4927 -0.0144
vn -0.1087 -0.9935 -0.0337
vn 0.9623 -0.2316 0.1427
vn -0.0725 -0.1596 -0.9845
vn -0.9785 -0.1804 -0.1001
vn -0.0853 -0.9634 0.2541
vn 0.4251 0.4790 -0.7680
vn -0.8348 -0.4870 -0.2568
vn 0.1575 0.0078 -0.9875
vn 0.7383 0.6742 -0.0155
vn 0.9157 0.3215 0.2411
vn -0.0376 -0.4073 0.9125
vn 0.9624 0.0796 0.2597
vn -0.3750 -0.8975 0.2321
vn 0.3818 -0.7034 0.5996
vn 0.8119 0.5827 0.0351
vn 0.8901 0.4462 -0.0925
vn 0.4577 -0.8506 0.2588
vn -0.7720 -0.5665 -0.2883
vn -0.6098 -0.7924 0.0125
vn -0.4814 -0.8648 0.1424
vn 0.0028 -0.0954 -0.9954
vn -0.0940 -0.1321 -0.9868
vn -0.5054 -0.8606 -0.0628
vn 0.6714 -0.7388 -0.0581
vn 0.9747 0.1986 0.1030
vn 0.2111 -0.9318 -0.2954
vn -0.5515 0.7130 -0.4330
vn -0.9251 -0.3504 0.1465
vn -0.4014 0.6145 -0.6791
vn 0.3708 -0.2190 0.9025
vn 0.7384 0.6646 -0.1146
vn 0.8446 -0.0274 -0.5347
vn -0.5078 0.6498 -0.5656
vn 0.8503 0.4749 -0.2268
vn 0.7747 0.1253 -0.6198
vn -0.3536 -0.0274 0.9350
vn 0.5888 -0.7226 0.3621
vn -0.7539 -0.6197 0.2184
vn -0.4485 -0.8866 0.1132
vn -0.1415 0.1039 -0.9845
vn -0.2539 -0.9644 0.0747
vn -0.1293 0.1557 0.9793
vn -0.0604 -0.9978 0.0270
vn 0.5001 -0.8659 -0.0090
vn -0.0682 0.0862 -0.9939
vn 0.3281 0.9444 0.0218
vn 0.1772 0.0615 0.9823
vn -0.0493 0.1833 -0.9818
vn -0.1941 0.4427 -0.8754
vn 0.9237 -0.1394 0.3568
vn 0.0692 -0.5752 -0.8151
vn -0.3151 -0.8091 -0.4961
vn -0.9059 -0.3954 -0.1518
vn -0.8904 -0.4516 0.0569
vn -0.1100 0.1589 -0.9811
vn -0.1271 0.0970 -0.9871
vn -0.1522 -0.9729 -0.1742
vn 0.7797 0.5875 -0.2166
vn -0.5023 0.7413 -0.4452
vn -0.4486 -0.8866 0.1130
vn -0.7539 -0.6196 0.2183
vn 0.3696 -0.0674 0.9267
vn 0.2244 -0.0487 0.9733
vn -0.7540 -0.6196 0.2181
vn 0.1726 -0.1029 0.9796
vn -0.1496 -0.5502 -0.8215
vn -0.8620 -0.4015 0.3095
vn 0.9902 0.0992 0.0984
vn -0.2290 -0.0692 0.9710
vn 0.4583 -0.8503 0.2588
vn -0.9303 -0.3660 0.0238
vn -0.8739 -0.4848 0.0367
vn 0.4584 -0.8502 0.2588
vn -0.0333 0.0844 -0.9959
vn 0.0362 0.0430 -0.9984
vn 0.3539 -0.9282 0.1151
vn 0.1943 -0.9780 0.0760
vn -0.5311 -0.8456 -0.0538
vn 0.4159 -0.7786 0.4699
vn 0.3335 0.9101 -0.2459
vn 0.3357 0.9420 -0.0038
vn -0.0579 0.2500 0.9665
vn 0.5614 0.8113 0.1634
vn 0.7880 0.6156 -0.0003
vn 0.1247 0.9922 -0.0035
vn 0.5617 -0.1620 0.8114
vn 0.5615 -0.1618 0.8115
vn 0.1240 0.9923 0.0053
vn 0.0175 0.0465 0.9988
vn 0.8205 0.5712 0.0223
vn -0.1288 -0.1062 0.9860
vn -0.0267 -0.0809 0.9964
vn 0.3563 0.9341 -0.0231
vn 0.3074 0.9489 0.0716
vn -0.1913 0.0364 -0.9809
vn 0.5649 0.2480 0.7870
vn 0.3391 -0.7703 0.5401
vn 0.2994 -0.7568 0.5810
vn -0.2507 0.8688 0.4269
vn 0.4134 -0.3115 0.8556
vn 0.3968 -0.5908 0.7025
vn 0.9307 0.3103 -0.1937
vn 0.3151 -0.5193 0.7944
vn -0.8958 -0.4013 0.1911
vn -0.2365 -0.2209 0.9462
vn 0.8720 0.4230 0.2461
vn 0.9284 -0.3116 0.2027
vn -0.1984 0.2803 0.9392
vn -0.4800 0.8220 -0.3063
vn -0.4143 0.7896 -0.4527
vn -0.2317 0.1769 -0.9566
vn -0.1411 0.1039 -0.9845
vn -0.8230 0.5668 -0.0378
vn 0.0321 -0.7879 -0.6150
vn -0.1214 -0.0887 -0.9886
vn 0.1684 -0.9611 -0.2190
vn -0.9754 0.2150 -0.0478
vn -0.8764 0.4789 -0.0502
vn -0.0900 0.0403 -0.9951
vn -0.0010 0.2530 -0.9675
vn -0.4097 -0.4348 0.8019
vn 0.8267 -0.2683 0.4946
vn 0.7492 -0.6414 0.1653
vn 0.8267 -0.2684 0.4945
vn 0.5121 -0.0252 0.8586
vn 0.9192 0.2921 -0.2642
vn 0.8677 0.4924 -0.0684
vn 0.9671 0.2158 0.1344
vn 0.8676 0.4925 -0.0684
vn 0.2001 -0.0566 -0.9781
vn 0.8677 0.4924 -0.0682
vn 0.2055 -0.0151 -0.9785
vn 0.2054 -0.0312 -0.9782
vn 0.9562 0.1002 0.2749
vn 0.4000 0.9131 0.0787
vn -0.1375 0.1834 0.9734
vn 0.2128 -0.9729 -0.0909
vn -0.1374 0.1837 0.9733
vn 0.2106 -0.9743 -0.0795
vn -0.4328 -0.8977 0.0820
vn 0.2194 0.6347 -0.7410
vn -0.3518 0.3466 -0.8695
vn 0.3657 -0.6387 0.6770
vn 0.9849 0.1628 -0.0582
vn -0.3699 -0.9220 0.1147
vn -0.5863 0.2426 -0.7729
vn 0.2882 0.8367 -0.4656
vn -0.1713 -0.0075 0.9852
vn 0.8199 0.5724 -0.0049
vn 0.3594 0.9332 -0.0028
vn -0.0475 -0.1065 -0.9932
vn 0.9001 0.2850 -0.3295
vn -0.0344 0.0092 -0.9994
vn -0.0949 -0.0562 -0.9939
vn -0.6820 0.7306 -0.0335
vn -0.1966 -0.1848 -0.9629
vn 0.6805 0.7295 -0.0689
vn 0.3725 -0.8751 -0.3088
vn 0.4609 0.7010 -0.5441
vn 0.8811 0.3137 -0.3539
vn -0.4638 -0.3163 0.8275
vn -0.1952 -0.9556 0.2206
vn -0.3132 -0.2834 -0.9064
vn -0.7361 -0.2080 -0.6441
vn 0.1166 -0.9352 -0.3344
vn 0.8681 0.4956 -0.0294
vn 0.1665 0.9492 0.2669
vn -0.8235 0.1655 0.5426
vn 0.0243 -0.0156 -0.9996
vn -0.1418 0.4002 -0.9054
vn -0.9354 0.2363 -0.2629
vn 0.7457 0.3912 -0.5393
vn 0.7713 0.3296 -0.5445
vn 0.9369 -0.0034 -0.3496
vn -0.0047 0.3742 0.9273
vn -0.9785 0.2057 -0.0121
vn -0.4319 -0.5774 0.6929
vn -0.9746 -0.1706 -0.1450
vn 0.0002 1.0000 -0.0000
vn -0.9737 -0.0002 0.2278
vn 0.0192 0.9965 0.0812
vn -0.0046 0.9981 0.0620
vn -0.8038 -0.5250 0.2797
vn 0.5344 -0.8389 -0.1029
vn 0.2849 -0.1015 0.9532
vn 0.2273 -0.0001 0.9738
vn 0.9899 -0.0005 -0.1416
vn 0.0188 0.9965 0.0815
vn 0.6060 -0.7912 -0.0824
vn 0.7249 0.6771 0.1267
vn 0.8865 0.3667 0.2821
vn -0.9679 -0.0766 0.2395
vn 0.9584 -0.2425 -0.1507
vn -0.0000 1.0000 -0.0001
vn -0.0000 -0.0000 -1.0000
vn 0.0001 -0.0003 -1.0000
vn 0.0003 0.0001 -1.0000
vn -0.0001 0.0003 -1.0000
vn 0.9914 -0.0000 -0.1305
vn 0.5000 -0.0000 0.8660
vn -0.9914 -0.0000 -0.1305
vn -0.5000 -0.0000 0.8660
vn -0.0000 1.0000 -0.0000
vn -1.0000 -0.0000 -0.0000
vn -0.9388 -0.2110 -0.2722
vn -0.2467 0.7531 0.6099
vn 0.6815 0.6337 -0.3661
vn 0.2115 0.5779 -0.7882
vn 0.7866 -0.5795 -0.2132
vn -0.5773 0.2112 -0.7887
vn -0.9965 -0.0576 -0.0610
vn -0.7901 0.5760 -0.2098
vn -0.0255 -0.2235 -0.9744
vn -0.7428 -0.6182 -0.2571
vn -0.4018 0.5980 -0.6935
vn -0.6970 0.3028 -0.6500
vn 0.6968 0.3031 -0.6501
vn 0.5000 0.4999 -0.7072
vn -0.1467 0.8532 -0.5005
vn -0.5980 0.4018 -0.6935
vn -0.2101 0.7898 -0.5763
vn 0.8535 0.1465 -0.5001
vn 0.0003 1.0000 -0.0000
vn -0.0000 0.9999 0.0109
vn -0.6106 0.2477 -0.7522
vn 1.0000 -0.0000 -0.0000
vn 1.0000 -0.0003 -0.0000
vn 0.6054 -0.6913 -0.3945
vn 0.1836 -0.5478 -0.8162
vn -0.6861 0.3137 0.6564
vn -0.9965 -0.0575 -0.0611
vn 0.1463 0.8535 0.5002
vn 0.9288 0.0711 0.3638
vn 0.2226 0.7773 -0.5884
vn 0.6940 0.4037 -0.5961
vn 0.1463 0.8535 0.5001
vn 0.8535 0.1463 0.5001
vn 0.8322 0.5454 0.0999
vn 0.5672 0.7858 -0.2464
vn 0.0526 -0.3163 -0.9472
vn -0.3695 -0.0616 -0.9272
vn -0.0527 -0.3163 -0.9472
vn -0.5930 0.7372 -0.3240
vn -0.0000 -1.0000 -0.0000
vn 0.3290 0.9058 0.2670
vn -1.0000 0.0024 0.0043
vn 1.0000 0.0028 0.0040
vn -0.3289 0.9058 0.2672
vn -0.0048 -0.4840 -0.8751
vn -1.0000 -0.0007 0.0027
vn 0.0048 -0.4831 -0.8755
vn 1.0000 -0.0007 0.0027
vn -0.2597 0.3027 -0.9170
vn -0.0000 0.9155 -0.4023
vn 0.5534 0.7922 -0.2573
vn -0.1858 0.5289 -0.8281
vn 0.9217 -0.0781 -0.3800
vn -0.3332 -0.6755 -0.6578
vn -1.0000 0.0003 -0.0001
vn -1.0000 -0.0000 0.0003
vn -1.0000 -0.0003 -0.0000
vn -1.0000 -0.0000 -0.0005
vn -0.6710 -0.3418 -0.6580
vn 0.0003 0.9727 -0.2323
vn -0.0000 0.9727 -0.2322
vn -0.0000 0.9726 -0.2323
vn -0.0000 0.9727 -0.2320
vn 0.3689 -0.0733 0.9266
vn -0.6683 0.3364 0.6635
vn -0.5791 0.7870 0.2128
vn 0.2210 -0.9750 0.0248
vn 0.2073 0.7925 0.5735
vn 0.2079 0.5739 -0.7921
vn 1.0000 0.0001 -0.0000
vn 1.0000 0.0003 -0.0000
vn 0.9999 -0.0000 0.0145
vn 1.0000 -0.0000 -0.0003
vn 0.9287 0.0711 0.3639
vn 0.0095 0.9903 0.1387
vn 0.9472 0.0526 0.3163
vn 0.9761 0.2175 -0.0000
vn 0.9761 0.2174 -0.0000
vn -0.9477 -0.1731 -0.2681
vn -0.2175 0.9761 -0.0000
vn -0.9760 -0.2176 -0.0000
vn -0.9761 -0.2175 -0.0000
vn 0.1858 -0.9558 -0.2278
vn -0.0163 0.3279 -0.9446
vn 0.9760 0.2178 0.0001
vn -0.9761 -0.2173 -0.0000
vn 0.2175 -0.9761 -0.0000
vn -0.4747 -0.1059 -0.8737
vn -0.9755 -0.2174 0.0337
vn 0.9828 0.1845 -0.0000
vn 0.9761 0.2175 -0.0002
vn 0.9711 0.2388 -0.0000
vn 0.0711 0.5940 -0.8013
vn 0.8262 -0.4554 -0.3317
vn 0.3152 0.7941 0.5196
vn -0.4849 -0.2856 0.8266
vn -0.9760 -0.2177 0.0003
vn 0.1538 -0.9354 0.3183
vn -0.2774 0.8816 -0.3819
vn -0.7370 0.6412 0.2136
vn 0.9864 0.1045 0.1270
vn -0.0000 -0.0000 1.0000
vn 0.9762 0.2168 -0.0001
vn 0.9761 0.2175 -0.0005
vn 0.9759 0.2181 -0.0000
vn 0.9761 0.2175 0.0006
vn 0.7463 -0.4534 0.4873
vn 0.5434 -0.1215 0.8307
vn 0.5656 -0.6404 0.5196
vn 0.5009 -0.8428 0.1969
vn 0.4720 0.2078 -0.8568
vn 0.5034 0.7051 -0.4994
vn 0.7627 0.6449 -0.0487
vn 0.8315 0.3791 0.4060
vn 0.3558 0.8818 0.3097
vn 0.7310 0.6569 0.1851
vn 0.5455 0.0265 -0.8377
vn 0.6524 -0.5134 -0.5575
vn 0.8733 -0.2398 -0.4241
vn 0.7811 0.1739 -0.5997
vn 0.3525 0.7069 0.6132
vn -0.5598 0.7496 0.3531
vn -0.0920 0.6932 -0.7149
vn -0.1538 0.6903 0.7070
vn -0.2174 0.9761 0.0002
vn 0.3527 0.7068 0.6133
vn -0.1538 0.6902 0.7071
vn 0.3103 0.0293 0.9502
vn 0.3526 0.7069 -0.6132
vn 0.1221 -0.2179 -0.9683
vn -0.6293 0.6712 -0.3917
vn 0.4180 0.9022 -0.1058
vn 0.2753 -0.8339 -0.4783
vn 0.9592 -0.2823 -0.0125
vn 0.7146 -0.5460 0.4372
vn 0.4932 0.4376 -0.7519
vn 0.8396 0.4902 -0.2343
vn 0.6780 0.6593 0.3250
vn 0.5758 0.3610 0.7336
vn 0.3732 0.7392 0.5606
vn 0.6453 0.7636 -0.0236
vn 0.5566 -0.6599 -0.5047
vn -0.4473 0.8338 0.3236
vn -0.8143 0.3853 0.4342
vn -0.3912 0.5841 0.7112
vn -0.3569 0.3313 0.8734
vn -0.2687 0.5823 -0.7673
vn 0.7315 -0.5892 -0.3430
vn 0.0541 -0.4311 -0.9007
vn -0.0144 -0.0032 -0.9999
vn -0.1596 -0.3095 0.9374
vn -0.0363 -0.4222 0.9058
vn 0.0701 -0.9765 0.2037
vn 0.2496 -0.9595 0.1304
vn 0.0792 0.8253 0.5590
vn 0.0394 0.9442 0.3269
vn 0.0086 -0.7148 -0.6993
vn 0.0086 -0.7147 -0.6994
vn 0.0716 -0.9974 0.0001
vn -0.2084 0.5178 -0.8297
vn -0.3586 0.9335 -0.0002
vt 0.572520 0.585738
vt 0.564029 0.576859
vt 0.579034 0.585738
vt 0.572418 0.578473
vt 0.734358 0.018037
vt 0.744180 0.018037
vt 0.734358 0.109531
vt 0.579034 0.588387
vt 0.585548 0.588387
vt 0.585548 0.585738
vt 0.734358 0.306475
vt 0.744180 0.306475
vt 0.744180 0.175773
vt 0.724536 0.101129
vt 0.734358 0.101129
vt 0.734358 0.150799
vt 0.724536 0.150799
vt 0.744180 0.188677
vt 0.734358 0.188677
vt 0.724536 0.188677
vt 0.734358 0.200664
vt 0.724536 0.200664
vt 0.734358 0.175773
vt 0.734358 0.092763
vt 0.744180 0.092763
vt 0.572520 0.588387
vt 0.566006 0.588387
vt 0.566006 0.585738
vt 0.744180 0.202234
vt 0.734358 0.101170
vt 0.744180 0.101170
vt 0.724535 0.205890
vt 0.734358 0.205890
vt 0.744180 0.150799
vt 0.744180 0.205890
vt 0.734358 0.165532
vt 0.724536 0.175773
vt 0.734358 0.302386
vt 0.734358 0.209827
vt 0.744180 0.209827
vt 0.724535 0.302386
vt 0.559492 0.588387
vt 0.559492 0.585738
vt 0.744180 0.109106
vt 0.734358 0.109106
vt 0.744180 0.109531
vt 0.734358 0.297076
vt 0.744180 0.297076
vt 0.724536 0.109531
vt 0.724536 0.018037
vt 0.724535 0.297076
vt 0.744180 0.165532
vt 0.744180 0.016967
vt 0.734358 0.016967
vt 0.724535 0.202234
vt 0.724536 0.165532
vt 0.724536 0.016967
vt 0.724536 0.092763
vt 0.744180 0.302386
vt 0.724536 0.101170
vt 0.724535 0.209827
vt 0.724536 0.109106
vt 0.744180 0.200664
vt 0.744180 0.101129
vt 0.744180 0.008888
vt 0.559750 0.578005
vt 0.734358 0.008888
vt 0.566356 0.605115
vt 0.558717 0.599701
vt 0.572696 0.605424
vt 0.578259 0.599701
vt 0.570967 0.606041
vt 0.571745 0.599701
vt 0.565231 0.599701
vt 0.565231 0.590696
vt 0.571745 0.590696
vt 0.578259 0.590696
vt 0.584773 0.599701
vt 0.584773 0.590696
vt 0.724536 0.008888
vt 0.558717 0.590696
vt 0.760486 0.178599
vt 0.760486 0.030396
vt 0.747283 0.178599
vt 0.747283 0.030396
vt 0.753330 0.000934
vt 0.751193 0.166849
vt 0.754538 0.163503
vt 0.757884 0.166849
vt 0.754538 0.166849
vt 0.578468 0.598060
vt 0.546601 0.611260
vt 0.514735 0.598060
vt 0.501535 0.566194
vt 0.514735 0.534328
vt 0.546601 0.521128
vt 0.578468 0.534328
vt 0.591667 0.566194
vt 0.459319 0.995000
vt 0.459229 0.995000
vt 0.459229 0.993368
vt 0.459319 0.993368
vt 0.494841 0.995000
vt 0.494841 0.993368
vt 0.469316 0.894201
vt 0.496221 0.940801
vt 0.442411 0.993362
vt 0.415506 0.894201
vt 0.388602 0.940801
vt 0.190487 0.281997
vt 0.190487 0.150929
vt 0.049540 0.150929
vt 0.049540 0.281997
vt 0.356417 0.281997
vt 0.356417 0.150929
vt 0.356417 0.024215
vt 0.190487 0.024215
vt 0.492970 0.454700
vt 0.376988 0.454700
vt 0.376988 0.868990
vt 0.492970 0.868990
vt 0.033550 0.601806
vt 0.017736 0.781806
vt 0.001801 0.781806
vt 0.001801 0.601806
vt 0.060989 0.281997
vt 0.060989 0.150929
vt 0.017614 0.781806
vt 0.017614 0.601806
vt 0.033550 0.781806
vt 0.017572 0.853590
vt 0.001815 0.868990
vt 0.017572 0.470412
vt 0.361482 0.470367
vt 0.017736 0.601806
vt 0.376988 0.995709
vt 0.001815 0.995709
vt 0.001815 0.454700
vt 0.361482 0.853590
vt 0.461636 0.743698
vt 0.377015 0.551139
vt 0.490003 0.551139
vt 0.490003 0.743698
vt 0.361567 0.765053
vt 0.377015 0.765053
vt 0.377015 0.793420
vt 0.361567 0.793420
vt 0.361400 0.540934
vt 0.361400 0.832373
vt 0.377156 0.832373
vt 0.377156 0.540934
vt 0.361567 0.551139
vt 0.398378 0.307784
vt 0.403728 0.307784
vt 0.403728 0.449336
vt 0.398378 0.449336
vt 0.394264 0.311986
vt 0.394264 0.445683
vt 0.388914 0.445669
vt 0.388914 0.311972
vt 0.591044 0.450060
vt 0.591044 0.307060
vt 0.382715 0.307060
vt 0.382715 0.450060
vt 0.375947 0.609352
vt 0.416738 0.609352
vt 0.416738 0.744352
vt 0.375947 0.744352
vt 0.359679 0.422098
vt 0.030240 0.422098
vt 0.030240 0.302939
vt 0.359679 0.302939
vt 0.054109 0.430408
vt 0.331609 0.430408
vt 0.331609 0.302908
vt 0.054109 0.302908
vt 0.000429 0.001990
vt 0.017373 0.017702
vt 0.376988 0.001990
vt 0.000429 0.452997
vt 0.000429 0.302997
vt 0.376988 0.302998
vt 0.376988 0.452997
vt 0.361482 0.287598
vt 0.376988 0.302997
vt 0.361482 0.017657
vt 0.527700 0.302997
vt 0.527700 0.001990
vt 0.017373 0.287598
vt 0.711461 0.279812
vt 0.535210 0.279812
vt 0.535210 0.002312
vt 0.711461 0.002312
vt 0.535211 0.279812
vt 0.535211 0.002312
vt 0.669592 0.158701
vt 0.669592 0.124742
vt 0.665645 0.124742
vt 0.665645 0.158701
vt 0.885639 0.757047
vt 0.733753 0.757047
vt 0.619537 0.317661
vt 0.998080 0.317661
vt 0.619572 0.317661
vt 0.599366 0.317661
vt 0.599366 0.982165
vt 0.619572 0.982165
vt 0.732012 0.757047
vt 0.883899 0.757047
vt 0.998115 0.317661
vt 0.883899 0.857401
vt 0.732012 0.857401
vt 0.619572 0.998439
vt 0.998115 0.982165
vt 0.998115 0.998439
vt 0.619537 0.982165
vt 0.733753 0.857401
vt 0.885639 0.857401
vt 0.998080 0.982165
vt 0.537142 0.885156
vt 0.537142 0.986233
vt 0.552116 0.986233
vt 0.552116 0.885156
vt 0.510926 0.890459
vt 0.503796 0.883400
vt 0.510926 0.988648
vt 0.578668 0.995708
vt 0.571537 0.988648
vt 0.503796 0.995708
vt 0.542319 0.964229
vt 0.557294 0.964229
vt 0.557294 0.900588
vt 0.542319 0.900588
vt 0.571537 0.890459
vt 0.578668 0.883400
vt 0.503796 0.868425
vt 0.578668 0.868425
vt 0.593642 0.995708
vt 0.593642 0.883400
vt 0.740834 0.848809
vt 0.875834 0.848809
vt 0.875834 0.767767
vt 0.740834 0.767767
vt 0.526218 0.684886
vt 0.503343 0.684886
vt 0.503343 0.655000
vt 0.549092 0.655000
vt 0.594842 0.684886
vt 0.571967 0.655000
vt 0.549093 0.684886
vt 0.594842 0.655000
vt 0.571967 0.684886
vt 0.526218 0.655000
vt 0.549093 0.655000
vt 0.549093 0.616169
vt 0.526218 0.616169
vt 0.503343 0.616169
vt 0.594842 0.616169
vt 0.549155 0.693409
vt 0.549155 0.729080
vt 0.526334 0.729080
vt 0.503512 0.693409
vt 0.571976 0.729080
vt 0.571976 0.693409
vt 0.594797 0.693409
vt 0.503512 0.729080
vt 0.548641 0.735478
vt 0.522718 0.761402
vt 0.530311 0.779733
vt 0.574565 0.761402
vt 0.566972 0.743071
vt 0.566972 0.779733
s 1
usemtl 5_Mesh2_0.5_0_0
f 340/305/430 341/306/431 342/307/432
f 341/306/432 342/307/433 343/308/434
f 411/309/435 365/310/436 410/311/437
f 350/312/438 348/313/439 342/307/440
f 342/307/441 344/314/442 348/313/443
f 397/315/444 416/316/445 415/317/446
f 353/318/447 355/319/448 354/320/449 352/321/450
f 346/322/451 354/320/452 345/323/453
f 354/320/452 352/321/454 345/323/453
f 345/323/455 343/324/456 352/321/450
f 353/318/457 355/319/458 414/325/459 396/326/460
f 343/324/434 351/320/461 341/323/432
f 384/327/462 383/328/463 378/329/464 415/317/465
f 340/305/466 349/330/467 347/331/468 346/332/469
f 362/333/470 364/334/471 363/335/472
f 390/336/473 411/309/435 409/337/474
f 363/335/475 412/334/476 411/309/477
f 356/338/478 354/320/449 355/319/448
f 353/318/447 351/320/479 396/326/480
f 368/311/481 370/337/482 369/339/483
f 399/340/484 382/341/485 384/327/462
f 372/342/486 374/343/487 373/344/488
f 409/337/474 408/342/489 389/345/490 390/336/473
f 347/331/468 348/346/443 344/347/442 346/332/469
f 373/344/491 375/348/492 376/349/493 374/343/494
f 366/309/495 367/350/496 369/339/497
f 372/342/498 369/339/499 373/344/500
f 362/333/470 413/351/501 360/352/502
f 370/337/503 391/353/504 368/311/505
f 391/353/506 368/311/507 392/354/508
f 368/311/509 392/354/510 366/309/495
f 395/355/511 396/326/512 361/351/513
f 361/351/514 359/325/515 396/326/516
f 402/356/517 403/357/518 401/358/519 399/340/484
f 342/307/440 340/305/520 349/330/521 350/312/438
f 396/326/512 394/359/522 413/351/523
f 380/327/524 382/341/485 398/360/525 404/340/526
f 405/358/527 404/340/528 400/361/529
f 400/361/530 398/360/531 404/340/532
f 382/341/533 381/362/534 379/328/535 380/327/536
f 371/363/537 369/339/499 409/337/538 408/342/539
f 395/355/540 393/364/541 364/334/471 361/351/514
f 388/365/542 374/343/494 376/349/493
f 392/354/543 412/334/544 393/364/545
f 393/364/541 392/354/546 366/309/547 364/334/471
f 381/362/548 379/328/549 376/349/550 387/366/551
f 358/367/552 414/325/459 355/319/458 357/368/553
f 410/311/437 367/350/554 369/339/555 409/337/474
f 388/365/542 406/349/556 408/342/539
f 377/369/557 383/328/558 378/329/559
f 345/370/455 342/307/441 343/308/456
f 385/371/560 406/349/561 375/348/562 377/369/563
f 417/372/564 401/373/565 418/374/566
f 401/373/519 418/374/567 400/375/568
f 418/374/569 400/375/570 419/376/571
f 400/375/529 419/376/572 405/377/527
f 421/378/573 419/377/574 422/379/575
f 422/379/576 423/380/577 419/377/571
f 419/377/571 423/380/577 418/375/569
f 423/380/578 418/375/565 424/381/579
f 418/375/566 424/381/580 417/382/564
f 424/381/581 417/382/582 420/383/583
f 404/340/528 405/358/527 403/357/518 402/356/517
f 367/350/496 365/310/584 410/311/585
f 394/359/586 412/334/587 393/364/541
f 372/342/486 370/337/588 390/336/473 389/345/490
f 351/320/479 357/368/589 358/367/590
f 385/371/560 384/327/462 382/341/485 386/384/591
f 379/328/592 380/327/593 415/317/594
f 365/310/436 363/335/472 364/334/471 366/309/547
f 378/329/559 379/328/595 376/349/493 375/348/492
f 411/309/435 363/335/472 365/310/436
f 397/315/444 399/340/596 416/316/445
f 370/337/588 391/353/506 390/336/473
f 389/345/490 374/343/487 372/342/486
f 399/340/484 416/316/597 402/356/517
f 362/333/470 360/352/502 359/325/515
f 359/325/515 361/351/514 364/334/471
f 407/343/598 373/344/599 375/348/562 406/349/561
f 362/333/470 359/325/515 364/334/471
f 391/353/506 392/354/508 412/334/600
f 411/309/435 410/311/437 409/337/474
f 391/353/506 412/334/600 411/309/435
f 341/323/601 346/322/602 356/338/478 351/320/479
f 390/336/473 391/353/506 411/309/435
f 363/335/475 362/333/603 412/334/476
f 356/338/478 346/322/602 354/320/449
f 352/321/450 343/324/456 351/320/479
f 351/320/479 359/325/604 396/326/480
f 353/318/447 352/321/450 351/320/479
f 384/327/462 397/315/605 399/340/484
f 399/340/484 401/358/519 400/361/568
f 400/361/568 398/360/525 382/341/485
f 385/371/560 383/328/463 384/327/462
f 399/340/484 400/361/568 382/341/485
f 377/369/563 383/328/463 385/371/560
f 407/343/598 371/363/606 373/344/599
f 387/366/551 406/349/561 385/371/560 386/384/591
f 369/339/497 368/311/509 366/309/495
f 366/309/495 365/310/584 367/350/496
f 372/342/498 370/337/607 369/339/499
f 369/339/499 371/363/537 373/344/500
f 362/333/470 412/334/587 413/351/501
f 413/351/523 414/325/608 396/326/512
f 396/326/512 395/355/511 394/359/522
f 415/317/465 397/315/605 384/327/462
f 417/373/582 421/378/573 422/379/575 420/385/583
f 395/355/540 394/359/586 393/364/541
f 388/365/542 389/345/609 374/343/494
f 388/365/542 387/366/610 406/349/556
f 406/349/556 407/343/611 408/342/539
f 408/342/539 389/345/609 388/365/542
f 345/370/455 344/347/442 342/307/441
f 415/317/446 416/316/445 402/356/612
f 355/319/458 356/338/613 357/368/553
f 394/359/586 413/351/501 412/334/587
f 408/342/539 407/343/611 371/363/537
f 360/352/614 359/325/604 351/320/479
f 351/320/479 356/338/478 357/368/589
f 358/367/590 360/352/614 351/320/479
f 402/356/612 404/340/615 380/327/616 415/317/446
f 375/348/492 377/369/557 378/329/559
f 378/329/559 415/317/617 379/328/595
f 376/349/550 388/365/618 387/366/551
f 387/366/551 386/384/591 381/362/548
f 414/325/608 413/351/523 360/352/614 358/367/590
f 425/386/619 429/387/620 426/388/621
f 427/388/622 425/386/623 428/389/624
f 428/389/625 429/387/620 425/386/619
f 429/387/626 426/388/627 430/390/628
f 430/390/629 431/387/630 428/389/631
f 432/391/632 427/392/633 425/393/619 426/394/621
f 426/388/621 431/387/634 432/386/632
f 428/389/625 430/390/635 429/387/620
f 426/388/621 430/390/636 431/387/634
f 431/387/634 428/389/637 427/388/633 432/386/632
f 433/395/638 435/396/639 436/397/638
f 436/397/638 437/398/640 438/399/638
f 438/399/638 439/400/641 440/401/638
f 440/401/638 434/402/638 433/395/638
f 433/395/638 436/397/638 438/399/638 440/401/638
f 446/403/642 445/404/643 447/405/643 448/406/642
f 441/403/644 442/406/644 444/405/645 443/404/645
f 450/407/638 446/403/642 448/406/642 449/408/638
f 443/409/646 441/410/646 450/411/646 445/412/646
f 444/405/645 447/405/643 445/404/643 443/404/645
f 450/411/646 446/413/646 445/412/646
f 450/407/638 449/408/638 442/406/644 441/403/644
f 472/414/647 468/415/647 471/416/647 475/417/647
f 491/415/648 490/414/649 467/418/646 492/419/650
f 472/414/646 474/418/646 485/419/646 473/415/646
f 487/420/651 485/419/652 473/415/638 494/421/638
f 457/420/638 458/419/653 453/415/654 456/421/655
f 481/422/647 480/423/647 476/424/656 478/425/657
f 460/426/658 461/427/659 505/428/660 504/429/661
f 463/418/646 465/419/646 464/415/662 462/414/663
f 454/430/647 456/431/655 453/415/654 451/414/664
f 502/432/646 497/433/665 504/429/661 503/434/646
f 475/435/646 479/436/666 471/437/667
f 466/438/668 480/423/646 476/424/637
f 486/430/669 474/414/670 485/415/652 487/431/651
f 483/422/669 484/425/671 479/424/672 482/423/669
f 456/439/646 457/432/646 459/434/646 460/426/658
f 488/430/673 490/414/649 491/415/648 489/431/674
f 453/415/654 458/419/653 452/418/646 451/414/664
f 500/415/675 498/414/676 496/430/677 497/431/665
f 478/440/657 476/424/656 479/436/672 484/441/671
f 491/415/648 492/419/650 493/420/678 489/421/674
f 488/427/673 489/439/674 487/433/646 486/428/646
f 466/420/668 465/419/638 468/415/638 471/421/667
f 494/432/646 487/433/646 496/428/677 495/434/646
f 460/430/658 462/414/663 464/415/662 461/431/659
f 469/415/679 506/414/680 504/430/661 505/431/660
f 470/414/646 506/418/680 469/419/679 468/415/646
f 489/439/674 493/432/678 455/434/646 454/426/646
f 460/426/658 504/429/661 497/433/665
f 454/426/646 496/428/677 487/433/646 489/439/674
f 454/426/646 456/439/646 460/426/658
f 460/426/658 497/433/665 496/428/677
f 498/418/676 500/419/675 501/415/646 499/414/646
f 466/416/669 465/415/669 467/414/669 477/417/669
f 454/426/646 460/426/658 496/428/677
f 475/435/646 476/424/637 479/436/666
f 471/437/667 479/436/666 482/442/646
f 476/424/637 475/435/646 477/443/646
f 466/438/668 471/437/667 482/442/646
f 476/424/637 477/443/646 466/438/668
f 466/438/668 482/442/646 480/423/646
f 497/420/638 500/419/638 501/415/638 502/421/638
f 510/444/681 511/445/682 512/446/669 513/447/683
f 507/444/684 508/447/685 514/446/647 509/445/686
f 507/448/684 510/449/681 513/450/683 508/451/685
f 512/452/687 513/453/687 508/454/687 514/455/687
f 509/456/686 511/445/682 510/449/681 507/448/684
f 522/457/688 517/458/689 520/459/690 521/460/691
f 515/461/692 517/462/689 522/463/688 516/464/693
f 518/461/694 519/464/695 521/463/691 520/462/690
f 516/457/693 519/460/695 518/459/694 515/458/692
f 522/465/688 521/466/691 519/467/695 516/468/693
f 527/448/696 526/456/697 523/445/698 525/449/699
f 525/444/699 523/445/698 524/446/700 530/447/701
f 527/444/702 526/445/703 529/446/704 528/447/705
f 528/454/706 530/453/701 524/452/700 529/455/687
f 527/448/696 525/449/699 530/450/701 528/451/706
f 534/469/707 533/470/708 531/471/709 532/472/709
f 535/471/709 536/470/709 538/469/709 537/472/709
f 542/469/709 541/470/710 539/471/709 540/472/709
f 557/473/711 556/474/712 554/475/713 555/476/714
f 556/477/712 552/478/646 551/479/646 554/480/713
f 547/481/715 553/482/716 548/483/717
f 543/484/638 545/485/638 550/486/638 544/487/638
f 554/488/718 550/489/717 551/490/719
f 548/483/717 550/489/717 544/491/687 549/492/687
f 547/483/715 546/492/646 543/491/646 545/489/720
f 553/479/687 558/478/687 557/477/711 555/480/714
f 545/485/720 554/488/718 555/493/717
f 545/485/720 555/493/717 553/482/716
f 551/490/719 550/489/717 548/483/717
f 547/481/715 545/485/720 553/482/716
f 553/482/716 551/490/719 548/483/717
f 554/488/718 545/485/720 550/489/717
f 553/476/716 558/473/638 552/474/638 551/475/719
f 565/494/669 563/495/721 564/496/722 566/497/669
f 561/498/679 559/494/669 560/497/669 562/499/723
f 561/500/679 562/501/723 564/502/722 563/503/721
f 582/504/724 580/505/725 578/506/724 577/507/724
f 576/508/726 577/509/727 575/510/727 570/511/728
f 576/508/726 574/512/729 573/513/729 568/514/730
f 571/515/729 572/516/729 570/511/728
f 575/517/731 570/511/638 567/518/638 569/519/732
f 569/520/732 579/521/724 581/522/724
f 573/513/729 571/515/729 567/518/733
f 576/508/726 570/511/728 574/512/729
f 573/513/729 567/518/733 568/514/730
f 570/511/728 567/518/733 571/515/729
f 572/516/729 574/512/729 570/511/728
f 575/523/731 569/520/732 581/522/724
f 575/523/731 581/522/724 582/504/724
f 580/505/725 579/521/724 578/506/724
f 577/507/724 575/523/731 582/504/724
f 569/520/732 578/506/724 579/521/724
f 567/511/733 569/510/734 578/509/734 568/508/730
f 592/524/735 591/525/736 594/526/638 586/527/638
f 586/528/737 584/529/738 594/530/739
f 587/531/740 595/532/741 588/533/742
f 591/534/734 594/535/739 595/536/741 593/537/743
f 597/538/729 589/531/744 585/539/745
f 591/530/736 598/529/733 590/533/746
f 597/524/747 593/525/743 595/526/741 596/527/748
f 583/539/734 584/529/734 598/540/733 585/541/745
f 590/531/749 588/542/742 584/543/738 598/539/749
f 589/541/744 590/540/746 588/529/727 587/539/727
f 583/543/750 587/542/740 589/531/638 585/539/638
f 586/528/737 583/539/750 584/529/738
f 583/539/750 586/528/737 596/538/748
f 583/539/750 596/538/748 595/532/741
f 594/530/739 584/529/738 588/533/742
f 587/531/740 583/539/750 595/532/741
f 595/532/741 594/530/739 588/533/742
f 593/532/729 591/530/736 589/531/744
f 585/539/745 598/529/733 592/528/735
f 597/538/729 593/532/729 589/531/744
f 585/539/745 592/528/735 597/538/729
f 591/530/736 592/528/735 598/529/733
f 590/533/746 589/531/744 591/530/736
f 586/535/737 592/534/727 597/537/747 596/536/748
f 602/544/751 600/545/752 599/546/753 601/547/752
f 605/548/754 607/549/755 606/550/756 603/551/757
f 619/552/758 614/553/759 615/554/760
f 607/549/761 610/551/762 615/554/763
f 617/555/764 618/553/765 604/556/766 619/552/767
f 609/557/768 610/558/769 612/559/770
f 611/560/771 612/559/772 609/557/773
f 609/557/749 611/560/774 621/561/775 606/550/756
f 614/553/776 613/562/777 617/555/764
f 614/553/778 613/562/779 612/559/770 610/558/769
f 613/562/777 620/559/780 618/553/765 617/555/764
f 618/553/781 603/558/757 620/559/782
f 615/554/760 616/556/783 619/552/758
f 619/552/758 617/555/784 614/553/759
f 615/554/763 608/548/785 607/549/761
f 607/549/761 606/550/786 609/557/787
f 610/551/762 614/553/788 615/554/763
f 607/549/761 609/557/787 610/551/762
f 618/553/781 604/556/789 605/548/754
f 603/551/757 618/553/781 605/548/754
f 621/561/775 620/559/782 603/558/757 606/550/756
f 627/563/790 625/564/791 628/565/792 629/566/793
f 624/567/794 622/567/795 633/568/796 623/569/797
f 630/570/798 629/566/799 632/563/800 631/564/801
f 630/570/798 628/565/802 629/566/799
f 630/571/798 631/572/801 622/573/795 625/574/803
f 633/568/804 631/564/801 632/563/800
f 622/567/805 633/568/806 631/564/805
f 625/574/803 628/575/802 630/571/798
f 622/573/795 624/576/794 625/574/803
f 623/569/797 626/568/807 624/567/794
f 625/564/803 624/567/794 626/568/807 627/563/808
g 5_Mesh3_0.5_0_0_5_Mesh3_0.5_0_0
v 3.700000 5.949999 2.500001
v 3.700000 5.949999 0.000001
v 3.700000 6.149999 2.500001
v 3.700000 6.149999 0.000001
v 3.650000 5.949999 2.450001
v 3.650000 5.949999 0.000001
v 3.650000 6.149999 2.450001
v 3.650000 6.149999 0.000001
v 2.200000 5.949999 2.500001
v 2.200000 6.149999 2.500001
v 2.250000 5.949999 2.450001
v 2.250000 5.949999 0.000001
v 2.200000 5.949999 0.000001
v 2.250000 6.149999 2.450001
v 2.200000 6.149999 0.000001
v 2.250000 6.149999 0.000001
v 2.250000 6.149999 0.020001
v 2.250000 5.949999 0.020001
v 3.650000 6.149999 0.020001
v 3.650000 5.949999 0.020001
v 4.000000 -8.000000 3.999999
v 4.000000 5.999999 4.000001
v 4.000000 -8.000000 -0.000001
v 4.000000 6.000000 0.000001
v 3.670000 6.000000 0.000001
v 3.670000 5.999999 2.470001
v 2.230000 5.999999 2.470001
v -6.000000 5.999999 4.000001
v 2.230000 6.000000 0.000001
v -6.000000 6.000000 0.000001
v -6.000000 -8.000000 -0.000001
v -6.000000 -8.000000 3.999999
v 4.000000 6.049999 4.000001
v 4.000000 20.049999 4.000003
v 4.000000 6.050000 0.000001
v 4.000000 20.049999 0.000003
vn -0.6427 0.1822 0.7441
vn -0.0000 -0.0003 1.0000
vn 0.9989 -0.0000 0.0477
vn 0.6754 0.3389 0.6550
vn 1.0000 -0.0000 0.0003
vn 0.9944 0.1060 -0.0000
vn 0.0001 1.0000 -0.0003
vn 0.0002 1.0000 0.0004
vn -0.0000 -0.0000 -1.0000
vn 0.0851 -0.0000 -0.9964
vn -0.6969 0.6500 -0.3030
vn -1.0000 -0.0000 -0.0000
vn 0.1463 0.9892 -0.0000
vn 1.0000 -0.0003 -0.0000
vn 0.4601 0.5397 0.7050
vn -0.0000 1.0000 -0.0000
vn 0.1294 0.9659 0.2241
vn 0.4999 0.8661 -0.0000
vn 0.5243 0.7276 -0.4424
vn 0.9966 -0.0822 -0.0000
vn 0.7071 -0.0000 0.7071
vn 1.0000 -0.0000 -0.0000
vn 0.7071 0.7071 -0.0000
vn -0.9017 0.4324 -0.0000
vn -0.6255 0.6257 0.4661
vn -0.7071 0.7071 -0.0000
vt 0.024084 0.690244
vt 0.024084 0.695576
vt 0.374171 0.695576
vt 0.374170 0.690244
vt 0.901041 0.695638
vt 0.901041 0.690305
vt 0.514379 0.690305
vt 0.514379 0.695638
vt 0.554168 0.691991
vt 0.836426 0.690305
vt 0.548407 0.690305
vt 0.011584 0.690244
vt 0.011584 0.695576
vt 0.386671 0.695576
vt 0.386671 0.690244
vt 0.721218 0.690305
vt 0.506488 0.695638
vt 0.506488 0.690305
vt 0.836426 0.691991
vt 0.715458 0.691991
vt 0.374168 0.695585
vt 0.374168 0.690252
vt 0.024081 0.690252
vt 0.024081 0.695585
vt 1.307500 0.617500
vt 1.667500 0.617500
vt 1.750000 1.000000
vt 2.250000 0.000000
vt -1.250000 0.000000
vt -1.250000 1.000000
vt 2.250000 1.000000
vt 1.667500 0.000000
vt 1.750000 0.000000
vt -0.750000 1.000000
vt -0.750000 0.000000
vt 1.307500 0.000000
s 1
usemtl 5_Mesh3_0.5_0_0
f 644/577/809 647/578/810 640/579/811 638/580/812
f 641/581/813 639/582/814 638/583/812 640/584/811
f 638/585/812 635/586/815 634/587/816
f 642/588/817 643/589/817 636/590/818 634/591/819
f 645/582/820 644/583/820 647/584/820 649/581/820
f 642/587/821 644/585/809 634/592/816
f 643/593/822 648/581/813 646/582/823 642/594/821
f 638/585/812 639/595/814 635/586/815
f 642/587/821 646/586/823 645/595/824
f 644/585/809 638/596/812 634/592/816
f 642/587/821 645/595/824 644/585/809
f 637/581/820 635/582/820 634/594/819 636/593/818
f 652/597/817 653/598/817 651/599/817 650/600/817
f 660/601/825 659/602/826 655/603/827
f 657/604/828 656/605/829 654/606/830 655/607/827
f 659/602/826 658/608/831 657/609/828
f 655/603/827 661/610/832 663/611/833
f 663/611/833 662/612/834 660/601/825
f 659/602/826 657/609/828 655/603/827
f 655/603/827 663/611/833 660/601/825
f 661/607/832 665/606/834 664/605/820 663/604/833
f 667/607/830 669/604/830 668/605/830 666/606/830
g 5_Mesh4_0.5_0_0_5_Mesh4_0.5_0_0
v -0.550000 3.450000 0.800000
v -0.550000 3.450000 0.760001
v -0.550000 4.849999 0.800001
v -0.550000 4.849999 0.760001
v -1.550000 3.450000 0.800001
v -1.550000 4.849999 0.800001
v -1.550000 4.849999 0.760001
v -1.550000 3.450000 0.760001
v 0.450000 3.450000 0.800001
v 0.450000 3.450000 0.760001
v 0.450000 4.849999 0.760001
v 0.450000 4.849999 0.800001
v -0.610000 4.760000 0.760001
v -0.610000 4.760000 0.000001
v -0.610000 4.800000 0.760001
v -0.650000 4.760000 0.760001
v -0.650000 4.760000 0.000001
v -0.650000 4.800000 0.760001
v -0.650000 4.800000 0.000001
v -0.610000 4.800000 0.000001
v -0.610000 3.510000 0.130001
v -0.610000 3.510000 0.000000
v -0.610000 3.550000 0.130001
v -0.650000 3.510000 0.130001
v -0.650000 3.510000 0.000000
v -0.650000 3.550000 0.130001
v -0.650000 3.550000 0.000000
v -0.610000 3.550000 0.000000
v -0.590000 3.500000 0.080001
v -0.590000 3.500000 0.760001
v -1.510000 3.500000 0.080001
v -1.510000 3.500000 0.760001
v -1.510000 4.090000 0.080001
v -0.640000 4.090000 0.080001
v -1.510000 4.090000 0.760001
v -0.640000 4.090000 0.760001
v -0.620000 4.090000 0.650001
v -0.620000 4.090000 0.760001
v -1.490000 4.090000 0.650001
v -0.620000 4.790000 0.650001
v -1.490000 4.790000 0.650001
v -0.620000 4.789999 0.760001
v -1.490000 4.789999 0.760001
v -1.490000 4.090000 0.760001
v -1.460000 4.760000 0.760001
v -1.460000 4.760000 0.000001
v -1.460000 4.800000 0.760001
v -1.500000 4.760000 0.760001
v -1.500000 4.760000 0.000001
v -1.500000 4.800000 0.760001
v -1.500000 4.800000 0.000001
v -1.460000 4.800000 0.000001
v -1.460000 3.510000 0.130001
v -1.460000 3.510000 0.000000
v -1.460000 3.550000 0.130001
v -1.500000 3.510000 0.130001
v -1.500000 3.510000 0.000000
v -1.500000 3.550000 0.130001
v -1.500000 3.550000 0.000000
v -1.460000 3.550000 0.000000
v -0.490000 3.540000 0.760001
v -0.490000 3.540000 0.000001
v -0.490000 3.500000 0.760001
v -0.450000 3.540000 0.760001
v -0.450000 3.540000 0.000001
v -0.450000 3.500000 0.760001
v -0.450000 3.500000 0.000001
v -0.490000 3.500000 0.000001
v -0.490000 4.790000 0.130001
v -0.490000 4.790000 0.000001
v -0.490000 4.750000 0.130001
v -0.450000 4.790000 0.130001
v -0.450000 4.790000 0.000001
v -0.450000 4.750000 0.130001
v -0.450000 4.750000 0.000001
v -0.490000 4.750000 0.000001
v -0.510000 4.800000 0.080001
v -0.510000 4.800000 0.760001
v 0.410000 4.800000 0.080001
v 0.410000 4.800000 0.760001
v 0.410000 4.210000 0.080001
v -0.460000 4.210000 0.080001
v 0.410000 4.210000 0.760001
v -0.460000 4.210000 0.760001
v -0.480000 4.210000 0.650001
v -0.480000 4.210000 0.760001
v 0.390000 4.210000 0.650001
v -0.480000 3.510000 0.650001
v -0.480000 3.510000 0.760001
v 0.390000 3.510000 0.650001
v 0.390000 3.510000 0.760001
v 0.390000 4.210000 0.760001
v 0.360000 3.540000 0.760001
v 0.360000 3.540000 0.000001
v 0.360000 3.500000 0.760001
v 0.400000 3.540000 0.760001
v 0.400000 3.540000 0.000001
v 0.400000 3.500000 0.760001
v 0.400000 3.500000 0.000001
v 0.360000 3.500000 0.000001
v 0.360000 4.790000 0.130001
v 0.360000 4.790000 0.000001
v 0.360000 4.750000 0.130001
v 0.400000 4.790000 0.130001
v 0.400000 4.790000 0.000001
v 0.400000 4.750000 0.130001
v 0.400000 4.750000 0.000001
v 0.360000 4.750000 0.000001
v -1.955111 4.617114 0.668048
v -1.958948 4.617114 0.712591
v -1.982271 4.629793 0.666781
v -1.971301 4.576486 0.618646
v -1.988600 4.504731 0.619364
v -2.018257 4.509079 0.620596
v -1.999676 4.586153 0.619824
v -2.021781 4.383071 0.704679
v -1.985925 4.629793 0.709194
v -2.023163 4.629792 0.849386
v -1.998057 4.617114 0.859823
v -2.058932 4.586152 0.884435
v -2.041175 4.509079 0.793386
v -1.980773 4.617114 0.812416
v -2.033769 4.576485 0.897602
v -2.049109 4.387418 0.889575
v -2.041175 4.383070 0.793386
v -2.058932 4.305997 0.884435
v -2.033769 4.315664 0.897602
v -2.023163 4.262357 0.849386
v -2.006706 4.262357 0.804246
v -1.998057 4.275035 0.859823
v -1.980773 4.275035 0.812416
v -1.982271 4.262357 0.666781
v -1.955111 4.275035 0.668048
v -1.999676 4.305997 0.619824
v -1.971301 4.315664 0.618646
v -2.012863 4.504730 0.802306
v -1.988600 4.387419 0.619364
v -2.012863 4.387418 0.802306
v -1.603312 4.292396 0.420001
v -1.603312 4.604450 0.420001
v -1.640847 4.253388 0.420001
v -1.603312 4.292396 0.500001
v -1.640847 4.253388 0.500001
v -1.892332 4.253388 0.420001
v -1.892332 4.253388 0.500001
v -1.978663 4.343104 0.500001
v -1.978663 4.343104 0.420001
v -1.892332 4.643457 0.500001
v -1.640847 4.643457 0.420001
v -1.640847 4.643457 0.500001
v -1.892332 4.643457 0.420001
v -1.603312 4.604450 0.500001
v -1.773873 4.408631 0.070001
v -1.745589 4.420347 0.150001
v -1.773873 4.408631 0.150001
v -1.802157 4.420347 0.150001
v -1.813873 4.448631 0.070001
v -1.802157 4.476915 0.150001
v -1.773873 4.488631 0.150001
v -1.802157 4.476915 0.070001
v -1.773873 4.488631 0.070001
v -1.745589 4.476915 0.070001
v -1.733873 4.448631 0.070001
v -1.745589 4.476915 0.150001
v -1.733873 4.448631 0.150001
v -1.719378 4.428631 0.419904
v -1.735070 4.428631 0.399904
v -2.002200 4.428631 0.433115
v -1.719378 4.468631 0.419904
v -1.735070 4.468631 0.399904
v -2.002200 4.468631 0.433115
v -2.019783 4.468631 0.688350
v -1.976599 4.468631 0.419904
v -1.976599 4.428631 0.419904
v -2.039783 4.468631 0.688313
v -2.019783 4.428631 0.688350
v -2.039783 4.428631 0.688313
v -2.033422 4.428631 0.449374
v -2.039763 4.428631 0.513378
v -2.033422 4.468631 0.449374
v -2.013652 4.468631 0.416718
v -2.013652 4.428631 0.416718
v -1.553435 4.242336 0.040001
v -1.567578 4.228194 0.040001
v -1.561720 4.250620 0.011716
v -1.561720 4.250620 0.068285
v -1.575862 4.236478 0.068285
v -1.595862 4.256478 0.080001
v -1.581720 4.270620 0.080001
v -1.615862 4.276478 0.068285
v -1.601720 4.290620 0.068285
v -1.615862 4.276478 0.011716
v -1.595862 4.256478 0.000001
v -1.601720 4.290620 0.011716
v -1.581720 4.270620 0.000001
v -1.575862 4.236478 0.011716
v -1.557153 4.254922 0.080001
v -1.557153 4.254922 0.120001
v -1.580164 4.231911 0.080001
v -1.738364 4.441406 0.080001
v -1.738364 4.441406 0.140001
v -1.766649 4.413122 0.080001
v -1.766649 4.413122 0.140001
v -1.580164 4.231911 0.120001
v -1.557153 4.642339 0.120001
v -1.557153 4.642339 0.080001
v -1.580165 4.665351 0.120001
v -1.738364 4.455855 0.140001
v -1.738364 4.455855 0.080001
v -1.766649 4.484139 0.140001
v -1.766649 4.484139 0.080001
v -1.580165 4.665351 0.080001
v -1.581720 4.626642 0.000001
v -1.595862 4.640784 0.000001
v -1.561720 4.646642 0.011716
v -1.601720 4.606642 0.011716
v -1.610004 4.598358 0.040001
v -1.615862 4.620784 0.011716
v -1.615862 4.620784 0.068285
v -1.601720 4.606642 0.068285
v -1.581720 4.626642 0.080001
v -1.561720 4.646642 0.068285
v -1.575862 4.660784 0.068285
v -1.567578 4.669068 0.040001
v -1.575862 4.660784 0.011716
v -1.764222 4.465347 0.150001
v -1.764222 4.465347 0.400001
v -1.754571 4.448631 0.150001
v -1.783524 4.465347 0.150001
v -1.793175 4.448631 0.150001
v -1.783524 4.465347 0.400001
v -1.793175 4.448631 0.400001
v -1.783524 4.431915 0.400001
v -1.764222 4.431915 0.400001
v -1.783524 4.431915 0.150001
v -1.764222 4.431915 0.150001
v -1.754571 4.448631 0.400001
v -1.781098 4.413122 0.080001
v -1.781098 4.413122 0.140001
v -1.967582 4.231911 0.080001
v -1.809382 4.441406 0.080001
v -1.990593 4.254922 0.080001
v -1.809382 4.441406 0.140001
v -1.990593 4.254922 0.120001
v -1.967582 4.231911 0.120001
v -1.781098 4.484139 0.140001
v -1.967582 4.665351 0.120001
v -1.781098 4.484139 0.080001
v -1.809382 4.455855 0.140001
v -1.990593 4.642339 0.120001
v -1.809382 4.455855 0.080001
v -1.990593 4.642339 0.080001
v -1.967582 4.665351 0.080001
v -1.923600 4.612500 0.040001
v -1.931884 4.620784 0.011716
v -1.946026 4.606642 0.068285
v -1.931884 4.620784 0.068285
v -1.966026 4.626642 0.080001
v -1.971884 4.660784 0.068285
v -1.986026 4.646642 0.068285
v -1.980168 4.669068 0.040001
v -1.971884 4.660784 0.011716
v -1.951884 4.640784 0.000001
v -1.966026 4.626642 0.000001
v -1.986026 4.646642 0.011716
v -1.946026 4.606642 0.011716
v -1.951884 4.256478 0.000001
v -1.966026 4.270620 0.000001
v -1.931884 4.276478 0.011716
v -1.971884 4.236478 0.011716
v -1.986026 4.250620 0.011716
v -1.971884 4.236478 0.068285
v -1.986026 4.250620 0.068285
v -1.931884 4.276478 0.068285
v -1.946026 4.290620 0.068285
v -1.946026 4.290620 0.011716
v -2.016334 4.398631 0.639084
v -2.046314 4.414092 0.638011
v -2.016334 4.498631 0.639084
v -2.019194 4.398631 0.719033
v -2.049175 4.414092 0.702702
v -2.019194 4.498631 0.719033
v -2.049175 4.483171 0.702702
v -2.046314 4.483171 0.638011
vn 0.3324 0.6970 -0.6353
vn -0.7242 0.3298 -0.6056
vn -1.0000 -0.0000 -0.0000
vn -1.0000 0.0005 -0.0000
vn -1.0000 -0.0000 0.0005
vn -1.0000 -0.0005 -0.0000
vn -1.0000 -0.0000 -0.0005
vn -0.2933 0.4494 -0.8438
vn 0.9107 -0.3334 0.2441
vn 0.6717 0.3335 0.6615
vn -0.5476 -0.8164 0.1835
vn -0.0000 1.0000 -0.0000
vn -0.3536 0.9330 0.0669
vn -0.6124 0.7500 0.2499
vn -0.6945 -0.5945 0.4054
vn -0.1682 -0.9856 0.0142
vn -0.0000 -1.0000 -0.0000
vn 0.8733 0.4020 -0.2753
vn -0.6124 0.2499 0.7500
vn -0.4999 0.4999 -0.7072
vn -0.4999 -0.4999 -0.7072
vn -0.4999 -0.4999 0.7072
vn -0.4999 0.4999 0.7072
vn 0.4999 0.4999 -0.7072
vn 0.4999 0.4999 0.7072
vn 0.4999 -0.4999 0.7072
vn 0.4999 -0.4999 -0.7072
vn 1.0000 -0.0000 -0.0000
vn 0.1462 -0.8536 0.5000
vn 0.5001 -0.4998 -0.7072
vn -0.5001 -0.4998 -0.7072
vn -0.1463 -0.8535 0.5001
vn 0.9903 0.0095 0.1386
vn 0.0095 0.9903 0.1386
vn -0.4998 -0.8537 0.1461
vn 0.1179 -0.8819 0.4565
vn 0.9909 0.0906 0.0997
vn -0.7072 0.5000 0.4999
vn -0.2889 0.4373 0.8517
vn 0.6640 0.3359 0.6681
vn -0.4018 0.5980 -0.6935
vn -0.4019 0.5980 0.6935
vn 0.4018 0.5980 0.6935
vn 0.4019 0.5980 -0.6935
vn 0.4019 -0.5980 0.6935
vn 0.4018 -0.5980 -0.6935
vn -0.4019 -0.5979 -0.6935
vn -0.4018 -0.5980 0.6935
vn 0.1466 -0.8532 0.5005
vn 0.5000 -0.4998 -0.7072
vn -0.5000 -0.4998 -0.7072
vn -0.1463 -0.8536 0.5000
vn -1.0000 -0.0000 0.0003
vn -1.0000 -0.0003 -0.0000
vn -1.0000 -0.0000 -0.0003
vn 0.8535 -0.1464 -0.5002
vn 0.9552 -0.0447 -0.2926
vn 0.0029 0.9969 -0.0783
vn 0.0931 0.9068 0.4112
vn 0.1463 -0.8535 0.5001
vn 0.4998 0.5000 -0.7072
vn 0.5000 0.4999 0.7072
vn -0.5000 0.4999 -0.7072
vn -0.8535 0.1463 0.5001
vn -0.7868 0.2130 0.5792
vn -0.2135 0.7865 -0.5795
vn -0.0017 -0.9981 0.0608
vn -0.9978 -0.0021 0.0666
vn 0.5759 0.2099 0.7901
vn -0.5769 0.7892 0.2107
vn -0.0000 -0.0000 1.0000
vn -0.0003 -0.0000 1.0000
vn 1.0000 0.0003 -0.0000
vn 1.0000 -0.0003 -0.0000
vn 1.0000 -0.0000 0.0003
vn -0.9950 -0.0049 -0.1000
vn -0.8535 -0.1464 0.5001
vn -0.0929 0.9069 -0.4109
vn -0.0930 0.9068 -0.4111
vn 0.4998 0.5001 -0.7072
vn 0.4998 0.5001 0.7072
vn 0.9288 -0.0710 -0.3637
vn -0.8731 -0.4211 -0.2458
vn 0.6536 -0.7538 0.0680
vn -0.8923 -0.4272 -0.1462
vn 0.5917 0.3941 0.7033
vn 0.6293 -0.0481 0.7756
vn -0.8179 0.0067 -0.5753
vn -0.9968 -0.0373 0.0714
vn -0.6827 -0.0620 0.7280
vn -0.6374 0.1835 0.7483
vn 0.1545 0.9362 0.3156
vn 0.9947 0.0634 0.0808
vn 0.9901 -0.0677 0.1227
vn 0.6748 0.7122 0.1935
vn 0.3701 -0.5576 -0.7430
vn 0.1198 -0.5119 -0.8507
vn -0.8123 -0.4012 -0.4234
vn 0.5188 -0.2961 0.8020
vn 0.6197 0.0311 0.7842
vn -0.6734 0.0842 0.7344
vn -0.6874 -0.0953 0.7200
vn 0.9761 -0.2159 0.0235
vn 0.3987 -0.9032 -0.1590
vn 0.7985 0.2615 -0.5422
vn 0.9870 0.0004 0.1606
vn 0.7603 -0.6309 -0.1545
vn 0.5335 -0.4801 -0.6963
vn -0.8427 -0.0307 0.5374
vn -0.7069 -0.0330 -0.7065
vn -0.9554 0.2612 0.1376
vn -0.2983 -0.0845 -0.9507
vn -0.2869 0.1057 -0.9521
vn 0.5122 0.8064 -0.2955
vn 0.3664 0.9243 0.1069
vn 0.9426 0.1440 0.3012
vn 0.3949 0.9079 -0.1403
vn 0.3667 0.9242 0.1070
vn 0.3953 0.9078 -0.1402
vn -0.6894 0.4294 -0.5835
vn -0.3425 0.9351 0.0910
vn -0.1580 0.9679 -0.1952
vn -0.2866 0.1057 -0.9522
vn -0.6893 0.4294 -0.5835
vn -0.6190 0.4845 -0.6182
vn -0.8678 0.4434 0.2243
vn -0.8465 -0.4585 0.2707
vn 0.3916 -0.7533 0.5284
vn 0.5302 0.4920 0.6906
vn -0.9693 -0.1915 0.1545
vn -0.5318 0.7572 0.3791
vn -0.8658 0.4320 0.2526
vn -0.2175 0.6580 0.7209
vn 0.5301 0.4920 0.6906
vn 0.4463 -0.8728 -0.1974
vn 0.6364 0.1127 0.7631
vn -0.7303 0.0236 0.6828
vn -0.7570 -0.2563 0.6010
vn -0.6034 -0.7880 0.1223
vn -0.3014 0.0422 -0.9526
vn -0.2685 -0.7260 0.6331
vn -0.3721 -0.9070 0.1972
vn 0.7266 0.0293 0.6864
vn 0.3783 -0.9238 0.0590
vn -0.9133 -0.4040 0.0524
vn -0.7646 0.0323 -0.6436
vn -0.7233 -0.2680 -0.6363
vn -0.7267 -0.2692 0.6320
vn -0.7674 0.1965 0.6103
vn 0.2272 0.9651 -0.1304
vn -0.7086 0.6967 -0.1120
vn -0.0013 0.7662 0.6426
vn -0.4928 0.1796 -0.8514
vn 0.6547 0.5388 -0.5301
vn 0.9478 -0.2493 -0.1989
vn 0.9705 -0.0823 0.2267
vn 0.7045 0.3233 0.6318
vn 0.3044 0.7156 0.6286
vn -0.3045 -0.7156 -0.6286
vn -0.3027 -0.7114 0.6343
vn 0.4943 -0.6562 -0.5701
vn 0.7708 0.0799 -0.6320
vn 0.7708 0.0801 0.6320
vn 0.4977 -0.6617 0.5608
vn 0.3044 -0.7156 -0.6286
vn -0.3047 -0.7155 -0.6286
vn -0.7744 0.0334 -0.6318
vn -0.3044 0.7156 0.6286
vn -0.4893 0.3107 -0.8149
vn 0.5926 0.5437 0.5942
vn 0.4245 0.8890 0.1720
vn 0.0895 0.9332 0.3480
vn -0.6015 0.5357 -0.5927
vn -0.7958 0.4973 -0.3455
vn 0.9905 0.1060 -0.0874
vn 0.7894 -0.6114 -0.0555
vn 0.9553 0.2804 -0.0935
vn -0.9905 0.1259 0.0555
vn -0.4772 0.8738 0.0933
vn -0.6255 0.7753 0.0874
vn -0.7071 -0.7071 -0.0000
vn -0.0000 -0.0000 -1.0000
vn -0.9977 -0.0442 -0.0508
vn -0.8908 -0.2799 -0.3579
vn -0.6756 0.2371 -0.6981
vn -0.9923 -0.0002 -0.1237
vn -0.0000 1.0000 0.0003
vn -0.0003 1.0000 0.0004
vn -0.0000 1.0000 -0.0003
vn -0.7867 -0.0000 0.6173
vn -0.1655 -0.9776 0.1298
vn -0.7892 -0.6074 0.0905
vn -0.7631 0.0050 0.6462
vn 0.9974 -0.0668 0.0259
vn 0.0072 -1.0000 -0.0000
vn 0.9976 -0.0668 0.0154
vn 0.9487 -0.0000 0.3161
vn 0.9988 -0.0000 0.0494
vn 0.5559 0.0398 0.8303
vn 0.5170 -0.0000 0.8560
vn 0.9728 -0.1104 0.2038
vn 0.9487 -0.0000 0.3163
vn -0.4586 -0.0000 -0.8886
vn -0.7000 -0.0000 -0.7141
vn -0.0524 -0.0524 0.9973
vn -0.5509 0.4462 0.7053
vn 0.4658 0.3648 0.8062
vn 0.6439 0.5913 -0.4856
vn -0.0523 -0.0525 -0.9973
vn -0.5000 0.5000 -0.7071
vn -0.7071 0.7071 -0.0002
vn -0.5360 0.5518 -0.6390
vn 0.5879 -0.5879 -0.5556
vn -0.9066 0.4075 -0.1095
vn -0.6556 0.6556 0.3747
vn -0.6790 0.7002 0.2204
vn -0.5576 0.5576 -0.6150
vn 0.5879 -0.5879 0.5556
vn -0.3506 0.9346 -0.0605
vn -0.3355 0.7676 -0.5461
vn -0.7071 0.7071 -0.0040
vn -0.0542 0.0542 -0.9971
vn -0.7181 -0.6956 -0.0200
vn 0.6969 0.7172 -0.0000
vn -0.0032 -0.0031 1.0000
vn -0.9442 0.0067 -0.3293
vn -0.7071 0.7071 0.0044
vn -0.7173 0.6965 -0.0201
vn -0.3357 -0.7677 -0.5459
vn -0.7035 -0.7107 -0.0040
vn -0.0543 -0.0543 -0.9971
vn 0.0004 0.0068 1.0000
vn 0.0002 -0.0002 1.0000
vn -0.7036 -0.7106 0.0045
vn -0.9442 -0.0064 -0.3293
vn 0.6969 -0.7172 -0.0000
vn 0.6941 0.4538 0.5588
vn 0.6942 0.4538 0.5587
vn 0.7325 0.1914 -0.6533
vn -0.5000 -0.5000 -0.7071
vn -0.4999 -0.5000 -0.7071
vn -0.6942 -0.4538 0.5587
vn -0.8774 -0.4798 -0.0000
vn -0.6941 -0.4538 0.5588
vn -0.7071 0.7071 -0.0000
vn -0.7070 0.7072 -0.0003
vn 0.8774 0.4798 -0.0000
vn 0.7071 -0.7071 -0.0000
vn 0.7072 -0.7070 0.0003
vn 0.7073 -0.7069 0.0001
vn 0.1987 -0.1989 -0.9597
vn 0.5000 -0.8660 -0.0000
vn -0.5000 0.8660 -0.0000
vn 0.5000 0.8660 -0.0000
vn -0.5000 -0.8660 -0.0000
vn 0.7172 -0.6969 0.0006
vn 0.7171 -0.6969 -0.0000
vn 0.7172 -0.6969 0.0003
vn 0.7168 -0.6972 -0.0000
vn -0.6972 0.7168 -0.0000
vn -0.6969 0.7172 0.0005
vn -0.6971 0.7169 -0.0000
vn -0.6969 0.7171 0.0005
vn 0.7071 0.7071 0.0044
vn 0.7071 0.7071 -0.0040
vn 0.0542 0.0542 -0.9971
vn 0.7073 0.7069 -0.0040
vn 0.9442 -0.0068 -0.3293
vn 0.7033 -0.7108 0.0045
vn -0.0002 0.0002 1.0000
vn 0.0032 0.0032 1.0000
vn 0.7234 -0.6905 -0.0011
vn 0.7172 0.6969 -0.0003
vn -0.6969 -0.7172 -0.0000
vn -0.6957 -0.7181 -0.0200
vn 0.0410 -0.0678 -0.9969
vn 0.0542 -0.0542 -0.9971
vn -0.1430 -0.0960 -0.9851
vn 0.4986 -0.5774 -0.6465
vn -0.4581 -0.0328 -0.8883
vn -0.9346 0.3507 0.0603
vn -0.2437 -0.0935 -0.9653
vn -0.3694 0.4477 -0.8143
vn -0.5117 0.8455 0.1525
vn -0.4135 0.9099 0.0347
vn -0.3899 0.6872 0.6129
vn 0.6942 -0.4538 0.5587
vn 0.6272 -0.5353 0.5657
vn 0.8936 -0.0621 0.4446
vn -0.7071 -0.7071 -0.0001
vn 0.5348 -0.5430 -0.6474
vn -0.1414 0.7707 -0.6212
vn 0.8774 -0.4798 0.0001
vn 0.5725 0.5718 -0.5876
vn 0.6662 0.6775 0.3119
vn -0.0525 0.0523 0.9973
vn -0.4179 -0.4120 -0.8097
vn 0.5000 0.5000 -0.7071
vn 0.5879 0.5879 0.5556
vn -0.5879 -0.5879 0.5556
vn -0.5958 -0.5093 0.6210
vn 0.4541 -0.8908 0.0180
vn 0.9864 -0.0002 0.1646
vn -0.0358 -0.0000 0.9994
vn -0.0357 -0.0000 0.9994
vn 0.9864 0.0006 0.1646
vn 0.4541 0.8907 0.0180
vn 0.4784 -0.0000 -0.8782
vn 0.9997 -0.0003 -0.0257
vn 0.9997 0.0002 -0.0256
vt 0.558751 0.785571
vt 0.003780 0.785571
vt 0.003780 0.829650
vt 0.558751 0.829650
vt 0.003788 0.785551
vt 0.559246 0.785551
vt 0.559246 0.003722
vt 0.003787 0.003722
vt 0.506459 0.785571
vt 0.506459 0.829650
vt 0.614071 0.805049
vt 0.568338 0.805049
vt 0.568338 0.425049
vt 0.614071 0.425049
vt 0.614071 0.490049
vt 0.568338 0.490049
vt 0.568337 0.425049
vt 0.568337 0.490049
vt 0.994927 0.992113
vt 0.994927 0.673513
vt 0.620463 0.673513
vt 0.620463 0.992114
vt 0.990800 0.006113
vt 0.572618 0.006113
vt 0.572618 0.315204
vt 0.990800 0.315204
vt 0.990800 0.265204
vt 0.572618 0.265204
vt 0.984952 0.988581
vt 0.984952 0.686271
vt 0.909320 0.686271
vt 0.909321 0.988581
vt 0.952863 0.009260
vt 0.952863 0.315203
vt 0.572618 0.009260
vt 0.990800 0.315203
vt 0.784516 1.424536
vt 0.794683 1.380946
vt 0.784516 1.379552
vt 0.818733 1.518086
vt 0.860813 1.565922
vt 0.929609 1.520657
vt 0.735041 1.423194
vt 0.683398 1.342230
vt 0.651809 1.340300
vt 0.794907 1.541112
vt 0.860813 1.615496
vt 0.794906 1.617284
vt 0.784516 1.446547
vt 0.794683 1.452599
vt 0.772196 1.330567
vt 0.737283 1.332968
vt 0.735041 1.342230
vt 0.766630 1.340300
vt 0.971689 1.666131
vt 0.995515 1.643277
vt 0.929609 1.615496
vt 0.818733 1.666131
vt 0.774161 1.477250
vt 0.683398 1.464128
vt 0.766630 1.466144
vt 0.633924 1.424536
vt 0.651809 1.466144
vt 0.645588 1.476923
vt 0.623429 1.449978
vt 0.794906 1.643277
vt 0.624411 1.423779
vt 0.633924 1.446547
vt 0.633924 1.360033
vt 0.624412 1.355809
vt 0.784516 1.360033
vt 0.794785 1.355560
vt 0.647554 1.330240
vt 0.971689 1.518086
vt 0.995515 1.564163
vt 0.995515 1.541112
vt 0.953200 1.485905
vt 0.846137 1.485905
vt 0.829296 1.512351
vt 0.970316 1.512519
vt 0.993435 1.486130
vt 0.966582 1.473027
vt 0.966582 1.386745
vt 0.935802 1.357126
vt 0.955224 1.332162
vt 0.993709 1.371878
vt 0.604548 1.367945
vt 0.573614 1.376837
vt 0.573614 1.402738
vt 0.613788 1.402738
vt 0.832754 1.473027
vt 0.805305 1.484722
vt 0.832754 1.386745
vt 0.805722 1.373122
vt 0.577631 1.406604
vt 0.609771 1.406604
vt 0.613788 1.376837
vt 0.684258 1.528633
vt 0.664464 1.488633
vt 0.704052 1.488633
vt 0.704052 1.528633
vt 0.723846 1.528633
vt 0.644669 1.488633
vt 0.644669 1.528633
vt 0.743640 1.488633
vt 0.743640 1.528633
vt 0.783229 1.488633
vt 0.763434 1.488633
vt 0.763434 1.528633
vt 0.783229 1.528633
vt 0.653566 1.675429
vt 0.634268 1.667435
vt 0.653566 1.620844
vt 0.680859 1.648136
vt 0.624875 1.528633
vt 0.624875 1.488633
vt 0.672865 1.628838
vt 0.634268 1.628838
vt 0.626274 1.648136
vt 0.672865 1.667435
vt 0.565712 1.624808
vt 0.565712 1.487917
vt 0.613624 1.487917
vt 0.613624 1.624808
vt 0.772445 1.543086
vt 0.633155 1.534679
vt 0.625309 1.544679
vt 0.766720 1.551284
vt 0.613533 1.448182
vt 0.565933 1.448182
vt 0.565933 1.463331
vt 0.613533 1.463331
vt 0.613533 1.659381
vt 0.565933 1.746716
vt 0.613533 1.746716
vt 0.613533 1.627253
vt 0.565933 1.627253
vt 0.613533 1.605340
vt 0.565933 1.605340
vt 0.565712 1.475233
vt 0.613624 1.475233
vt 0.775511 1.678902
vt 0.785511 1.678884
vt 0.782331 1.559414
vt 0.352946 0.995304
vt 0.361313 0.995304
vt 0.300938 0.933477
vt 0.300938 0.987468
vt 0.327934 0.998650
vt 0.354930 0.933477
vt 0.336211 0.995304
vt 0.344578 0.995304
vt 0.327843 0.995304
vt 0.319475 0.995304
vt 0.294372 0.995304
vt 0.302740 0.995304
vt 0.354930 0.987468
vt 0.366112 0.960472
vt 0.327934 0.922294
vt 0.613428 1.543136
vt 0.565606 1.543136
vt 0.565606 1.673136
vt 0.613428 1.673136
vt 0.613744 1.542745
vt 0.613744 1.672745
vt 0.572627 1.672745
vt 0.572626 1.542745
vt 0.572626 1.672745
vt 0.613823 1.472118
vt 0.565317 1.472118
vt 0.565317 1.546642
vt 0.613823 1.546642
vt 0.289756 0.960472
vt 0.311108 0.995304
vt 0.709547 1.553889
vt 0.701169 1.553889
vt 0.701169 1.678889
vt 0.709547 1.678889
vt 0.726303 1.553889
vt 0.717925 1.553889
vt 0.717925 1.678889
vt 0.726303 1.678889
vt 0.692792 1.553889
vt 0.692792 1.678889
vt 0.743058 1.553889
vt 0.734680 1.553889
vt 0.734680 1.678889
vt 0.743058 1.678889
vt 0.638927 1.598138
vt 0.638836 1.567667
vt 0.622554 1.567906
vt 0.622824 1.614840
vt 0.631576 1.553589
vt 0.678533 1.553589
vt 0.671274 1.567667
vt 0.687449 1.567913
vt 0.671207 1.598138
vt 0.687310 1.614840
s 1
usemtl 5_Mesh4_0.5_0_0
f 670/613/835 672/614/836 673/615/837 671/616/837
f 678/614/838 679/615/839 680/616/840 681/613/841
f 670/617/835 674/618/842 675/619/843 672/620/836
f 672/621/836 675/614/843 676/615/844 673/622/845
f 670/621/846 678/614/846 679/615/847 671/622/848
f 673/622/849 680/615/850 681/614/851 672/621/851
f 677/616/852 676/615/844 675/614/843 674/613/842
f 671/619/853 673/618/845 676/617/844 677/620/852
f 671/622/853 677/615/852 674/614/842 670/621/835
f 673/619/849 671/618/848 679/617/847 680/620/850
f 682/623/854 684/624/855 689/625/856 683/626/857
f 685/623/858 686/626/859 688/625/860 687/624/861
f 682/623/854 683/626/857 686/625/859 685/624/858
f 684/623/855 687/624/861 688/625/860 689/626/856
f 693/627/862 694/626/862 696/625/863 695/628/864
f 690/627/837 692/628/865 697/625/866 691/626/837
f 694/629/846 691/626/846 690/627/846 693/630/846
f 692/627/865 695/630/864 696/629/863 697/626/866
f 704/631/862 701/632/867 700/633/868 702/634/862
f 698/635/846 700/636/868 701/637/867 699/638/846
f 704/637/851 705/638/851 703/635/851 702/636/851
f 709/639/869 711/638/851 712/637/870 710/640/871
f 706/639/872 708/640/873 713/637/874 707/638/846
f 712/641/870 713/642/874 708/643/873 710/644/871
f 706/645/872 709/646/869 710/637/871 708/647/873
f 714/623/875 715/626/876 718/625/877 717/624/878
f 717/623/878 718/626/877 720/625/879 719/624/880
f 714/623/875 716/624/881 721/625/882 715/626/876
f 716/623/881 719/624/880 720/625/879 721/626/882
f 725/627/862 726/626/862 728/625/883 727/628/884
f 722/627/837 724/628/885 729/625/886 723/626/837
f 726/629/846 723/626/846 722/627/846 725/630/846
f 724/627/885 727/630/884 728/629/883 729/626/886
f 736/625/887 734/626/888 733/623/889 735/624/837
f 731/626/890 730/623/891 732/624/892 737/625/893
f 730/623/891 731/626/890 734/625/851 733/624/851
f 732/623/892 735/624/846 736/625/846 737/626/893
f 739/626/894 738/627/861 740/628/895 745/625/896
f 740/627/895 743/630/897 744/629/898 745/626/896
f 738/627/861 739/626/894 742/629/856 741/630/885
f 741/627/885 742/626/856 744/625/898 743/628/897
f 750/634/899 748/633/837 749/632/837 752/631/900
f 747/638/851 746/635/851 748/636/851 749/637/851
f 752/635/900 753/636/846 751/637/846 750/648/899
f 759/644/837 760/641/837 761/642/901 756/643/902
f 760/637/846 758/638/846 757/639/903 759/640/904
f 754/639/851 756/640/902 761/637/901 755/638/851
f 759/637/904 757/646/903 754/645/905 756/647/906
f 769/625/907 764/624/862 762/623/908 763/626/909
f 765/623/910 766/626/911 768/625/912 767/624/913
f 762/623/851 763/626/851 766/625/911 765/624/910
f 764/623/846 767/624/913 768/625/912 769/626/846
f 772/627/914 775/630/846 776/629/846 777/626/915
f 770/627/916 772/628/914 777/625/915 771/626/860
f 770/627/916 771/626/860 774/629/851 773/630/851
f 776/625/837 774/626/837 773/627/837 775/628/837
f 791/649/917 786/650/918 779/651/919
f 803/652/920 785/653/921 783/654/922
f 805/655/923 806/656/924 804/657/925
f 801/658/926 785/653/927 794/659/928 798/660/929
f 788/661/930 791/649/931 787/662/932
f 784/663/933 783/664/934 782/665/935 781/666/936
f 789/667/937 787/668/932 790/669/938
f 795/670/939 794/659/928 790/669/940 789/667/941
f 789/671/937 793/672/942 792/673/943
f 805/655/944 788/661/930 800/674/945
f 793/672/946 796/675/947 795/676/939
f 796/675/947 797/677/948 795/676/939
f 798/660/949 797/678/950 794/659/951
f 798/679/952 797/677/953 799/680/954
f 799/680/955 796/675/956 797/677/957
f 800/674/945 799/680/955 798/679/958
f 798/679/929 800/674/959 802/681/960 801/682/926
f 784/663/933 781/666/936 778/683/961 780/684/962
f 803/685/963 801/682/926 802/681/960
f 804/657/964 802/681/965 803/685/966
f 783/664/922 806/656/967 803/685/920
f 806/656/924 803/685/968 804/657/925
f 788/661/930 787/662/932 789/671/937 792/673/943
f 791/649/917 787/662/969 786/650/918
f 803/652/920 801/658/970 785/653/921
f 805/655/923 782/665/971 806/656/924
f 795/670/939 797/678/948 794/659/928
f 781/666/972 788/661/930 805/655/944 782/665/973
f 785/653/927 783/654/934 784/686/933
f 786/687/918 787/668/969 790/669/940
f 784/686/933 780/688/962 786/687/918
f 786/687/918 790/669/940 794/659/928
f 789/671/937 795/676/974 793/672/942
f 794/659/928 785/653/927 784/686/933 786/687/918
f 781/666/972 778/683/975 779/651/976
f 779/651/976 791/649/931 788/661/930
f 788/661/930 792/673/943 793/672/942
f 793/672/942 796/675/956 799/680/955
f 800/674/945 802/681/965 804/657/964
f 793/672/942 799/680/955 800/674/945
f 781/666/972 779/651/976 788/661/930
f 800/674/945 804/657/964 805/655/944
f 788/661/930 793/672/942 800/674/945
f 783/664/922 782/665/977 806/656/967
f 786/650/978 779/651/976 778/683/975 780/684/979
f 811/689/980 821/690/981 809/691/982 808/692/983
f 810/693/984 808/692/985 812/694/986
f 814/695/987 815/696/988 816/697/989 813/698/990
f 816/699/989 820/700/991 818/701/992 810/702/984
f 809/691/982 821/690/981 819/703/993 818/704/994
f 817/705/995 815/696/996 816/697/997 820/706/998
f 813/698/990 810/693/984 812/694/986 814/695/987
f 821/690/981 811/689/980 819/703/993
f 811/689/999 819/703/1000 817/705/1001 814/695/987
f 809/707/1002 808/708/985 810/702/984
f 810/702/984 813/709/990 816/699/989
f 818/701/992 809/707/1002 810/702/984
f 808/692/983 812/694/1003 811/689/980
f 817/705/1001 815/696/988 814/695/987
f 814/695/987 812/694/986 811/689/999
f 817/705/995 820/706/998 818/704/994 819/703/993
f 825/710/1004 826/711/1005 822/712/1006 824/713/1007
f 823/714/1008 824/713/1007 822/712/1006
f 826/711/1009 829/715/1010 827/716/1010 825/710/1011
f 832/717/1012 822/712/1013 823/714/1014 834/718/1012
f 830/719/851 831/720/1015 833/721/1015 828/722/851
f 828/723/1016 827/724/1016 824/725/1007 834/726/1016
f 828/727/851 827/716/1010 829/715/1010 830/728/851
f 831/729/905 832/726/905 822/723/1006 829/730/905
f 822/723/1006 826/731/1005 829/730/905
f 829/730/905 830/725/905 831/729/905
f 827/724/1016 825/730/1004 824/725/1007
f 824/725/1007 823/729/1008 834/726/1016
f 834/726/1016 833/732/1016 828/723/1016
f 831/720/1015 832/717/1012 834/718/1012 833/721/1015
f 845/733/1017 837/734/1018 840/735/1019 841/736/1020
f 851/737/1021 836/738/1022 835/739/1023 837/740/1018
f 835/741/1024 838/742/1025 839/743/1026 836/744/1027
f 848/745/1028 844/746/1029 846/747/1030
f 847/748/1031 848/745/1031 849/749/1032
f 850/737/1033 839/738/1026 838/739/1025 840/740/851
f 851/750/1034 850/751/1033 849/749/1035 847/748/1036
f 837/734/1018 843/752/1037 842/753/1038 840/735/1019
f 837/740/1018 845/754/1017 846/755/846
f 846/755/846 847/756/846 851/737/1021
f 837/740/1018 846/755/846 851/737/1021
f 840/740/851 841/754/851 844/755/1029
f 844/755/1029 849/756/1035 850/737/1033
f 840/740/851 844/755/1029 850/737/1033
f 848/745/1028 849/749/1035 844/746/1029
f 839/743/1026 850/751/1033 851/750/1034 836/744/1027
f 854/757/857 864/758/905 862/758/1039 865/757/1040
f 861/759/1041 859/760/1042 857/761/1043 865/762/1040
f 855/763/1044 852/764/1045 856/763/1046
f 857/765/1043 859/766/1042 860/766/1047 858/765/1016
f 863/759/1015 860/760/1015 858/761/1015 854/762/1048
f 853/764/1049 852/764/1050 856/763/1051
f 856/763/1046 857/765/1043 858/765/1016 855/763/1044
f 862/767/1039 864/767/905 863/768/1052 861/768/1041
f 853/764/1053 854/757/857 865/757/1040
f 855/769/1015 852/770/1050 854/762/1048
f 854/762/1048 864/771/1015 863/759/1015
f 858/761/1015 855/769/1015 854/762/1048
f 856/769/1046 853/770/1053 865/762/1040
f 865/762/1040 862/771/1039 861/759/1041
f 857/761/1043 856/769/1046 865/762/1040
f 853/764/1049 854/757/1048 852/764/1050
f 860/766/1047 859/766/1042 861/768/1041 863/768/1052
f 867/772/1054 873/773/1055 872/774/1056 870/775/1057
f 873/776/1058 872/777/1058 871/778/1058 868/779/1058
f 867/776/1054 870/777/1057 869/780/1059 866/779/1060
f 868/773/1061 866/772/1060 869/775/1059 871/774/905
f 866/781/1060 868/782/1061 873/783/1055 867/784/1054
f 877/774/1062 874/773/1063 876/772/1064 879/775/1065
f 878/774/1066 880/775/1067 881/772/1068 875/773/1069
f 874/776/1063 877/777/1062 878/778/1066 875/779/1069
f 876/776/1070 879/777/1070 880/780/1070 881/779/1070
f 881/781/1068 876/784/1064 874/783/1063 875/782/1069
f 885/768/1071 882/767/905 883/767/905 887/768/1072
f 888/766/1073 892/763/1074 891/763/1075 889/766/1073
f 884/757/1076 892/763/1074 893/764/1077
f 882/758/905 884/757/1076 894/757/1078 883/758/905
f 891/769/1079 890/761/1080 886/785/1079 882/771/1079
f 887/768/1072 889/766/1073 886/786/1081
f 890/761/1080 889/760/1079 886/785/1079
f 886/785/1079 885/759/1079 882/771/1079
f 882/771/1079 884/762/1079 891/769/1079
f 893/764/1077 894/757/1078 884/757/1076
f 884/757/1076 891/763/1075 892/763/1074
f 892/769/1082 893/770/1082 894/762/1082
f 894/762/1082 883/771/1083 887/759/1084
f 891/763/1075 890/765/1085 889/766/1073
f 886/786/1081 885/768/1071 887/768/1072
f 887/768/1072 888/766/1073 889/766/1073
f 887/759/1084 888/760/1082 892/769/1082 894/762/1082
f 899/787/862 898/788/1086 900/789/1086 901/790/862
f 905/791/1087 904/792/1088 902/793/1088 903/794/1087
f 898/788/1086 895/795/1089 896/796/1089 900/789/1086
f 895/797/1089 897/798/837 906/799/837 896/800/1089
f 904/792/1088 899/787/862 901/790/862 902/793/1088
f 897/798/837 905/791/1087 903/794/1087 906/799/837
f 910/778/1090 911/779/1091 913/776/1092 912/777/1093
f 914/776/1094 909/779/1095 907/780/1096 908/777/1097
f 910/774/905 911/773/1098 909/772/1098 907/775/905
f 913/773/1099 912/774/1100 908/775/1100 914/772/1101
f 909/781/1098 911/782/1098 913/783/1099 914/784/1101
f 921/772/1102 922/773/1103 917/774/1104 920/775/1105
f 919/776/1106 921/779/1102 920/780/1105 918/777/1107
f 917/778/1108 915/777/1109 916/776/1110 922/779/1108
f 915/774/1109 918/775/1111 919/772/1111 916/773/1110
f 921/781/1102 919/784/1106 916/783/1082 922/782/1103
f 927/765/1112 928/763/1113 926/766/1114
f 923/786/1115 926/766/1116 925/766/1117
f 925/766/1117 926/766/1116 927/765/1044
f 935/768/1118 923/786/1119 924/768/1120
f 931/757/1121 934/757/1122 933/758/1123 932/758/905
f 930/770/1015 928/769/1124 926/760/1116 924/759/1015
f 929/763/1125 934/757/1122 931/757/1121 928/763/1113
f 925/760/1126 935/759/1118 933/771/1123 929/769/1125
f 927/765/1112 929/763/1125 928/763/1113
f 932/771/1015 931/762/1015 930/770/1015
f 926/760/1116 923/785/1115 924/759/1015
f 924/759/1015 932/771/1015 930/770/1015
f 935/768/1118 925/766/1126 923/786/1119
f 931/757/1121 930/764/1127 928/763/1113
f 933/771/1123 934/762/1122 929/769/1125
f 929/769/1125 927/761/1112 925/760/1126
f 935/768/1118 924/768/1120 932/767/905 933/767/1123
f 942/769/1128 940/762/1129 937/771/1130 944/760/1131
f 944/766/1131 943/766/1074 941/763/1132 942/763/1128
f 936/771/1079 938/759/1079 943/760/1079 941/769/1079
f 939/757/1133 940/757/1129 942/763/1128 941/763/1132
f 939/757/1133 936/758/905 937/758/1130 940/757/1129
f 936/767/905 938/768/1134 945/768/1135 937/767/1130
f 941/769/1079 939/762/1079 936/771/1079
f 937/771/1130 945/759/1135 944/760/1131
f 943/766/1074 944/766/1131 945/768/1135 938/768/1134
f 952/801/1136 953/802/1136 948/803/1136 951/804/1136
f 953/802/1137 948/805/1138 946/806/1139 947/807/1140
f 946/808/1141 947/807/1141 950/809/1141 949/810/1141
f 951/804/1142 952/801/1143 950/809/1144 949/810/1142
f 952/801/1143 953/802/1137 947/807/1140 950/809/1144
l 807 796
g 5_Mesh5_0.5_0_0_5_Mesh5_0.5_0_0
v -1.672343 0.993617 0.104000
v -1.672343 0.993617 0.064000
v -1.732545 1.489979 0.104000
v -1.732545 1.489979 0.064000
v -1.702124 0.990005 0.104000
v -1.762326 1.486367 0.104000
v -1.762326 1.486367 0.064000
v -1.702124 0.990005 0.064000
v -1.704999 1.221341 0.900000
v -1.704999 1.221341 0.104000
v -1.709815 1.261050 0.900000
v -1.724854 1.218933 0.900000
v -1.729670 1.258642 0.900000
v -1.724854 1.218933 0.104000
v -1.729670 1.258642 0.104000
v -1.709815 1.261050 0.104000
v -1.727864 1.243751 0.520000
v -2.641171 1.132980 0.520000
v -1.726660 1.233824 0.520000
v -1.727864 1.243751 0.490000
v -2.641171 1.132980 0.490000
v -2.639967 1.123052 0.520000
v -1.726660 1.233824 0.490000
v -2.639967 1.123052 0.490000
v -2.635286 0.876825 0.064000
v -2.635286 0.876825 0.104000
v -2.695488 1.373187 0.064000
v -2.605504 0.880437 0.064000
v -2.605504 0.880437 0.104000
v -2.665706 1.376799 0.064000
v -2.665706 1.376799 0.104000
v -2.695488 1.373187 0.104000
v -2.638161 1.108161 0.900000
v -2.638161 1.108162 0.104000
v -2.642977 1.147870 0.900000
v -2.658015 1.105753 0.900000
v -2.662831 1.145462 0.900000
v -2.658015 1.105753 0.104000
v -2.662831 1.145463 0.104000
v -2.642977 1.147871 0.104000
v 0.262110 5.711863 2.004254
v 0.177257 5.974285 2.004254
v 0.262110 5.711863 1.800000
v -0.108335 5.592087 2.004256
v -0.108335 5.592087 1.800002
v -0.193188 5.854507 1.800002
v -0.193188 5.854507 2.004256
v 0.177257 5.974285 1.800000
v -1.962420 3.889592 0.350001
v -1.992747 3.907102 0.000001
v -2.017928 3.834084 0.350001
v -2.035437 3.864411 0.000001
v -1.972132 3.895200 0.350001
v -2.023535 3.843796 0.350001
v -1.972132 4.035637 0.350001
v -2.000216 4.019423 0.020001
v -2.039750 4.058957 0.020001
v -2.093754 4.105855 0.350001
v -2.147758 4.058957 0.020001
v -2.163973 4.087040 0.350001
v -2.234191 3.965418 0.350001
v -2.201763 3.965418 0.020001
v -2.147758 3.871880 0.020001
v -2.163973 3.843796 0.350001
v -2.169580 3.834084 0.350001
v -2.225088 3.889592 0.350001
v -2.093754 3.813767 0.350001
v -2.093754 3.848785 0.000001
v -2.210387 3.965418 0.000001
v -2.194762 4.023735 0.000001
v -2.245405 3.965418 0.350001
v -2.225088 4.041244 0.350001
v -2.169580 4.096752 0.350001
v -2.152071 4.066426 0.000001
v -2.035437 4.066426 0.000001
v -2.093754 4.117070 0.350001
v -2.017928 4.096752 0.350001
v -1.962420 4.041244 0.350001
v -1.992747 4.023735 0.000001
v -2.039750 3.871880 0.020001
v 3.976421 3.297287 1.001521
v 3.976421 3.297287 0.900001
v 3.928475 3.568885 1.001521
v 3.964835 3.305397 0.910001
v 3.671550 3.243467 1.001521
v 3.679659 3.255054 0.910001
v 3.623603 3.515065 1.001521
v 3.671550 3.243467 0.900001
v 3.623603 3.515066 0.900001
v 3.928475 3.568885 0.900001
v 3.635190 3.506957 0.910001
v 3.920366 3.557299 0.910001
v 1.399535 5.597660 0.191142
v 1.399535 5.597660 0.030001
v 1.671629 5.642709 0.191142
v 1.351571 5.887360 0.191142
v 1.623664 5.932409 0.191142
v 1.351571 5.887360 0.030001
v 1.623664 5.932409 0.030001
v 1.671629 5.642709 0.030001
v 3.947393 3.662698 1.057873
v 3.947393 3.662698 0.900001
v 3.929567 3.937919 1.057873
v 3.936768 3.672031 0.910001
v 3.638455 3.642688 1.057873
v 3.952850 3.578450 0.983750
v 3.638455 3.642688 0.900001
v 3.620629 3.917909 0.900001
v 3.929567 3.937919 0.900001
v 3.620629 3.917909 1.057873
v 3.615172 4.002157 0.983750
v 3.631255 3.908576 0.910001
v 3.920234 3.927294 0.910001
v 3.647788 3.653313 0.910001
v 3.924110 4.022167 0.983750
v 3.643912 3.558440 0.983750
v 0.063780 5.674182 2.193387
v 0.337621 5.641382 2.193387
v 0.063780 5.674181 2.032246
v 0.098703 5.965741 2.193387
v 0.372544 5.932940 2.193387
v 0.098703 5.965741 2.032246
v 0.372544 5.932940 2.032246
v 0.337621 5.641381 2.032246
v -1.738199 1.245914 1.250439
v -1.731376 1.189658 0.502583
v -1.743002 1.285509 1.247417
v -2.631652 1.137550 1.250439
v -2.636454 1.177146 1.247417
v -2.624828 1.081294 0.502583
v -2.629631 1.120890 0.499561
v -1.736179 1.229253 0.499561
v 0.681041 5.665661 2.004255
v 0.681041 5.941459 2.004255
v 0.681041 5.665661 1.800001
v 0.291711 5.665661 2.004255
v 0.291711 5.941459 2.004255
v 0.291711 5.665661 1.800001
v 0.291711 5.941459 1.800001
v 0.681041 5.941459 1.800001
vn 0.7101 -0.2401 -0.6619
vn 0.1204 -0.9927 -0.0000
vn 0.2845 -0.0070 -0.9586
vn -0.2314 -0.4572 -0.8587
vn -0.0000 -0.0000 -1.0000
vn -0.0014 0.0108 -0.9999
vn -0.2846 0.7830 -0.5531
vn -0.1204 0.9927 -0.0000
vn -0.3201 0.7379 0.5942
vn -0.9927 -0.1205 -0.0000
vn -0.9927 -0.1204 -0.0000
vn 0.9927 0.1204 -0.0000
vn 0.1238 -0.9882 -0.0899
vn -0.2936 -0.0835 -0.9523
vn 0.4034 -0.8873 0.2234
vn 1.0000 0.0002 -0.0071
vn -0.3093 0.7516 -0.5827
vn -0.7008 0.2519 -0.6674
vn -0.0000 0.0001 -1.0000
vn 0.0846 -0.9964 -0.0005
vn -0.1205 0.9927 -0.0000
vn -0.1199 0.9928 -0.0000
vn -0.1208 0.9927 -0.0003
vn -0.0059 0.0662 -0.9978
vn 0.7132 0.4130 -0.5664
vn 0.7624 -0.4958 -0.4158
vn -0.3031 0.7595 -0.5756
vn -0.4453 0.5779 -0.6840
vn 0.5390 -0.4584 -0.7066
vn -0.1198 0.9928 -0.0000
vn -0.1898 0.9040 -0.3832
vn -0.4058 0.6285 -0.6635
vn 0.1336 -0.9757 -0.1738
vn -0.2453 -0.9669 -0.0695
vn 0.3539 -0.9153 0.1924
vn -0.9928 -0.1198 -0.0000
vn -0.9927 -0.1207 0.0001
vn 0.9853 0.1711 -0.0012
vn 0.3077 -0.9515 -0.0000
vn 0.3069 -0.9510 0.0378
vn -0.6568 -0.6935 0.2961
vn -0.3076 0.9515 0.0003
vn -0.3081 0.9514 -0.0000
vn -0.3076 0.9515 -0.0000
vn -0.3077 0.9515 0.0002
vn -0.5177 0.8212 -0.2400
vn -0.9515 -0.3077 -0.0000
vn 0.9515 0.3076 -0.0000
vn 0.9515 0.3077 0.0003
vn 0.9515 0.3077 -0.0000
vn -0.4976 0.8617 0.0995
vn -0.9902 0.0934 0.1039
vn -0.9829 0.1528 0.1028
vn -0.9410 0.3010 -0.1545
vn -0.9394 -0.3007 -0.1643
vn -0.3211 -0.8775 -0.3562
vn -0.7218 -0.6913 0.0344
vn -0.4679 0.8223 -0.3238
vn -0.3601 0.9111 0.2006
vn 0.5410 0.8396 0.0494
vn 0.7046 0.5870 -0.3988
vn -0.4794 0.8683 0.1274
vn -0.5741 -0.3330 -0.7480
vn -0.4977 0.8616 0.0996
vn -0.8097 -0.5791 0.0952
vn -0.9336 0.3504 0.0749
vn 0.5906 -0.7169 -0.3705
vn 0.5590 -0.7943 0.2380
vn 0.9689 0.1802 -0.1697
vn 0.9934 0.0799 -0.0819
vn 0.0058 -0.9332 0.3594
vn 0.2462 -0.9616 0.1214
vn -0.0104 -0.8847 0.4660
vn -0.3573 -0.9247 0.1312
vn 0.0993 0.9770 0.1889
vn 0.4454 0.8810 0.1597
vn -0.0001 0.9950 0.0995
vn -0.4975 0.8617 0.0996
vn -0.4975 0.8618 0.0995
vn 0.2774 -0.9364 -0.2148
vn 0.9950 0.0001 0.0996
vn 0.8617 0.4975 0.0996
vn 0.8618 -0.4973 0.0995
vn 0.9950 -0.0002 0.0996
vn 0.9950 -0.0002 0.0995
vn 0.8617 -0.4975 0.0996
vn 0.9950 -0.0001 0.0996
vn 0.7940 0.5836 0.1704
vn 0.8581 0.5055 0.0899
vn 0.5402 0.8049 0.2455
vn -0.8616 -0.4977 0.0995
vn -0.4977 -0.8616 0.0996
vn -0.4977 -0.8616 0.0995
vn 0.9095 -0.4097 0.0710
vn -0.0805 0.9955 -0.0499
vn -0.9941 -0.0584 0.0915
vn -0.2076 -0.9708 0.1205
vn 0.8616 -0.4977 0.0995
vn 0.4977 -0.8616 0.0996
vn 0.0693 -0.9115 -0.4055
vn -0.9848 -0.1738 -0.0000
vn -0.3206 -0.6386 0.6996
vn 0.0050 -0.0287 -0.9996
vn 0.0107 0.0152 -0.9998
vn -0.0287 -0.0051 -0.9996
vn -0.1728 0.9789 -0.1087
vn -0.1686 0.9414 -0.2922
vn -0.0291 0.7812 -0.6236
vn -0.1728 0.9789 -0.1086
vn 0.9790 0.1728 -0.1086
vn 0.1738 -0.9848 -0.0000
vn -0.8441 -0.3621 0.3954
vn 0.1728 -0.9789 -0.1086
vn -0.9789 -0.1728 -0.1086
vn 0.9848 0.1738 -0.0000
vn 0.9848 0.1739 -0.0000
vn 0.9735 0.1816 0.1389
vn -0.1277 0.9525 -0.2765
vn -0.1735 0.9848 -0.0000
vn -0.1738 0.9848 -0.0000
vn -0.1634 0.9866 -0.0000
vn -0.1633 0.9866 -0.0000
vn 0.7294 0.3474 -0.5893
vn 0.7327 0.3450 0.5867
vn -0.7478 -0.5934 0.2979
vn -0.4031 0.5911 -0.6986
vn 0.0551 0.0077 -0.9985
vn 0.9866 0.1633 -0.0000
vn 0.1633 -0.9866 -0.0000
vn -0.8791 -0.2401 -0.4117
vn -0.9866 -0.1633 -0.0000
vn -0.0646 0.9979 -0.0000
vn -0.4534 0.5257 -0.7198
vn -0.9382 0.0032 0.3461
vn -0.0427 0.6584 -0.7515
vn -0.0425 0.6587 -0.7512
vn -0.0566 0.8734 -0.4837
vn -0.0427 0.6584 -0.7514
vn -0.0194 -0.9641 0.2650
vn -0.9956 -0.0645 -0.0675
vn -0.0192 -0.0012 -0.9998
vn 0.0075 0.0089 -0.9999
vn -0.0646 0.9979 -0.0001
vn 0.7584 0.2749 -0.5910
vn 0.0948 0.9955 0.0003
vn 0.0645 -0.9956 -0.0675
vn 0.0012 -0.0191 -0.9998
vn -0.0430 0.6586 0.7513
vn -0.0426 0.6584 0.7515
vn -0.0430 0.6584 0.7514
vn -0.0427 0.6588 0.7511
vn 0.9979 0.0643 -0.0000
vn 0.9979 0.0646 0.0006
vn -0.4090 -0.5817 -0.7031
vn -0.4487 -0.5469 -0.7068
vn 0.8152 0.2948 0.4986
vn 0.9956 0.0645 -0.0675
vn 0.8075 0.1662 -0.5659
vn -0.0645 0.9956 -0.0675
vn 0.0646 -0.9979 -0.0000
vn -0.9929 0.1193 -0.0003
vn -0.9929 0.1190 -0.0000
vn -0.2959 0.6667 -0.6841
vn -0.9430 0.1579 -0.2929
vn 0.9292 0.1390 -0.3425
vn 0.3691 -0.1234 -0.9212
vn -0.0002 -0.0000 -1.0000
vn 0.9929 -0.1189 -0.0000
vn 0.2968 -0.6660 -0.6844
vn -0.1189 -0.9929 -0.0000
vn 0.1190 0.9929 -0.0000
vn -0.8666 -0.4867 0.1099
vn -0.9927 -0.1181 0.0263
vn -0.4157 0.8583 -0.3007
vn 0.0321 -0.1988 -0.9795
vn 0.0091 -0.0750 -0.9971
vn 0.9952 -0.0979 -0.0073
vn 0.5054 0.3002 0.8090
vn -0.0091 0.0750 0.9971
vn -0.1201 0.9899 -0.0755
vn -0.5978 -0.4020 0.6936
vn -1.0000 -0.0000 -0.0000
vn -0.5978 0.6935 -0.4020
vn -0.9824 0.1231 -0.1408
vn 1.0000 -0.0005 -0.0000
vn 1.0000 -0.0000 0.0005
vn 0.2118 0.7885 0.5775
vn 0.5498 0.4500 -0.7037
vn 0.7072 -0.4999 -0.4999
vn -0.0000 1.0000 -0.0000
vn -0.0000 1.0000 -0.0003
vn -0.0000 -1.0000 -0.0000
vt 0.534809 1.315976
vt 0.534809 1.285146
vt 0.565516 1.285146
vt 0.565516 1.315976
vt 0.025051 1.315981
vt 0.025051 1.285272
vt 0.524032 1.285272
vt 0.524032 1.315981
vt 0.374303 1.291539
vt 0.374303 1.316221
vt 0.124303 1.316221
vt 0.124303 1.291539
vt 0.032131 1.315615
vt 0.032131 1.285340
vt 0.525745 1.285339
vt 0.525744 1.315615
vt 0.075596 1.316054
vt 0.075596 1.285381
vt 0.473596 1.285381
vt 0.473596 1.316054
vt 0.565611 1.315927
vt 0.565611 1.285379
vt 0.527744 1.285379
vt 0.527744 1.315927
vt 0.605815 0.551086
vt 0.995977 0.551086
vt 0.995977 0.277375
vt 0.605815 0.277375
vt 0.332123 0.277397
vt 0.332123 0.003545
vt 0.605833 0.003545
vt 0.605833 0.277397
vt 0.995977 0.003422
vt 0.605815 0.003422
vt 0.925646 0.560022
vt 0.855754 0.560022
vt 0.855754 0.794798
vt 1.784493 0.794726
vt 1.784493 0.566769
vt 1.646019 0.566769
vt 1.646019 0.794726
vt 1.922966 0.566769
vt 1.922966 0.794726
vt 1.853729 0.566769
vt 0.993292 0.760900
vt 0.990498 0.762513
vt 0.990498 0.762771
vt 0.993515 0.761029
vt 0.925646 0.794798
vt 0.715969 0.560022
vt 0.646076 0.794798
vt 1.853729 0.794726
vt 1.715256 0.566769
vt 0.646076 0.560022
vt 0.625313 0.608780
vt 0.619803 0.588219
vt 0.604752 0.588219
vt 0.604752 0.614289
vt 0.998113 0.794798
vt 0.998113 0.560022
vt 0.987014 0.759287
vt 0.988756 0.762304
vt 0.988885 0.762081
vt 0.987272 0.759287
vt 0.785861 0.794798
vt 0.785861 0.560022
vt 0.715969 0.794798
vt 0.993515 0.757545
vt 0.992240 0.756270
vt 0.992111 0.756493
vt 0.993292 0.757674
vt 0.988756 0.756270
vt 0.987481 0.757545
vt 0.987481 0.761029
vt 0.992240 0.762304
vt 0.988885 0.756493
vt 0.990498 0.755803
vt 1.992203 0.566769
vt 0.597226 0.601254
vt 0.619803 0.614289
vt 0.575571 0.794798
vt 0.583371 0.003545
vt 0.583371 0.277397
vt 0.988018 0.544718
vt 0.608998 0.547902
vt 0.606757 0.286484
vt 0.990036 0.288729
vt 0.930251 0.278821
vt 0.930251 0.552532
vt 0.656399 0.552532
vt 0.656399 0.278821
vt 0.995977 0.413555
vt 0.605815 0.413555
vt 0.605815 0.277749
vt 0.995977 0.277749
vt 0.556543 0.320458
vt 0.556543 0.793192
vt 0.004257 0.783060
vt 0.565829 0.783060
vt 0.013703 0.793192
vt 0.013703 0.320458
vt 0.565829 0.320458
vt 0.004257 0.320458
vt 0.004257 0.793192
vt 0.565829 0.793192
s 1
usemtl 5_Mesh5_0.5_0_0
f 960/811/1145 957/812/1146 956/813/1147 959/814/1148
f 959/815/1148 956/816/1147 954/817/1149 958/818/1150
f 954/813/1151 958/814/1152 961/811/1152 955/812/1153
f 957/819/1154 956/820/1155 954/821/1151 955/822/1153
f 961/822/1156 960/819/1145 959/820/1148 958/821/1150
f 968/823/1157 969/824/1146 964/825/1158 966/826/1159
f 967/827/1156 968/828/1157 966/829/1159 965/830/1160
f 969/828/1155 964/829/1154 962/830/1161 963/827/1162
f 966/831/1159 964/832/1158 962/833/1149 965/834/1160
f 965/826/1152 967/823/1152 963/824/1162 962/825/1161
f 975/817/1149 971/818/1163 970/815/1164 972/816/1149
f 974/822/1146 973/819/1146 970/820/1164 971/821/1163
f 976/819/1152 972/820/1165 975/821/1166 977/822/1167
f 979/818/1168 985/815/1169 984/816/1170 982/817/1149
f 983/819/1154 984/820/1155 982/821/1171 981/822/1172
f 985/820/1169 979/821/1168 978/822/1156 980/819/1173
f 985/814/1169 980/811/1173 983/812/1146 984/813/1170
f 979/814/1152 978/811/1152 981/812/1172 982/813/1171
f 989/826/1165 991/823/1174 987/824/1175 986/825/1176
f 992/823/1177 993/824/1146 988/825/1178 990/826/1179
f 987/827/1175 993/828/1180 988/829/1181 986/830/1176
f 989/834/1182 990/831/1179 988/832/1178 986/833/1149
f 991/827/1156 992/828/1177 990/829/1179 989/830/1182
f 999/835/1183 1001/836/1184 995/837/1185 1000/838/1163
f 998/835/1186 996/836/1187 994/837/1188
f 997/838/1189 994/837/1190 998/835/1188
f 1001/839/1184 996/840/1191 994/841/1190 995/842/1185
f 997/837/1189 1000/843/1163 995/844/1185 994/838/1190
f 1000/842/1192 999/839/1193 998/840/1192 997/841/1194
f 1005/845/1195 1003/846/1196 1002/847/1197
f 1015/848/1198 1014/849/1199 1017/850/1200 1016/851/1201
f 1013/852/1202 1012/853/1203 1010/853/1204 1008/854/1205
f 1008/855/1149 1011/856/1149 1029/857/1149 1031/858/1149
f 1004/859/1206 1002/847/1207 1005/845/1208
f 1003/846/1196 1032/860/1209 1030/861/1210 1002/847/1197
f 1016/851/1201 1017/850/1200 1007/850/1211 1033/851/1212
f 1008/854/1205 1009/862/1213 1033/851/1212 1006/863/1214
f 1028/864/1215 1027/864/1216 1026/861/1217 1030/861/1218
f 1009/865/1149 1033/866/1149 1016/867/1149 1012/868/1149
f 1020/869/1219 1004/859/1206 1021/870/1220
f 1021/870/1221 1005/845/1222 1004/859/1223
f 1024/871/1149 1026/872/1224 1013/873/1149 1014/874/1149
f 1024/875/1225 1022/876/1226 1019/847/1225
f 1023/860/1227 1024/875/1228 1022/876/1229
f 1025/877/1230 1023/860/1231 1024/875/1230
f 1021/870/1220 1022/876/1232 1019/847/1233 1018/859/1234
f 1012/853/1203 1013/852/1202 1014/849/1199 1015/848/1198
f 1002/878/1207 1004/879/1206 1007/880/1149 1006/881/1149
f 1032/860/1235 1030/861/1236 1028/864/1237
f 1006/881/1149 1008/855/1149 1031/858/1149 1002/878/1207
f 1018/882/1234 1019/883/1233 1024/871/1149
f 1024/871/1149 1025/884/1238 1026/872/1224
f 1029/857/1149 1030/885/1149 1031/858/1149
f 1018/882/1234 1017/886/1149 1007/880/1149 1004/879/1206
f 1018/882/1234 1024/871/1149 1014/874/1149 1017/886/1149
f 1029/857/1149 1011/856/1149 1013/873/1149 1026/872/1224
f 1004/879/1206 1020/887/1219 1018/882/1234
f 1010/853/1204 1009/862/1213 1008/854/1205
f 1008/854/1205 1011/888/1239 1013/852/1202
f 1016/867/1149 1015/889/1149 1012/868/1149
f 1012/868/1149 1010/890/1149 1009/865/1149
f 1018/859/1234 1020/869/1219 1021/870/1220
f 1030/861/1210 1031/877/1240 1002/847/1197
f 1026/861/1217 1029/891/1241 1030/861/1218
f 1033/851/1212 1007/850/1211 1006/863/1214
f 1023/860/1242 1027/864/1243 1026/861/1224 1025/877/1238
f 1043/839/1244 1035/840/1245 1034/892/1245 1036/893/1246
f 1037/894/1247 1039/895/1248 1044/896/1249 1045/897/1149
f 1044/835/1250 1045/836/1251 1036/837/1252 1040/838/1253
f 1036/898/1252 1045/899/1251 1037/900/1254 1034/901/1254
f 1042/835/1255 1043/836/1244 1036/837/1246 1040/838/1255
f 1038/838/1256 1039/835/1248 1037/836/1247 1034/837/1257
f 1040/898/1258 1044/899/1249 1039/900/1248 1038/901/1256
f 1040/893/1259 1042/839/1260 1041/840/1261 1038/892/1262
f 1038/838/1262 1041/835/1261 1035/836/1263 1034/837/1264
f 1053/839/1265 1048/842/1266 1046/841/1267 1047/840/1268
f 1050/843/1269 1048/844/1270 1046/838/1149 1049/837/1271
f 1047/836/1268 1046/837/1267 1049/838/1272 1051/835/1272
f 1050/842/1269 1049/841/1271 1051/840/1273 1052/839/1274
f 1052/835/1274 1053/836/1275 1048/837/1270 1050/838/1269
f 1060/835/1276 1054/837/1277 1055/836/1278
f 1069/902/1279 1059/903/1280 1054/904/1281 1058/905/1282
f 1058/901/1283 1063/898/1284 1065/899/1285 1067/900/1286
f 1054/837/1287 1058/838/1288 1060/835/1289
f 1054/837/1290 1058/838/1283 1067/835/1286 1057/836/1291
f 1063/904/1292 1064/903/1293 1068/902/1294 1056/905/1295
f 1058/892/1288 1063/893/1296 1061/839/1297 1060/840/1289
f 1062/839/1298 1055/840/1278 1054/892/1277 1056/893/1299
f 1066/899/1300 1057/900/1301 1054/901/1301 1056/898/1302
f 1066/836/1300 1056/837/1302 1063/838/1303 1065/835/1303
f 1061/835/1304 1062/836/1298 1056/837/1299 1063/838/1304
f 1067/895/1286 1065/896/1285 1066/897/1149 1057/894/1291
f 1076/835/1305 1074/838/1306 1071/837/1307 1077/836/1308
f 1073/837/1309 1074/843/1310 1071/844/1149 1070/838/1311
f 1070/837/1311 1072/836/1312 1075/835/1313 1073/838/1309
f 1074/842/1310 1073/841/1309 1075/840/1313 1076/839/1314
f 1072/840/1315 1077/839/1308 1071/842/1307 1070/841/1315
f 1085/906/1316 1080/907/1155 1078/907/1317 1079/906/1318
f 1082/908/1319 1080/909/1320 1078/909/1320 1081/908/1321
f 1082/910/1319 1081/910/1321 1083/911/1156 1084/911/1156
f 1079/912/1318 1083/913/1322 1084/913/1323 1085/912/1316
f 1081/914/1324 1083/913/1322 1079/912/1318 1078/915/1317
f 1093/839/1325 1088/840/1326 1086/841/1327 1087/842/1328
f 1090/842/1329 1092/839/1330 1091/840/1331 1089/841/1332
f 1090/843/1333 1087/844/1328 1086/838/1327 1089/837/1149
f 1088/836/1334 1086/837/1335 1089/838/1332 1091/835/1331
f 1092/835/1336 1093/836/1325 1087/837/1328 1090/838/1333
g 5_Mesh6_0.5_0_0_5_Mesh6_0.5_0_0
v 3.950000 0.650000 1.000000
v 3.950000 0.649999 2.600000
v 3.950000 2.050000 1.000000
v 3.950000 2.049999 2.600000
v 4.000000 0.649999 2.600000
v 4.000000 2.049999 2.600000
v 4.000000 0.650000 1.000000
v -0.250000 5.499999 2.200001
v -0.250000 5.499999 0.000001
v -0.250000 5.999999 2.200001
v -0.950000 5.499999 2.200001
v -0.950000 5.499999 0.000001
v -1.650000 5.499999 0.000001
v -2.350000 5.499999 0.000001
v -1.650000 5.499999 2.200001
v -1.650000 5.999999 2.200001
v -2.350000 5.499999 2.200001
v -0.950000 5.999999 2.200001
v -2.350000 5.999999 2.200001
v -3.050000 5.499999 2.200001
v -3.050000 5.499999 0.000001
v -3.750000 5.499999 0.000001
v -3.750000 5.499999 2.200001
v -3.750000 5.999999 0.000001
v -3.750000 5.999999 2.200001
v -3.050000 5.999999 2.200001
v -0.250000 5.999999 0.000001
v 3.950000 2.250000 1.100001
v 3.950000 2.250000 2.300001
v 3.950000 4.150000 1.100001
v 4.000000 2.250000 1.100001
v 4.000000 2.250000 2.300000
v 4.000000 4.150000 2.300001
v 3.950000 4.150000 2.300001
v 3.999795 1.959762 0.700000
v 3.999795 1.959762 0.550000
v 3.979795 1.979762 0.700000
v 3.979795 1.939762 0.700000
v 3.979795 1.939762 0.550000
v 3.959795 1.959762 0.700000
v 3.959795 1.959762 0.550000
v 3.979795 1.979762 0.550000
v 3.999795 1.959762 0.350000
v 3.999795 1.959762 0.200000
v 3.979795 1.979762 0.350000
v 3.979795 1.939762 0.200000
v 3.979795 1.939762 0.350000
v 3.959795 1.959762 0.350000
v 3.959795 1.959762 0.200000
v 3.979795 1.979762 0.200000
v 1.220000 5.599998 1.800001
v 1.220000 5.599999 0.000001
v 1.220000 5.999999 1.800001
v 0.740000 5.599998 1.800001
v 0.740000 5.599999 0.000001
v -0.220000 5.599999 0.000001
v -0.220000 5.599998 1.800001
v -0.220000 5.999999 0.000001
v -0.220000 5.999999 1.800001
v 0.740000 5.999999 1.800001
v 1.220000 5.999999 0.000001
vn 1.0000 -0.0000 -0.0000
vn 0.1138 0.9935 -0.0000
vn 1.0000 0.0091 -0.0000
vn -0.0000 -0.0000 -1.0000
vn -0.0000 1.0000 -0.0000
vn 0.0006 1.0000 -0.0000
vn 0.0003 1.0000 0.0002
vn -1.0000 -0.0003 -0.0000
vn -1.0000 -0.0000 -0.0003
vn -0.0705 0.9975 -0.0007
vn -0.9965 0.0839 0.0006
vn 0.1463 -0.5001 -0.8535
vn 0.9986 0.0038 0.0524
vn -0.0000 1.0000 -0.0003
vn 0.9996 -0.0276 -0.0010
vn 0.1121 0.9937 -0.0000
vn -0.0003 1.0000 -0.0000
vn -0.0000 -1.0000 -0.0000
vn 0.5130 -0.3543 -0.7819
vn 0.3232 -0.6497 -0.6880
vn -0.3235 -0.6499 -0.6877
vn -1.0000 -0.0000 -0.0000
vn -0.5817 0.4106 -0.7021
vn -0.9730 0.0002 0.2308
vn 0.3232 -0.6497 -0.6881
vn 0.5818 0.4108 -0.7020
vn -0.0000 1.0000 0.0006
vn -0.0000 1.0000 0.0003
vn 0.7569 -0.3535 -0.5497
vn 0.9989 0.0021 0.0460
vn -0.0006 1.0000 -0.0000
vn -0.0000 1.0000 -0.0005
vn -0.9989 -0.0004 0.0460
vn -0.9472 0.3163 -0.0526
vt 0.318422 0.400682
vt 0.318422 0.002728
vt 0.670489 0.002722
vt 0.670489 0.400675
vt 0.670493 0.400669
vt 0.682067 0.400669
vt 0.682067 0.002715
vt 0.670493 0.002715
vt 0.683921 0.638728
vt 0.683854 0.002061
vt 0.855321 0.002061
vt 0.855133 0.638728
vt 0.689073 0.638728
vt 0.689406 0.002061
vt 0.854794 0.002061
vt 0.854832 0.638728
vt 0.997939 0.002061
vt 0.997939 0.638729
vt 0.857307 0.638728
vt 0.857307 0.002061
vt 0.684002 0.638728
vt 0.684007 0.002061
vt 0.849728 0.002061
vt 0.849728 0.638728
vt 0.176162 0.639906
vt 0.306635 0.639906
vt 0.306635 0.517668
vt 0.176142 0.517668
vt 0.176215 0.639906
vt 0.312135 0.639906
vt 0.311991 0.517676
vt 0.176274 0.517676
vt 0.181766 0.517668
vt 0.181710 0.639906
vt 0.312204 0.639906
vt 0.312065 0.517668
vt 0.670109 0.642447
vt 0.681683 0.642447
vt 0.681683 0.402746
vt 0.670109 0.402746
vt 0.670106 0.642454
vt 0.670106 0.402753
vt 0.318483 0.642454
vt 0.318483 0.402753
vt 0.495125 0.808337
vt 0.495125 0.808924
vt 0.522424 0.808924
vt 0.522424 0.808337
vt 0.495125 0.802877
vt 0.522424 0.802877
vt 0.514087 0.807706
vt 0.515491 0.809110
vt 0.516895 0.807706
vt 0.515491 0.806302
vt 0.161140 0.509900
vt 0.170009 0.509900
vt 0.170009 0.002082
vt 0.161140 0.002082
vt 0.311818 0.509900
vt 0.311818 0.002082
vt 0.170009 0.640528
vt 0.002101 0.509900
vt 0.002101 0.002082
vt 0.002101 0.640528
s 1
usemtl 5_Mesh6_0.5_0_0
f 1097/916/1337 1096/917/1337 1094/918/1338 1095/919/1339
f 1097/920/1340 1099/921/1340 1098/922/1340 1095/923/1340
f 1095/919/1339 1094/918/1338 1100/922/1341 1098/921/1341
f 1108/924/1341 1106/925/1341 1105/926/1341 1104/927/1341
f 1116/928/1342 1115/929/1343 1114/930/1341 1113/931/1341
f 1120/932/1344 1103/933/1345 1101/934/1346 1102/935/1347
f 1118/933/1348 1116/934/1349 1115/935/1337 1117/932/1337
f 1104/936/1341 1105/937/1341 1102/938/1347 1101/939/1346
f 1110/927/1341 1113/924/1341 1114/925/1341 1107/926/1341
f 1111/940/1340 1103/941/1340 1101/942/1340 1104/943/1340
f 1107/925/1341 1106/926/1341 1108/927/1341 1110/924/1341
f 1119/944/1340 1112/945/1340 1110/946/1340 1113/947/1340
f 1109/944/1340 1111/945/1340 1104/946/1340 1108/947/1340
f 1116/948/1349 1118/949/1348 1119/950/1340 1113/951/1340
f 1112/944/1340 1109/945/1340 1108/946/1340 1110/947/1340
f 1127/952/1340 1126/953/1340 1125/954/1340 1122/955/1340
f 1125/953/1350 1122/956/1351 1121/957/1352 1124/954/1353
f 1127/958/1337 1123/959/1337 1121/957/1352 1122/956/1351
f 1134/960/1337 1135/961/1354 1130/962/1355 1133/963/1356
f 1128/963/1357 1129/960/1358 1132/964/1341 1131/965/1359
f 1132/964/1341 1134/960/1337 1133/963/1356 1131/965/1359
f 1135/961/1354 1129/960/1358 1128/963/1357 1130/962/1355
f 1133/966/1356 1130/967/1355 1128/968/1357 1131/969/1359
f 1138/962/1355 1143/961/1354 1137/960/1358 1136/963/1360
f 1141/966/1361 1138/967/1355 1136/968/1360 1140/969/1362
f 1139/964/1341 1142/960/1337 1141/963/1361 1140/965/1362
f 1142/960/1337 1143/961/1354 1138/962/1355 1141/963/1361
f 1136/963/1360 1137/960/1358 1139/964/1341 1140/965/1362
f 1147/970/1341 1150/971/1342 1149/972/1363 1148/973/1364
f 1152/974/1365 1150/971/1366 1149/972/1337 1151/975/1337
f 1152/976/1365 1153/976/1340 1147/970/1340 1150/971/1366
f 1147/977/1341 1148/978/1364 1145/972/1367 1144/971/1368
f 1146/974/1369 1154/975/1358 1145/972/1358 1144/971/1370
f 1153/979/1340 1146/976/1369 1144/971/1370 1147/977/1340
g 5_Mesh7_0.5_0_0_5_Mesh7_0.5_0_0
v 3.100000 2.400000 0.800000
v 3.100000 1.650000 0.800000
v 3.100000 1.650000 0.700000
v -6.000000 1.650000 0.700000
v -6.000000 1.650000 0.800000
v -6.000000 2.400000 0.800000
v 3.000000 1.700000 0.700000
v 3.000000 1.700000 0.000000
v -6.000000 1.700000 0.700000
v -6.000000 1.700000 0.000000
vn -0.0005 1.0000 -0.0000
vn -0.0002 1.0000 -0.0002
vn 0.0005 1.0000 -0.0000
vn 0.0002 1.0000 0.0002
vn -0.0000 -0.0000 -1.0000
vn -0.0000 1.0000 -0.0000
vn 0.0003 1.0000 -0.0000
vt 0.431250 -0.149527
vt 0.431250 -0.200000
vt 0.000000 -0.148869
vt 0.000000 -0.199966
vt 0.000000 -0.204000
vt 0.000000 -0.000241
vt 0.431250 0.000000
vt 0.000000 -0.354281
vt 0.537099 -0.354281
vt 0.537099 -0.204281
vt 0.000000 -0.204281
s 1
usemtl 5_Mesh7_0.5_0_0
f 1157/980/1371 1156/981/1372 1159/982/1373 1158/983/1374
f 1159/984/1375 1160/985/1375 1155/986/1375 1156/981/1375
f 1164/987/1376 1162/988/1376 1161/989/1376 1163/990/1377
g 5_Mesh8_0.5_0_0_5_Mesh8_0.5_0_0
v 3.950000 7.500000 0.900001
v 3.950000 7.500000 2.500001
v 3.950000 10.500000 0.900002
v 3.950000 10.500000 2.500002
v 4.000000 7.500000 2.500001
v 4.000000 10.500000 2.500002
v 4.000000 7.500000 0.900001
v -0.610753 1.690000 0.604768
v -0.610753 1.690000 0.263930
v -0.314048 1.690000 0.604768
v -0.314048 1.690000 0.263930
v 0.661198 1.689999 0.664309
v 0.003605 1.689999 0.664309
v 0.661197 1.690000 0.145726
v 0.003605 1.690000 0.145726
v 0.699804 1.690000 0.677110
v 0.699804 1.690000 0.068750
v 1.194145 1.690000 0.677110
v 1.194145 1.690000 0.068750
v -1.194394 1.690000 0.677110
v -1.194394 1.690000 0.094797
v -0.735177 1.690000 0.677110
v -0.735177 1.690000 0.094797
v 2.406857 1.690000 0.602915
v 1.690727 1.690000 0.602915
v 2.406857 1.690000 0.110304
v 1.690727 1.690000 0.110304
v 2.052531 5.970000 2.260872
v 1.394938 5.970000 2.260873
v 2.052531 5.970001 1.339326
v 1.394938 5.970001 1.339326
vn -0.0000 1.0000 -0.0000
vn 0.9994 -0.0356 -0.0003
vn 0.1138 0.9935 -0.0003
vn -0.0000 -0.0000 -1.0000
vn 1.0000 -0.0000 -0.0000
vn -0.0000 1.0000 0.0003
vn -0.0003 1.0000 -0.0000
vn -0.0000 1.0000 -0.0003
vn 0.0005 1.0000 -0.0000
vn 0.0002 1.0000 0.0003
vn -0.0000 1.0000 0.0005
vt 0.662744 0.990607
vt 0.650415 0.990607
vt 0.650415 0.661905
vt 0.662744 0.661905
vt 0.002009 0.990569
vt 0.002009 0.998911
vt 0.650433 0.998911
vt 0.002009 0.661905
vt 0.268478 0.445752
vt 0.443221 0.445752
vt 0.443222 0.658365
vt 0.268478 0.658365
vt 0.667091 0.998563
vt 0.667090 0.732376
vt 0.998347 0.732376
vt 0.998347 0.998563
vt 0.447276 0.326632
vt 0.720376 0.326632
vt 0.720376 0.658172
vt 0.447276 0.658172
vt 0.002053 0.332721
vt 0.263491 0.332721
vt 0.263491 0.658173
vt 0.002053 0.658173
vt 0.530456 0.322371
vt 0.530456 0.002159
vt 0.997859 0.002159
vt 0.997859 0.322371
vt 0.002139 0.326594
vt 0.002139 0.006371
vt 0.262733 0.006371
vt 0.262733 0.326594
s 1
usemtl 5_Mesh8_0.5_0_0
f 1169/991/1378 1166/992/1379 1165/993/1380 1171/994/1378
f 1168/995/1381 1170/996/1381 1169/997/1381 1166/992/1381
f 1168/995/1382 1167/998/1382 1165/993/1380 1166/992/1379
f 1173/999/1383 1175/1000/1384 1174/1001/1385 1172/1002/1386
f 1177/1003/1378 1179/1004/1387 1178/1005/1378 1176/1006/1378
f 1181/1007/1383 1183/1008/1383 1182/1009/1378 1180/1010/1378
f 1185/1011/1388 1187/1012/1384 1186/1013/1383 1184/1014/1378
f 1189/1015/1378 1191/1016/1378 1190/1017/1378 1188/1018/1378
f 1193/1019/1378 1195/1020/1387 1194/1021/1378 1192/1022/1378
g 5_Mesh9_0.5_0_0_5_Mesh9_0.5_0_0
v 0.450000 3.449999 0.800001
v 0.450000 4.849999 0.800001
v -0.550000 3.449999 0.800000
v -0.550000 4.849999 0.800001
v 2.028992 5.811586 1.205001
v 2.028992 5.811586 1.195001
v 1.962526 5.918550 1.205001
v 1.865040 5.709707 1.205001
v 1.798573 5.816671 1.205001
v 1.865039 5.709707 1.195001
v 1.798573 5.816670 1.195001
v 1.962525 5.918550 1.195001
v 1.968551 5.898506 1.285664
v 1.971315 5.894058 1.294183
v 2.014300 5.824883 1.232387
v 1.813876 5.802391 1.285664
v 2.017173 5.820259 1.209814
v 2.018798 5.817645 1.238887
v 2.022153 5.812245 1.211116
v 1.982304 5.798592 1.209814
v 1.963671 5.828577 1.250740
v 1.987284 5.790576 1.211115
v 1.983928 5.795978 1.238887
v 1.966435 5.824130 1.259260
v 1.881498 5.771350 1.259260
v 1.878734 5.775797 1.250740
v 1.897367 5.745812 1.209814
v 1.862498 5.724144 1.209814
v 1.859624 5.728768 1.232387
v 1.902347 5.737798 1.211116
v 1.867478 5.716130 1.211115
v 1.864122 5.721530 1.238887
v 1.898991 5.743198 1.238888
v 1.816639 5.797943 1.294183
v 1.550000 3.750000 0.800001
v 2.950000 3.750000 0.800001
v 1.550000 4.750000 0.800001
v 2.950000 4.750000 0.800001
v -0.653649 4.730519 0.800001
v -0.668006 4.729409 0.886401
v -0.632670 4.459184 0.800001
v -1.026935 4.701658 0.800001
v -1.026935 4.701658 0.828801
v -1.005956 4.430323 0.800001
v -1.005956 4.430323 0.828801
v -0.647027 4.458074 0.886401
v -0.696503 4.717328 0.877384
v -0.706160 4.710563 0.904913
v -0.689854 4.631335 0.877385
v -1.008628 4.693195 0.826657
v -1.006475 4.687344 0.856105
v -1.001979 4.607203 0.826657
v -1.000751 4.613315 0.856105
v -0.700436 4.636535 0.904913
v -1.007679 4.658274 0.828583
v -1.006568 4.643903 0.828583
vn -0.0000 -0.0000 -1.0000
vn 0.8469 0.5284 -0.0585
vn 0.8493 0.5278 -0.0000
vn 0.8495 0.5275 0.0003
vn 0.1454 0.6920 -0.7070
vn -0.0001 0.0001 -1.0000
vn 0.5278 -0.8494 -0.0000
vn -0.1549 -0.6898 -0.7072
vn 0.0387 -0.0096 -0.9992
vn -0.5273 0.8497 -0.0000
vn -0.5277 0.8494 -0.0006
vn -0.8494 -0.5278 -0.0000
vn 0.0329 -0.0567 -0.9978
vn -0.8493 -0.5278 -0.0000
vn -0.8493 -0.5279 -0.0000
vn 0.4686 -0.7523 -0.4630
vn 0.0858 0.2854 0.9546
vn 0.1778 -0.5350 0.8259
vn 0.3018 -0.4792 0.8242
vn -0.3474 0.5711 -0.7437
vn -0.3911 0.4387 -0.8090
vn -0.2658 0.4694 -0.8420
vn -0.4256 0.4092 -0.8071
vn 0.4811 0.8319 0.2765
vn 0.8494 0.5278 -0.0000
vn 0.7142 0.0163 0.6998
vn 0.8494 0.5278 0.0001
vn 0.5130 -0.8256 0.2349
vn 0.5385 -0.8092 0.2351
vn -0.4497 0.7236 0.5236
vn -0.8939 -0.4446 0.0578
vn 0.8493 0.5279 -0.0000
vn 0.4497 -0.7236 -0.5236
vn -0.4575 0.5959 -0.6600
vn -0.4459 0.6230 -0.6426
vn -0.4763 0.5452 -0.6898
vn -0.2181 0.7578 -0.6150
vn -0.4459 0.6230 -0.6427
vn 0.4227 -0.5923 0.6859
vn -0.6057 -0.6962 0.3854
vn 0.3477 -0.4613 0.8163
vn 0.3476 -0.4613 0.8163
vn -0.4289 0.6902 -0.5829
vn -0.5145 0.8280 -0.2232
vn -0.9846 -0.0742 -0.1580
vn -0.0771 0.9970 -0.0000
vn -0.1299 0.9915 -0.0089
vn -0.9835 -0.0757 -0.1644
vn -0.9834 -0.0759 -0.1650
vn 0.5170 -0.4832 -0.7066
vn 0.0771 -0.9970 -0.0000
vn 0.1577 0.0103 -0.9874
vn 0.7040 0.3442 -0.6212
vn 0.9970 0.0771 -0.0000
vn 0.1544 0.0855 -0.9843
vn 0.1575 0.0122 -0.9874
vn -0.9355 -0.0723 -0.3459
vn -0.0456 0.9778 -0.2043
vn -0.9350 -0.1007 -0.3399
vn -0.0429 0.9786 -0.2014
vn -0.0432 0.9785 -0.2015
vn 0.1624 0.0685 -0.9843
vn 0.1124 -0.9730 -0.2016
vn 0.1080 -0.9735 -0.2013
vn 0.1630 -0.0321 -0.9861
vn 0.9954 0.0770 -0.0575
vn 0.2051 0.0159 -0.9786
vn 0.1595 0.0123 -0.9871
vt 0.003788 0.785551
vt 0.498158 0.785551
vt 0.498158 0.003722
vt 0.003787 0.003722
vt 0.224315 0.755398
vt 0.205762 0.755398
vt 0.205762 0.736846
vt 0.224315 0.736846
vt 0.704938 0.864196
vt 0.704938 0.877558
vt 0.698256 0.864196
vt 0.691575 0.864196
vt 0.698256 0.877558
vt 0.691575 0.877558
vt 0.701306 0.874218
vt 0.695207 0.874218
vt 0.695207 0.877558
vt 0.701306 0.877558
vt 0.695207 0.864196
vt 0.701306 0.864196
vt 0.704938 0.870877
vt 0.691575 0.870877
vt 0.695207 0.870877
vt 0.701306 0.870877
vt 0.501891 0.003722
vt 0.501891 0.785551
vt 0.997682 0.785551
vt 0.997682 0.003722
vt 0.511580 0.831745
vt 0.299950 0.831745
vt 0.299360 0.815291
vt 0.512048 0.792974
vt 0.556593 0.831745
vt 0.556593 0.998278
vt 0.511520 0.998222
vt 0.511640 0.831745
vt 0.299940 0.831745
vt 0.283506 0.831745
vt 0.283506 0.998068
vt 0.299960 0.998117
vt 0.019071 0.933491
vt 0.019071 0.886248
vt 0.004489 0.886248
vt 0.004489 0.933491
vt 0.019119 0.886238
vt 0.019007 0.869133
vt 0.199545 0.869243
vt 0.199607 0.886234
vt 0.019169 0.886234
vt 0.199596 0.886234
vt 0.004529 0.886248
vt 0.004529 0.933490
vt 0.019094 0.933426
vt 0.199618 0.933362
s 1
usemtl 5_Mesh9_0.5_0_0
f 1199/1023/1389 1197/1024/1389 1196/1025/1389 1198/1026/1389
f 1203/1027/1390 1204/1028/1391 1206/1029/1392 1205/1030/1393
f 1204/1027/1394 1206/1030/1395 1207/1029/1396 1202/1028/1397
f 1203/1028/1390 1205/1029/1393 1201/1030/1398 1200/1027/1399
f 1207/1030/1396 1201/1029/1400 1200/1028/1401 1202/1027/1397
f 1204/1028/1394 1202/1027/1397 1200/1030/1401 1203/1029/1389
f 1208/1031/1402 1209/1032/1400 1210/1033/1402
f 1212/1034/1400 1213/1035/1400 1209/1032/1400
f 1213/1035/1400 1214/1036/1400 1212/1034/1403
f 1211/1032/1404 1221/1037/1405 1216/1038/1406 1208/1039/1407
f 1229/1036/1408 1220/1038/1409 1219/1037/1410 1209/1040/1411
f 1227/1035/1412 1229/1036/1408 1211/1034/1413 1224/1033/1414
f 1215/1041/1413 1217/1042/1415 1219/1037/1413 1216/1038/1413
f 1224/1043/1414 1222/1042/1416 1223/1031/1417
f 1219/1037/1418 1216/1038/1406 1221/1037/1405 1220/1038/1419
f 1226/1032/1420 1227/1035/1412 1224/1033/1414 1223/1031/1417
f 1229/1040/1421 1211/1042/1404 1208/1041/1407 1209/1039/1421
f 1229/1036/1408 1227/1044/1412 1228/1045/1422
f 1229/1036/1408 1228/1045/1422 1220/1038/1409
f 1217/1042/1423 1214/1031/1424 1209/1040/1411
f 1219/1037/1410 1218/1046/1425 1217/1042/1426
f 1219/1037/1410 1217/1042/1423 1209/1040/1411
f 1211/1032/1404 1224/1043/1427 1222/1042/1428
f 1211/1032/1404 1222/1042/1428 1221/1037/1405
f 1215/1041/1429 1212/1034/1430 1208/1039/1407
f 1216/1038/1406 1215/1041/1429 1208/1039/1407
f 1220/1038/1419 1221/1037/1405 1222/1042/1428 1225/1041/1400
f 1228/1045/1431 1225/1041/1432 1226/1034/1432 1227/1044/1431
f 1232/1047/1389 1233/1048/1389 1231/1049/1389 1230/1050/1389
f 1241/1051/1433 1240/1052/1434 1239/1053/1434 1236/1054/1435
f 1241/1051/1433 1236/1055/1435 1234/1056/1436 1235/1057/1437
f 1237/1053/1438 1234/1054/1439 1235/1058/1440 1238/1059/1441
f 1239/1060/1442 1237/1061/1438 1238/1062/1441 1240/1052/1443
f 1238/1062/1441 1235/1057/1440 1241/1051/1444 1240/1052/1443
f 1243/1063/1445 1249/1064/1446 1244/1065/1447 1242/1066/1445
f 1248/1067/1448 1247/1068/1449 1244/1069/1447 1249/1070/1446
f 1246/1071/1450 1245/1068/1451 1242/1069/1452 1243/1072/1453
f 1247/1073/1454 1245/1074/1451 1246/1075/1450 1248/1067/1455
f 1246/1075/1450 1243/1076/1453 1249/1070/1456 1248/1067/1455
g 5_Untitled.057_0.5_0_0_root_root_5_Untitled.057_0.5_0_0_root_root
v -5.500000 3.492188 0.000001
v -4.000000 3.492188 0.000001
v -4.000000 4.455078 0.000001
v -2.500000 3.492188 0.000001
v -2.500000 4.455078 0.000001
v -1.000000 4.455078 0.000001
v -1.000000 3.492188 0.000001
v -1.000000 2.558594 0.000000
v -2.500000 2.558594 0.000000
v -4.000000 2.558594 0.000000
v -5.500000 2.558594 0.000000
v -7.000000 2.558594 0.000000
v -7.000000 3.492188 0.000001
v -7.000000 4.455078 0.000001
v -5.500000 4.455078 0.000001
v -5.500000 5.453125 0.000001
v -7.000000 5.453125 0.000001
v -7.000000 6.492188 0.000001
v -5.500000 6.492188 0.000001
v -4.000000 6.492188 0.000001
v -1.000000 11.000000 0.000002
v -7.000000 16.000000 0.000003
v 5.000000 16.000000 0.000003
v 5.000000 11.000000 0.000002
v 3.500000 5.453125 0.000001
v 3.500000 6.492188 0.000001
v 2.000000 6.492188 0.000001
v 3.500000 7.578125 0.000001
v 2.000000 7.578125 0.000001
v 2.000000 8.687500 0.000001
v 0.500000 7.578125 0.000001
v -1.000000 8.687500 0.000001
v -1.000000 6.492188 0.000001
v 0.500000 6.492188 0.000001
v -5.500000 -1.875000 -0.000000
v -4.000000 -2.750000 -0.000000
v -4.000000 -1.875000 -0.000000
v -2.500000 -1.875000 -0.000000
v -1.000000 -2.750000 -0.000000
v -1.000000 -1.875000 -0.000000
v 0.500000 -1.875000 -0.000000
v -1.000000 -1.000000 -0.000000
v -2.500000 -1.000000 -0.000000
v -4.000000 -1.000000 -0.000000
v -5.500000 -1.000000 -0.000000
v -7.000000 -1.000000 -0.000000
v -7.000000 -1.875000 -0.000000
v -7.000000 -2.750000 -0.000000
v -7.000000 -4.500000 -0.000001
v -1.000000 -4.500000 -0.000001
v 2.000000 -2.750000 -0.000000
v 2.000000 -1.875000 -0.000000
v 3.500000 -1.875000 -0.000000
v 2.000000 -1.000000 -0.000000
v 0.500000 -1.000000 -0.000000
v 0.500000 -0.125000 -0.000000
v 2.000000 -0.125000 -0.000000
v 3.500000 -0.125000 -0.000000
v 2.000000 0.755859 0.000000
v 3.500000 0.755859 0.000000
v 5.000000 0.755859 0.000000
v 3.500000 1.648438 0.000000
v 5.000000 1.648438 0.000000
v 5.000000 2.558594 0.000000
v 3.500000 2.558594 0.000000
v -2.500000 6.492188 0.000001
v -2.500000 5.453125 0.000001
v -4.000000 5.453125 0.000001
v -1.000000 5.453125 0.000001
v 0.500000 5.453125 0.000001
v 0.500000 4.455078 0.000001
v 2.000000 4.455078 0.000001
v 2.000000 5.453125 0.000001
v -1.000000 0.755859 0.000000
v -2.500000 1.648438 0.000000
v -2.500000 0.755859 0.000000
v -4.000000 0.755859 0.000000
v -4.000000 1.648438 0.000000
v -5.500000 1.648438 0.000000
v -5.500000 0.755859 0.000000
v -7.000000 0.755859 0.000000
v -7.000000 1.648438 0.000000
v -1.000000 1.648438 0.000000
v 0.500000 1.648438 0.000000
v 0.500000 0.755859 0.000000
v 2.000000 1.648438 0.000000
v -1.000000 -0.125000 -0.000000
v -2.500000 -0.125000 -0.000000
v -4.000000 -0.125000 -0.000000
v -5.500000 -0.125000 -0.000000
v -7.000000 -0.125000 -0.000000
v 0.500000 2.558594 0.000000
v 2.000000 2.558594 0.000000
v 0.500000 3.492188 0.000001
v 2.000000 3.492188 0.000001
v 5.000000 -0.125000 -0.000000
v 5.000000 -1.000000 -0.000000
v 3.500000 -1.000000 -0.000000
v 5.000000 -1.875000 -0.000000
v 5.000000 -2.750000 -0.000000
v 5.000000 -4.500000 -0.000001
v 5.000000 -8.000000 -0.000001
v -7.000000 -8.000000 -0.000001
v 3.500000 3.492188 0.000001
v 5.000000 3.492188 0.000001
v 5.000000 4.455078 0.000001
v 3.500000 4.455078 0.000001
v 5.000000 5.453125 0.000001
v 5.000000 6.492188 0.000001
v 5.000000 7.578125 0.000001
v 5.000000 8.687500 0.000001
vn -0.0000 -0.0000 -1.0000
vn -0.0001 0.0003 -1.0000
vn 0.0002 -0.0003 -1.0000
vn -0.0000 -0.0003 -1.0000
vn 0.0003 -0.0001 -1.0000
vn -0.0002 0.0003 -1.0000
vn 0.0003 -0.0000 -1.0000
vn -0.0003 -0.0000 -1.0000
vt 3.500000 0.955078
vt 3.500000 1.953124
vt 2.000000 1.953125
vt 2.000000 0.955078
vt 5.000001 4.078124
vt 3.500001 4.078124
vt 3.500000 2.992187
vt 5.000001 2.992187
vt 0.500002 7.500000
vt 3.500001 5.187499
vt 6.500002 7.499998
vt 6.500003 12.499998
vt -2.500000 0.955079
vt -1.000000 0.955079
vt -1.000000 1.953125
vt -2.500000 1.953126
vt 6.500000 -0.941407
vt 6.500000 -0.007814
vt 5.000000 -0.007813
vt 5.000000 -0.941407
vt -4.000000 1.953126
vt -4.000000 2.992188
vt -5.500000 2.992189
vt -5.500000 1.953126
vt 6.500000 0.955077
vt 6.500001 1.953124
vt 5.000000 1.953124
vt 5.000000 0.955077
vt 2.000001 4.078125
vt 2.000001 2.992187
vt 3.500000 -2.744141
vt 5.000000 -2.744141
vt 5.000000 -1.851563
vt 3.500000 -1.851563
vt -4.000000 -1.851561
vt -4.000000 -2.744139
vt -2.500000 -2.744140
vt -2.500000 -1.851562
vt 4.999999 -3.625000
vt 4.999999 -4.500000
vt 6.499999 -4.500001
vt 6.499999 -3.625001
vt -5.499997 12.500001
vt 6.500001 5.187498
vt 6.500000 -1.851563
vt 0.500000 0.955078
vt 0.500000 1.953125
vt -2.500001 -6.249999
vt 0.499998 -7.999999
vt 0.499999 -6.249999
vt -1.000001 -5.374999
vt 0.500001 2.992188
vt -1.000000 -0.007812
vt -2.500000 -0.007812
vt -2.500000 -0.941405
vt -1.000000 -0.941406
vt -4.000001 -5.374999
vt -2.500001 -5.374999
vt 3.499999 -6.250000
vt 1.999999 -5.375000
vt 0.499999 -5.374999
vt -1.000001 -3.624999
vt -1.000001 -4.499999
vt 0.499999 -4.500000
vt 0.499999 -3.625000
vt 4.999999 -5.375000
vt 3.499999 -4.500000
vt 3.499999 -5.375000
vt 6.500001 2.992186
vt 6.500001 4.078123
vt -4.000000 0.955079
vt -5.500001 -5.374998
vt -5.500001 -6.249998
vt 6.499998 -8.000001
vt 6.499999 -6.250001
vt 6.499997 -11.500001
vt -2.500001 -4.500000
vt -4.000000 -0.941405
vt -5.500000 -0.941405
vt -5.500000 -1.851561
vt 2.000000 -1.851562
vt 2.000000 -2.744141
vt 3.500000 -0.941407
vt 0.500000 -2.744140
vt -1.000000 -2.744140
vt 0.500000 -1.851562
vt -1.000000 -1.851562
vt -5.500000 -2.744139
vt 1.999999 -3.625000
vt 3.499999 -3.625000
vt 2.000000 -0.941406
vt -4.000000 -0.007811
vt -5.500000 -0.007811
vt -2.500001 -3.624999
vt 1.999999 -4.500000
vt -0.999999 2.992188
vt -5.500000 0.955080
vt 6.500000 -2.744142
vt 0.500000 -0.007812
vt -5.500001 -4.499998
vt -4.000001 -4.499999
vt 0.500000 -0.941406
vt -2.500000 2.992188
vt -4.000000 -3.624999
vt -5.500001 -3.624998
vt 6.499999 -5.375001
vt 3.500000 -0.007813
vt 2.000000 -0.007813
vt -5.500002 -7.999998
vt -5.500003 -11.499998
vt 0.500001 5.187500
s 1
usemtl 5_Untitled.057_0.5_0_0_root_root
f 1323/1077/1457 1324/1078/1457 1321/1079/1457 1322/1080/1457
f 1279/1081/1457 1280/1082/1457 1278/1083/1458 1277/1084/1457
f 1272/1085/1457 1281/1086/1459 1275/1087/1457 1274/1088/1460
f 1254/1089/1457 1256/1090/1457 1318/1091/1457 1319/1092/1457
f 1315/1093/1457 1356/1094/1457 1355/1095/1457 1316/1096/1457
f 1267/1097/1457 1270/1098/1457 1269/1099/1457 1268/1100/1457
f 1357/1101/1457 1359/1102/1457 1276/1103/1457 1358/1104/1457
f 1278/1083/1458 1280/1082/1457 1282/1105/1457 1285/1106/1457
f 1310/1107/1457 1311/1108/1457 1313/1109/1457 1337/1110/1457
f 1278/1083/1458 1324/1078/1457 1276/1103/1457 1277/1084/1457
f 1330/1111/1457 1331/1112/1457 1328/1113/1457 1329/1114/1457
f 1309/1115/1457 1349/1116/1457 1348/1117/1457 1347/1118/1457
f 1273/1119/1457 1272/1085/1457 1274/1088/1460
f 1362/1120/1457 1275/1087/1457 1281/1086/1459 1279/1081/1457
f 1315/1093/1457 1316/1096/1457 1313/1109/1457 1314/1121/1457
f 1257/1122/1457 1320/1123/1457 1318/1091/1457 1256/1090/1457
f 1279/1081/1457 1281/1086/1459 1280/1082/1457
f 1280/1082/1457 1281/1086/1459 1282/1105/1457
f 1287/1124/1457 1301/1125/1457 1290/1126/1461 1289/1127/1457
f 1284/1128/1462 1285/1106/1457 1282/1105/1457
f 1255/1129/1457 1253/1130/1457 1261/1131/1457 1260/1132/1457
f 1286/1133/1457 1287/1124/1457 1288/1134/1457
f 1288/1134/1457 1287/1124/1457 1289/1127/1457
f 1302/1135/1457 1292/1136/1457 1290/1126/1461 1301/1125/1457
f 1289/1127/1457 1290/1126/1461 1291/1137/1457
f 1290/1126/1461 1292/1136/1457 1291/1137/1457
f 1339/1138/1457 1294/1139/1457 1293/1140/1457 1338/1141/1457
f 1304/1142/1457 1349/1116/1457 1305/1143/1457 1303/1144/1457
f 1360/1145/1457 1361/1146/1457 1279/1081/1457 1277/1084/1457
f 1255/1129/1457 1256/1090/1457 1254/1089/1457 1253/1130/1457
f 1254/1089/1457 1319/1092/1457 1267/1097/1457 1266/1147/1457
f 1298/1148/1457 1299/1149/1463 1286/1133/1457
f 1302/1135/1457 1352/1150/1464 1351/1151/1464 1304/1142/1457
f 1301/1125/1457 1353/1152/1457 1352/1150/1464 1302/1135/1457
f 1292/1136/1457 1302/1135/1457 1303/1144/1457
f 1302/1135/1457 1304/1142/1457 1303/1144/1457
f 1295/1153/1457 1288/1134/1457 1289/1127/1457 1294/1139/1457
f 1330/1111/1457 1262/1154/1457 1263/1155/1457 1333/1156/1457
f 1310/1107/1457 1337/1110/1457 1335/1157/1457 1336/1158/1457
f 1357/1101/1457 1358/1104/1457 1355/1095/1457 1356/1094/1457
f 1313/1109/1457 1316/1096/1457 1344/1159/1457 1337/1110/1457
f 1339/1138/1457 1338/1141/1457 1325/1160/1457 1327/1161/1457
f 1325/1160/1457 1334/1162/1457 1326/1163/1457 1327/1161/1457
f 1330/1111/1457 1333/1156/1457 1332/1164/1457 1331/1112/1457
f 1257/1122/1457 1322/1080/1457 1321/1079/1457 1320/1123/1457
f 1310/1107/1457 1336/1158/1457 1307/1165/1457 1308/1166/1457
f 1335/1157/1457 1337/1110/1457 1344/1159/1457 1343/1167/1457
f 1252/1168/1457 1264/1169/1457 1263/1155/1457 1262/1154/1457
f 1254/1089/1457 1266/1147/1457 1252/1168/1457 1253/1130/1457
f 1293/1140/1457 1294/1139/1457 1289/1127/1457 1291/1137/1457
f 1360/1145/1457 1277/1084/1457 1276/1103/1457 1359/1102/1457
f 1330/1111/1457 1329/1114/1457 1261/1131/1457 1262/1154/1457
f 1339/1138/1457 1327/1161/1457 1328/1113/1457 1340/1170/1457
f 1305/1143/1457 1306/1171/1457 1292/1136/1457 1303/1144/1457
f 1305/1143/1457 1308/1166/1457 1307/1165/1457 1306/1171/1457
f 1325/1160/1457 1336/1158/1457 1335/1157/1457 1334/1162/1457
f 1252/1168/1457 1262/1154/1457 1261/1131/1457 1253/1130/1457
f 1318/1091/1457 1320/1123/1457 1284/1128/1462 1317/1172/1457
f 1292/1136/1457 1306/1171/1457 1293/1140/1457 1291/1137/1457
f 1252/1168/1457 1266/1147/1457 1265/1173/1457 1264/1169/1457
f 1309/1115/1457 1347/1118/1457 1312/1174/1457 1311/1108/1457
f 1255/1129/1457 1258/1175/1457 1257/1122/1457 1256/1090/1457
f 1297/1176/1457 1298/1148/1457 1286/1133/1457 1296/1177/1457
f 1326/1163/1457 1260/1132/1457 1261/1131/1457 1329/1114/1457
f 1326/1163/1457 1334/1162/1457 1259/1178/1457 1260/1132/1457
f 1271/1179/1457 1319/1092/1457 1318/1091/1457 1317/1172/1457
f 1341/1180/1457 1331/1112/1457 1332/1164/1457 1342/1181/1457
f 1278/1083/1458 1285/1106/1457 1321/1079/1457 1324/1078/1457
f 1304/1142/1457 1350/1182/1457 1348/1117/1457 1349/1116/1457
f 1307/1165/1457 1338/1141/1457 1293/1140/1457 1306/1171/1457
f 1344/1159/1457 1346/1183/1457 1345/1184/1457 1343/1167/1457
f 1341/1180/1457 1342/1181/1457 1297/1176/1457 1296/1177/1457
f 1325/1160/1457 1338/1141/1457 1307/1165/1457 1336/1158/1457
f 1355/1095/1457 1346/1183/1457 1344/1159/1457 1316/1096/1457
f 1276/1103/1457 1324/1078/1457 1323/1077/1457 1358/1104/1457
f 1350/1182/1457 1304/1142/1457 1351/1151/1464
f 1299/1149/1463 1300/1185/1463 1287/1124/1457 1286/1133/1457
f 1300/1185/1463 1354/1186/1457 1301/1125/1457 1287/1124/1457
f 1353/1152/1457 1301/1125/1457 1354/1186/1457
f 1309/1115/1457 1311/1108/1457 1310/1107/1457 1308/1166/1457
f 1339/1138/1457 1340/1170/1457 1295/1153/1457 1294/1139/1457
f 1312/1174/1457 1314/1121/1457 1313/1109/1457 1311/1108/1457
f 1341/1180/1457 1296/1177/1457 1295/1153/1457 1340/1170/1457
f 1267/1097/1457 1319/1092/1457 1271/1179/1457 1270/1098/1457
f 1259/1178/1457 1343/1167/1457 1345/1184/1457 1258/1175/1457
f 1267/1097/1457 1268/1100/1457 1265/1173/1457 1266/1147/1457
f 1323/1077/1457 1322/1080/1457 1345/1184/1457 1346/1183/1457
f 1305/1143/1457 1349/1116/1457 1309/1115/1457 1308/1166/1457
f 1355/1095/1457 1358/1104/1457 1323/1077/1457 1346/1183/1457
f 1295/1153/1457 1296/1177/1457 1286/1133/1457 1288/1134/1457
f 1361/1146/1457 1362/1120/1457 1279/1081/1457
f 1281/1086/1459 1272/1085/1457 1283/1187/1457 1282/1105/1457
f 1259/1178/1457 1334/1162/1457 1335/1157/1457 1343/1167/1457
f 1341/1180/1457 1340/1170/1457 1328/1113/1457 1331/1112/1457
f 1284/1128/1462 1320/1123/1457 1321/1079/1457 1285/1106/1457
f 1326/1163/1457 1329/1114/1457 1328/1113/1457 1327/1161/1457
f 1255/1129/1457 1260/1132/1457 1259/1178/1457 1258/1175/1457
f 1257/1122/1457 1258/1175/1457 1345/1184/1457 1322/1080/1457
g 7_Mesh18_0.5_0_0_7_Mesh18_0.5_0_0
v 3.042645 1.991727 0.990805
v 2.931451 2.009665 1.083327
v 3.016527 1.829816 0.990805
v 2.905332 1.847753 1.083327
v 2.799698 2.034988 1.083363
v 2.773579 1.873077 1.083363
v 2.675368 1.909563 0.994295
v 2.701487 2.071475 0.994295
v 3.019561 2.036450 0.955745
v 3.019561 1.900140 0.955745
v 2.808094 2.036450 1.075160
v 2.808094 1.900140 1.075160
v 2.690239 1.900140 1.001133
v 2.690239 2.036450 1.001133
v 2.987463 1.780574 0.955745
v 2.891077 1.684189 0.955745
v 2.837933 1.930104 1.075160
v 2.741547 1.833719 1.075160
v 2.754597 2.013441 1.001133
v 2.658211 1.917055 1.001133
v 2.981936 2.137422 0.955745
v 2.832406 1.987892 1.075160
v 2.736020 2.084278 1.075160
v 2.652684 2.000942 1.001133
v 2.749070 1.904556 1.001133
v 2.885550 2.233808 0.955745
v 2.907758 2.005976 1.015387
v 2.800161 2.110935 1.076262
v 2.801748 1.866973 1.067680
v 2.694151 1.971931 1.128555
v 2.903034 2.053095 1.218246
v 2.768133 2.073048 1.268101
v 2.818161 2.049198 1.071768
v 2.683259 2.069151 1.121624
v 2.770805 1.992896 0.966166
v 2.851961 2.231230 1.090375
v 2.717060 2.251183 1.140230
v 2.635904 2.012849 1.016022
v 2.808728 1.912030 1.055945
v 2.719988 1.974734 1.109517
v 2.722629 1.808568 1.034425
v 2.633889 1.871272 1.087998
v 2.863800 1.860308 1.266290
v 2.701551 1.950910 1.207404
v 2.818492 1.737869 1.202744
v 2.656244 1.828471 1.143857
v 2.514925 1.818168 1.264468
v 2.697924 2.011229 1.093769
v 2.652616 1.888791 1.030223
v 2.560232 1.940606 1.328014
v 2.905539 1.682229 0.990805
v 2.866836 1.788003 1.083327
v 2.751521 1.625873 0.990805
v 2.712818 1.731647 1.083327
v 2.824528 1.915322 1.083363
v 2.808354 2.018835 0.994295
v 2.654336 1.962479 0.994295
v 2.867217 1.643498 1.042436
v 2.828277 1.749184 1.134958
v 2.713326 1.586797 1.042436
v 2.674386 1.692483 1.134958
v 2.769276 1.979885 1.045926
v 2.615385 1.923184 1.045926
v 2.758480 1.618226 0.955745
v 2.622170 1.618226 0.955745
v 2.758480 1.829694 1.075160
v 2.622170 1.829694 1.075160
v 2.758480 1.947549 1.001133
v 2.622170 1.947549 1.001133
v 2.754757 1.961870 1.001133
v 2.754757 2.079725 1.075160
v 2.618447 1.961870 1.001133
v 2.618447 2.079725 1.075160
v 2.754757 2.291193 0.955745
v 2.618447 2.291193 0.955745
v 2.889939 1.961083 1.281676
v 2.844147 2.095026 1.313994
v 2.735350 1.932233 1.182206
v 2.550717 1.994033 1.291472
v 2.596509 1.860090 1.259154
v 2.721888 1.957888 1.056806
v 2.689558 2.066176 1.214524
v 2.676096 2.091831 1.089125
v 2.711129 1.831956 1.083363
v 2.776761 1.913621 0.994295
v 2.500118 1.790849 1.083327
v 2.447986 1.691008 0.990805
v 2.593366 1.615099 0.990805
v 2.631381 1.989529 0.994295
v 2.657321 2.083590 1.075160
v 2.560935 1.987204 1.075160
v 2.740657 2.000254 1.001133
v 2.644271 1.903868 1.001133
v 2.507791 2.233120 0.955745
v 2.411405 2.136734 0.955745
v 2.463565 1.845900 1.051727
v 2.726623 1.916186 1.001133
v 2.630237 2.012572 1.001133
v 2.559951 1.749514 1.051727
v 2.397371 1.779706 0.955745
v 2.493757 1.683320 0.955745
v 2.571321 2.035370 1.075160
v 2.571321 1.899060 1.075160
v 2.689176 2.035370 1.001133
v 2.689176 1.899060 1.001133
v 2.359854 2.035370 0.955745
v 2.359854 1.899060 0.955745
v 2.549574 2.057174 1.083363
v 2.423691 2.010768 1.083327
v 2.610885 1.905060 1.083363
v 2.652510 2.076690 0.994295
v 2.713821 1.924576 0.994295
v 2.485002 1.858655 1.083327
v 2.380536 1.816549 0.990805
v 2.319225 1.968663 0.990805
v 2.726829 1.890845 1.134258
v 2.579295 1.883445 1.123565
v 2.737840 1.729519 1.093980
v 2.590306 1.722119 1.083288
v 2.668588 2.041206 1.023415
v 2.715329 1.931001 1.105587
v 2.598477 2.085018 1.122053
v 2.645218 1.974813 1.204226
v 2.657706 2.205916 1.250504
v 2.704448 2.095711 1.332677
v 2.636336 1.848568 1.123883
v 2.729164 1.897145 1.034816
v 2.426507 1.895339 1.123847
v 2.338778 1.824703 1.031325
v 2.441633 1.696959 1.031325
v 2.626309 2.024889 1.034816
v 2.644562 1.810846 1.091950
v 2.687890 1.911812 1.142990
v 2.523732 1.871491 1.074556
v 2.567060 1.972457 1.125596
v 2.638535 2.089900 1.109249
v 2.552196 2.051145 1.033617
v 2.672798 1.960770 1.136304
v 2.586459 1.922016 1.060672
v 2.598477 2.096292 1.204287
v 2.414509 2.038436 1.175836
v 2.645218 1.961912 1.175313
v 2.461251 1.904056 1.146863
vn -0.6267 0.1011 -0.7727
vn -0.3299 0.0532 -0.9425
vn -0.3298 0.0532 -0.9426
vn -0.6267 0.1010 -0.7727
vn -0.3361 0.0542 -0.9403
vn 0.6466 -0.1043 -0.7557
vn 0.3442 -0.0556 -0.9373
vn 0.4925 -0.1442 -0.8583
vn 0.3243 -0.0523 -0.9445
vn 0.3637 -0.0587 -0.9297
vn -0.3296 0.0532 -0.9426
vn -0.3360 0.0542 -0.9403
vn 0.5224 -0.1883 -0.8317
vn 0.5319 -0.0000 -0.8468
vn 0.1813 -0.0000 -0.9834
vn -0.1353 -0.0001 -0.9908
vn -0.1353 -0.0000 -0.9908
vn -0.4917 -0.0000 -0.8708
vn 0.0165 -0.0165 -0.9997
vn -0.3477 0.3477 -0.8708
vn 0.3761 -0.3761 -0.8468
vn 0.2795 0.2368 -0.9305
vn 0.3761 0.3761 -0.8468
vn 0.1283 0.1281 -0.9834
vn -0.3477 -0.3477 -0.8708
vn -0.0956 -0.0956 -0.9908
vn -0.4714 0.0279 -0.8815
vn -0.0375 0.8887 -0.4570
vn 0.0278 0.9194 -0.3924
vn 0.0422 0.9617 -0.2707
vn -0.1089 0.9118 -0.3960
vn 0.1428 0.9728 -0.1826
vn 0.1778 0.9683 -0.1755
vn 0.1125 0.9894 -0.0916
vn -0.3222 0.1553 -0.9339
vn -0.2539 0.3950 -0.8829
vn -0.9496 0.2632 0.1700
vn 0.1876 0.5794 -0.7931
vn -0.0671 0.4791 -0.8752
vn 0.4582 0.2700 -0.8469
vn -0.3327 0.5284 -0.7811
vn -0.5707 0.5343 -0.6236
vn -0.7178 0.2895 -0.6332
vn 0.1877 0.5795 -0.7931
vn -0.3327 0.5285 -0.7811
vn 0.3438 -0.3805 -0.8585
vn 0.2941 -0.2652 -0.9182
vn 0.3439 -0.3804 -0.8585
vn -0.1148 0.3137 -0.9426
vn -0.1170 0.3197 -0.9403
vn 0.1266 -0.3461 -0.9296
vn 0.3438 -0.3806 -0.8585
vn -0.1170 0.3199 -0.9402
vn -0.1148 0.3139 -0.9425
vn -0.2181 0.5961 -0.7727
vn -0.2195 0.5956 -0.7727
vn -0.1156 0.3136 -0.9425
vn -0.1177 0.3194 -0.9403
vn -0.1155 0.3135 -0.9425
vn 0.1216 -0.3301 -0.9361
vn 0.0272 -0.0114 -0.9996
vn -0.0000 -0.5319 -0.8468
vn -0.0000 -0.0234 -0.9997
vn -0.0000 0.4917 -0.8708
vn -0.0000 -0.4917 -0.8708
vn -0.0000 0.0234 -0.9997
vn -0.0000 0.5319 -0.8468
vn -0.0293 0.2250 -0.9739
vn -0.4995 0.0381 -0.8655
vn -0.0179 0.2288 -0.9733
vn 0.1213 0.2718 -0.9547
vn -0.0293 0.2249 -0.9739
vn 0.1292 0.2743 -0.9529
vn 0.4586 0.3535 -0.8153
vn 0.9432 0.3306 -0.0336
vn 0.9432 0.3306 -0.0337
vn -0.0498 -0.5104 -0.8585
vn 0.0020 -0.3961 -0.9182
vn -0.0497 -0.5104 -0.8585
vn -0.0499 -0.5105 -0.8585
vn 0.1371 0.4449 -0.8850
vn 0.2374 0.7661 -0.5973
vn -0.1742 -0.0561 -0.9831
vn -0.1061 0.1519 -0.9827
vn -0.3761 0.3761 -0.8468
vn -0.0165 0.0165 -0.9997
vn 0.3477 -0.3477 -0.8708
vn 0.4721 0.3920 -0.7896
vn 0.5062 0.5063 -0.6982
vn 0.6266 0.4310 -0.6493
vn 0.3372 0.3372 -0.8790
vn -0.1484 -0.1484 -0.9777
vn 0.0630 0.0630 -0.9960
vn -0.5319 -0.0000 -0.8468
vn -0.0234 -0.0000 -0.9997
vn 0.4917 -0.0000 -0.8708
vn -0.3048 -0.1228 -0.9445
vn -0.3418 -0.1378 -0.9296
vn 0.3159 0.1273 -0.9402
vn -0.3416 -0.1376 -0.9297
vn 0.3096 0.1249 -0.9426
vn 0.3156 0.1272 -0.9403
vn -0.6075 -0.2448 -0.7557
vn -0.3420 -0.1378 -0.9295
vn -0.3049 -0.1229 -0.9444
vn 0.3975 0.1602 -0.9035
vn 0.5886 0.2376 -0.7728
vn 0.3976 0.1603 -0.9035
vn 0.3157 0.1273 -0.9403
vn 0.0578 0.2455 -0.9677
vn 0.9107 0.4116 0.0339
vn 0.9381 0.3362 -0.0827
vn 0.9107 0.4116 0.0340
vn 0.7743 0.5550 0.3039
vn 0.8917 0.0421 -0.4508
vn 0.9381 0.3363 -0.0826
vn -0.2499 -0.4479 -0.8585
vn -0.1567 -0.3638 -0.9182
vn -0.2498 -0.4479 -0.8585
vn -0.2500 -0.4479 -0.8585
vn 0.0665 0.2848 -0.9563
vn 0.5240 0.6072 -0.5972
vn -0.1815 0.0188 -0.9832
vn 0.0123 0.6185 -0.7857
vn 0.2934 0.3280 -0.8980
vn 0.2936 0.3284 -0.8978
vn 0.2933 0.3278 -0.8980
vn 0.2937 0.3278 -0.8979
vn 0.6549 0.0155 -0.7555
vn 0.6549 0.0154 -0.7556
vn 0.6549 0.0154 -0.7555
vn 0.0759 0.2353 -0.9690
vt 0.695991 0.000000
vt 0.347054 0.000000
vt 0.695991 0.333333
vt 0.347054 0.333333
vt 0.695991 0.666667
vt 0.695991 1.000000
vt 0.347054 1.000000
vt 0.347054 0.666667
vt 0.002690 0.008071
vt 0.002690 0.341404
vt 0.351628 0.341404
vt 0.351628 0.008071
vt 0.992976 0.016018
vt 0.697226 0.016018
vt 0.697226 0.273877
vt 0.992976 0.273877
vt 0.992976 0.992718
vt 0.697226 0.992718
vt 0.697226 0.994350
vt 0.992976 0.994350
s 1
usemtl 7_Mesh18_0.5_0_0
f 1363/1188/1465 1365/1189/1465 1364/1190/1466
f 1364/1190/1467 1366/1191/1468 1365/1189/1469
f 1367/1192/1470 1370/1193/1471 1369/1194/1470 1368/1195/1472
f 1368/1195/1473 1367/1192/1474 1364/1190/1475 1366/1191/1476
f 1374/1195/1477 1373/1192/1478 1376/1193/1479 1375/1194/1478
f 1374/1195/1480 1373/1192/1481 1371/1188/1482 1372/1189/1482
f 1380/1195/1483 1379/1192/1483 1377/1188/1484 1378/1189/1484
f 1382/1194/1485 1381/1193/1485 1379/1192/1483 1380/1195/1483
f 1384/1195/1486 1385/1192/1487 1386/1193/1488 1387/1194/1487
f 1388/1188/1489 1383/1189/1489 1384/1195/1490 1385/1192/1489
f 1391/1196/1491 1392/1197/1491 1390/1198/1491 1389/1199/1491
f 1400/1200/1492 1397/1201/1493 1395/1202/1494 1396/1203/1495
f 1394/1204/1496 1396/1203/1494 1395/1202/1497 1393/1205/1498
f 1398/1206/1499 1395/1202/1499 1396/1203/1499 1399/1207/1499
f 1403/1196/1500 1404/1197/1500 1402/1198/1500 1401/1199/1500
f 1410/1201/1501 1411/1200/1501 1408/1203/1501 1406/1202/1501
f 1408/1203/1502 1407/1204/1503 1405/1205/1504 1406/1202/1505
f 1412/1206/1506 1409/1207/1507 1408/1203/1508 1406/1202/1509
f 1419/1194/1510 1417/1192/1511 1416/1191/1512
f 1414/1190/1513 1417/1192/1514 1416/1191/1515
f 1419/1194/1510 1418/1193/1516 1417/1192/1511
f 1416/1191/1517 1414/1190/1518 1413/1188/1519 1415/1189/1519
f 1420/1188/1520 1422/1189/1520 1421/1190/1521
f 1422/1189/1520 1421/1190/1522 1423/1191/1523
f 1425/1194/1524 1424/1193/1524 1421/1190/1525 1423/1191/1524
f 1431/1194/1526 1430/1193/1526 1428/1192/1527 1429/1195/1527
f 1429/1195/1527 1428/1192/1527 1426/1188/1528 1427/1189/1528
f 1437/1188/1529 1436/1189/1529 1433/1195/1530 1435/1192/1530
f 1435/1192/1530 1433/1195/1530 1432/1194/1531 1434/1193/1531
f 1440/1202/1532 1442/1205/1533 1441/1204/1533 1444/1203/1534
f 1439/1207/1535 1444/1203/1536 1440/1202/1537 1438/1206/1538
f 1444/1203/1539 1445/1200/1540 1443/1201/1540 1440/1202/1540
f 1451/1194/1541 1446/1192/1542 1448/1191/1543
f 1451/1194/1541 1447/1193/1544 1446/1192/1542
f 1450/1188/1545 1446/1192/1546 1448/1191/1547 1449/1189/1548
f 1454/1194/1549 1455/1193/1549 1453/1192/1550 1452/1195/1550
f 1457/1188/1551 1456/1189/1551 1452/1195/1550 1453/1192/1550
f 1462/1189/1552 1463/1188/1553 1461/1190/1554 1458/1191/1555
f 1460/1194/1556 1459/1193/1556 1461/1190/1557 1458/1191/1556
f 1466/1194/1558 1467/1193/1558 1465/1192/1559 1464/1195/1559
f 1465/1192/1559 1469/1188/1560 1468/1189/1560 1464/1195/1559
f 1470/1195/1561 1471/1191/1562 1472/1192/1563
f 1472/1192/1564 1475/1190/1565 1471/1191/1566
f 1473/1194/1567 1474/1193/1567 1472/1192/1568 1470/1195/1569
f 1477/1189/1570 1476/1188/1571 1475/1190/1572 1471/1191/1573
f 1480/1198/1574 1481/1199/1574 1479/1196/1574 1478/1197/1574
f 1483/1201/1575 1485/1202/1576 1484/1203/1577 1482/1200/1578
f 1486/1207/1579 1487/1206/1579 1485/1202/1576 1484/1203/1580
f 1493/1194/1581 1488/1192/1582 1490/1191/1583
f 1493/1194/1581 1489/1193/1584 1488/1192/1582
f 1492/1188/1585 1488/1192/1586 1490/1191/1587 1491/1189/1588
f 1495/1198/1589 1497/1197/1590 1496/1196/1591 1494/1199/1592
f 1499/1196/1593 1501/1199/1594 1500/1198/1595 1498/1197/1595
f 1504/1202/1596 1505/1205/1596 1503/1204/1596 1502/1203/1596
g 5_Mesh4_0.5_0_0.001_5_Mesh4_0.5_0_0.001
v 0.880850 3.685601 0.666781
v 0.884504 3.685601 0.709194
v 0.857527 3.698279 0.712591
v 0.905284 3.685600 0.804246
v 0.879352 3.698279 0.812416
v 0.890909 3.810663 0.708388
v 0.890909 3.927974 0.708388
v 0.857527 4.040358 0.712591
v 0.879352 4.040358 0.812416
v 0.896636 4.040358 0.859823
v 0.905284 4.053037 0.804246
v 0.921742 4.053037 0.849386
v 0.884504 4.053036 0.709194
v 0.853690 4.040358 0.668048
v 0.869880 3.999730 0.618646
v 0.887179 3.927974 0.619364
v 0.887179 3.810663 0.619364
v 0.869880 3.738908 0.618646
v 0.853690 3.698279 0.668048
v 0.898255 3.729240 0.619824
v 0.916836 3.806314 0.620596
v 0.898255 4.009396 0.619824
v 0.880850 4.053037 0.666781
v 0.896636 3.698279 0.859823
v 0.932348 3.738907 0.897602
v 0.947689 3.927974 0.889575
v 0.932348 3.999729 0.897602
v 0.957511 4.009397 0.884435
v 0.957511 3.729240 0.884435
v 0.921742 3.685600 0.849386
v 0.939753 3.806314 0.793386
v 0.920360 3.806314 0.704679
v 0.920360 3.932322 0.704679
v 0.501891 3.710943 0.500001
v 0.539426 3.671936 0.500001
v 0.539426 3.671936 0.420001
v 0.501891 3.710943 0.420001
v 0.539426 4.062005 0.420001
v 0.539426 4.062005 0.500001
v 0.790911 4.062005 0.500001
v 0.790911 4.062005 0.420001
v 0.877242 3.972289 0.420001
v 0.877242 3.972289 0.500001
v 0.790911 3.671936 0.420001
v 0.790911 3.671936 0.500001
v 0.452015 4.073058 0.040001
v 0.466157 4.087200 0.040001
v 0.460299 4.064773 0.068285
v 0.474441 4.078916 0.068285
v 0.494441 4.058915 0.080001
v 0.480299 4.044773 0.080001
v 0.514441 4.038915 0.068285
v 0.500299 4.024774 0.068285
v 0.522725 4.030632 0.040001
v 0.508583 4.016489 0.040001
v 0.514441 4.038915 0.011716
v 0.494441 4.058915 0.000001
v 0.500299 4.024773 0.011716
v 0.480299 4.044773 0.000001
v 0.455732 4.060471 0.080001
v 0.455732 4.060471 0.120001
v 0.478744 4.083483 0.080001
v 0.636943 3.873987 0.080001
v 0.636943 3.873987 0.140001
v 0.665227 3.902271 0.080001
v 0.665227 3.902271 0.140001
v 0.478744 4.083483 0.120001
v 0.455732 3.673054 0.120001
v 0.455732 3.673054 0.080001
v 0.478744 3.650042 0.120001
v 0.636943 3.859538 0.140001
v 0.636943 3.859538 0.080001
v 0.665227 3.831253 0.140001
v 0.665227 3.831253 0.080001
v 0.478744 3.650042 0.080001
v 0.480299 3.688751 0.000001
v 0.494441 3.674609 0.000001
v 0.460299 3.668751 0.011716
v 0.508583 3.717035 0.040001
v 0.522725 3.702893 0.040001
v 0.494441 3.674609 0.080001
v 0.500299 3.708751 0.068285
v 0.480299 3.688751 0.080001
v 0.460299 3.668751 0.068285
v 0.474441 3.654609 0.068285
v 0.474441 3.654609 0.011716
v 0.617957 3.886762 0.419904
v 0.633649 3.886762 0.399904
v 0.617957 3.846762 0.419904
v 0.900779 3.886762 0.433115
v 0.900779 3.846762 0.433115
v 0.875178 3.886762 0.419904
v 0.918362 3.886762 0.688350
v 0.918362 3.846762 0.688349
v 0.938362 3.886762 0.688314
v 0.932001 3.886762 0.449374
v 0.938362 3.846762 0.688314
v 0.932001 3.846762 0.449374
v 0.912231 3.846762 0.416718
v 0.912231 3.886762 0.416718
v 0.633649 3.846762 0.399904
v 0.875178 3.846762 0.399904
v 0.875178 3.886762 0.399904
v 0.875178 3.846762 0.419904
v 0.644168 3.895047 0.150001
v 0.644168 3.895047 0.070001
v 0.700736 3.895047 0.150001
v 0.700736 3.895047 0.070001
v 0.700736 3.838478 0.150001
v 0.672452 3.826762 0.150001
v 0.700736 3.838478 0.070001
v 0.672452 3.826762 0.070001
v 0.644168 3.838478 0.070001
v 0.644168 3.838478 0.150001
v 0.662801 3.850046 0.150001
v 0.682103 3.850046 0.150001
v 0.662801 3.850046 0.400001
v 0.653150 3.866762 0.150001
v 0.653150 3.866762 0.400001
v 0.662801 3.883479 0.150001
v 0.662801 3.883479 0.400001
v 0.682103 3.883479 0.150001
v 0.682103 3.883479 0.400001
v 0.691754 3.866762 0.150001
v 0.691754 3.866762 0.400001
v 0.682103 3.850046 0.400001
v 0.679676 3.902271 0.080001
v 0.679676 3.902271 0.140001
v 0.866160 4.083483 0.080001
v 0.707961 3.873987 0.080001
v 0.889172 4.060471 0.080001
v 0.707961 3.873987 0.140001
v 0.889172 4.060471 0.120001
v 0.866160 4.083483 0.120001
v 0.679676 3.831253 0.140001
v 0.866161 3.650042 0.120001
v 0.679676 3.831253 0.080001
v 0.707961 3.859538 0.140001
v 0.889172 3.673054 0.120001
v 0.707961 3.859538 0.080001
v 0.889172 3.673054 0.080001
v 0.866161 3.650042 0.080001
v 0.822179 4.030632 0.040001
v 0.836321 4.016489 0.040001
v 0.830463 4.038916 0.068285
v 0.830463 4.038916 0.011716
v 0.850463 4.058916 0.000001
v 0.864605 4.044774 0.000001
v 0.884605 4.064774 0.011716
v 0.870463 4.078916 0.011716
v 0.870463 4.078916 0.068285
v 0.884605 4.064774 0.068285
v 0.850463 4.058916 0.080001
v 0.864605 4.044774 0.080001
v 0.822179 3.702893 0.040001
v 0.830463 3.694609 0.068285
v 0.830463 3.694609 0.011716
v 0.844605 3.708751 0.011716
v 0.850463 3.674609 0.000001
v 0.864605 3.688751 0.000001
v 0.878747 3.646325 0.040001
v 0.892889 3.660467 0.040001
v 0.864605 3.688751 0.080001
v 0.850463 3.674609 0.080001
v 0.844605 3.708751 0.068285
v 0.914913 3.916762 0.639084
v 0.944893 3.901302 0.638011
v 0.914913 3.816762 0.639084
v 0.917773 3.916762 0.719033
v 0.947754 3.901302 0.702702
v 0.917773 3.816762 0.719033
v 0.947754 3.832222 0.702702
v 0.944893 3.832223 0.638011
vn 0.2949 -0.0961 -0.9507
vn 0.7889 0.5888 -0.1756
vn 0.9824 -0.1034 -0.1554
vn 0.7531 -0.5739 -0.3217
vn 0.9738 0.1094 -0.1995
vn 0.7233 -0.6776 -0.1330
vn 0.9621 -0.2567 0.0923
vn 0.9016 -0.4228 -0.0918
vn 0.3404 -0.2349 0.9105
vn 0.8424 -0.4929 0.2177
vn -0.8876 0.3488 -0.3009
vn -0.8236 -0.3836 -0.4177
vn 0.6733 0.0841 0.7346
vn 0.9819 -0.1442 -0.1224
vn 0.6733 -0.0840 0.7346
vn 0.9819 -0.1443 -0.1223
vn 0.6637 0.1067 0.7403
vn 0.6732 -0.0842 0.7347
vn 0.9820 -0.1442 -0.1224
vn 0.8711 0.4310 0.2354
vn 0.4598 -0.3177 -0.8292
vn 0.7531 -0.5738 -0.3217
vn -0.5868 -0.7836 -0.2040
vn 0.8712 0.4309 0.2353
vn -0.3000 0.9071 0.2951
vn -0.4092 0.6082 0.6802
vn -0.6507 0.3084 0.6939
vn 0.6968 0.3104 -0.6466
vn -0.7270 0.0835 0.6816
vn 0.7875 -0.6000 0.1408
vn 0.8669 -0.4299 0.2522
vn -0.2953 -0.8207 0.4892
vn -0.4814 -0.8581 0.1787
vn 0.9064 -0.3996 -0.1370
vn 0.7596 -0.6018 -0.2468
vn -0.3785 -0.9239 0.0568
vn -0.2325 -0.8443 -0.4828
vn -0.3664 -0.9243 0.1068
vn 0.6814 -0.1292 0.7204
vn 0.8658 -0.4319 0.2527
vn -0.5314 -0.2671 0.8039
vn 0.2981 0.0845 -0.9508
vn 0.2023 -0.8706 -0.4484
vn -0.0571 -0.8187 -0.5714
vn 0.6640 -0.1258 0.7371
vn 0.6734 0.0841 0.7345
vn -0.7023 0.0988 0.7050
vn 0.2882 0.1246 -0.9494
vn -0.7729 0.4918 -0.4010
vn 0.6771 0.4306 -0.5968
vn -0.4826 0.8533 -0.1972
vn 0.6227 0.5768 -0.5287
vn -0.3985 0.9033 -0.1590
vn -0.3664 0.9243 0.1070
vn 0.8804 0.3993 -0.2559
vn -0.7837 -0.4769 -0.3981
vn -0.3787 -0.9238 0.0569
vn -0.9817 0.1542 0.1118
vn 0.7748 0.6067 -0.1780
vn -0.5828 0.8120 0.0327
vn -0.5507 0.8127 0.1905
vn -0.4883 -0.8714 0.0466
vn -0.9785 -0.0841 0.1881
vn -0.9924 0.0436 0.1147
vn 0.7531 -0.5738 -0.3218
vn 0.8167 -0.4838 -0.3145
vn 0.4611 -0.3158 -0.8293
vn 0.5667 -0.2558 -0.7833
vn 0.4610 -0.3159 -0.8293
vn 0.7610 0.0826 0.6435
vn 0.7629 0.6300 0.1452
vn 0.6734 -0.0842 0.7345
vn -0.4681 0.7803 0.4148
vn -0.3029 0.9163 -0.2618
vn -0.2999 0.9072 0.2952
vn 0.2630 0.6957 0.6685
vn 0.9063 0.3997 -0.1371
vn 0.3047 0.7156 0.6285
vn -0.4678 0.6214 0.6285
vn -0.7345 -0.2688 0.6231
vn 0.5430 -0.6042 0.5831
vn -0.9648 0.2212 -0.1422
vn -0.2740 0.9617 -0.0000
vn 0.2392 0.6125 -0.7534
vn 0.0126 0.9748 -0.2226
vn -0.7345 -0.2688 -0.6231
vn -0.4679 0.6213 -0.6285
vn 0.3043 0.7158 -0.6285
vn 0.5430 -0.6042 -0.5831
vn -0.6109 0.4771 -0.6319
vn -0.7710 -0.0799 -0.6318
vn -0.3052 -0.7169 0.6268
vn -0.3045 -0.7156 -0.6287
vn 0.5042 0.1205 -0.8552
vn 0.7142 -0.0650 0.6969
vn 0.7190 0.2896 -0.6318
vn 0.5111 0.5032 0.6968
vn -0.6511 0.7414 -0.1624
vn -0.7071 0.7071 0.0025
vn -0.7466 0.1434 0.6496
vn 0.0598 0.7759 0.6281
vn -0.5510 0.4462 0.7052
vn -0.4999 0.4999 0.7072
vn 0.1379 -0.1379 0.9808
vn 0.6146 -0.5105 0.6013
vn 0.6935 -0.6935 0.1951
vn 0.5000 -0.5000 -0.7071
vn 0.4462 -0.5510 -0.7052
vn -0.5359 0.5517 -0.6391
vn -0.3506 0.9346 -0.0605
vn -0.7071 -0.7071 -0.0000
vn -0.7074 -0.7068 -0.0001
vn -0.5000 0.5000 -0.7071
vn -0.7071 0.7071 -0.0002
vn -0.0000 -0.0000 -1.0000
vn -0.0524 -0.0524 -0.9973
vn -0.5576 0.5576 -0.6149
vn -0.7072 -0.7070 -0.0003
vn 0.0542 -0.0543 -0.9971
vn 0.0543 -0.0543 -0.9971
vn 0.0592 -0.0320 -0.9977
vn 0.7172 0.6966 -0.0200
vn 0.6906 -0.7232 -0.0000
vn -0.6820 -0.7170 0.1445
vn -0.6969 -0.7172 -0.0000
vn -0.0323 0.0418 0.9986
vn 0.7205 0.6935 0.0046
vn -0.0000 -0.0000 1.0000
vn 0.7071 -0.7071 -0.0000
vn -0.6969 0.7171 -0.0000
vn -0.6969 0.7172 -0.0000
vn 0.6906 0.7233 -0.0011
vn -0.3719 0.7148 0.5922
vn 0.0542 0.0542 -0.9971
vn 0.7234 0.6905 -0.0010
vn 0.7171 -0.6969 -0.0000
vn 0.7172 -0.6969 -0.0000
vn 0.7094 0.3771 0.5955
vn 0.5879 0.5879 -0.5556
vn 0.5848 0.6494 -0.4860
vn -0.1536 0.0094 -0.9881
vn -0.2467 -0.0064 -0.9691
vn -0.7071 0.7071 -0.0000
vn -0.8334 -0.5524 0.0201
vn -0.7661 -0.6422 0.0264
vn -0.1170 -0.0451 0.9921
vn 0.5522 0.6225 0.5546
vn 0.5879 0.5879 0.5556
vn -0.1380 -0.1380 0.9808
vn -0.6210 -0.3588 -0.6969
vn -0.7069 0.7073 0.0004
vn -0.0000 -1.0000 -0.0000
vn -0.0078 -1.0000 0.0003
vn -0.8447 -0.0000 0.5352
vn -0.8674 -0.0000 0.4977
vn -0.2982 -0.0000 0.9545
vn -0.4198 -0.0000 0.9076
vn 0.7867 -0.0000 0.6173
vn 0.7867 -0.0003 0.6173
vn -0.0000 1.0000 -0.0000
vn 0.8356 -0.0000 -0.5493
vn 0.9976 -0.0000 -0.0687
vn 0.7280 -0.4907 -0.4788
vn 0.8356 -0.0000 -0.5494
vn 0.4596 -0.0000 -0.8881
vn -0.9764 -0.2145 0.0262
vn -0.8573 0.2718 0.4373
vn -0.0078 1.0000 0.0002
vn -0.2112 0.0001 0.9774
vn -0.2112 -0.0000 0.9774
vn -0.9012 -0.0000 0.4334
vn -0.3894 -0.0000 0.9211
vn -0.8315 0.5556 -0.0000
vn -0.7830 0.6204 0.0456
vn -0.5834 0.0220 -0.8119
vn 0.8727 0.4862 0.0457
vn 0.8315 0.5556 -0.0000
vn 0.9055 -0.4201 -0.0598
vn -0.0003 -0.0002 1.0000
vn -0.0002 0.0003 1.0000
vn -0.0000 0.9973 0.0741
vn 0.0003 0.0001 1.0000
vn -0.5000 -0.8660 -0.0000
vn -1.0000 -0.0000 -0.0000
vn 1.0000 -0.0000 -0.0000
vn 0.5000 -0.8660 -0.0000
vn 0.5000 0.8660 -0.0000
vn -0.5000 0.8660 -0.0000
vn -0.7172 0.6969 -0.0000
vn -0.7232 -0.6906 -0.0003
vn -0.7170 0.6970 -0.0050
vn 0.6969 -0.7172 -0.0000
vn -0.5411 -0.7082 0.4535
vn -0.6906 -0.7232 -0.0000
vn -0.0543 -0.0543 -0.9971
vn -0.0540 -0.0545 -0.9971
vn -0.0543 -0.0542 -0.9971
vn 0.0031 0.0032 1.0000
vn 0.6970 0.7171 0.0044
vn 0.6957 0.7181 -0.0200
vn -0.0410 0.0678 -0.9969
vn -0.7232 0.6907 -0.0010
vn -0.7125 -0.0552 -0.6995
vn -0.7168 -0.6972 -0.0000
vn -0.7171 -0.6969 0.0006
vn -0.0542 0.0542 -0.9971
vn 0.0063 0.2467 -0.9691
vn 0.7383 -0.0264 -0.6740
vn 0.2422 -0.5293 -0.8131
vn -0.7070 0.7073 -0.0004
vn 0.3828 0.9238 -0.0000
vn 0.0064 0.2467 0.9691
vn -0.0095 0.1535 0.9881
vn -0.0109 -0.8149 -0.5795
vn -0.5860 -0.5214 -0.6203
vn -0.5879 -0.5879 -0.5556
vn -0.6568 -0.5775 0.4849
vn -0.5879 -0.5879 0.5556
vn 0.9037 -0.4022 -0.1469
vn -0.0094 0.1536 0.9881
vn -0.7073 0.7069 -0.0004
vn 0.4538 -0.6942 0.5587
vn -0.1380 0.1379 0.9808
vn -0.1379 0.1379 0.9808
vn 0.4539 -0.6942 0.5587
vn -0.1379 0.1380 -0.9808
vn -0.1379 0.1379 -0.9808
vn 0.4538 -0.6942 -0.5587
vn 0.4539 -0.6942 -0.5587
vn -0.7074 -0.7068 0.0001
vn 0.7071 0.7071 -0.0000
vn 0.7071 0.7071 0.0001
vn 0.7068 0.7074 -0.0002
vn 0.7069 0.7073 -0.0003
vn -0.7072 -0.7070 0.0003
vn 0.4798 -0.8774 -0.0001
vn -0.4210 0.9069 0.0179
vn -0.9992 0.0033 0.0389
vn -0.4541 0.8908 0.0180
vn 0.0357 -0.0000 0.9994
vn 0.0358 -0.0000 0.9994
vn -0.4541 -0.8908 0.0180
vn -0.9990 -0.0014 0.0441
vn -0.9968 -0.0667 0.0440
vn -0.4784 -0.0000 -0.8782
vn -0.4783 -0.0000 -0.8782
vt 0.683398 1.464128
vt 0.784516 1.424536
vt 0.735041 1.380872
vt 0.633924 1.424536
vt 0.683398 1.380872
vt 0.633924 1.379552
vt 0.633924 1.360033
vt 0.683398 1.342230
vt 0.774161 1.477250
vt 0.645588 1.476923
vt 0.735041 1.342230
vt 0.766630 1.340300
vt 0.784516 1.360033
vt 0.651809 1.466144
vt 0.624411 1.423779
vt 0.794785 1.355560
vt 0.772196 1.330567
vt 0.737283 1.332968
vt 0.624412 1.355809
vt 0.624411 1.380947
vt 0.651809 1.340300
vt 0.647554 1.330240
vt 0.766630 1.466144
vt 0.784516 1.446547
vt 0.794683 1.452599
vt 0.794683 1.423779
vt 0.623429 1.449978
vt 0.794906 1.617284
vt 0.860813 1.565922
vt 0.794906 1.564163
vt 0.971689 1.518086
vt 0.929609 1.565922
vt 0.995515 1.541112
vt 0.784516 1.379552
vt 0.794683 1.380946
vt 0.971689 1.666131
vt 0.794906 1.643277
vt 0.633924 1.446547
vt 0.818733 1.518086
vt 0.929609 1.520657
vt 0.995515 1.564163
vt 0.995515 1.617284
vt 0.995515 1.643277
vt 0.794907 1.541112
vt 0.818733 1.666131
vt 0.573614 1.402738
vt 0.573614 1.376837
vt 0.604548 1.367945
vt 0.613788 1.402738
vt 0.832754 1.386745
vt 0.832754 1.473027
vt 0.805305 1.484722
vt 0.805722 1.373122
vt 0.935802 1.357126
vt 0.966582 1.473027
vt 0.955224 1.332162
vt 0.993435 1.486130
vt 0.993709 1.371878
vt 0.966582 1.386745
vt 0.846137 1.485905
vt 0.829296 1.512351
vt 0.577631 1.406604
vt 0.613788 1.376837
vt 0.311108 0.995304
vt 0.302740 0.995304
vt 0.294372 0.995304
vt 0.344578 0.995304
vt 0.336211 0.995304
vt 0.300938 0.987468
vt 0.289756 0.960472
vt 0.327934 0.922294
vt 0.354930 0.987468
vt 0.300938 0.933477
vt 0.319475 0.995304
vt 0.327843 0.995304
vt 0.366112 0.960472
vt 0.327934 0.998650
vt 0.361313 0.995304
vt 0.565606 1.673136
vt 0.565606 1.543136
vt 0.613428 1.543136
vt 0.613428 1.673136
vt 0.613744 1.542745
vt 0.572626 1.542745
vt 0.572627 1.672745
vt 0.613744 1.672745
vt 0.572626 1.672745
vt 0.613823 1.472118
vt 0.565317 1.472118
vt 0.565317 1.546642
vt 0.613823 1.546642
vt 0.352946 0.995304
vt 0.354930 0.933477
vt 0.766720 1.551284
vt 0.772445 1.543086
vt 0.785511 1.678884
vt 0.613533 1.605340
vt 0.613533 1.627253
vt 0.565933 1.627253
vt 0.565933 1.605340
vt 0.565933 1.463331
vt 0.565933 1.448182
vt 0.613533 1.448182
vt 0.613533 1.463331
vt 0.633155 1.534679
vt 0.625309 1.544679
vt 0.613624 1.624808
vt 0.565712 1.624808
vt 0.565712 1.487917
vt 0.613624 1.487917
vt 0.565712 1.475233
vt 0.613624 1.475233
vt 0.565933 1.746716
vt 0.613533 1.746716
vt 0.775511 1.678902
vt 0.782331 1.559414
vt 0.565933 1.584044
vt 0.613533 1.584044
vt 0.684258 1.488633
vt 0.644669 1.488633
vt 0.644669 1.528633
vt 0.684258 1.528633
vt 0.763434 1.528633
vt 0.763434 1.488633
vt 0.723846 1.488633
vt 0.723846 1.528633
vt 0.634268 1.667435
vt 0.634268 1.628838
vt 0.653566 1.620844
vt 0.672865 1.667435
vt 0.672865 1.628838
vt 0.653566 1.675429
vt 0.624875 1.488633
vt 0.624875 1.528633
vt 0.783229 1.528633
vt 0.783229 1.488633
vt 0.717925 1.553889
vt 0.709547 1.553889
vt 0.709547 1.678889
vt 0.717925 1.678889
vt 0.734680 1.553889
vt 0.726303 1.553889
vt 0.726303 1.678889
vt 0.734680 1.678889
vt 0.692792 1.678889
vt 0.701169 1.678889
vt 0.701169 1.553889
vt 0.692792 1.553889
vt 0.743058 1.553889
vt 0.743058 1.678889
vt 0.638927 1.598138
vt 0.638836 1.567667
vt 0.622554 1.567906
vt 0.622824 1.614840
vt 0.631576 1.553589
vt 0.678533 1.553589
vt 0.671274 1.567667
vt 0.687449 1.567913
vt 0.671207 1.598138
vt 0.687310 1.614840
s 1
usemtl 5_Mesh4_0.5_0_0.001
f 1531/1208/1597 1510/1209/1598 1511/1210/1599
f 1514/1211/1600 1531/1208/1597 1512/1212/1601 1513/1213/1602
f 1512/1212/1603 1513/1213/1604 1519/1214/1605 1521/1215/1606
f 1534/1216/1607 1531/1208/1597 1533/1217/1608
f 1521/1215/1609 1522/1218/1610 1511/1210/1611
f 1511/1210/1612 1523/1219/1613 1522/1218/1614
f 1523/1219/1613 1524/1220/1615 1511/1210/1616
f 1532/1221/1617 1514/1211/1618 1516/1222/1619
f 1524/1220/1620 1506/1223/1621 1523/1219/1613
f 1506/1223/1622 1523/1219/1623 1525/1224/1624
f 1523/1219/1623 1522/1218/1625 1526/1225/1626 1525/1224/1624
f 1519/1214/1627 1528/1226/1628 1518/1227/1629 1513/1213/1630
f 1518/1227/1631 1513/1213/1632 1514/1211/1633 1516/1222/1634
f 1520/1228/1635 1519/1214/1605 1527/1229/1636
f 1527/1229/1637 1528/1226/1628 1519/1214/1627
f 1531/1208/1638 1533/1217/1639 1532/1221/1640
f 1520/1228/1641 1521/1215/1642 1526/1225/1643
f 1530/1230/1644 1529/1231/1645 1534/1216/1646
f 1534/1216/1607 1535/1232/1647 1529/1231/1648
f 1529/1231/1648 1535/1232/1647 1510/1209/1598
f 1535/1232/1649 1510/1209/1650 1509/1233/1651
f 1532/1221/1640 1533/1217/1639 1517/1234/1652
f 1516/1235/1634 1538/1236/1653 1518/1237/1631
f 1525/1238/1624 1537/1239/1654 1506/1240/1622
f 1508/1241/1655 1510/1209/1598 1509/1233/1656 1507/1242/1657
f 1534/1243/1607 1517/1244/1658 1538/1236/1659 1537/1239/1660
f 1514/1211/1661 1515/1245/1662 1532/1221/1663
f 1531/1208/1597 1530/1230/1664 1529/1231/1648
f 1514/1211/1600 1532/1221/1665 1531/1208/1597
f 1511/1210/1599 1521/1215/1666 1512/1212/1601
f 1531/1208/1597 1529/1231/1648 1510/1209/1598
f 1510/1209/1598 1508/1241/1655 1524/1220/1667
f 1511/1210/1599 1512/1212/1601 1531/1208/1597
f 1510/1209/1598 1524/1220/1667 1511/1210/1599
f 1519/1214/1605 1520/1228/1635 1521/1215/1606
f 1534/1216/1607 1530/1230/1664 1531/1208/1597
f 1516/1222/1619 1517/1234/1658 1532/1221/1617
f 1526/1225/1643 1527/1229/1637 1520/1228/1641
f 1521/1215/1642 1522/1218/1668 1526/1225/1643
f 1527/1246/1637 1526/1247/1643 1537/1239/1660
f 1537/1239/1660 1506/1240/1669 1507/1248/1657
f 1509/1249/1656 1535/1250/1647 1534/1243/1607
f 1537/1239/1660 1507/1248/1657 1509/1249/1656
f 1528/1251/1628 1527/1246/1637 1537/1239/1660
f 1538/1236/1659 1518/1237/1629 1528/1251/1628
f 1517/1244/1658 1516/1235/1619 1538/1236/1659
f 1534/1243/1607 1533/1252/1608 1517/1244/1658
f 1537/1239/1660 1509/1249/1656 1534/1243/1607
f 1538/1236/1659 1528/1251/1628 1537/1239/1660
f 1525/1238/1624 1526/1247/1626 1537/1239/1654
f 1508/1241/1670 1524/1220/1671 1506/1223/1672 1507/1242/1673
f 1541/1253/1674 1549/1254/1675 1547/1255/1676 1543/1256/1677
f 1550/1257/1678 1540/1258/1679 1541/1259/1680 1549/1260/1681
f 1548/1261/1682 1550/1257/1683 1540/1258/1684 1544/1262/1685
f 1550/1257/1678 1549/1260/1681 1547/1263/1686 1548/1261/1687
f 1543/1264/1677 1546/1265/1688 1545/1266/1689 1544/1262/1685
f 1543/1264/1677 1544/1262/1685 1539/1267/1690 1542/1268/1691
f 1542/1268/1692 1541/1259/1680 1540/1258/1679 1539/1267/1693
f 1540/1258/1684 1539/1267/1690 1544/1262/1685
f 1544/1262/1685 1545/1266/1689 1548/1261/1682
f 1543/1256/1677 1542/1269/1691 1541/1253/1674
f 1547/1255/1676 1546/1270/1688 1543/1256/1677
f 1548/1261/1682 1545/1266/1689 1546/1265/1688 1547/1263/1676
f 1559/1271/1694 1560/1271/1695 1561/1272/1696
f 1564/1273/1697 1563/1272/1698 1561/1272/1699 1562/1273/1700
f 1551/1274/1701 1552/1274/1702 1554/1275/1703 1553/1275/1704
f 1558/1276/1705 1560/1277/1706 1564/1278/1697 1553/1279/1704
f 1561/1280/1696 1562/1278/1707 1554/1279/1707 1557/1276/1708
f 1557/1281/1709 1559/1271/1710 1558/1281/1705
f 1563/1272/1698 1560/1271/1706 1561/1272/1699
f 1553/1275/1704 1554/1275/1703 1555/1282/1711 1556/1282/1712
f 1555/1282/1711 1557/1281/1709 1558/1281/1705 1556/1282/1712
f 1559/1271/1694 1558/1281/1713 1560/1271/1695
f 1560/1277/1706 1563/1280/1698 1564/1278/1697
f 1564/1278/1697 1551/1283/1701 1553/1279/1704
f 1553/1279/1704 1556/1284/1712 1558/1276/1705
f 1562/1278/1707 1552/1283/1707 1554/1279/1707
f 1554/1279/1707 1555/1284/1714 1557/1276/1708
f 1557/1276/1708 1559/1277/1694 1561/1280/1696
f 1564/1285/1697 1562/1285/1700 1552/1274/1702 1551/1274/1701
f 1571/1286/1715 1572/1287/1716 1566/1288/1717 1569/1289/1718
f 1572/1290/1719 1567/1291/1720 1570/1292/1721 1571/1293/1721
f 1568/1294/1722 1569/1293/1718 1566/1290/1717 1565/1291/1723
f 1570/1286/1724 1568/1289/1722 1565/1288/1723 1567/1287/1724
f 1565/1295/1725 1567/1296/1720 1572/1297/1719 1566/1298/1725
f 1579/1294/1726 1578/1293/1727 1575/1290/1728 1580/1291/1729
f 1578/1289/1730 1575/1288/1730 1573/1287/1730 1576/1286/1730
f 1580/1288/1724 1579/1289/1724 1577/1286/1724 1574/1287/1724
f 1573/1290/1731 1576/1293/1732 1577/1292/1733 1574/1291/1734
f 1574/1296/1734 1580/1295/1729 1575/1298/1728 1573/1297/1731
f 1590/1275/1735 1589/1275/1736 1588/1282/1737 1586/1282/1738
f 1582/1278/1739 1585/1277/1739 1586/1284/1739 1590/1279/1739
f 1585/1271/1740 1586/1282/1738 1588/1282/1737 1584/1271/1741
f 1581/1285/1742 1583/1299/1743 1591/1299/1744 1582/1285/1745
f 1589/1279/1736 1583/1300/1743 1581/1278/1742 1587/1276/1746
f 1584/1271/1741 1581/1273/1742 1582/1273/1745 1585/1271/1740
f 1581/1278/1742 1584/1277/1741 1587/1276/1746
f 1587/1276/1746 1588/1284/1737 1589/1279/1736
f 1590/1279/1739 1591/1300/1747 1582/1278/1739
f 1588/1282/1737 1587/1281/1746 1584/1271/1741
f 1583/1299/1743 1589/1275/1736 1590/1275/1735 1591/1299/1744
f 1595/1301/1748 1605/1302/1748 1600/1303/1749
f 1605/1304/1750 1601/1305/1751 1603/1306/1752 1604/1307/1753
f 1606/1308/1754 1594/1309/1754 1592/1310/1755 1593/1311/1754
f 1604/1302/1756 1606/1312/1756 1594/1313/1756 1596/1301/1756
f 1599/1314/1757 1598/1315/1758 1595/1316/1759 1596/1317/1760
f 1593/1312/1748 1605/1302/1748 1595/1301/1748 1592/1313/1748
f 1595/1316/1759 1597/1318/1761 1609/1319/1760 1596/1317/1760
f 1601/1305/1762 1603/1306/1763 1602/1320/1764 1600/1321/1749
f 1600/1303/1749 1598/1322/1748 1595/1301/1748
f 1605/1302/1748 1601/1323/1762 1600/1303/1749
f 1596/1301/1756 1599/1322/1756 1602/1303/1764
f 1602/1303/1764 1603/1323/1763 1604/1302/1756
f 1596/1301/1756 1602/1303/1764 1604/1302/1756
f 1593/1311/1724 1606/1308/1724 1607/1324/1765 1608/1325/1766
f 1608/1325/1767 1605/1304/1750 1604/1307/1753 1607/1324/1768
f 1613/1326/1707 1616/1327/1769 1614/1328/1770 1612/1329/1771
f 1619/1330/1772 1618/1331/1773 1611/1332/1725 1610/1333/1774
f 1613/1334/1775 1616/1335/1776 1617/1336/1724 1611/1337/1724
f 1610/1333/1774 1611/1332/1725 1613/1326/1707 1612/1329/1771
f 1619/1337/1772 1610/1338/1774 1612/1335/1771 1615/1339/1777
f 1616/1327/1769 1617/1340/1756 1615/1341/1777 1614/1328/1770
f 1612/1335/1771 1614/1334/1770 1615/1339/1777
f 1617/1336/1724 1618/1338/1778 1611/1337/1724
f 1619/1330/1772 1615/1342/1777 1617/1343/1756 1618/1331/1773
f 1627/1344/1779 1629/1345/1780 1630/1346/1780 1628/1347/1779
f 1623/1348/1781 1625/1349/1782 1626/1350/1782 1624/1351/1781
f 1622/1352/1783 1631/1353/1784 1621/1354/1784 1620/1355/1783
f 1620/1356/1783 1623/1348/1781 1624/1351/1781 1622/1357/1783
f 1625/1349/1782 1627/1344/1779 1628/1347/1779 1626/1350/1782
f 1629/1345/1780 1621/1354/1784 1631/1353/1784 1630/1346/1780
f 1635/1292/1785 1637/1293/1785 1638/1290/1786 1636/1291/1787
f 1632/1294/1788 1634/1291/1789 1639/1290/1790 1633/1293/1788
f 1632/1289/1724 1634/1288/1724 1636/1287/1724 1635/1286/1724
f 1638/1287/1791 1639/1288/1792 1633/1289/1791 1637/1286/1793
f 1639/1298/1790 1634/1295/1789 1636/1296/1787 1638/1297/1786
f 1645/1289/1724 1642/1286/1794 1647/1287/1795 1646/1288/1724
f 1642/1292/1794 1640/1293/1796 1641/1290/1797 1647/1291/1795
f 1644/1290/1798 1646/1291/1799 1645/1294/1800 1643/1293/1801
f 1640/1286/1796 1643/1289/1802 1644/1288/1802 1641/1287/1797
f 1646/1295/1799 1644/1298/1798 1641/1297/1739 1647/1296/1739
f 1659/1282/1803 1648/1271/1804 1650/1281/1805
f 1649/1277/1739 1653/1278/1739 1654/1300/1739 1659/1284/1806
f 1649/1271/1807 1653/1273/1808 1652/1273/1809 1648/1271/1804
f 1659/1282/1803 1658/1282/1810 1656/1275/1811 1657/1275/1812
f 1652/1278/1809 1655/1300/1813 1658/1284/1810 1648/1277/1804
f 1655/1299/1813 1652/1285/1809 1653/1285/1808 1654/1299/1814
f 1650/1281/1805 1658/1282/1810 1659/1282/1803
f 1659/1282/1803 1649/1271/1807 1648/1271/1804
f 1655/1300/1813 1656/1279/1811 1658/1284/1810
f 1658/1284/1810 1650/1276/1805 1648/1277/1804
f 1648/1277/1804 1651/1280/1815 1652/1278/1816
f 1654/1300/1739 1657/1279/1817 1659/1284/1806
f 1655/1299/1813 1654/1299/1814 1657/1275/1812 1656/1275/1811
f 1662/1272/1818 1664/1273/1819 1665/1273/1820 1663/1272/1821
f 1669/1282/1822 1668/1282/1823 1667/1274/1739 1666/1274/1739
f 1667/1274/1739 1665/1285/1820 1664/1285/1819 1666/1274/1739
f 1661/1281/1824 1670/1281/1825 1668/1282/1823 1669/1282/1822
f 1667/1283/1826 1665/1278/1707 1663/1280/1707 1668/1284/1707
f 1664/1278/1827 1666/1283/1827 1669/1284/1828 1660/1277/1829
f 1669/1284/1828 1661/1276/1827 1660/1277/1829
f 1660/1277/1829 1662/1280/1830 1664/1278/1827
f 1663/1280/1707 1670/1276/1831 1668/1284/1707
f 1661/1281/1824 1660/1271/1832 1662/1272/1818
f 1662/1272/1818 1663/1272/1821 1670/1281/1825 1661/1281/1824
f 1677/1358/1833 1678/1359/1834 1673/1360/1835 1676/1361/1835
f 1678/1359/1836 1673/1362/1837 1671/1363/1836 1672/1364/1836
f 1671/1365/1838 1672/1364/1839 1675/1366/1840 1674/1367/1838
f 1677/1358/1841 1675/1366/1841 1674/1367/1842 1676/1361/1841
f 1675/1366/1840 1672/1364/1839 1678/1359/1834 1677/1358/1833
l 1534 1536
g 5_Mesh4_0.5_0_0.002_5_Mesh4_0.5_0_0.003
v 1.846533 3.337039 0.618646
v 1.918288 3.316010 0.708388
v 1.805904 3.353229 0.668048
v 1.805904 3.349391 0.712591
v 1.913940 3.267165 0.793386
v 1.913940 3.286559 0.704679
v 2.039948 3.267165 0.793386
v 2.039948 3.286559 0.704679
v 2.117021 3.308664 0.619824
v 2.160661 3.326069 0.666781
v 2.160661 3.322415 0.709194
v 2.160661 3.301634 0.804246
v 2.160661 3.285177 0.849385
v 2.117021 3.249408 0.884435
v 2.039948 3.232930 0.875812
v 1.836866 3.249408 0.884435
v 1.793226 3.285177 0.849385
v 1.793226 3.301634 0.804246
v 1.793226 3.322415 0.709194
v 1.793226 3.326069 0.666781
v 1.836866 3.308664 0.619824
v 2.035599 3.319740 0.619364
v 2.035599 3.316010 0.708388
v 2.107355 3.337039 0.618646
v 2.147983 3.353229 0.668048
v 2.147983 3.349391 0.712591
v 2.147983 3.310283 0.859823
v 2.035600 3.295476 0.802306
v 1.918288 3.295476 0.802306
v 1.805904 3.310283 0.859823
v 1.846533 3.274570 0.897602
v 2.035600 3.259230 0.889574
v 2.107355 3.274570 0.897602
v 1.779561 3.667493 0.420001
v 2.130623 3.705028 0.420001
v 2.169630 3.667493 0.420001
v 2.169630 3.667493 0.500001
v 2.130623 3.705028 0.500001
v 1.779561 3.667493 0.500001
v 1.779561 3.416007 0.500001
v 1.779561 3.416007 0.420001
v 2.079914 3.329676 0.500001
v 2.079914 3.329676 0.420001
v 2.169630 3.416007 0.500001
v 2.169630 3.416007 0.420001
v 2.186541 3.732478 0.068285
v 2.180683 3.754904 0.040001
v 2.152399 3.726620 0.080001
v 2.166541 3.712478 0.080001
v 2.132398 3.706620 0.068285
v 2.138256 3.684194 0.040001
v 2.124114 3.698336 0.040001
v 2.146541 3.692478 0.011716
v 2.132398 3.706620 0.011716
v 2.152399 3.726620 0.000001
v 2.166541 3.712478 0.000001
v 2.186541 3.732478 0.011716
v 2.194825 3.740762 0.040001
v 2.168096 3.751187 0.080001
v 2.168096 3.751187 0.120001
v 2.191108 3.728175 0.080001
v 1.981612 3.569976 0.080001
v 1.981612 3.569976 0.140001
v 2.009896 3.541691 0.080001
v 2.009896 3.541691 0.140001
v 2.191108 3.728175 0.120001
v 1.780679 3.751187 0.120001
v 1.780679 3.751187 0.080001
v 1.757667 3.728175 0.120001
v 1.967163 3.569976 0.140001
v 1.967163 3.569976 0.080001
v 1.938879 3.541691 0.140001
v 1.938879 3.541691 0.080001
v 1.757667 3.728175 0.080001
v 1.753950 3.740762 0.040001
v 1.782234 3.712478 0.080001
v 1.796376 3.726620 0.080001
v 1.802234 3.692478 0.068285
v 1.816376 3.706620 0.068285
v 1.824661 3.698335 0.040001
v 1.816376 3.706620 0.011716
v 1.796376 3.726620 0.000001
v 1.802234 3.692478 0.011716
v 1.782234 3.712478 0.000001
v 1.768092 3.754904 0.040001
v 1.994388 3.588962 0.419904
v 1.994388 3.573270 0.399904
v 1.954387 3.588962 0.419904
v 1.994388 3.306140 0.433115
v 1.994388 3.288557 0.688349
v 1.954387 3.306140 0.433115
v 1.954387 3.293862 0.455784
v 1.994388 3.331741 0.419903
v 1.954387 3.331741 0.419903
v 1.954387 3.288557 0.688349
v 1.954387 3.268557 0.688313
v 1.994388 3.268557 0.688313
v 1.994388 3.294688 0.416718
v 1.994388 3.331741 0.399903
v 1.954387 3.294688 0.416718
v 1.954387 3.573270 0.399904
v 1.954387 3.331741 0.399903
v 1.957671 3.544118 0.150001
v 1.957671 3.544118 0.400001
v 1.974388 3.553769 0.150001
v 1.957671 3.524816 0.150001
v 1.974388 3.515164 0.150001
v 1.957671 3.524816 0.400001
v 1.974388 3.515164 0.400001
v 1.991104 3.524816 0.400001
v 1.991104 3.544118 0.400001
v 1.991104 3.524816 0.150001
v 1.991104 3.544118 0.150001
v 1.974388 3.553769 0.400001
v 2.002672 3.562751 0.150001
v 2.002672 3.506182 0.150001
v 2.002672 3.506182 0.070001
v 1.946103 3.506182 0.070001
v 1.934387 3.534467 0.070001
v 1.946103 3.506182 0.150001
v 1.934387 3.534467 0.150001
v 1.946103 3.562751 0.150001
v 1.946103 3.562751 0.070001
v 2.002672 3.562751 0.070001
v 2.009896 3.527242 0.080001
v 2.009896 3.527242 0.140001
v 2.191108 3.340758 0.080001
v 1.981612 3.498958 0.080001
v 2.168096 3.317747 0.080001
v 1.981612 3.498958 0.140001
v 2.168096 3.317747 0.120001
v 2.191108 3.340758 0.120001
v 1.938879 3.527242 0.140001
v 1.938879 3.527242 0.080001
v 1.757667 3.340758 0.120001
v 1.967163 3.498958 0.140001
v 1.780679 3.317747 0.120001
v 1.967163 3.498958 0.080001
v 1.780679 3.317747 0.080001
v 1.757667 3.340758 0.080001
v 2.138256 3.384740 0.040001
v 2.146541 3.376456 0.068285
v 2.146541 3.376456 0.011716
v 2.132398 3.362314 0.011716
v 2.166541 3.356456 0.000001
v 2.152399 3.342314 0.000001
v 2.186541 3.336456 0.011716
v 2.194825 3.328171 0.040001
v 2.172399 3.322314 0.011716
v 2.180683 3.314029 0.040001
v 2.152399 3.342314 0.080001
v 2.166541 3.356456 0.080001
v 2.132398 3.362314 0.068285
v 1.782234 3.356456 0.080001
v 1.762234 3.336456 0.068285
v 1.796376 3.342314 0.080001
v 1.776376 3.322314 0.068285
v 1.776376 3.322314 0.011716
v 1.796377 3.342314 0.000001
v 1.762234 3.336456 0.011716
v 1.782234 3.356456 0.000001
v 1.824661 3.370598 0.040001
v 1.810519 3.384740 0.040001
v 2.024387 3.292006 0.639084
v 2.008927 3.262025 0.638011
v 1.924387 3.292006 0.639084
v 2.024387 3.289146 0.719033
v 2.008927 3.259165 0.702702
v 1.924387 3.289146 0.719033
v 1.939848 3.259165 0.702702
v 1.939848 3.262025 0.638011
vn -0.9345 0.3502 0.0641
vn -0.9155 0.3870 0.1101
vn -0.4844 -0.7129 -0.5071
vn 0.9094 0.3946 -0.1313
vn 0.1444 0.9430 0.3000
vn 0.9453 0.3069 0.1107
vn 0.1544 -0.9814 -0.1141
vn -0.3975 0.0306 0.9171
vn -0.4873 -0.8421 0.2313
vn -0.1442 -0.9820 -0.1223
vn 0.3996 -0.9064 -0.1371
vn 0.4309 -0.8711 0.2355
vn -0.4858 0.7644 -0.4240
vn -0.2995 -0.4691 -0.8308
vn -0.9149 0.3826 -0.1291
vn -0.1442 0.9426 0.3013
vn 0.9239 0.3784 0.0568
vn 0.1434 0.9822 0.1217
vn 0.9071 0.2999 0.2953
vn 0.4276 -0.8775 0.2170
vn 0.9074 0.2485 0.3389
vn 0.2728 -0.6666 0.6937
vn 0.1693 -0.9681 -0.1845
vn 0.1039 -0.9589 -0.2642
vn 0.6197 -0.7511 -0.2276
vn 0.3061 -0.9489 -0.0766
vn -0.4320 -0.8658 0.2526
vn -0.9238 0.3785 0.0569
vn -0.3997 -0.9063 -0.1371
vn -0.3486 -0.9277 -0.1335
vn 0.8433 0.5152 0.1533
vn 0.9041 0.3238 0.2789
vn 0.1442 -0.9820 -0.1224
vn -0.1449 -0.9427 -0.3005
vn -0.1442 -0.9820 -0.1224
vn -0.4319 -0.8658 0.2527
vn -0.8888 0.2930 0.3523
vn -0.4920 0.5301 0.6906
vn -0.2459 -0.7102 0.6597
vn -0.1256 -0.6640 0.7371
vn -0.1258 -0.6640 0.7371
vn 0.0842 -0.6734 0.7345
vn -0.7035 0.1510 -0.6945
vn -0.6758 -0.1639 0.7187
vn -0.1234 0.2987 0.9463
vn -0.0717 -0.4883 0.8697
vn 0.2136 0.6190 0.7558
vn -0.1427 0.9819 0.1245
vn -0.0166 -0.3152 -0.9489
vn 0.0843 -0.2981 -0.9508
vn -0.3993 0.7834 -0.4762
vn -0.0287 0.9157 -0.4009
vn -0.5090 0.7581 -0.4078
vn 0.4819 0.7707 -0.4169
vn 0.3420 0.1275 -0.9310
vn -0.6681 0.7154 0.2044
vn 0.0384 0.9769 0.2100
vn 0.3197 0.8371 -0.4438
vn -0.6039 -0.7682 -0.2128
vn 0.0351 0.4248 0.9046
vn 0.4804 0.6721 0.5634
vn 0.0296 0.9670 0.2530
vn 0.0479 0.9725 0.2279
vn -0.0064 0.8849 -0.4657
vn 0.1896 -0.9696 0.1544
vn 0.0269 -0.5260 -0.8500
vn -0.6314 -0.7605 0.1513
vn 0.0063 -0.7046 0.7096
vn 0.0223 -0.9871 -0.1587
vn -0.0095 -0.9869 -0.1612
vn -0.1362 -0.9740 -0.1807
vn 0.6595 0.5855 -0.4714
vn 0.3103 -0.9471 -0.0814
vn 0.4830 0.6422 -0.5952
vn 0.4771 0.6109 -0.6319
vn -0.7156 0.3045 -0.6286
vn -0.5644 -0.5735 -0.5938
vn -0.7156 -0.3045 0.6287
vn -0.7169 0.3052 0.6268
vn -0.7156 0.3043 -0.6288
vn -0.7133 -0.3047 -0.6312
vn -0.2398 -0.7433 0.6244
vn -0.2897 -0.7189 -0.6318
vn -0.6895 -0.7002 0.1851
vn 0.6284 -0.6390 -0.4435
vn 0.7155 0.3045 -0.6288
vn 0.5507 -0.5872 0.5933
vn 0.7156 -0.3045 0.6287
vn 0.1063 -0.9943 -0.0000
vn 0.6214 0.4678 0.6285
vn -0.2688 0.7345 0.6231
vn 0.7156 -0.3045 -0.6286
vn -0.2895 0.7189 -0.6319
vn 0.7071 0.7071 -0.0024
vn 0.7071 0.7071 0.0025
vn 0.5576 0.5576 0.6149
vn -0.9608 -0.1883 -0.2033
vn -0.8997 -0.1875 0.3942
vn 0.3185 0.9478 -0.0169
vn -0.2559 -0.6847 -0.6824
vn -0.0717 -0.8045 -0.5896
vn -0.2427 0.9126 -0.3291
vn 0.3897 0.6286 -0.6730
vn 0.3818 -0.8964 -0.2251
vn 0.4462 0.5509 0.7053
vn 0.9346 0.3506 -0.0605
vn 0.5360 0.5518 0.6390
vn -0.1570 -0.2601 0.9527
vn 0.5576 0.5576 -0.6149
vn -0.7412 0.0424 -0.6699
vn -0.7100 0.7039 -0.0210
vn -0.0684 -0.0420 -0.9968
vn -0.0321 -0.0593 -0.9977
vn 0.6950 -0.7188 -0.0198
vn -0.7172 0.6969 -0.0000
vn -0.7168 0.6972 -0.0000
vn 0.6972 -0.7168 -0.0000
vn 0.6969 -0.7172 -0.0005
vn -0.7075 -0.7067 0.0044
vn -0.0000 -0.0000 1.0000
vn -0.7071 -0.7071 -0.0000
vn 0.0542 -0.0543 -0.9971
vn 0.0543 -0.0543 -0.9971
vn 0.0687 -0.0419 -0.9968
vn 0.7189 0.6948 -0.0201
vn 0.7071 -0.7071 0.0044
vn -0.0031 -0.0032 1.0000
vn 0.0068 -0.9442 -0.3293
vn 0.6906 -0.7232 -0.0004
vn -0.6969 -0.7172 -0.0000
vn 0.7172 0.6969 -0.0000
vn 0.7172 0.6969 0.0005
vn 0.7071 -0.7071 -0.0000
vn 0.0599 0.7760 0.6279
vn -0.4864 0.5869 0.6473
vn -0.4602 0.6220 0.6336
vn -0.8391 -0.3953 0.3737
vn -0.5804 0.6691 -0.4642
vn -0.4941 0.6623 -0.5632
vn 0.6915 -0.7069 0.1489
vn 0.1611 -0.2256 -0.9608
vn -0.4418 -0.8914 0.1007
vn 0.1729 -0.1026 -0.9796
vn -0.6572 0.6533 -0.3758
vn 0.0003 0.6486 0.7611
vn -0.0884 0.9906 0.1047
vn -0.9831 0.1282 -0.1309
vn 0.5038 0.8598 0.0827
vn 1.0000 -0.0000 -0.0000
vn -0.1468 -0.7780 0.6109
vn -0.9776 -0.1655 0.1297
vn -0.2128 -0.7690 -0.6028
vn 0.0001 -0.6118 -0.7910
vn -0.0001 -0.6117 -0.7911
vn -0.0037 -0.7311 -0.6822
vn 0.1390 -0.9892 -0.0464
vn 0.1387 -0.9893 -0.0464
vn 0.1152 -0.9922 -0.0476
vn -0.0000 -0.7867 0.6173
vn -0.0000 0.2114 0.9774
vn -0.0000 0.6640 0.7477
vn -0.0000 -0.6117 -0.7911
vn 0.0006 -0.7220 -0.6919
vn 0.0001 0.2112 0.9774
vn -0.0000 0.2112 0.9774
vn -0.8660 -0.5000 -0.0000
vn -0.8660 0.5000 -0.0000
vn -0.0000 1.0000 -0.0000
vn 0.8660 0.5000 -0.0000
vn 0.8660 -0.5000 -0.0000
vn -0.0000 -1.0000 -0.0000
vn 0.5556 -0.8315 -0.0000
vn 0.8020 -0.0860 -0.5910
vn 0.9973 -0.0001 0.0741
vn -0.0002 0.0004 1.0000
vn 0.0003 0.0002 1.0000
vn 0.0148 -0.5594 -0.8288
vn -0.4155 0.9082 -0.0496
vn 0.5556 0.8315 -0.0000
vn 0.4861 0.0423 -0.8729
vn -0.7071 0.7071 -0.0000
vn 0.0031 0.0032 1.0000
vn 0.6969 0.7172 -0.0000
vn -0.6906 0.7232 0.0005
vn -0.0072 0.9442 -0.3293
vn -0.0687 0.0419 -0.9968
vn -0.7172 -0.6969 -0.0000
vn -0.7173 -0.6965 -0.0202
vn -0.7075 0.7067 0.0044
vn -0.0540 0.0545 -0.9971
vn -0.0547 0.0547 -0.9970
vn -0.6969 0.7171 -0.0000
vn -0.6969 0.7172 0.0005
vn -0.6972 0.7168 -0.0000
vn -0.6969 0.7172 -0.0000
vn 0.7071 0.7071 0.0044
vn 0.7073 0.7069 0.0044
vn 0.7172 -0.6969 0.0003
vn 0.7171 -0.6969 -0.0000
vn 0.7172 -0.6969 -0.0000
vn 0.0542 0.0542 -0.9971
vn 0.7072 0.7070 -0.0040
vn 0.7073 0.7069 -0.0040
vn 0.1878 0.9680 0.1663
vn -0.0991 0.0671 -0.9928
vn 0.5212 0.6718 -0.5264
vn 0.7071 0.7071 -0.0000
vn -0.3183 -0.9279 -0.1944
vn 0.6941 -0.4538 0.5587
vn 0.0524 0.0524 0.9973
vn -0.5000 0.5000 0.7071
vn -0.7444 0.6553 -0.1283
vn -0.7071 0.7071 0.0002
vn -0.5517 0.5359 0.6391
vn -0.5480 -0.7578 -0.3542
vn 0.2255 -0.9376 0.2648
vn -0.4404 -0.1536 -0.8846
vn 0.7533 -0.4677 -0.4623
vn 0.2473 0.6489 -0.7196
vn -0.7073 0.7069 0.0004
vn -0.7073 0.7069 -0.0001
vn 0.4999 0.4999 0.7072
vn -0.1379 -0.1380 0.9808
vn -0.1379 -0.1379 -0.9808
vn 0.4999 0.4999 -0.7072
vn 0.7073 -0.7070 0.0003
vn -0.7069 0.7073 -0.0001
vn -0.8889 0.4578 0.0164
vn -0.8900 0.4557 0.0173
vn -0.8916 0.4525 0.0187
vn -0.8531 0.5091 -0.1142
vn -0.7283 0.6747 0.1203
vn 0.0299 0.9939 0.1064
vn -0.0000 -0.0358 0.9994
vn 0.8817 0.4556 -0.1223
vn 0.5056 0.8463 -0.1677
vn 0.8517 0.5080 0.1283
vn 0.0007 0.4796 -0.8775
vt 0.624411 1.380947
vt 0.624411 1.423779
vt 0.633924 1.446547
vt 0.995515 1.643277
vt 0.929609 1.615496
vt 0.995515 1.617284
vt 0.683398 1.380872
vt 0.651809 1.340300
vt 0.683398 1.342230
vt 0.735041 1.380872
vt 0.784516 1.360033
vt 0.784516 1.379552
vt 0.645588 1.476923
vt 0.651809 1.466144
vt 0.623429 1.449978
vt 0.794906 1.617284
vt 0.860813 1.615496
vt 0.794906 1.643277
vt 0.995515 1.564163
vt 0.929609 1.565922
vt 0.995515 1.541112
vt 0.794785 1.355560
vt 0.766630 1.340300
vt 0.735041 1.423194
vt 0.784516 1.446547
vt 0.633924 1.360033
vt 0.633924 1.379552
vt 0.794683 1.380946
vt 0.624412 1.355809
vt 0.647554 1.330240
vt 0.772196 1.330567
vt 0.794683 1.423779
vt 0.860813 1.565922
vt 0.794906 1.564163
vt 0.794907 1.541112
vt 0.683398 1.464128
vt 0.681811 1.474103
vt 0.774161 1.477250
vt 0.766630 1.466144
vt 0.860813 1.663446
vt 0.971689 1.518086
vt 0.818733 1.518086
vt 0.794683 1.452599
vt 0.971689 1.666131
vt 0.818733 1.666131
vt 0.935802 1.357126
vt 0.832754 1.386745
vt 0.805722 1.373122
vt 0.955224 1.332162
vt 0.832754 1.473027
vt 0.966582 1.473027
vt 0.993435 1.486130
vt 0.993709 1.371878
vt 0.966582 1.386745
vt 0.970316 1.512519
vt 0.953200 1.485905
vt 0.805305 1.484722
vt 0.609771 1.406604
vt 0.573614 1.402738
vt 0.573614 1.376837
vt 0.613788 1.376837
vt 0.604548 1.367945
vt 0.613788 1.402738
vt 0.311108 0.995304
vt 0.302740 0.995304
vt 0.354930 0.933477
vt 0.327934 0.922294
vt 0.289756 0.960472
vt 0.354930 0.987468
vt 0.344578 0.995304
vt 0.361313 0.995304
vt 0.352946 0.995304
vt 0.327843 0.995304
vt 0.319475 0.995304
vt 0.300938 0.933477
vt 0.366112 0.960472
vt 0.300938 0.987468
vt 0.294372 0.995304
vt 0.327934 0.998650
vt 0.336211 0.995304
vt 0.565606 1.673136
vt 0.565606 1.543136
vt 0.613428 1.543136
vt 0.613428 1.673136
vt 0.613744 1.542745
vt 0.613744 1.672745
vt 0.572627 1.672745
vt 0.572626 1.542745
vt 0.572626 1.672745
vt 0.613823 1.472118
vt 0.565317 1.472118
vt 0.565317 1.546642
vt 0.613823 1.546642
vt 0.565933 1.605340
vt 0.613533 1.605340
vt 0.613533 1.746716
vt 0.565933 1.746716
vt 0.625309 1.544679
vt 0.766720 1.551284
vt 0.772445 1.543086
vt 0.633155 1.534679
vt 0.785511 1.678884
vt 0.613624 1.487917
vt 0.565712 1.475233
vt 0.613624 1.502647
vt 0.613624 1.624808
vt 0.565712 1.624808
vt 0.565712 1.487917
vt 0.565933 1.463331
vt 0.565933 1.448182
vt 0.613533 1.448182
vt 0.613533 1.463331
vt 0.565933 1.584044
vt 0.613533 1.584044
vt 0.775511 1.678902
vt 0.613624 1.475233
vt 0.726303 1.553889
vt 0.717925 1.553889
vt 0.717925 1.678889
vt 0.726303 1.678889
vt 0.709547 1.553889
vt 0.701169 1.553889
vt 0.701169 1.678889
vt 0.709547 1.678889
vt 0.692792 1.553889
vt 0.692792 1.678889
vt 0.743058 1.553889
vt 0.734680 1.553889
vt 0.734680 1.678889
vt 0.743058 1.678889
vt 0.763434 1.488633
vt 0.763434 1.528633
vt 0.783229 1.528633
vt 0.783229 1.488633
vt 0.672865 1.667435
vt 0.634268 1.667435
vt 0.634268 1.628838
vt 0.653566 1.620844
vt 0.672865 1.628838
vt 0.653566 1.675429
vt 0.644669 1.488633
vt 0.644669 1.528633
vt 0.684258 1.528633
vt 0.684258 1.488633
vt 0.723846 1.488633
vt 0.723846 1.528633
vt 0.624875 1.488633
vt 0.624875 1.528633
vt 0.687449 1.567913
vt 0.687310 1.614840
vt 0.671274 1.567667
vt 0.671207 1.598138
vt 0.678533 1.553589
vt 0.631576 1.553589
vt 0.638836 1.567667
vt 0.638927 1.598138
vt 0.622554 1.567906
vt 0.622824 1.614840
s 1
usemtl 5_Mesh4_0.5_0_0
f 1689/1368/1843 1690/1369/1844 1705/1370/1845
f 1695/1371/1846 1683/1372/1847 1696/1373/1848
f 1701/1374/1849 1702/1375/1850 1700/1376/1851
f 1680/1377/1852 1681/1378/1853 1682/1379/1854
f 1692/1380/1855 1711/1381/1856 1705/1370/1845 1691/1382/1857
f 1690/1383/1844 1685/1384/1858 1691/1385/1857
f 1697/1386/1859 1684/1387/1860 1698/1388/1861
f 1681/1378/1862 1698/1389/1863 1679/1390/1864
f 1680/1377/1865 1707/1391/1866 1708/1392/1867 1682/1379/1868
f 1703/1393/1869 1704/1394/1870 1689/1368/1871
f 1697/1395/1872 1682/1379/1873 1698/1389/1874
f 1701/1374/1875 1680/1377/1876 1707/1391/1877
f 1689/1368/1843 1703/1393/1878 1688/1396/1879
f 1688/1396/1879 1703/1393/1878 1687/1397/1880
f 1703/1393/1881 1687/1397/1882 1702/1375/1850
f 1702/1375/1883 1700/1376/1884 1687/1397/1880
f 1699/1398/1885 1700/1376/1886 1687/1397/1887
f 1699/1398/1885 1698/1389/1888 1679/1390/1889
f 1708/1392/1867 1696/1399/1848 1682/1379/1868
f 1686/1400/1890 1689/1401/1843 1688/1402/1879
f 1705/1370/1845 1708/1392/1867 1707/1391/1866
f 1711/1381/1856 1692/1380/1855 1710/1403/1891
f 1710/1403/1892 1693/1404/1893 1692/1380/1894
f 1693/1404/1895 1694/1405/1896 1709/1406/1897 1710/1403/1891
f 1693/1407/1893 1683/1372/1898 1684/1387/1899 1685/1384/1900
f 1705/1370/1845 1704/1394/1901 1689/1368/1843
f 1690/1369/1844 1691/1382/1857 1705/1370/1845
f 1699/1408/1885 1687/1409/1887 1688/1402/1902
f 1686/1400/1903 1690/1383/1904 1685/1384/1900
f 1699/1408/1885 1688/1402/1902 1686/1400/1903
f 1684/1387/1899 1698/1388/1888 1699/1408/1885
f 1694/1405/1896 1695/1410/1846 1708/1392/1867 1709/1406/1897
f 1693/1407/1893 1694/1411/1905 1683/1372/1898
f 1684/1387/1899 1699/1408/1885 1686/1400/1903
f 1685/1384/1900 1691/1385/1906 1692/1412/1894
f 1684/1387/1899 1686/1400/1903 1685/1384/1900
f 1685/1384/1900 1692/1412/1894 1693/1407/1893
f 1695/1371/1846 1694/1411/1896 1683/1372/1847
f 1701/1374/1849 1703/1393/1881 1702/1375/1850
f 1681/1378/1862 1682/1379/1907 1698/1389/1863
f 1697/1395/1872 1696/1399/1908 1682/1379/1873
f 1699/1398/1885 1679/1390/1889 1700/1376/1886
f 1708/1392/1867 1695/1410/1846 1696/1399/1848
f 1686/1400/1890 1690/1383/1844 1689/1401/1843
f 1703/1393/1909 1704/1394/1901 1705/1370/1845
f 1705/1370/1845 1711/1381/1856 1710/1403/1891
f 1710/1403/1891 1709/1406/1897 1708/1392/1867
f 1679/1390/1864 1700/1376/1910 1701/1374/1911 1681/1378/1862
f 1707/1391/1866 1701/1374/1912 1703/1393/1909
f 1705/1370/1845 1710/1403/1891 1708/1392/1867
f 1707/1391/1866 1703/1393/1909 1705/1370/1845
f 1701/1374/1911 1680/1377/1913 1681/1378/1862
f 1683/1372/1898 1696/1373/1908 1697/1386/1872 1684/1387/1899
f 1720/1413/1914 1718/1414/1915 1719/1415/1916 1721/1416/1917
f 1717/1417/1918 1718/1414/1915 1720/1413/1914 1715/1418/1919
f 1714/1419/1920 1723/1420/1921 1722/1421/1922 1715/1418/1923
f 1714/1419/1920 1715/1418/1923 1713/1422/1924
f 1715/1418/1919 1713/1422/1925 1716/1423/1926
f 1717/1417/1927 1718/1414/1928 1712/1424/1929
f 1712/1424/1930 1719/1415/1916 1718/1414/1915
f 1717/1417/1927 1712/1424/1929 1713/1422/1924 1716/1423/1931
f 1713/1425/1924 1712/1426/1929 1719/1427/1932 1723/1428/1921
f 1719/1427/1932 1721/1429/1933 1723/1428/1921
f 1723/1428/1921 1714/1430/1920 1713/1425/1924
f 1720/1413/1914 1722/1421/1934 1715/1418/1919
f 1715/1418/1919 1716/1423/1926 1717/1417/1918
f 1723/1420/1921 1721/1416/1933 1720/1413/1935 1722/1421/1922
f 1729/1431/1936 1730/1431/1937 1731/1432/1938
f 1735/1433/1939 1734/1434/1940 1729/1435/1941 1724/1436/1942
f 1725/1437/1943 1734/1438/1940 1735/1439/1939
f 1727/1440/1944 1728/1441/1945 1726/1440/1946
f 1732/1432/1947 1730/1431/1948 1731/1432/1949
f 1732/1442/1947 1733/1434/1950 1725/1443/1943 1728/1444/1945
f 1733/1445/1950 1732/1432/1947 1731/1432/1949 1734/1445/1940
f 1729/1431/1936 1728/1441/1951 1730/1431/1937
f 1728/1444/1945 1730/1435/1948 1732/1442/1947
f 1725/1443/1943 1726/1446/1946 1728/1444/1945
f 1735/1439/1939 1736/1437/1952 1725/1437/1943
f 1725/1437/1943 1733/1438/1950 1734/1438/1940
f 1727/1440/1944 1729/1431/1941 1728/1441/1945
f 1736/1437/1952 1724/1447/1942 1727/1440/1944
f 1734/1434/1940 1731/1442/1949 1729/1435/1941
f 1729/1435/1941 1727/1446/1944 1724/1436/1942
f 1724/1436/1942 1736/1443/1952 1735/1433/1939
f 1726/1440/1946 1725/1437/1943 1736/1437/1952 1727/1440/1944
f 1743/1448/1953 1744/1449/1954 1738/1450/1955 1741/1451/1956
f 1744/1452/1954 1743/1453/1953 1742/1454/1957 1739/1455/1958
f 1740/1456/1959 1741/1453/1956 1738/1452/1955 1737/1455/1960
f 1737/1450/1961 1740/1451/1962 1742/1448/1962 1739/1449/1961
f 1737/1457/1961 1739/1458/1961 1744/1459/1963 1738/1460/1963
f 1748/1448/1964 1745/1449/1965 1747/1450/1966 1750/1451/1967
f 1752/1450/1968 1751/1451/1962 1749/1448/1969 1746/1449/1970
f 1745/1452/1971 1746/1455/1970 1749/1454/1969 1748/1453/1972
f 1751/1456/1973 1750/1453/1967 1747/1452/1966 1752/1455/1974
f 1745/1459/1971 1747/1460/1975 1752/1457/1968 1746/1458/1970
f 1762/1445/1976 1761/1432/1977 1759/1432/1978 1760/1445/1979
f 1761/1432/1977 1756/1441/1980 1757/1441/1981 1759/1432/1978
f 1753/1443/1982 1754/1446/1983 1756/1444/1980 1761/1442/1977
f 1763/1437/1984 1753/1437/1982 1762/1438/1976 1760/1438/1979
f 1754/1440/1983 1755/1440/1985 1757/1441/1981 1756/1441/1980
f 1763/1437/1984 1755/1440/1985 1754/1440/1983 1753/1437/1982
f 1761/1442/1977 1762/1434/1976 1753/1443/1982
f 1758/1435/1986 1757/1444/1981 1755/1446/1985
f 1760/1434/1979 1759/1442/1978 1758/1435/1986
f 1757/1441/1981 1758/1431/1986 1759/1432/1978
f 1755/1446/1985 1763/1443/1984 1760/1434/1979 1758/1435/1986
f 1778/1461/1987 1776/1462/1988 1775/1463/1989 1774/1464/1990
f 1766/1465/1991 1769/1466/1991 1778/1467/1991 1779/1468/1991
f 1776/1467/1988 1765/1468/1992 1764/1465/1993 1767/1466/1994
f 1778/1467/1991 1769/1466/1991 1774/1469/1991
f 1769/1470/1995 1771/1471/1996 1770/1472/1997
f 1770/1472/1998 1773/1473/1999 1768/1474/2000 1767/1475/1994
f 1779/1476/2001 1766/1477/2001 1764/1478/1993 1765/1479/1992
f 1778/1461/1987 1780/1480/2002 1777/1481/2003 1776/1462/1988
f 1767/1466/1994 1768/1482/2000 1775/1469/1989
f 1767/1466/1994 1775/1469/1989 1776/1467/1988
f 1769/1466/1991 1773/1482/1991 1774/1469/1991
f 1769/1470/1995 1772/1483/2004 1771/1471/1996
f 1771/1471/1996 1767/1475/2005 1770/1472/1997
f 1765/1479/1962 1779/1476/1962 1780/1480/2006 1777/1481/2007
f 1791/1484/2008 1790/1485/2009 1788/1486/2009 1789/1487/2008
f 1785/1488/2010 1784/1489/2011 1786/1490/2011 1787/1491/2010
f 1790/1485/2009 1785/1488/2010 1787/1491/2010 1788/1486/2009
f 1786/1490/2011 1784/1489/2011 1781/1492/2012 1782/1493/2012
f 1781/1494/2012 1783/1495/2013 1792/1496/2013 1782/1497/2012
f 1783/1495/2013 1791/1484/2008 1789/1487/2008 1792/1496/2013
f 1801/1498/2014 1800/1499/2015 1799/1500/2016 1797/1501/1991
f 1802/1502/1962 1795/1503/2017 1796/1504/2018 1797/1505/1962
f 1800/1502/2015 1793/1506/2019 1794/1504/2020 1799/1507/2016
f 1796/1508/2021 1798/1509/2022 1794/1510/2020 1795/1511/2023
f 1802/1512/1963 1795/1511/2023 1794/1510/2020 1793/1513/2019
f 1793/1513/2019 1800/1499/2015 1801/1498/2014 1802/1512/1963
f 1794/1504/2020 1798/1503/2022 1799/1507/2016
f 1797/1505/1962 1801/1506/1962 1802/1502/1962
f 1796/1508/2021 1797/1514/1991 1799/1515/2016 1798/1509/2022
f 1806/1454/2024 1808/1453/2025 1809/1452/2026 1807/1455/2027
f 1810/1452/2028 1805/1455/2029 1803/1456/2029 1804/1453/2030
f 1803/1451/1962 1806/1448/2024 1807/1449/2027 1805/1450/2031
f 1810/1450/2028 1804/1451/2030 1808/1448/2032 1809/1449/2033
f 1805/1457/2031 1807/1458/2027 1809/1459/2026 1810/1460/2023
f 1815/1452/2034 1817/1455/2035 1816/1456/2036 1814/1453/2037
f 1812/1448/1962 1818/1449/2038 1817/1450/2039 1816/1451/1962
f 1812/1454/2040 1818/1455/2041 1813/1452/2042 1811/1453/2041
f 1811/1448/2043 1814/1451/2043 1815/1450/2044 1813/1449/2045
f 1813/1459/2045 1815/1460/2044 1817/1457/2039 1818/1458/2038
f 1828/1443/2046 1829/1446/2047 1831/1444/2048 1824/1434/2049
f 1821/1432/2050 1822/1432/2051 1824/1445/1962 1823/1445/2052
f 1825/1439/2053 1826/1437/2054 1828/1437/2046
f 1827/1439/2053 1828/1437/2055 1825/1439/2056
f 1822/1432/2051 1819/1431/2057 1820/1441/2058
f 1826/1443/1963 1830/1446/2059 1820/1444/2058 1821/1442/2050
f 1830/1440/2059 1831/1441/2060 1820/1441/2058
f 1829/1440/2047 1830/1440/2061 1831/1441/2048
f 1824/1438/1962 1827/1439/2053 1825/1439/2056 1823/1438/2052
f 1823/1434/2052 1825/1433/2056 1826/1443/1963
f 1820/1444/2058 1819/1435/2057 1821/1442/2050
f 1821/1442/2050 1823/1434/2052 1826/1443/1963
f 1820/1441/2058 1831/1441/2060 1822/1432/2051
f 1822/1432/2051 1821/1432/2050 1819/1431/2057
f 1831/1444/2048 1822/1442/2049 1824/1434/2049
f 1824/1434/2049 1827/1433/2049 1828/1443/2046
f 1829/1440/2047 1828/1437/2046 1826/1437/2054 1830/1440/2061
f 1836/1433/2023 1837/1434/2062 1840/1435/2063 1834/1446/2023
f 1838/1439/2064 1836/1439/2064 1837/1438/2065 1839/1438/2065
f 1841/1431/1963 1840/1431/1963 1834/1440/2066 1832/1440/2066
f 1834/1440/2066 1835/1447/2067 1833/1447/2067 1832/1440/2066
f 1833/1436/1975 1832/1446/2068 1841/1435/1975 1839/1434/1975
f 1839/1434/1975 1838/1433/1975 1833/1436/1975
f 1834/1446/2023 1835/1436/2069 1836/1433/2023
f 1840/1431/1963 1841/1431/1963 1839/1445/2065 1837/1445/2065
f 1842/1516/2070 1845/1517/2071 1843/1518/2072
f 1845/1517/2073 1843/1518/2074 1846/1519/2075
f 1842/1520/2076 1844/1521/2077 1849/1522/2078 1843/1518/2074
f 1848/1523/2079 1849/1522/2078 1844/1524/2077 1847/1525/2080
f 1847/1525/2080 1845/1517/2073 1846/1519/2075 1848/1523/2079
f 1843/1518/2074 1849/1522/2078 1848/1523/2079 1846/1519/2075
l 1706 1711
