# Blender 5.1.1
# www.blender.org
mtllib iwatodai_streets.mtl
g 5_BaseWeight(26)_1_0_0_5_BaseWeight(26)_1_0_0
v 186.553726 170.144196 14.499287
v 388.561249 170.144196 14.499287
v 388.561249 170.144196 34.943432
v 186.553726 170.144196 34.943432
v 186.553726 170.144196 34.943432
v 388.561249 170.144196 34.943432
v 388.561249 211.032471 34.943432
v 186.553726 211.032471 34.943432
v 186.553726 211.032471 34.943432
v 388.561249 211.032471 34.943432
v 388.561249 211.032471 55.387566
v 186.553726 211.032471 55.387566
v 186.553726 211.032471 55.387566
v 388.561249 211.032471 55.387566
v 388.561249 251.920746 55.387566
v 186.553726 251.920746 55.387566
v 186.553726 251.920746 55.387566
v 388.561249 251.920746 55.387566
v 388.561249 251.920746 75.831703
v 186.553726 251.920746 75.831703
v 186.553726 251.920746 75.831703
v 388.561249 251.920746 75.831703
v 388.561249 292.809021 75.831703
v 186.553726 292.809021 75.831703
v 186.553726 292.809021 75.831703
v 388.561249 292.809021 75.831703
v 388.561249 292.809021 96.275841
v 186.553726 292.809021 96.275841
v 186.553726 292.809021 96.275841
v 388.561249 292.809021 96.275841
v 388.561249 333.697235 96.275841
v 186.553726 333.697235 96.275841
v 186.553726 333.697235 96.275841
v 388.561249 333.697235 96.275841
v 388.561249 333.697235 114.828903
v 186.553726 333.697235 114.828903
v 186.553726 333.697235 114.828903
v 388.561249 333.697235 114.828903
v 388.561249 354.141388 114.828903
v 186.553726 354.141388 114.828903
v 388.561249 440.867462 114.828903
v 186.553726 440.867462 114.828903
v -15.454391 440.867462 114.828903
v -15.454391 354.141388 114.828903
v -15.454391 170.144196 14.499287
v -15.454391 170.144196 34.943432
v -15.454391 170.144196 34.943432
v -15.454391 211.032471 34.943432
v -15.454391 211.032471 34.943432
v -15.454391 211.032471 55.387566
v -15.454391 211.032471 55.387566
v -15.454391 251.920746 55.387566
v -15.454391 251.920746 55.387566
v -15.454391 251.920746 75.831703
v -15.454391 251.920746 75.831703
v -15.454391 292.809021 75.831703
v -15.454391 292.809021 75.831703
v -15.454391 292.809021 96.275841
v -15.454391 292.809021 96.275841
v -15.454391 333.697235 96.275841
v -15.454391 333.697235 96.275841
v -15.454391 333.697235 114.828903
v -15.454391 333.697235 114.828903
vn -0.0000 -1.0000 -0.0000
vn -0.0000 -0.0000 1.0000
vt 1.000782 0.156215
vt -0.004566 0.156215
vt -0.004566 0.208698
vt 1.000782 0.208698
vt 1.000782 0.309536
vt -0.004566 0.309536
vt 0.001634 0.191537
vt 1.006983 0.191537
vt 0.001634 0.300384
vt 1.006983 0.300384
vt 1.006983 0.191631
vt 0.001634 0.191631
vt 0.001634 0.350357
vt 1.006983 0.350357
vt 0.001634 0.460285
vt 1.006983 0.460285
vt 0.001634 0.588637
vt 1.006983 0.588637
vt 0.001634 0.694386
vt 1.006983 0.694386
vt 1.006983 0.588688
vt 0.001634 0.588688
vt 0.001634 0.743953
vt 1.006983 0.743953
vt 1.006983 0.793179
vt 0.001634 0.793179
vt 0.009257 0.423857
vt 0.971215 0.423857
vt 0.971215 0.158187
vt 0.009257 0.158187
vt -0.004567 0.156215
vt -0.004567 0.208698
vt -0.004567 0.309536
vt 0.001634 0.191537
vt 0.001634 0.191631
vt 0.001634 0.300384
vt 0.001634 0.350357
vt 0.001634 0.460285
vt 0.001634 0.588637
vt 0.001634 0.694386
vt 0.001634 0.588688
vt 0.001634 0.743953
vt 0.001634 0.793179
s 1
usemtl 5_BaseWeight(26)_1_0_0
f 1/1/1 2/2/1 3/3/1
f 1/1/1 3/3/1 4/4/1
f 5/3/2 6/4/2 7/5/2
f 5/3/2 7/5/2 8/6/2
f 9/5/1 10/6/1 11/7/1
f 9/5/1 11/7/1 12/8/1
f 13/9/2 14/10/2 15/11/2
f 13/9/2 15/11/2 16/12/2
f 17/10/1 18/9/1 19/13/1
f 17/10/1 19/13/1 20/14/1
f 21/15/2 22/16/2 23/14/2
f 21/15/2 23/14/2 24/13/2
f 25/16/1 26/15/1 27/17/1
f 25/16/1 27/17/1 28/18/1
f 29/19/2 30/20/2 31/21/2
f 29/19/2 31/21/2 32/22/2
f 33/20/1 34/19/1 35/23/1
f 33/20/1 35/23/1 36/24/1
f 37/23/2 38/24/2 39/25/2
f 37/23/2 39/25/2 40/26/2
f 40/27/2 39/28/2 41/29/2
f 40/27/2 41/29/2 42/30/2
f 42/30/2 43/29/2 44/28/2
f 42/30/2 44/28/2 40/27/2
f 45/31/1 1/1/1 4/4/1
f 45/31/1 4/4/1 46/32/1
f 47/4/2 5/32/2 8/33/2
f 47/4/2 8/33/2 48/5/2
f 49/33/1 9/5/1 12/8/1
f 49/33/1 12/8/1 50/34/1
f 51/11/2 13/35/2 16/36/2
f 51/11/2 16/36/2 52/10/2
f 53/36/1 17/10/1 20/14/1
f 53/36/1 20/14/1 54/37/1
f 55/16/2 21/38/2 24/37/2
f 55/16/2 24/37/2 56/14/2
f 57/38/1 25/16/1 28/18/1
f 57/38/1 28/18/1 58/39/1
f 59/20/2 29/40/2 32/41/2
f 59/20/2 32/41/2 60/21/2
f 61/40/1 33/20/1 36/24/1
f 61/40/1 36/24/1 62/42/1
f 63/24/2 37/42/2 40/43/2
f 63/24/2 40/43/2 44/25/2
g Atomic0.005_meshId0_name.002
v 187.581100 444.335297 415.446045
v 187.581100 444.335297 265.446045
v 187.581100 438.335297 415.446045
v 187.581100 444.335297 265.446045
v 187.581100 438.335297 265.446045
v 187.581100 438.335297 415.446045
v 187.581100 438.335297 265.446045
v 187.581100 444.335297 265.446045
v 187.581100 438.335297 115.446060
v 187.581100 444.335297 265.446045
v 187.581100 444.335297 115.446060
v 187.581100 438.335297 115.446060
v 196.772934 430.723724 257.704651
v 196.772934 430.723724 187.704666
v 196.772934 427.723724 257.704651
v 196.772934 430.723724 187.704666
v 196.772934 427.723724 187.704666
v 196.772934 427.723724 257.704651
v 196.772934 427.723724 257.704651
v 196.772934 427.723724 187.704666
v 199.371017 426.223785 257.704651
v 196.772934 427.723724 187.704666
v 199.371017 426.223785 187.704666
v 199.371017 426.223785 257.704651
v 199.371017 426.223785 257.704651
v 199.371017 426.223785 187.704666
v 201.969101 427.723724 257.704651
v 199.371017 426.223785 187.704666
v 201.969101 427.723724 187.704666
v 201.969101 427.723724 257.704651
v 201.969101 427.723724 257.704651
v 201.969101 427.723724 187.704666
v 201.969101 430.723724 257.704651
v 201.969101 427.723724 187.704666
v 201.969101 430.723724 187.704666
v 201.969101 430.723724 257.704651
v 201.969101 430.723724 257.704651
v 201.969101 430.723724 187.704666
v 199.371017 432.223724 257.704651
v 201.969101 430.723724 187.704666
v 199.371017 432.223724 187.704666
v 199.371017 432.223724 257.704651
v 199.371017 432.223724 257.704651
v 199.371017 432.223724 187.704666
v 196.772934 430.723724 257.704651
v 199.371017 432.223724 187.704666
v 196.772934 430.723724 187.704666
v 196.772934 430.723724 257.704651
v 197.871017 438.335297 246.743561
v 197.871017 438.335297 243.743561
v 197.871017 431.680389 246.743561
v 197.871017 438.335297 243.743561
v 197.871017 431.680389 243.743561
v 197.871017 431.680389 246.743561
v 197.871017 438.335297 200.704681
v 197.871017 438.335297 197.704666
v 197.871017 431.680389 200.704681
v 197.871017 438.335297 197.704666
v 197.871017 431.680389 197.704666
v 197.871017 431.680389 200.704681
v 197.871017 438.335297 246.743561
v 197.871017 431.680389 246.743561
v 200.871017 438.335297 246.743561
v 197.871017 431.680389 246.743561
v 200.871017 431.680389 246.743561
v 200.871017 438.335297 246.743561
v 197.871017 438.335297 200.704681
v 197.871017 431.680389 200.704681
v 200.871017 438.335297 200.704681
v 197.871017 431.680389 200.704681
v 200.871017 431.680389 200.704681
v 200.871017 438.335297 200.704681
v 337.581116 438.335297 115.446060
v 337.581116 444.335297 115.446060
v 337.581116 438.335297 265.446045
v 337.581116 444.335297 115.446060
v 337.581116 444.335297 265.446045
v 337.581116 438.335297 265.446045
v 337.581116 444.335297 265.446045
v 337.581116 444.335297 415.446045
v 337.581116 438.335297 265.446045
v 337.581116 438.335297 265.446045
v 337.581116 444.335297 415.446045
v 337.581116 438.335297 415.446045
v 196.772934 427.723724 257.704651
v 199.371017 426.223785 257.704651
v 196.772934 430.723724 257.704651
v 196.772934 430.723724 257.704651
v 199.371017 426.223785 257.704651
v 199.371017 432.223724 257.704651
v 199.371017 426.223785 257.704651
v 201.969101 427.723724 257.704651
v 199.371017 432.223724 257.704651
v 199.371017 432.223724 257.704651
v 201.969101 427.723724 257.704651
v 201.969101 430.723724 257.704651
v 200.871017 431.680389 246.743561
v 200.871017 431.680389 243.743561
v 200.871017 438.335297 246.743561
v 200.871017 431.680389 243.743561
v 200.871017 438.335297 243.743561
v 200.871017 438.335297 246.743561
v 200.871017 431.680389 200.704681
v 200.871017 431.680389 197.704666
v 200.871017 438.335297 200.704681
v 200.871017 431.680389 197.704666
v 200.871017 438.335297 197.704666
v 200.871017 438.335297 200.704681
v 187.581100 438.335297 415.446045
v 337.581116 438.335297 415.446045
v 187.581100 444.335297 415.446045
v 337.581116 438.335297 415.446045
v 337.581116 444.335297 415.446045
v 187.581100 444.335297 415.446045
v 187.581100 438.335297 265.446045
v 337.581116 438.335297 265.446045
v 187.581100 438.335297 415.446045
v 337.581116 438.335297 265.446045
v 337.581116 438.335297 415.446045
v 187.581100 438.335297 415.446045
v 187.581100 438.335297 265.446045
v 187.581100 438.335297 115.446060
v 337.581116 438.335297 265.446045
v 187.581100 438.335297 115.446060
v 337.581116 438.335297 115.446060
v 337.581116 438.335297 265.446045
vn -1.0000 -0.0000 -0.0000
vn -0.8660 0.5000 -0.0000
vn -0.8660 -0.5000 -0.0000
vn -0.0000 -1.0000 -0.0000
vn 0.8660 -0.5000 -0.0000
vn 0.8660 0.5000 -0.0000
vn -0.0000 1.0000 -0.0000
vn -0.0000 -0.0000 1.0000
vn 1.0000 -0.0000 -0.0000
vt 0.524000 0.998000
vt 0.524000 0.499000
vt 0.502325 0.998000
vt 0.502325 0.499000
vt 0.502325 0.000000
vt 0.524000 0.000000
vt 0.645760 0.225399
vt 0.645760 0.000811
vt 0.628763 0.225399
vt 0.628763 0.000811
vt 0.615226 0.225399
vt 0.615226 0.000811
vt 0.661599 0.225399
vt 0.661599 0.000811
vt 0.621602 0.286641
vt 0.621602 0.270826
vt 0.653829 0.286641
vt 0.653829 0.270826
vt 0.621602 0.299898
vt 0.653829 0.299898
vt 0.627105 0.251536
vt 0.615979 0.240524
vt 0.649358 0.251536
vt 0.660484 0.240524
vt 0.627105 0.229512
vt 0.649358 0.229512
vt 0.524000 0.558291
vt 0.524000 0.059790
vt 0.502325 0.558291
vt 0.502325 0.059790
vt 0.003958 0.499000
vt 0.003958 0.998000
vt 0.003958 0.000000
s 0
usemtl 01___Default.002
f 64/44/3 65/45/3 66/46/3
f 67/45/3 68/47/3 69/46/3
f 70/47/3 71/45/3 72/48/3
f 73/45/3 74/49/3 75/48/3
s 1
f 76/50/4 77/51/4 78/52/5
f 79/51/4 80/53/5 81/52/5
f 82/52/5 83/53/5 84/54/6
f 85/53/5 86/55/6 87/54/6
f 88/54/6 89/55/6 90/52/7
f 91/55/6 92/53/7 93/52/7
f 94/52/7 95/53/7 96/50/8
f 97/53/7 98/51/8 99/50/8
f 100/50/8 101/51/8 102/56/9
f 103/51/8 104/57/9 105/56/9
f 106/56/9 107/57/9 108/50/4
f 109/57/9 110/51/4 111/50/4
s 0
f 112/58/3 113/59/3 114/60/3
f 115/59/3 116/61/3 117/60/3
f 118/58/3 119/59/3 120/60/3
f 121/59/3 122/61/3 123/60/3
f 124/58/10 125/60/10 126/62/10
f 127/60/10 128/63/10 129/62/10
f 130/58/10 131/60/10 132/62/10
f 133/60/10 134/63/10 135/62/10
f 136/48/11 137/49/11 138/47/11
f 139/49/11 140/45/11 141/47/11
f 142/45/11 143/44/11 144/47/11
f 145/47/11 146/44/11 147/46/11
f 148/64/10 149/65/10 150/66/10
f 151/66/10 152/65/10 153/67/10
f 154/65/10 155/68/10 156/67/10
f 157/67/10 158/68/10 159/69/10
f 160/60/11 161/61/11 162/58/11
f 163/61/11 164/59/11 165/58/11
f 166/60/11 167/61/11 168/58/11
f 169/61/11 170/59/11 171/58/11
f 172/70/10 173/71/10 174/72/10
f 175/71/10 176/73/10 177/72/10
f 178/74/6 179/47/6 180/75/6
f 181/47/6 182/46/6 183/75/6
f 184/74/6 185/76/6 186/47/6
f 187/76/6 188/48/6 189/47/6
g Atomic1.001_meshId1_name.001
v 37.581024 444.335297 115.446060
v 37.581024 438.335297 115.446060
v 37.581024 444.335297 265.446045
v 37.581024 438.335297 115.446060
v 37.581024 438.335297 265.446045
v 37.581024 444.335297 265.446045
v 37.581024 438.335297 265.446045
v 37.581024 438.335236 415.446045
v 37.581024 444.335297 265.446045
v 37.581024 444.335297 265.446045
v 37.581024 438.335236 415.446045
v 37.581024 444.335236 415.446045
v 173.193024 430.723724 187.704666
v 173.193024 427.723724 187.704666
v 173.193024 430.723724 257.704651
v 173.193024 430.723724 257.704651
v 173.193024 427.723724 187.704666
v 173.193024 427.723724 257.704651
v 173.193024 427.723724 187.704666
v 175.791107 426.223785 187.704666
v 173.193024 427.723724 257.704651
v 173.193024 427.723724 257.704651
v 175.791107 426.223785 187.704666
v 175.791107 426.223785 257.704651
v 175.791107 426.223785 187.704666
v 178.389191 427.723724 187.704666
v 175.791107 426.223785 257.704651
v 175.791107 426.223785 257.704651
v 178.389191 427.723724 187.704666
v 178.389191 427.723724 257.704651
v 178.389191 427.723724 187.704666
v 178.389191 430.723724 187.704666
v 178.389191 427.723724 257.704651
v 178.389191 427.723724 257.704651
v 178.389191 430.723724 187.704666
v 178.389191 430.723724 257.704651
v 178.389191 430.723724 187.704666
v 175.791107 432.223724 187.704666
v 178.389191 430.723724 257.704651
v 178.389191 430.723724 257.704651
v 175.791107 432.223724 187.704666
v 175.791107 432.223724 257.704651
v 175.791107 432.223724 187.704666
v 173.193024 430.723724 187.704666
v 175.791107 432.223724 257.704651
v 175.791107 432.223724 257.704651
v 173.193024 430.723724 187.704666
v 173.193024 430.723724 257.704651
v 173.848434 436.335297 277.438599
v 172.910919 436.335297 274.438599
v 177.264740 436.335297 277.438599
v 177.264740 436.335297 277.438599
v 172.910919 436.335297 274.438599
v 178.202271 436.335297 274.438599
v 172.910919 436.335297 274.438599
v 173.848434 436.335297 271.438599
v 178.202271 436.335297 274.438599
v 178.202271 436.335297 274.438599
v 173.848434 436.335297 271.438599
v 177.264740 436.335297 271.438599
v 173.848434 436.335297 174.197540
v 172.910919 436.335297 171.197540
v 177.264740 436.335297 174.197540
v 177.264740 436.335297 174.197540
v 172.910919 436.335297 171.197540
v 178.202271 436.335297 171.197540
v 172.910919 436.335297 171.197540
v 173.848434 436.335297 168.197540
v 178.202271 436.335297 171.197540
v 178.202271 436.335297 171.197540
v 173.848434 436.335297 168.197540
v 177.264740 436.335297 168.197540
v 187.581024 438.335236 415.446045
v 187.581024 438.335297 265.446045
v 187.581024 444.335236 415.446045
v 187.581024 444.335236 415.446045
v 187.581024 438.335297 265.446045
v 187.581024 444.335297 265.446045
v 187.581024 444.335297 265.446045
v 187.581024 438.335297 265.446045
v 187.581024 444.335297 115.446060
v 187.581024 438.335297 265.446045
v 187.581024 438.335297 115.446060
v 187.581024 444.335297 115.446060
v 37.581024 444.335236 415.446045
v 37.581024 438.335236 415.446045
v 187.581024 444.335236 415.446045
v 37.581024 438.335236 415.446045
v 187.581024 438.335236 415.446045
v 187.581024 444.335236 415.446045
v 37.581024 438.335236 415.446045
v 37.581024 438.335297 265.446045
v 187.581024 438.335236 415.446045
v 37.581024 438.335297 265.446045
v 187.581024 438.335297 265.446045
v 187.581024 438.335236 415.446045
v 37.581024 438.335297 115.446060
v 187.581024 438.335297 115.446060
v 37.581024 438.335297 265.446045
v 187.581024 438.335297 115.446060
v 187.581024 438.335297 265.446045
v 37.581024 438.335297 265.446045
v 171.863220 438.335358 274.438599
v 172.910919 436.335297 274.438599
v 173.113251 438.335358 278.438599
v 172.910919 436.335297 274.438599
v 173.848434 436.335297 277.438599
v 173.113251 438.335358 278.438599
v 171.863220 438.335358 171.197540
v 172.910919 436.335297 171.197540
v 173.113251 438.335358 175.197540
v 172.910919 436.335297 171.197540
v 173.848434 436.335297 174.197540
v 173.113251 438.335358 175.197540
v 172.910919 436.335297 274.438599
v 171.863220 438.335358 274.438599
v 173.848434 436.335297 271.438599
v 171.863220 438.335358 274.438599
v 173.113251 438.335358 270.438599
v 173.848434 436.335297 271.438599
v 172.910919 436.335297 171.197540
v 171.863220 438.335358 171.197540
v 173.848434 436.335297 168.197540
v 171.863220 438.335358 171.197540
v 173.113251 438.335358 167.197540
v 173.848434 436.335297 168.197540
v 173.193024 430.723724 257.704651
v 173.193024 427.723724 257.704651
v 175.791107 432.223724 257.704651
v 173.193024 427.723724 257.704651
v 175.791107 426.223785 257.704651
v 175.791107 432.223724 257.704651
v 175.791107 432.223724 257.704651
v 175.791107 426.223785 257.704651
v 178.389191 430.723724 257.704651
v 175.791107 426.223785 257.704651
v 178.389191 427.723724 257.704651
v 178.389191 430.723724 257.704651
v 174.291107 431.680328 246.743561
v 174.291107 438.335297 246.743561
v 174.291107 431.680328 243.743561
v 174.291107 438.335297 246.743561
v 174.291107 438.335297 243.743561
v 174.291107 431.680328 243.743561
v 174.291107 431.680389 200.704681
v 174.291107 438.335297 200.704681
v 174.291107 431.680389 197.704666
v 174.291107 438.335297 200.704681
v 174.291107 438.335297 197.704666
v 174.291107 431.680389 197.704666
v 173.848434 436.335297 271.438599
v 173.113251 438.335358 270.438599
v 177.264740 436.335297 271.438599
v 173.113251 438.335358 270.438599
v 177.999924 438.335358 270.438599
v 177.264740 436.335297 271.438599
v 173.848434 436.335297 168.197540
v 173.113251 438.335358 167.197540
v 177.264740 436.335297 168.197540
v 173.113251 438.335358 167.197540
v 177.999924 438.335358 167.197540
v 177.264740 436.335297 168.197540
v 173.113251 438.335358 278.438599
v 173.848434 436.335297 277.438599
v 177.999924 438.335358 278.438599
v 173.848434 436.335297 277.438599
v 177.264740 436.335297 277.438599
v 177.999924 438.335358 278.438599
v 173.113251 438.335358 175.197540
v 173.848434 436.335297 174.197540
v 177.999924 438.335358 175.197540
v 173.848434 436.335297 174.197540
v 177.264740 436.335297 174.197540
v 177.999924 438.335358 175.197540
v 174.291107 431.680328 246.743561
v 177.291092 431.680328 246.743561
v 174.291107 438.335297 246.743561
v 177.291092 431.680328 246.743561
v 177.291092 438.335297 246.743561
v 174.291107 438.335297 246.743561
v 174.291107 431.680389 200.704681
v 177.291092 431.680389 200.704681
v 174.291107 438.335297 200.704681
v 177.291092 431.680389 200.704681
v 177.291092 438.335297 200.704681
v 174.291107 438.335297 200.704681
v 177.291092 438.335297 246.743561
v 177.291092 431.680328 246.743561
v 177.291092 438.335297 243.743561
v 177.291092 431.680328 246.743561
v 177.291092 431.680328 243.743561
v 177.291092 438.335297 243.743561
v 177.291092 438.335297 200.704681
v 177.291092 431.680389 200.704681
v 177.291092 438.335297 197.704666
v 177.291092 431.680389 200.704681
v 177.291092 431.680389 197.704666
v 177.291092 438.335297 197.704666
v 177.264740 436.335297 271.438599
v 177.999924 438.335358 270.438599
v 178.202271 436.335297 274.438599
v 177.999924 438.335358 270.438599
v 179.249954 438.335358 274.438599
v 178.202271 436.335297 274.438599
v 177.264740 436.335297 168.197540
v 177.999924 438.335358 167.197540
v 178.202271 436.335297 171.197540
v 177.999924 438.335358 167.197540
v 179.249954 438.335358 171.197540
v 178.202271 436.335297 171.197540
v 177.999924 438.335358 278.438599
v 177.264740 436.335297 277.438599
v 179.249954 438.335358 274.438599
v 177.264740 436.335297 277.438599
v 178.202271 436.335297 274.438599
v 179.249954 438.335358 274.438599
v 177.999924 438.335358 175.197540
v 177.264740 436.335297 174.197540
v 179.249954 438.335358 171.197540
v 177.264740 436.335297 174.197540
v 178.202271 436.335297 171.197540
v 179.249954 438.335358 171.197540
vn -1.0000 -0.0000 -0.0000
vn -0.8660 0.5000 -0.0000
vn -0.8660 -0.5000 -0.0000
vn -0.0000 -1.0000 -0.0000
vn 0.8660 -0.5000 -0.0000
vn 0.8660 0.5000 -0.0000
vn -0.0000 1.0000 -0.0000
vn 1.0000 -0.0000 -0.0000
vn -0.0000 -0.0000 1.0000
vn -0.8537 -0.4472 0.2668
vn -0.8537 -0.4472 -0.2668
vn -0.0000 -0.4472 -0.8944
vn -0.0000 -0.4472 0.8944
vn 0.8537 -0.4472 -0.2668
vn 0.8537 -0.4472 0.2668
vt 0.524000 0.000000
vt 0.502325 0.000000
vt 0.524000 0.499000
vt 0.502325 0.499000
vt 0.502325 0.998000
vt 0.524000 0.998000
vt 0.645760 0.000811
vt 0.628763 0.000811
vt 0.645760 0.225399
vt 0.628763 0.225399
vt 0.615226 0.000811
vt 0.615226 0.225399
vt 0.661599 0.000811
vt 0.661599 0.225399
vt 0.620794 0.355920
vt 0.615001 0.333578
vt 0.643443 0.355920
vt 0.649236 0.333578
vt 0.620778 0.311274
vt 0.643334 0.311274
vt 0.502325 0.059790
vt 0.524000 0.059790
vt 0.502325 0.558291
vt 0.524000 0.558291
vt 0.003958 0.998000
vt 0.003958 0.499000
vt 0.003958 0.000000
vt 0.655191 0.355920
vt 0.660984 0.333578
vt 0.655082 0.311274
vt 0.649358 0.229512
vt 0.627105 0.229512
vt 0.660484 0.240524
vt 0.615979 0.240524
vt 0.649358 0.251536
vt 0.627105 0.251536
vt 0.653829 0.286641
vt 0.621602 0.286641
vt 0.653829 0.270826
vt 0.621602 0.270826
vt 0.620778 0.300149
vt 0.643334 0.300149
vt 0.620765 0.367284
vt 0.643438 0.367284
vt 0.653829 0.299898
vt 0.621602 0.299898
s 0
usemtl 01___Default.002
f 190/77/12 191/78/12 192/79/12
f 193/78/12 194/80/12 195/79/12
f 196/80/12 197/81/12 198/79/12
f 199/79/12 200/81/12 201/82/12
s 1
f 202/83/13 203/84/14 204/85/13
f 205/85/13 206/84/14 207/86/14
f 208/84/14 209/87/15 210/86/14
f 211/86/14 212/87/15 213/88/15
f 214/87/15 215/84/16 216/88/15
f 217/88/15 218/84/16 219/86/16
f 220/84/16 221/83/17 222/86/16
f 223/86/16 224/83/17 225/85/17
f 226/83/17 227/89/18 228/85/17
f 229/85/17 230/89/18 231/90/18
f 232/89/18 233/83/13 234/90/18
f 235/90/18 236/83/13 237/85/13
s 0
f 238/91/15 239/92/15 240/93/15
f 241/93/15 242/92/15 243/94/15
f 244/92/15 245/95/15 246/94/15
f 247/94/15 248/95/15 249/96/15
f 250/91/15 251/92/15 252/93/15
f 253/93/15 254/92/15 255/94/15
f 256/92/15 257/95/15 258/94/15
f 259/94/15 260/95/15 261/96/15
f 262/81/19 263/80/19 264/82/19
f 265/82/19 266/80/19 267/79/19
f 268/79/19 269/80/19 270/77/19
f 271/80/19 272/78/19 273/77/19
f 274/97/20 275/98/20 276/99/20
f 277/98/20 278/100/20 279/99/20
f 280/81/15 281/80/15 282/101/15
f 283/80/15 284/102/15 285/101/15
f 286/78/15 287/103/15 288/80/15
f 289/103/15 290/102/15 291/80/15
f 292/104/21 293/93/21 294/105/21
f 295/93/21 296/94/21 297/105/21
f 298/104/21 299/93/21 300/105/21
f 301/93/21 302/94/21 303/105/21
f 304/96/22 305/106/22 306/94/22
f 307/106/22 308/105/22 309/94/22
f 310/96/22 311/106/22 312/94/22
f 313/106/22 314/105/22 315/94/22
f 316/107/20 317/108/20 318/109/20
f 319/108/20 320/110/20 321/109/20
f 322/109/20 323/110/20 324/111/20
f 325/110/20 326/112/20 327/111/20
f 328/113/12 329/114/12 330/115/12
f 331/114/12 332/116/12 333/115/12
f 334/113/12 335/114/12 336/115/12
f 337/114/12 338/116/12 339/115/12
f 340/95/23 341/117/23 342/96/23
f 343/117/23 344/118/23 345/96/23
f 346/95/23 347/117/23 348/96/23
f 349/117/23 350/118/23 351/96/23
f 352/119/24 353/91/24 354/120/24
f 355/91/24 356/93/24 357/120/24
f 358/119/24 359/91/24 360/120/24
f 361/91/24 362/93/24 363/120/24
f 364/121/20 365/113/20 366/122/20
f 367/113/20 368/114/20 369/122/20
f 370/121/20 371/113/20 372/122/20
f 373/113/20 374/114/20 375/122/20
f 376/114/19 377/113/19 378/116/19
f 379/113/19 380/115/19 381/116/19
f 382/114/19 383/113/19 384/116/19
f 385/113/19 386/115/19 387/116/19
f 388/96/25 389/106/25 390/94/25
f 391/106/25 392/105/25 393/94/25
f 394/96/25 395/106/25 396/94/25
f 397/106/25 398/105/25 399/94/25
f 400/104/26 401/93/26 402/105/26
f 403/93/26 404/94/26 405/105/26
f 406/104/26 407/93/26 408/105/26
f 409/93/26 410/94/26 411/105/26
g Atomic0_meshId0_name
v 718.186646 402.877258 288.639587
v 718.186646 402.877258 449.720764
v 713.907349 402.877258 449.720764
v -655.974426 402.877258 521.463806
v -553.770203 402.877258 493.631470
v -645.404053 402.877258 546.983093
v -645.404053 402.877258 546.983093
v -553.770203 402.877258 493.631470
v -628.588928 402.877258 568.897034
v -553.770203 402.877258 493.631470
v -606.675049 402.877258 585.712097
v -628.588928 402.877258 568.897034
v -606.675049 402.877258 585.712097
v -553.770203 402.877258 493.631470
v -581.155762 402.877258 596.282532
v -553.770203 402.877258 493.631470
v -553.770203 402.877258 599.887939
v -581.155762 402.877258 596.282532
v 718.186646 402.877258 493.631470
v 714.438904 402.877258 521.463806
v 713.907349 402.877258 493.631470
v 714.438904 402.877258 521.463806
v 612.234680 402.877258 493.631470
v 713.907349 402.877258 493.631470
v 713.907349 402.877258 493.631470
v 612.234680 402.877258 493.631470
v 713.907349 402.877258 488.201385
v 612.234680 402.877258 493.631470
v 713.907349 402.877258 455.136322
v 713.907349 402.877258 488.201385
v 713.907349 402.877258 455.136322
v 718.186646 402.877258 455.136322
v 713.907349 402.877258 488.201385
v 713.907349 402.877258 488.201385
v 718.186646 402.877258 455.136322
v 718.186646 402.877258 488.201385
v -553.770203 402.877258 288.639587
v -553.770203 402.877258 452.428558
v -655.451538 402.877258 449.720764
v -655.451538 402.877258 449.720764
v -553.770203 402.877258 452.428558
v -655.451538 402.877258 455.136383
v -655.451538 402.877258 455.136383
v -553.770203 402.877258 452.428558
v -655.451538 402.877258 488.201385
v -553.770203 402.877258 452.428558
v -553.770203 402.877258 493.631470
v -655.451538 402.877258 488.201385
v -655.451538 402.877258 488.201385
v -553.770203 402.877258 493.631470
v -655.451538 402.877258 493.631470
v -553.770203 402.877258 493.631470
v -655.974426 402.877258 521.463806
v -655.451538 402.877258 493.631470
v -655.451538 402.877258 493.631470
v -655.974426 402.877258 521.463806
v -659.722229 402.877258 493.631470
v -452.086365 402.877258 488.201385
v -452.086365 402.877258 493.631470
v -553.770203 402.877258 493.631470
v -553.770203 402.877258 493.631470
v -452.086365 402.877258 493.631470
v -451.565979 402.877258 521.463806
v -452.086365 402.877258 493.631470
v -447.818207 402.877258 493.631470
v -451.565979 402.877258 521.463806
v -451.565979 402.877258 521.463806
v -462.136383 402.877258 546.983093
v -553.770203 402.877258 493.631470
v -462.136383 402.877258 546.983093
v -478.951538 402.877258 568.897034
v -553.770203 402.877258 493.631470
v -553.770203 402.877258 493.631470
v -478.951538 402.877258 568.897034
v -500.865387 402.877258 585.712097
v -500.865387 402.877258 585.712097
v -526.384644 402.877258 596.282532
v -553.770203 402.877258 493.631470
v -553.770203 402.877258 493.631470
v -526.384644 402.877258 596.282532
v -553.770203 402.877258 599.887939
v -346.274780 402.877258 521.463806
v -244.070557 402.877258 493.631470
v -335.704346 402.877258 546.983093
v -335.704346 402.877258 546.983093
v -244.070557 402.877258 493.631470
v -318.889252 402.877258 568.897034
v -244.070557 402.877258 493.631470
v -296.975372 402.877258 585.712097
v -318.889252 402.877258 568.897034
v -296.975372 402.877258 585.712097
v -244.070557 402.877258 493.631470
v -271.456116 402.877258 596.282532
v -244.070557 402.877258 493.631470
v -244.070557 402.877258 599.887939
v -271.456116 402.877258 596.282532
v 714.438904 402.877258 521.463806
v 703.868530 402.877258 546.983093
v 612.234680 402.877258 493.631470
v 703.868530 402.877258 546.983093
v 687.053406 402.877258 568.897034
v 612.234680 402.877258 493.631470
v 612.234680 402.877258 493.631470
v 687.053406 402.877258 568.897034
v 665.139526 402.877258 585.712097
v 665.139526 402.877258 585.712097
v 639.620178 402.877258 596.282532
v 612.234680 402.877258 493.631470
v 612.234680 402.877258 493.631470
v 639.620178 402.877258 596.282532
v 612.234680 402.877258 599.887939
v -244.070557 402.877258 288.639587
v -244.070557 402.877258 452.428558
v -345.751984 402.877258 449.720764
v -345.751984 402.877258 449.720764
v -244.070557 402.877258 452.428558
v -345.752014 402.877136 455.136322
v -345.752014 402.877136 455.136322
v -244.070557 402.877258 452.428558
v -345.751984 402.877258 488.201385
v -244.070557 402.877258 452.428558
v -244.070557 402.877258 493.631470
v -345.751984 402.877258 488.201385
v -345.751984 402.877258 488.201385
v -244.070557 402.877258 493.631470
v -345.751984 402.877258 493.631470
v -244.070557 402.877258 493.631470
v -346.274780 402.877258 521.463806
v -345.751984 402.877258 493.631470
v -345.751984 402.877258 493.631470
v -346.274780 402.877258 521.463806
v -350.022552 402.877258 493.631470
v -142.386322 402.877258 488.201385
v -142.386353 402.877258 493.631470
v -244.070557 402.877258 493.631470
v -244.070557 402.877258 493.631470
v -142.386353 402.877258 493.631470
v -141.866302 402.877258 521.463806
v -142.386353 402.877258 493.631470
v -138.118561 402.877258 493.631470
v -141.866302 402.877258 521.463806
v -141.866302 402.877258 521.463806
v -152.436737 402.877258 546.983093
v -244.070557 402.877258 493.631470
v -152.436737 402.877258 546.983093
v -169.251846 402.877258 568.897034
v -244.070557 402.877258 493.631470
v -244.070557 402.877258 493.631470
v -169.251846 402.877258 568.897034
v -191.165741 402.877258 585.712097
v -191.165741 402.877258 585.712097
v -216.685028 402.877258 596.282532
v -244.070557 402.877258 493.631470
v -244.070557 402.877258 493.631470
v -216.685028 402.877258 596.282532
v -244.070557 402.877258 599.887939
v 510.030426 402.877258 521.463806
v 612.234680 402.877258 493.631470
v 520.600830 402.877258 546.983093
v 520.600830 402.877258 546.983093
v 612.234680 402.877258 493.631470
v 537.415955 402.877258 568.897034
v 612.234680 402.877258 493.631470
v 559.329895 402.877258 585.712097
v 537.415955 402.877258 568.897034
v 559.329895 402.877258 585.712097
v 612.234680 402.877258 493.631470
v 584.849121 402.877258 596.282532
v 612.234680 402.877258 493.631470
v 612.234680 402.877258 599.887939
v 584.849121 402.877258 596.282532
v 510.561981 402.877258 488.201385
v 506.282623 402.877258 488.201385
v 510.561981 402.877258 455.136383
v 506.282623 402.877258 488.201385
v 506.282623 402.877258 455.136322
v 510.561981 402.877258 455.136383
v -345.751984 402.877258 488.201385
v -350.022552 402.877258 488.201385
v -345.752014 402.877136 455.136322
v -350.022552 402.877258 488.201385
v -350.022552 402.877258 455.136322
v -345.752014 402.877136 455.136322
v -655.451538 402.877258 488.201385
v -659.722229 402.877258 488.201385
v -655.451538 402.877258 455.136383
v -659.722229 402.877258 488.201385
v -659.722229 402.877258 455.136322
v -655.451538 402.877258 455.136383
v 612.234680 402.877258 288.639587
v 612.234680 402.877258 452.428558
v 510.561981 402.877258 449.720764
v 510.561981 402.877258 449.720764
v 612.234680 402.877258 452.428558
v 510.561981 402.877258 455.136383
v 510.561981 402.877258 455.136383
v 612.234680 402.877258 452.428558
v 510.561981 402.877258 488.201385
v 612.234680 402.877258 452.428558
v 612.234680 402.877258 493.631470
v 510.561981 402.877258 488.201385
v 510.561981 402.877258 488.201385
v 612.234680 402.877258 493.631470
v 510.561981 402.877258 493.631470
v 612.234680 402.877258 493.631470
v 510.030426 402.877258 521.463806
v 510.561981 402.877258 493.631470
v 510.561981 402.877258 493.631470
v 510.030426 402.877258 521.463806
v 506.282623 402.877258 493.631470
v 718.186646 402.877228 163.030548
v 718.186646 402.877258 288.639587
v 612.234680 402.877228 163.030548
v 612.234680 402.877228 163.030548
v 718.186646 402.877258 288.639587
v 612.234680 402.877258 288.639587
v 718.186646 402.877258 288.639587
v 713.907349 402.877258 449.720764
v 612.234680 402.877258 288.639587
v 612.234680 402.877258 288.639587
v 713.907349 402.877258 449.720764
v 612.234680 402.877258 452.428558
v 713.907349 402.877258 449.720764
v 713.907349 402.877258 455.136322
v 612.234680 402.877258 452.428558
v 612.234680 402.877258 452.428558
v 713.907349 402.877258 455.136322
v 612.234680 402.877258 493.631470
v 612.234680 402.877228 163.030548
v 612.234680 402.877258 288.639587
v 506.282623 402.877289 163.030548
v 506.282623 402.877289 163.030548
v 612.234680 402.877258 288.639587
v 506.282684 402.877258 288.639587
v 612.234680 402.877258 288.639587
v 510.561981 402.877258 449.720764
v 506.282684 402.877258 288.639587
v 506.282684 402.877258 288.639587
v 510.561981 402.877258 449.720764
v 506.282684 402.877258 449.720764
v -659.722168 402.877258 449.720764
v -659.722229 402.877258 288.639587
v -655.451538 402.877258 449.720764
v -655.451538 402.877258 449.720764
v -659.722229 402.877258 288.639587
v -553.770203 402.877258 288.639587
v -659.722229 402.877258 288.639587
v -659.722229 402.877289 163.030548
v -553.770203 402.877258 288.639587
v -553.770203 402.877258 288.639587
v -659.722229 402.877289 163.030548
v -553.770203 402.877228 163.030548
v -138.118561 402.877258 488.201385
v -142.386322 402.877258 488.201385
v -138.118561 402.877258 455.136322
v -138.118561 402.877258 455.136322
v -142.386322 402.877258 488.201385
v -142.386414 402.877258 455.136322
v -142.386322 402.877258 488.201385
v -244.070557 402.877258 493.631470
v -142.386414 402.877258 455.136322
v -244.070557 402.877258 493.631470
v -244.070557 402.877258 452.428558
v -142.386414 402.877258 455.136322
v -142.386414 402.877258 455.136322
v -244.070557 402.877258 452.428558
v -142.386353 402.877258 449.720764
v -244.070557 402.877258 452.428558
v -244.070557 402.877258 288.639587
v -142.386353 402.877258 449.720764
v -142.386353 402.877258 449.720764
v -244.070557 402.877258 288.639587
v -138.118561 402.877258 449.720764
v -138.118561 402.877258 449.720764
v -244.070557 402.877258 288.639587
v -138.118515 402.877258 288.639587
v -244.070557 402.877258 288.639587
v -244.070557 402.877228 163.030548
v -138.118515 402.877258 288.639587
v -138.118515 402.877258 288.639587
v -244.070557 402.877228 163.030548
v -138.118561 402.877228 163.030548
v -244.070557 402.877228 163.030548
v -244.070557 402.877258 288.639587
v -350.022552 402.877289 163.030548
v -350.022552 402.877289 163.030548
v -244.070557 402.877258 288.639587
v -350.022522 402.877258 288.639587
v -244.070557 402.877258 288.639587
v -345.751984 402.877258 449.720764
v -350.022522 402.877258 288.639587
v -350.022522 402.877258 288.639587
v -345.751984 402.877258 449.720764
v -350.022552 402.877258 449.720764
v -447.818207 402.877258 488.201385
v -452.086365 402.877258 488.201385
v -447.818207 402.877258 455.136322
v -447.818207 402.877258 455.136322
v -452.086365 402.877258 488.201385
v -452.086395 402.877258 455.136322
v -452.086365 402.877258 488.201385
v -553.770203 402.877258 493.631470
v -452.086395 402.877258 455.136322
v -553.770203 402.877258 493.631470
v -553.770203 402.877258 452.428558
v -452.086395 402.877258 455.136322
v -452.086395 402.877258 455.136322
v -553.770203 402.877258 452.428558
v -452.086395 402.877258 449.720764
v -553.770203 402.877258 452.428558
v -553.770203 402.877258 288.639587
v -452.086395 402.877258 449.720764
v -452.086395 402.877258 449.720764
v -553.770203 402.877258 288.639587
v -447.818207 402.877258 449.720764
v -447.818207 402.877258 449.720764
v -553.770203 402.877258 288.639587
v -447.818207 402.877258 288.639587
v -553.770203 402.877258 288.639587
v -553.770203 402.877228 163.030548
v -447.818207 402.877258 288.639587
v -447.818207 402.877258 288.639587
v -553.770203 402.877228 163.030548
v -447.818207 402.877228 163.030548
vn -0.0000 -1.0000 -0.0000
vt 0.998601 -0.712471
vt 0.998601 -0.343744
vt 0.987336 -0.343744
vt 0.988754 -0.179519
vt 0.719708 -0.243229
vt 0.960928 -0.121103
vt 0.916664 -0.070941
vt 0.858977 -0.032449
vt 0.791799 -0.008253
vt 0.719708 0.000000
vt 0.998601 -0.243229
vt 0.988735 -0.179519
vt 0.987336 -0.243229
vt 0.719689 -0.243229
vt 0.987336 -0.255659
vt 0.987336 -0.331347
vt 0.998601 -0.331347
vt 0.998601 -0.255659
vt 0.719708 -0.712471
vt 0.719708 -0.337546
vt 0.987378 -0.343744
vt 0.987378 -0.331347
vt 0.987378 -0.255659
vt 0.987378 -0.243229
vt 0.998620 -0.243229
vt 0.987365 -0.255659
vt 0.987365 -0.243229
vt 0.719688 -0.243229
vt 0.988735 -0.179519
vt 0.960909 -0.121103
vt 0.916644 -0.070941
vt 0.858957 -0.032449
vt 0.791779 -0.008253
vt 0.719688 0.000000
vt 0.988754 -0.179519
vt 0.960909 -0.121103
vt 0.858957 -0.032449
vt 0.719689 0.000000
vt 0.719708 -0.712471
vt 0.987378 -0.343744
vt 0.987378 -0.331347
vt 0.987378 -0.255659
vt 0.987378 -0.243229
vt 0.987366 -0.255659
vt 0.987366 -0.243229
vt 0.988735 -0.179519
vt 0.719708 -0.243229
vt 0.960928 -0.121103
vt 0.916664 -0.070941
vt 0.858977 -0.032449
vt 0.791799 -0.008253
vt 0.719708 0.000000
vt 0.987355 -0.255659
vt 0.998620 -0.255659
vt 0.987355 -0.331347
vt 0.998620 -0.331347
vt 0.998620 -0.255659
vt 0.998620 -0.331347
vt 0.719708 -0.712471
vt 0.719708 -0.337546
vt 0.987355 -0.343744
vt 0.987355 -0.243229
vt 0.998620 -0.243229
vt 0.998601 -1.000000
vt 0.719689 -1.000000
vt 0.719689 -0.712471
vt 0.719689 -0.337546
vt 0.719708 -1.000000
vt 0.998620 -1.000000
vt 0.998620 -0.712471
vt 0.998620 -0.343744
vt 0.998620 -0.343744
vt 0.998620 -0.712471
vt 0.998620 -1.000000
vt 0.719708 -1.000000
vt 0.987366 -0.331347
vt 0.719688 -0.337546
vt 0.987366 -0.343744
vt 0.719688 -0.712471
vt 0.719688 -1.000000
vt 0.998620 -0.712471
vt 0.987365 -0.331347
vt 0.987365 -0.343744
vt 0.719688 -0.712471
vt 0.998601 -0.712471
s 0
usemtl 01___Default
f 412/123/27 413/124/27 414/125/27
f 415/126/27 416/127/27 417/128/27
f 418/128/27 419/127/27 420/129/27
f 421/127/27 422/130/27 423/129/27
f 424/130/27 425/127/27 426/131/27
f 427/127/27 428/132/27 429/131/27
f 430/133/27 431/134/27 432/135/27
f 433/134/27 434/136/27 435/135/27
f 436/135/27 437/136/27 438/137/27
f 439/136/27 440/138/27 441/137/27
f 442/138/27 443/139/27 444/137/27
f 445/137/27 446/139/27 447/140/27
f 448/141/27 449/142/27 450/143/27
f 451/143/27 452/142/27 453/144/27
f 454/144/27 455/142/27 456/145/27
f 457/142/27 458/127/27 459/145/27
f 460/145/27 461/127/27 462/146/27
f 463/127/27 464/126/27 465/146/27
f 466/146/27 467/126/27 468/147/27
f 469/148/27 470/149/27 471/150/27
f 472/150/27 473/149/27 474/151/27
f 475/149/27 476/133/27 477/151/27
f 478/151/27 479/152/27 480/150/27
f 481/152/27 482/153/27 483/150/27
f 484/150/27 485/153/27 486/154/27
f 487/154/27 488/155/27 489/150/27
f 490/150/27 491/155/27 492/156/27
f 493/157/27 494/127/27 495/128/27
f 496/128/27 497/127/27 498/129/27
f 499/127/27 500/130/27 501/129/27
f 502/130/27 503/127/27 504/131/27
f 505/127/27 506/132/27 507/131/27
f 508/134/27 509/158/27 510/136/27
f 511/158/27 512/153/27 513/136/27
f 514/136/27 515/153/27 516/159/27
f 517/159/27 518/155/27 519/136/27
f 520/136/27 521/155/27 522/160/27
f 523/161/27 524/142/27 525/162/27
f 526/162/27 527/142/27 528/163/27
f 529/163/27 530/142/27 531/164/27
f 532/142/27 533/127/27 534/164/27
f 535/164/27 536/127/27 537/165/27
f 538/127/27 539/157/27 540/165/27
f 541/165/27 542/157/27 543/147/27
f 544/166/27 545/167/27 546/150/27
f 547/150/27 548/167/27 549/168/27
f 550/167/27 551/133/27 552/168/27
f 553/168/27 554/152/27 555/150/27
f 556/152/27 557/153/27 558/150/27
f 559/150/27 560/153/27 561/154/27
f 562/154/27 563/155/27 564/150/27
f 565/150/27 566/155/27 567/156/27
f 568/157/27 569/169/27 570/170/27
f 571/170/27 572/169/27 573/171/27
f 574/169/27 575/172/27 576/171/27
f 577/172/27 578/169/27 579/173/27
f 580/169/27 581/174/27 582/173/27
f 583/175/27 584/176/27 585/177/27
f 586/176/27 587/178/27 588/177/27
f 589/164/27 590/179/27 591/163/27
f 592/179/27 593/180/27 594/163/27
f 595/145/27 596/179/27 597/144/27
f 598/179/27 599/180/27 600/144/27
f 601/181/27 602/182/27 603/183/27
f 604/183/27 605/182/27 606/177/27
f 607/177/27 608/182/27 609/175/27
f 610/182/27 611/169/27 612/175/27
f 613/175/27 614/169/27 615/184/27
f 616/169/27 617/157/27 618/184/27
f 619/184/27 620/157/27 621/185/27
f 622/186/27 623/123/27 624/187/27
f 625/187/27 626/123/27 627/188/27
f 628/123/27 629/125/27 630/188/27
f 631/188/27 632/125/27 633/189/27
f 634/125/27 635/138/27 636/189/27
f 637/189/27 638/138/27 639/136/27
f 640/190/27 641/181/27 642/191/27
f 643/191/27 644/181/27 645/192/27
f 646/181/27 647/183/27 648/192/27
f 649/192/27 650/183/27 651/193/27
f 652/194/27 653/195/27 654/143/27
f 655/143/27 656/195/27 657/141/27
f 658/195/27 659/196/27 660/141/27
f 661/141/27 662/196/27 663/197/27
f 664/140/27 665/166/27 666/139/27
f 667/139/27 668/166/27 669/198/27
f 670/166/27 671/150/27 672/198/27
f 673/150/27 674/199/27 675/198/27
f 676/198/27 677/199/27 678/200/27
f 679/199/27 680/201/27 681/200/27
f 682/200/27 683/201/27 684/124/27
f 685/124/27 686/201/27 687/123/27
f 688/201/27 689/202/27 690/123/27
f 691/123/27 692/202/27 693/186/27
f 694/197/27 695/161/27 696/196/27
f 697/196/27 698/161/27 699/203/27
f 700/161/27 701/162/27 702/203/27
f 703/203/27 704/162/27 705/194/27
f 706/140/27 707/148/27 708/139/27
f 709/139/27 710/148/27 711/204/27
f 712/148/27 713/150/27 714/204/27
f 715/150/27 716/199/27 717/204/27
f 718/204/27 719/199/27 720/205/27
f 721/199/27 722/206/27 723/205/27
f 724/205/27 725/206/27 726/124/27
f 727/124/27 728/206/27 729/207/27
f 730/206/27 731/202/27 732/207/27
f 733/207/27 734/202/27 735/186/27
g Atomic0.001_meshId1_name
v 432.320099 367.744507 525.826233
v 493.955109 367.744507 525.826233
v 432.320099 367.744507 628.811218
v 493.955109 367.744507 525.826233
v 506.188080 367.744507 555.304260
v 432.320099 367.744507 628.811218
v 432.320099 367.744507 628.811218
v 506.188080 367.744507 555.304260
v 525.648010 367.744507 580.664917
v 525.648010 367.744507 580.664917
v 551.008667 367.744507 600.124817
v 432.320099 367.744507 628.811218
v 551.008667 367.744507 600.124817
v 580.541748 367.744507 612.357849
v 432.320099 367.744507 628.811218
v 432.320099 367.744507 628.811218
v 580.541748 367.744507 612.357849
v 612.234680 367.744507 628.811218
v 580.541748 367.744507 612.357849
v 612.234680 367.744507 616.524353
v 612.234680 367.744507 628.811218
v 612.234680 367.744507 616.524353
v 643.927551 367.744507 612.357849
v 612.234680 367.744507 628.811218
v 612.234680 367.744507 628.811218
v 643.927551 367.744507 612.357849
v 797.745972 367.744507 628.811218
v 643.927551 367.744507 612.357849
v 673.460693 367.744507 600.124817
v 797.745972 367.744507 628.811218
v 797.745972 367.744507 628.811218
v 673.460693 367.744507 600.124817
v 698.821350 367.744507 580.664917
v 698.821350 367.744507 580.664917
v 718.281250 367.744507 555.304260
v 797.745972 367.744507 628.811218
v 718.281250 367.744507 555.304260
v 730.514221 367.744507 525.826233
v 797.745972 367.744507 628.811218
v 797.745972 367.744507 628.811218
v 730.514221 367.744507 525.826233
v 797.745972 367.744385 525.826233
v -57.464508 367.744507 525.826233
v -57.464539 367.744507 628.811218
v -125.791016 367.744507 525.826233
v -125.791016 367.744507 525.826233
v -57.464539 367.744507 628.811218
v -138.023987 367.744507 555.304260
v -57.464539 367.744507 628.811218
v -157.483887 367.744507 580.664917
v -138.023987 367.744507 555.304260
v -157.483887 367.744507 580.664917
v -57.464539 367.744507 628.811218
v -182.844543 367.744507 600.124878
v -182.844543 367.744507 600.124878
v -57.464539 367.744507 628.811218
v -212.377625 367.744507 612.357849
v -57.464539 367.744507 628.811218
v -244.070526 367.744507 628.811218
v -212.377625 367.744507 612.357849
v -212.377625 367.744507 612.357849
v -244.070526 367.744507 628.811218
v -244.070557 367.744507 616.524353
v -244.070557 367.744507 616.524353
v -244.070526 367.744507 628.811218
v -275.763458 367.744507 612.357849
v -244.070526 367.744507 628.811218
v -399.217804 367.744507 628.811218
v -275.763458 367.744507 612.357849
v -275.763458 367.744507 612.357849
v -399.217804 367.744507 628.811218
v -305.296539 367.744507 600.124817
v -399.217804 367.744507 628.811218
v -330.657166 367.744507 580.664917
v -305.296539 367.744507 600.124817
v -330.657166 367.744507 580.664917
v -399.217804 367.744507 628.811218
v -350.117096 367.744507 555.304260
v -350.117096 367.744507 555.304260
v -399.217804 367.744507 628.811218
v -362.350128 367.744507 525.826233
v -399.217804 367.744507 628.811218
v -399.217804 367.744507 525.826233
v -362.350128 367.744507 525.826233
v -399.217804 367.744507 525.826233
v -399.217804 367.744507 628.811218
v -435.490692 367.744507 525.826233
v -435.490692 367.744507 525.826233
v -399.217804 367.744507 628.811218
v -447.723633 367.744507 555.304260
v -399.217804 367.744507 628.811218
v -467.183594 367.744507 580.664917
v -447.723633 367.744507 555.304260
v -467.183594 367.744507 580.664917
v -399.217804 367.744507 628.811218
v -492.544189 367.744507 600.124817
v -492.544189 367.744507 600.124817
v -399.217804 367.744507 628.811218
v -522.077271 367.744507 612.357849
v -399.217804 367.744507 628.811218
v -553.770142 367.744507 628.811218
v -522.077271 367.744507 612.357849
v -522.077271 367.744507 612.357849
v -553.770142 367.744507 628.811218
v -553.770142 367.744507 616.524353
v -553.770142 367.744507 616.524353
v -553.770142 367.744507 628.811218
v -585.463135 367.744507 612.357849
v -553.770142 367.744507 628.811218
v -734.538452 367.744507 628.811218
v -585.463135 367.744507 612.357849
v -585.463135 367.744507 612.357849
v -734.538452 367.744507 628.811218
v -614.996216 367.744507 600.124817
v -734.538452 367.744507 628.811218
v -640.356812 367.744507 580.664917
v -614.996216 367.744507 600.124817
v -640.356812 367.744507 580.664917
v -734.538452 367.744507 628.811218
v -659.816772 367.744507 555.304260
v -659.816772 367.744507 555.304260
v -734.538452 367.744507 628.811218
v -672.049683 367.744507 525.826233
v -734.538452 367.744507 628.811218
v -734.538452 367.744507 525.826233
v -672.049683 367.744507 525.826233
v 384.061981 343.615295 511.368347
v 384.061981 347.557800 511.368408
v 369.082794 343.615295 556.325745
v 384.061981 347.557800 511.368408
v 369.082794 347.557800 556.325745
v 369.082794 343.615295 556.325745
v 369.082794 343.615295 556.325745
v 369.082794 347.557800 556.325745
v 326.425690 343.615295 594.438721
v 369.082794 347.557800 556.325745
v 326.425751 347.557800 594.438721
v 326.425690 343.615295 594.438721
v 326.425690 343.615295 594.438721
v 326.425751 347.557800 594.438721
v 262.584869 343.615295 619.904968
v 326.425751 347.557800 594.438721
v 262.584869 347.557800 619.904968
v 262.584869 343.615295 619.904968
v 262.584869 343.615295 619.904968
v 262.584869 347.557800 619.904968
v 187.279434 343.615295 628.847595
v 262.584869 347.557800 619.904968
v 187.279480 347.557800 628.829407
v 187.279434 343.615295 628.847595
v 344.705475 343.615295 511.368347
v 384.061981 343.615295 511.368347
v 332.722137 343.615295 547.334229
v 384.061981 343.615295 511.368347
v 369.082794 343.615295 556.325745
v 332.722137 343.615295 547.334229
v 332.722137 343.615295 547.334229
v 369.082794 343.615295 556.325745
v 298.596466 343.615295 577.824646
v 369.082794 343.615295 556.325745
v 326.425690 343.615295 594.438721
v 298.596466 343.615295 577.824646
v 298.596466 343.615295 577.824646
v 326.425690 343.615295 594.438721
v 247.523773 343.615295 598.197693
v 326.425690 343.615295 594.438721
v 262.584869 343.615295 619.904968
v 247.523773 343.615295 598.197693
v 247.523773 343.615295 598.197693
v 262.584869 343.615295 619.904968
v 187.279434 343.615295 605.351746
v 262.584869 343.615295 619.904968
v 187.279434 343.615295 628.847595
v 187.279434 343.615295 605.351746
v 187.279434 343.615295 605.351746
v 187.279434 343.615295 628.847595
v 127.035118 343.615295 598.197693
v 187.279434 343.615295 628.847595
v 111.974030 343.615295 619.904968
v 127.035118 343.615295 598.197693
v 127.035118 343.615295 598.197693
v 111.974030 343.615295 619.904968
v 75.962433 343.615295 577.824646
v 111.974030 343.615295 619.904968
v 48.133183 343.615295 594.438660
v 75.962433 343.615295 577.824646
v 75.962433 343.615295 577.824646
v 48.133183 343.615295 594.438660
v 41.836765 343.615295 547.334229
v 48.133183 343.615295 594.438660
v 5.476105 343.615295 556.325623
v 41.836765 343.615295 547.334229
v 41.836765 343.615295 547.334229
v 5.476105 343.615295 556.325623
v 29.853428 343.615295 511.368347
v 5.476105 343.615295 556.325623
v -9.130585 343.615295 511.368408
v 29.853428 343.615295 511.368347
v 344.705475 347.557800 511.368347
v 344.705475 343.615295 511.368347
v 332.722137 347.557800 547.334290
v 344.705475 343.615295 511.368347
v 332.722137 343.615295 547.334229
v 332.722137 347.557800 547.334290
v 332.722137 347.557800 547.334290
v 332.722137 343.615295 547.334229
v 298.596466 347.557800 577.824646
v 332.722137 343.615295 547.334229
v 298.596466 343.615295 577.824646
v 298.596466 347.557800 577.824646
v 298.596466 347.557800 577.824646
v 298.596466 343.615295 577.824646
v 247.523773 347.557800 598.197693
v 298.596466 343.615295 577.824646
v 247.523773 343.615295 598.197693
v 247.523773 347.557800 598.197693
v 247.523773 347.557800 598.197693
v 247.523773 343.615295 598.197693
v 187.279434 347.557800 605.351746
v 247.523773 343.615295 598.197693
v 187.279434 343.615295 605.351746
v 187.279434 347.557800 605.351746
v 187.279434 347.557800 605.351746
v 187.279434 343.615295 605.351746
v 127.035088 347.557800 598.197693
v 187.279434 343.615295 605.351746
v 127.035118 343.615295 598.197693
v 127.035088 347.557800 598.197693
v 127.035088 347.557800 598.197693
v 127.035118 343.615295 598.197693
v 75.962433 347.557800 577.824646
v 127.035118 343.615295 598.197693
v 75.962433 343.615295 577.824646
v 75.962433 347.557800 577.824646
v 75.962433 347.557800 577.824646
v 75.962433 343.615295 577.824646
v 41.836765 347.557800 547.334229
v 75.962433 343.615295 577.824646
v 41.836765 343.615295 547.334229
v 41.836765 347.557800 547.334229
v 187.279434 343.615295 628.847595
v 187.279480 347.557800 628.829407
v 111.974030 343.615295 619.904968
v 187.279480 347.557800 628.829407
v 111.974030 347.557800 619.904968
v 111.974030 343.615295 619.904968
v 111.974030 343.615295 619.904968
v 111.974030 347.557800 619.904968
v 48.133183 343.615295 594.438660
v 111.974030 347.557800 619.904968
v 48.133183 347.557800 594.438721
v 48.133183 343.615295 594.438660
v 48.133183 343.615295 594.438660
v 48.133183 347.557800 594.438721
v 5.476105 343.615295 556.325623
v 48.133183 347.557800 594.438721
v 5.476105 347.557800 556.325623
v 5.476105 343.615295 556.325623
v 5.476105 343.615295 556.325623
v 5.476105 347.557800 556.325623
v -9.130585 343.615295 511.368408
v 5.476105 347.557800 556.325623
v -9.130585 347.557800 511.368408
v -9.130585 343.615295 511.368408
v 41.836765 347.557800 547.334229
v 41.836765 343.615295 547.334229
v 29.853428 347.557861 511.368347
v 41.836765 343.615295 547.334229
v 29.853428 343.615295 511.368347
v 29.853428 347.557861 511.368347
vn -0.0000 -0.0000 1.0000
vn -0.9236 -0.0000 0.3833
vn -0.0000 -1.0000 -0.0000
vn -0.8659 -0.0000 0.5003
vn -0.7071 -0.0000 0.7071
vn -0.5000 -0.0000 0.8660
vn -0.5000 -0.0000 0.8661
vn -0.2587 -0.0000 0.9660
vn -0.2586 -0.0000 0.9660
vn -0.0000 0.0001 1.0000
vn 0.2588 -0.0000 0.9659
vn 0.5000 -0.0000 0.8660
vn 0.7071 -0.0000 0.7071
vn 0.8659 -0.0000 0.5003
vn 0.8658 -0.0000 0.5003
vn 0.9236 -0.0000 0.3833
vn 0.2587 -0.0000 0.9660
vn -0.4999 -0.0000 0.8661
vn -0.8658 -0.0000 0.5003
vn 0.8659 -0.0000 0.5002
vn 0.2589 -0.0000 0.9659
vn -0.2588 -0.0000 0.9659
vn -0.5001 -0.0000 0.8660
vn 0.9487 -0.0000 0.3161
vn 0.8356 -0.0000 0.5494
vn 0.8356 -0.0000 0.5493
vn 0.5264 -0.0000 0.8502
vn 0.2463 -0.0000 0.9692
vn 0.2463 0.0001 0.9692
vn -0.0001 0.0045 1.0000
vn -0.9487 -0.0000 -0.3161
vn -0.0000 -1.0000 0.0001
vn -0.0000 -1.0000 -0.0001
vn -0.6663 -0.0000 -0.7457
vn -0.3705 -0.0000 -0.9288
vn -0.1179 -0.0000 -0.9930
vn 0.1179 -0.0000 -0.9930
vn 0.0001 -1.0000 -0.0000
vn 0.3705 -0.0000 -0.9288
vn 0.6663 -0.0000 -0.7457
vn -0.2462 0.0001 0.9692
vn -0.2462 -0.0000 0.9692
vn -0.5264 -0.0000 0.8502
vn -0.8376 -0.0000 0.5462
vn -0.8376 -0.0000 0.5463
vn -0.9511 -0.0000 0.3090
vn 0.9487 -0.0000 -0.3161
vt 0.999683 -0.998393
vt 0.663374 -0.998393
vt 0.999683 -0.389279
vt 0.623020 -0.824042
vt 0.518487 -0.673752
vt 0.369700 -0.556957
vt 0.171787 -0.483536
vt 0.001534 -0.389279
vt 0.001534 -0.458529
vt 0.903762 -0.389279
vt 0.903762 -0.998393
vt 0.002879 -0.269138
vt 0.002879 -0.352341
vt 0.222106 -0.269138
vt 0.222106 -0.352341
vt 0.435296 -0.269138
vt 0.435296 -0.352341
vt 0.701376 -0.269138
vt 0.701376 -0.352341
vt 0.980165 -0.269138
vt 0.980165 -0.352341
vt 0.156495 -0.098795
vt 0.002879 -0.266107
vt 0.325314 -0.098795
vt 0.219846 -0.266107
vt 0.501603 -0.098795
vt 0.435434 -0.266107
vt 0.714368 -0.098795
vt 0.701390 -0.266107
vt 0.935037 -0.098795
vt 0.977226 -0.266107
vt 0.158601 -0.012850
vt 0.158601 -0.095787
vt 0.326884 -0.012850
vt 0.326884 -0.095787
vt 0.499620 -0.012850
vt 0.499620 -0.095787
vt 0.713983 -0.012850
vt 0.713983 -0.095787
vt 0.934399 -0.012850
vt 0.934399 -0.095787
s 1
usemtl Material__65.002
f 736/208/28 737/209/29 738/210/30
f 739/209/29 740/211/31 741/210/30
f 742/210/30 743/211/31 744/212/32
f 745/212/32 746/213/33 747/210/30
f 748/213/34 749/214/35 750/210/30
f 751/210/30 752/214/35 753/215/30
f 754/214/36 755/216/37 756/215/30
f 757/216/37 758/214/38 759/215/30
f 760/215/30 761/214/38 762/210/30
f 763/214/38 764/213/39 765/210/30
f 766/210/30 767/213/39 768/212/40
f 769/212/40 770/211/41 771/210/30
f 772/211/42 773/209/43 774/210/30
f 775/210/30 776/209/43 777/208/28
f 778/208/28 779/210/30 780/209/43
f 781/209/43 782/210/30 783/211/42
f 784/210/30 785/212/40 786/211/42
f 787/212/40 788/210/30 789/213/39
f 790/213/39 791/210/30 792/214/44
f 793/210/30 794/215/30 795/214/38
f 796/214/38 797/215/30 798/216/37
f 799/216/37 800/215/30 801/214/36
f 802/215/30 803/217/30 804/214/35
f 805/214/35 806/217/30 807/213/33
f 808/217/30 809/212/32 810/213/45
f 811/212/32 812/217/30 813/211/31
f 814/211/46 815/217/30 816/209/29
f 817/217/30 818/218/28 819/209/29
f 820/218/28 821/217/30 822/209/43
f 823/209/43 824/217/30 825/211/41
f 826/217/30 827/212/40 828/211/47
f 829/212/40 830/217/30 831/213/39
f 832/213/39 833/217/30 834/214/48
f 835/217/30 836/215/30 837/214/38
f 838/214/38 839/215/30 840/216/37
f 841/216/37 842/215/30 843/214/36
f 844/215/30 845/210/30 846/214/35
f 847/214/49 848/210/30 849/213/33
f 850/210/30 851/212/32 852/213/50
f 853/212/32 854/210/30 855/211/46
f 856/211/31 857/210/30 858/209/29
f 859/210/30 860/208/28 861/209/29
f 862/219/51 863/220/51 864/221/52
f 865/220/51 866/222/52 867/221/52
f 868/221/53 869/222/53 870/223/54
f 871/222/52 872/224/54 873/223/54
f 874/223/54 875/224/54 876/225/55
f 877/224/54 878/226/56 879/225/55
f 880/225/55 881/226/56 882/227/57
f 883/226/56 884/228/57 885/227/57
s 0
f 886/229/30 887/230/30 888/231/30
f 889/230/30 890/232/30 891/231/30
f 892/231/30 893/232/30 894/233/30
f 895/232/30 896/234/30 897/233/30
f 898/233/30 899/234/30 900/235/30
f 901/234/30 902/236/30 903/235/30
f 904/235/30 905/236/30 906/237/30
f 907/236/30 908/238/30 909/237/30
f 910/237/30 911/238/30 912/235/30
f 913/238/30 914/236/30 915/235/30
f 916/235/30 917/236/30 918/233/30
f 919/236/30 920/234/30 921/233/30
f 922/233/30 923/234/30 924/231/30
f 925/234/30 926/232/30 927/231/30
f 928/231/30 929/232/30 930/229/30
f 931/232/30 932/230/30 933/229/30
s 1
f 934/239/58 935/240/59 936/241/58
f 937/240/30 938/242/60 939/241/58
f 940/241/58 941/242/30 942/243/61
f 943/242/30 944/244/30 945/243/61
f 946/243/61 947/244/30 948/245/62
f 949/244/30 950/246/30 951/245/62
f 952/245/62 953/246/30 954/247/63
f 955/246/30 956/248/30 957/247/63
f 958/248/63 959/247/30 960/246/64
f 961/247/30 962/245/65 963/246/64
f 964/246/64 965/245/30 966/244/66
f 967/245/30 968/243/30 969/244/66
f 970/244/66 971/243/30 972/242/67
f 973/243/30 974/241/30 975/242/67
f 976/228/57 977/227/57 978/226/68
f 979/227/57 980/225/69 981/226/68
f 982/226/68 983/225/69 984/224/70
f 985/225/69 986/223/70 987/224/70
f 988/224/70 989/223/70 990/222/71
f 991/223/70 992/221/72 993/222/72
f 994/222/72 995/221/72 996/220/73
f 997/221/71 998/219/73 999/220/73
f 1000/242/67 1001/241/60 1002/240/74
f 1003/241/30 1004/239/30 1005/240/74
g Atomic0.002_meshId2_name
v -734.538452 445.316284 488.201385
v -734.538452 445.316284 493.631470
v -734.538513 623.459473 488.201416
v -734.538452 445.316284 493.631470
v -734.538513 623.459473 493.631531
v -734.538513 623.459473 488.201416
v -734.538513 623.459473 488.201416
v -734.538513 623.459473 493.631531
v -734.538513 801.602661 488.201355
v -734.538513 623.459473 493.631531
v -734.538513 801.602661 493.631439
v -734.538513 801.602661 488.201355
v -734.538513 801.602661 493.631439
v -734.538513 623.459473 493.631531
v -734.538513 801.602661 525.826233
v -734.538513 801.602661 525.826233
v -734.538513 623.459473 493.631531
v -734.538513 623.459473 525.826233
v -734.538513 623.459473 525.826233
v -734.538513 623.459473 493.631531
v -734.538452 445.316284 525.826233
v -734.538513 623.459473 493.631531
v -734.538452 445.316284 493.631470
v -734.538452 445.316284 525.826233
v -734.538452 445.316284 525.826233
v -734.538452 445.316284 493.631470
v -734.538452 367.744446 525.826233
v -734.538452 367.744446 525.826233
v -734.538452 445.316284 493.631470
v -734.538452 367.744446 493.631470
v -734.538452 445.316284 493.631470
v -734.538452 445.316284 488.201385
v -734.538452 367.744446 493.631470
v -734.538452 367.744446 493.631470
v -734.538452 445.316284 488.201385
v -734.538452 367.744446 488.201385
v -734.538452 445.316284 488.201385
v -734.538574 445.316284 455.136322
v -734.538452 367.744446 488.201385
v -734.538452 367.744446 488.201385
v -734.538574 445.316284 455.136322
v -734.538391 367.744446 455.136322
v -734.538574 445.316284 455.136322
v -734.538574 445.316284 449.720520
v -734.538391 367.744446 455.136322
v -734.538391 367.744446 455.136322
v -734.538574 445.316284 449.720520
v -734.538391 367.744446 449.725983
v -734.538574 445.316284 449.720520
v -734.538452 445.316284 288.639587
v -734.538391 367.744446 449.725983
v -734.538391 367.744446 449.725983
v -734.538452 445.316284 288.639587
v -734.538452 367.744446 288.639587
v -734.538452 445.316284 288.639587
v -734.538574 445.316284 449.720520
v -734.538513 623.459473 288.639526
v -734.538574 445.316284 449.720520
v -734.538513 623.459473 449.720520
v -734.538513 623.459473 288.639526
v -734.538513 623.459473 288.639526
v -734.538513 623.459473 449.720520
v -734.538513 801.602661 288.639557
v -734.538513 623.459473 449.720520
v -734.538513 801.602661 449.720490
v -734.538513 801.602661 288.639557
v -734.538513 801.602661 288.639557
v -734.538513 801.602661 449.720490
v -734.538452 979.745728 288.639526
v -734.538513 801.602661 449.720490
v -734.538452 979.745728 449.720490
v -734.538452 979.745728 288.639526
v -734.538452 979.745728 288.639526
v -734.538452 979.745728 449.720490
v -734.538452 1157.888916 288.639526
v -734.538452 979.745728 449.720490
v -734.538452 1157.888916 449.720459
v -734.538452 1157.888916 288.639526
v -734.538452 1157.888916 288.639526
v -734.538452 1157.888916 449.720459
v -734.538452 1336.032104 288.639496
v -734.538452 1336.032104 288.639496
v -734.538452 1157.888916 449.720459
v -734.538574 1336.031982 449.720459
v -734.538452 1157.888916 449.720459
v -734.538452 1157.888916 455.136261
v -734.538574 1336.031982 449.720459
v -734.538574 1336.031982 449.720459
v -734.538452 1157.888916 455.136261
v -734.538574 1336.031982 455.136322
v -734.538452 1157.888916 455.136261
v -734.538452 1157.888916 488.201324
v -734.538574 1336.031982 455.136322
v -734.538574 1336.031982 455.136322
v -734.538452 1157.888916 488.201324
v -734.538452 1336.031982 488.201385
v -734.538452 1157.888916 488.201324
v -734.538452 1157.888916 493.631409
v -734.538452 1336.031982 488.201385
v -734.538452 1336.031982 488.201385
v -734.538452 1157.888916 493.631409
v -734.538452 1336.031982 493.631409
v -734.538452 1157.888916 493.631409
v -734.538452 1157.888916 488.201324
v -734.538452 979.745728 493.631439
v -734.538452 979.745728 493.631439
v -734.538452 1157.888916 488.201324
v -734.538452 979.745728 488.201416
v -734.538452 1157.888916 488.201324
v -734.538452 1157.888916 455.136261
v -734.538452 979.745728 488.201416
v -734.538452 979.745728 488.201416
v -734.538452 1157.888916 455.136261
v -734.538452 979.745728 455.136353
v -734.538452 1157.888916 455.136261
v -734.538452 1157.888916 449.720459
v -734.538452 979.745728 455.136353
v -734.538452 1157.888916 449.720459
v -734.538452 979.745728 449.720490
v -734.538452 979.745728 455.136353
v -734.538452 979.745728 455.136353
v -734.538452 979.745728 449.720490
v -734.538513 801.602661 455.136292
v -734.538452 979.745728 449.720490
v -734.538513 801.602661 449.720490
v -734.538513 801.602661 455.136292
v -734.538513 801.602661 455.136292
v -734.538513 801.602661 449.720490
v -734.538513 623.459473 455.136383
v -734.538513 801.602661 449.720490
v -734.538513 623.459473 449.720520
v -734.538513 623.459473 455.136383
v -734.538513 623.459473 455.136383
v -734.538513 623.459473 449.720520
v -734.538574 445.316284 455.136322
v -734.538513 623.459473 449.720520
v -734.538574 445.316284 449.720520
v -734.538574 445.316284 455.136322
v -734.538574 445.316284 455.136322
v -734.538452 445.316284 488.201385
v -734.538513 623.459473 455.136383
v -734.538452 445.316284 488.201385
v -734.538513 623.459473 488.201416
v -734.538513 623.459473 455.136383
v -734.538513 623.459473 455.136383
v -734.538513 623.459473 488.201416
v -734.538513 801.602661 455.136292
v -734.538513 623.459473 488.201416
v -734.538513 801.602661 488.201355
v -734.538513 801.602661 455.136292
v -734.538513 801.602661 455.136292
v -734.538513 801.602661 488.201355
v -734.538452 979.745728 455.136353
v -734.538452 979.745728 455.136353
v -734.538513 801.602661 488.201355
v -734.538452 979.745728 488.201416
v -734.538513 801.602661 488.201355
v -734.538513 801.602661 493.631439
v -734.538452 979.745728 488.201416
v -734.538452 979.745728 488.201416
v -734.538513 801.602661 493.631439
v -734.538452 979.745728 493.631439
v -734.538513 801.602661 493.631439
v -734.538513 801.602661 525.826233
v -734.538452 979.745728 493.631439
v -734.538513 801.602661 525.826233
v -734.538452 979.745728 525.826172
v -734.538452 979.745728 493.631439
v -734.538452 979.745728 493.631439
v -734.538452 979.745728 525.826172
v -734.538452 1157.888916 493.631409
v -734.538452 979.745728 525.826172
v -734.538452 1157.888916 525.826172
v -734.538452 1157.888916 493.631409
v -734.538452 1157.888916 493.631409
v -734.538452 1157.888916 525.826172
v -734.538452 1336.031982 493.631409
v -734.538452 1157.888916 525.826172
v -734.538452 1336.031982 525.826172
v -734.538452 1336.031982 493.631409
v -734.538452 1336.031982 493.631409
v -734.538452 1336.031982 525.826172
v -734.538452 1514.174805 493.631409
v -734.538452 1336.031982 525.826172
v -734.538452 1514.174683 525.826172
v -734.538452 1514.174805 493.631409
v -734.538452 1514.174805 493.631409
v -734.538452 1514.174805 488.201294
v -734.538452 1336.031982 493.631409
v -734.538452 1336.031982 493.631409
v -734.538452 1514.174805 488.201294
v -734.538452 1336.031982 488.201385
v -734.538452 1514.174805 488.201294
v -734.538574 1514.174805 455.136230
v -734.538452 1336.031982 488.201385
v -734.538452 1336.031982 488.201385
v -734.538574 1514.174805 455.136230
v -734.538574 1336.031982 455.136322
v -734.538574 1514.174805 455.136230
v -734.538574 1514.174805 449.720428
v -734.538574 1336.031982 455.136322
v -734.538574 1336.031982 455.136322
v -734.538574 1514.174805 449.720428
v -734.538574 1336.031982 449.720459
v -734.538574 1514.174805 449.720428
v -734.538452 1514.174927 288.639526
v -734.538574 1336.031982 449.720459
v -734.538574 1336.031982 449.720459
v -734.538452 1514.174927 288.639526
v -734.538452 1336.032104 288.639496
v -734.538452 1514.174927 288.639526
v -734.538452 1514.174805 80.504181
v -734.538452 1336.032104 288.639496
v -734.538452 1514.174805 80.504181
v -734.538452 1336.032104 80.504211
v -734.538452 1336.032104 288.639496
v -734.538452 1336.032104 288.639496
v -734.538452 1336.032104 80.504211
v -734.538452 1157.888916 288.639526
v -734.538452 1336.032104 80.504211
v -734.538452 1157.888916 80.504242
v -734.538452 1157.888916 288.639526
v -734.538452 1157.888916 288.639526
v -734.538452 1157.888916 80.504242
v -734.538452 979.745728 288.639526
v -734.538452 1157.888916 80.504242
v -734.538452 979.745728 80.504242
v -734.538452 979.745728 288.639526
v -734.538452 979.745728 288.639526
v -734.538452 979.745728 80.504242
v -734.538513 801.602661 288.639557
v -734.538452 979.745728 80.504242
v -734.538452 801.602661 80.504242
v -734.538513 801.602661 288.639557
v -734.538513 801.602661 288.639557
v -734.538452 801.602661 80.504242
v -734.538513 623.459473 288.639526
v -734.538452 801.602661 80.504242
v -734.538452 623.459473 80.504272
v -734.538513 623.459473 288.639526
v -734.538513 623.459473 288.639526
v -734.538452 623.459473 80.504272
v -734.538452 445.316284 288.639587
v -734.538452 623.459473 80.504272
v -734.538452 445.316254 80.504303
v -734.538452 445.316284 288.639587
v -734.538452 445.316284 288.639587
v -734.538452 445.316254 80.504303
v -734.538452 367.744446 288.639587
v -734.538452 445.316254 80.504303
v -734.538452 367.744415 80.504303
v -734.538452 367.744446 288.639587
v 797.745972 1336.032227 455.136322
v 797.745972 1336.032104 488.201385
v 797.745972 1157.889038 455.136261
v 797.745972 1336.032104 488.201385
v 797.745972 1157.888916 488.201324
v 797.745972 1157.889038 455.136261
v 797.745972 1157.889038 455.136261
v 797.745972 1157.888916 488.201324
v 797.745972 979.745728 455.136353
v 797.745972 1157.888916 488.201324
v 797.745972 979.745728 488.201416
v 797.745972 979.745728 455.136353
v 797.745972 979.745728 455.136353
v 797.745972 979.745728 488.201416
v 797.746033 801.602783 455.136292
v 797.745972 979.745728 488.201416
v 797.746033 801.602661 488.201355
v 797.746033 801.602783 455.136292
v 797.746033 801.602783 455.136292
v 797.746033 801.602661 488.201355
v 797.745972 623.459473 455.136383
v 797.746033 801.602661 488.201355
v 797.745972 623.459473 488.201416
v 797.745972 623.459473 455.136383
v 797.745972 623.459473 455.136383
v 797.745972 623.459473 488.201416
v 797.745972 445.316345 455.136322
v 797.745972 623.459473 488.201416
v 797.745972 445.316284 488.201385
v 797.745972 445.316345 455.136322
v 797.745972 445.316345 455.136322
v 797.745972 445.316284 488.201385
v 797.745972 367.744446 455.136322
v 797.745972 367.744446 455.136322
v 797.745972 445.316284 488.201385
v 797.745972 367.744507 488.201385
v 797.745972 445.316284 488.201385
v 797.745972 445.316284 493.631470
v 797.745972 367.744507 488.201385
v 797.745972 367.744507 488.201385
v 797.745972 445.316284 493.631470
v 797.745972 367.744446 493.631470
v 797.745972 445.316284 493.631470
v 797.745972 445.316284 525.826233
v 797.745972 367.744446 493.631470
v 797.745972 367.744446 493.631470
v 797.745972 445.316284 525.826233
v 797.745972 367.744324 525.826233
v 797.745972 1514.174683 525.826172
v 797.745972 1336.031982 525.826172
v 797.745972 1514.174805 493.631409
v 797.745972 1514.174805 493.631409
v 797.745972 1336.031982 525.826172
v 797.745972 1336.031982 493.631409
v 797.745972 1336.031982 525.826172
v 797.745972 1157.888916 525.826172
v 797.745972 1336.031982 493.631409
v 797.745972 1336.031982 493.631409
v 797.745972 1157.888916 525.826172
v 797.745972 1157.888916 493.631409
v 797.745972 1157.888916 493.631409
v 797.745972 1157.888916 525.826172
v 797.745972 979.745728 493.631439
v 797.745972 1157.888916 525.826172
v 797.745972 979.745728 525.826172
v 797.745972 979.745728 493.631439
v 797.745972 979.745728 493.631439
v 797.745972 979.745728 525.826172
v 797.746033 801.602661 493.631439
v 797.745972 979.745728 525.826172
v 797.746033 801.602661 525.826233
v 797.746033 801.602661 493.631439
v 797.746033 801.602661 493.631439
v 797.746033 801.602661 525.826233
v 797.745972 623.459473 493.631531
v 797.746033 801.602661 525.826233
v 797.745972 623.459473 525.826233
v 797.745972 623.459473 493.631531
v 797.745972 623.459473 493.631531
v 797.745972 623.459473 525.826233
v 797.745972 445.316284 525.826233
v 797.745972 445.316284 525.826233
v 797.745972 445.316284 493.631470
v 797.745972 623.459473 493.631531
v 797.745972 445.316284 493.631470
v 797.745972 445.316284 488.201385
v 797.745972 623.459473 493.631531
v 797.745972 445.316284 488.201385
v 797.745972 623.459473 488.201416
v 797.745972 623.459473 493.631531
v 797.745972 623.459473 493.631531
v 797.745972 623.459473 488.201416
v 797.746033 801.602661 493.631439
v 797.745972 623.459473 488.201416
v 797.746033 801.602661 488.201355
v 797.746033 801.602661 493.631439
v 797.746033 801.602661 493.631439
v 797.746033 801.602661 488.201355
v 797.745972 979.745728 493.631439
v 797.746033 801.602661 488.201355
v 797.745972 979.745728 488.201416
v 797.745972 979.745728 493.631439
v 797.745972 979.745728 493.631439
v 797.745972 979.745728 488.201416
v 797.745972 1157.888916 493.631409
v 797.745972 979.745728 488.201416
v 797.745972 1157.888916 488.201324
v 797.745972 1157.888916 493.631409
v 797.745972 1157.888916 493.631409
v 797.745972 1157.888916 488.201324
v 797.745972 1336.031982 493.631409
v 797.745972 1157.888916 488.201324
v 797.745972 1336.032104 488.201385
v 797.745972 1336.031982 493.631409
v 797.745972 1336.031982 493.631409
v 797.745972 1336.032104 488.201385
v 797.745972 1514.174805 493.631409
v 797.745972 1514.174805 493.631409
v 797.745972 1336.032104 488.201385
v 797.745972 1514.174805 488.201294
v 797.745972 1336.032104 488.201385
v 797.745972 1336.032227 455.136322
v 797.745972 1514.174805 488.201294
v 797.745972 1514.174805 488.201294
v 797.745972 1336.032227 455.136322
v 797.745972 1514.174805 455.136230
v 797.745972 1336.032227 455.136322
v 797.745972 1336.032227 449.720459
v 797.745972 1514.174805 455.136230
v 797.745972 1514.174805 455.136230
v 797.745972 1336.032227 449.720459
v 797.745972 1514.174805 449.720428
v 797.745972 1336.032227 449.720459
v 797.745972 1336.032104 288.639496
v 797.745972 1514.174805 449.720428
v 797.745972 1514.174805 449.720428
v 797.745972 1336.032104 288.639496
v 797.745972 1514.174805 288.639526
v 797.745972 1336.032104 288.639496
v 797.745972 1336.032227 449.720459
v 797.745972 1157.888916 288.639526
v 797.745972 1336.032227 449.720459
v 797.745972 1157.889038 449.720459
v 797.745972 1157.888916 288.639526
v 797.745972 1157.888916 288.639526
v 797.745972 1157.889038 449.720459
v 797.745972 979.745728 288.639526
v 797.745972 1157.889038 449.720459
v 797.745972 979.745728 449.720490
v 797.745972 979.745728 288.639526
v 797.745972 979.745728 288.639526
v 797.745972 979.745728 449.720490
v 797.746033 801.602661 288.639557
v 797.745972 979.745728 449.720490
v 797.746033 801.602783 449.720490
v 797.746033 801.602661 288.639557
v 797.746033 801.602661 288.639557
v 797.746033 801.602783 449.720490
v 797.745972 623.459473 288.639526
v 797.746033 801.602783 449.720490
v 797.745972 623.459473 449.720520
v 797.745972 623.459473 288.639526
v 797.745972 623.459473 288.639526
v 797.745972 623.459473 449.720520
v 797.745972 445.316284 288.639587
v 797.745972 623.459473 449.720520
v 797.745972 445.316345 449.720520
v 797.745972 445.316284 288.639587
v 797.745972 445.316284 288.639587
v 797.745972 445.316345 449.720520
v 797.745972 367.744324 288.639587
v 797.745972 445.316345 449.720520
v 797.745972 367.744446 449.725983
v 797.745972 367.744324 288.639587
v 797.745972 367.744446 455.136322
v 797.745972 367.744446 449.725983
v 797.745972 445.316345 455.136322
v 797.745972 367.744446 449.725983
v 797.745972 445.316345 449.720520
v 797.745972 445.316345 455.136322
v 797.745972 445.316345 455.136322
v 797.745972 445.316345 449.720520
v 797.745972 623.459473 455.136383
v 797.745972 445.316345 449.720520
v 797.745972 623.459473 449.720520
v 797.745972 623.459473 455.136383
v 797.745972 623.459473 455.136383
v 797.745972 623.459473 449.720520
v 797.746033 801.602783 455.136292
v 797.745972 623.459473 449.720520
v 797.746033 801.602783 449.720490
v 797.746033 801.602783 455.136292
v 797.746033 801.602783 455.136292
v 797.746033 801.602783 449.720490
v 797.745972 979.745728 455.136353
v 797.746033 801.602783 449.720490
v 797.745972 979.745728 449.720490
v 797.745972 979.745728 455.136353
v 797.745972 979.745728 455.136353
v 797.745972 979.745728 449.720490
v 797.745972 1157.889038 455.136261
v 797.745972 979.745728 449.720490
v 797.745972 1157.889038 449.720459
v 797.745972 1157.889038 455.136261
v 797.745972 1157.889038 455.136261
v 797.745972 1157.889038 449.720459
v 797.745972 1336.032227 455.136322
v 797.745972 1157.889038 449.720459
v 797.745972 1336.032227 449.720459
v 797.745972 1336.032227 455.136322
v 797.745972 367.744476 628.811218
v 797.745972 367.744324 525.826233
v 797.745972 445.316315 628.811218
v 797.745972 367.744324 525.826233
v 797.745972 445.316284 525.826233
v 797.745972 445.316315 628.811218
v 797.745972 445.316315 628.811218
v 797.745972 445.316284 525.826233
v 797.745972 623.459473 628.811218
v 797.745972 445.316284 525.826233
v 797.745972 623.459473 525.826233
v 797.745972 623.459473 628.811218
v 797.745972 623.459473 628.811218
v 797.745972 623.459473 525.826233
v 797.746033 801.602661 628.811157
v 797.745972 623.459473 525.826233
v 797.746033 801.602661 525.826233
v 797.746033 801.602661 628.811157
v 797.746033 801.602661 628.811157
v 797.746033 801.602661 525.826233
v 797.745972 979.745728 628.811157
v 797.746033 801.602661 525.826233
v 797.745972 979.745728 525.826172
v 797.745972 979.745728 628.811157
v 797.745972 979.745728 628.811157
v 797.745972 979.745728 525.826172
v 797.745972 1157.888916 628.811157
v 797.745972 979.745728 525.826172
v 797.745972 1157.888916 525.826172
v 797.745972 1157.888916 628.811157
v 797.745972 1157.888916 628.811157
v 797.745972 1157.888916 525.826172
v 797.745972 1336.031982 628.811157
v 797.745972 1157.888916 525.826172
v 797.745972 1336.031982 525.826172
v 797.745972 1336.031982 628.811157
v 797.745972 1336.031982 628.811157
v 797.745972 1336.031982 525.826172
v 797.745972 1514.174683 628.811157
v 797.745972 1336.031982 525.826172
v 797.745972 1514.174683 525.826172
v 797.745972 1514.174683 628.811157
v 797.745972 367.744324 288.639587
v 797.745972 367.744293 80.504303
v 797.745972 445.316284 288.639587
v 797.745972 367.744293 80.504303
v 797.745972 445.316254 80.504303
v 797.745972 445.316284 288.639587
v 797.745972 445.316284 288.639587
v 797.745972 445.316254 80.504303
v 797.745972 623.459473 288.639526
v 797.745972 445.316254 80.504303
v 797.745972 623.459473 80.504272
v 797.745972 623.459473 288.639526
v 797.745972 623.459473 288.639526
v 797.745972 623.459473 80.504272
v 797.746033 801.602661 288.639557
v 797.745972 623.459473 80.504272
v 797.746033 801.602661 80.504242
v 797.746033 801.602661 288.639557
v 797.746033 801.602661 288.639557
v 797.746033 801.602661 80.504242
v 797.745972 979.745728 288.639526
v 797.746033 801.602661 80.504242
v 797.745972 979.745728 80.504242
v 797.745972 979.745728 288.639526
v 797.745972 979.745728 288.639526
v 797.745972 979.745728 80.504242
v 797.745972 1157.888916 288.639526
v 797.745972 979.745728 80.504242
v 797.745972 1157.888916 80.504242
v 797.745972 1157.888916 288.639526
v 797.745972 1157.888916 288.639526
v 797.745972 1157.888916 80.504242
v 797.745972 1336.032104 288.639496
v 797.745972 1157.888916 80.504242
v 797.745972 1336.032104 80.504211
v 797.745972 1336.032104 288.639496
v 797.745972 1336.032104 288.639496
v 797.745972 1336.032104 80.504211
v 797.745972 1514.174805 288.639526
v 797.745972 1336.032104 80.504211
v 797.745972 1514.174927 80.504181
v 797.745972 1514.174805 288.639526
v 797.745972 367.744293 80.504303
v 797.745972 367.744293 24.823273
v 797.745972 445.316254 80.504303
v 797.745972 367.744293 24.823273
v 797.745972 445.316254 24.823273
v 797.745972 445.316254 80.504303
v 797.745972 445.316254 80.504303
v 797.745972 445.316254 24.823273
v 797.745972 623.459473 80.504272
v 797.745972 445.316254 24.823273
v 797.745972 623.459473 24.823273
v 797.745972 623.459473 80.504272
v 797.745972 623.459473 80.504272
v 797.745972 623.459473 24.823273
v 797.746033 801.602661 80.504242
v 797.745972 623.459473 24.823273
v 797.746033 801.602661 24.823212
v 797.746033 801.602661 80.504242
v 797.746033 801.602661 80.504242
v 797.746033 801.602661 24.823212
v 797.745972 979.745728 80.504242
v 797.746033 801.602661 24.823212
v 797.745972 979.745728 24.823242
v 797.745972 979.745728 80.504242
v 797.745972 979.745728 80.504242
v 797.745972 979.745728 24.823242
v 797.745972 1157.888916 80.504242
v 797.745972 979.745728 24.823242
v 797.745972 1157.888916 24.823212
v 797.745972 1157.888916 80.504242
v 797.745972 1157.888916 80.504242
v 797.745972 1157.888916 24.823212
v 797.745972 1336.032104 80.504211
v 797.745972 1157.888916 24.823212
v 797.745972 1336.032104 24.823212
v 797.745972 1336.032104 80.504211
v 797.745972 1336.032104 80.504211
v 797.745972 1336.032104 24.823212
v 797.745972 1514.174927 80.504181
v 797.745972 1336.032104 24.823212
v 797.745972 1514.174927 24.823151
v 797.745972 1514.174927 80.504181
v 344.705475 347.557739 511.368347
v 332.722137 347.557739 547.334290
v 187.279434 347.557739 511.368347
v 332.722137 347.557739 547.334290
v 298.596466 347.557739 577.824646
v 187.279434 347.557739 511.368347
v 298.596466 347.557739 577.824646
v 247.523773 347.557739 598.197693
v 187.279434 347.557739 511.368347
v 187.279434 347.557739 511.368347
v 247.523773 347.557739 598.197693
v 187.279434 347.557739 605.351746
v 384.061981 347.557739 511.368408
v 384.062042 347.557678 628.811218
v 369.082794 347.557739 556.325745
v 369.082794 347.557739 556.325745
v 384.062042 347.557678 628.811218
v 326.425751 347.557739 594.438721
v 326.425751 347.557739 594.438721
v 384.062042 347.557678 628.811218
v 262.584869 347.557739 619.904968
v 384.062042 347.557678 628.811218
v 187.279480 347.557739 628.829407
v 262.584869 347.557739 619.904968
v 187.279434 347.557739 605.351746
v 127.035095 347.557739 598.197693
v 187.279434 347.557739 511.368347
v 127.035095 347.557739 598.197693
v 75.962433 347.557739 577.824646
v 187.279434 347.557739 511.368347
v 75.962433 347.557739 577.824646
v 41.836765 347.557739 547.334229
v 187.279434 347.557739 511.368347
v 187.279434 347.557739 511.368347
v 41.836765 347.557739 547.334229
v 29.853428 347.557800 511.368347
v 187.279480 347.557739 628.829407
v -9.130520 347.557678 628.811218
v 111.974030 347.557739 619.904968
v 111.974030 347.557739 619.904968
v -9.130520 347.557678 628.811218
v 48.133183 347.557739 594.438721
v 48.133183 347.557739 594.438721
v -9.130520 347.557678 628.811218
v 5.476109 347.557739 556.325623
v -9.130520 347.557678 628.811218
v -9.130581 347.557739 511.368408
v 5.476109 347.557739 556.325623
v -734.538452 1514.174683 628.811157
v -734.538452 1514.174683 525.826172
v -734.538452 1336.031982 628.811157
v -734.538452 1514.174683 525.826172
v -734.538452 1336.031982 525.826172
v -734.538452 1336.031982 628.811157
v -734.538452 1336.031982 628.811157
v -734.538452 1336.031982 525.826172
v -734.538452 1157.888916 628.811157
v -734.538452 1336.031982 525.826172
v -734.538452 1157.888916 525.826172
v -734.538452 1157.888916 628.811157
v -734.538452 1157.888916 628.811157
v -734.538452 1157.888916 525.826172
v -734.538452 979.745728 628.811157
v -734.538452 1157.888916 525.826172
v -734.538452 979.745728 525.826172
v -734.538452 979.745728 628.811157
v -734.538452 979.745728 628.811157
v -734.538452 979.745728 525.826172
v -734.538513 801.602661 628.811157
v -734.538452 979.745728 525.826172
v -734.538513 801.602661 525.826233
v -734.538513 801.602661 628.811157
v -734.538513 801.602661 628.811157
v -734.538513 801.602661 525.826233
v -734.538513 623.459473 628.811218
v -734.538513 801.602661 525.826233
v -734.538513 623.459473 525.826233
v -734.538513 623.459473 628.811218
v -734.538513 623.459473 628.811218
v -734.538513 623.459473 525.826233
v -734.538452 445.316315 628.811218
v -734.538513 623.459473 525.826233
v -734.538452 445.316284 525.826233
v -734.538452 445.316315 628.811218
v -734.538452 445.316315 628.811218
v -734.538452 445.316284 525.826233
v -734.538452 367.744476 628.811218
v -734.538452 445.316284 525.826233
v -734.538452 367.744446 525.826233
v -734.538452 367.744476 628.811218
v -734.538452 1514.174805 80.504181
v -734.538452 1514.174805 24.823151
v -734.538452 1336.032104 80.504211
v -734.538452 1514.174805 24.823151
v -734.538452 1336.032104 24.823212
v -734.538452 1336.032104 80.504211
v -734.538452 1336.032104 80.504211
v -734.538452 1336.032104 24.823212
v -734.538452 1157.888916 80.504242
v -734.538452 1336.032104 24.823212
v -734.538452 1157.888916 24.823212
v -734.538452 1157.888916 80.504242
v -734.538452 1157.888916 80.504242
v -734.538452 1157.888916 24.823212
v -734.538452 979.745728 80.504242
v -734.538452 1157.888916 24.823212
v -734.538452 979.745728 24.823242
v -734.538452 979.745728 80.504242
v -734.538452 979.745728 80.504242
v -734.538452 979.745728 24.823242
v -734.538452 801.602661 80.504242
v -734.538452 979.745728 24.823242
v -734.538452 801.602661 24.823212
v -734.538452 801.602661 80.504242
v -734.538452 801.602661 80.504242
v -734.538452 801.602661 24.823212
v -734.538452 623.459473 80.504272
v -734.538452 801.602661 24.823212
v -734.538452 623.459473 24.823273
v -734.538452 623.459473 80.504272
v -734.538452 623.459473 80.504272
v -734.538452 623.459473 24.823273
v -734.538452 445.316254 80.504303
v -734.538452 623.459473 24.823273
v -734.538452 445.316254 24.823273
v -734.538452 445.316254 80.504303
v -734.538452 445.316254 80.504303
v -734.538452 445.316254 24.823273
v -734.538452 367.744415 80.504303
v -734.538452 445.316254 24.823273
v -734.538452 367.744415 24.823273
v -734.538452 367.744415 80.504303
vn -1.0000 -0.0000 -0.0000
vn -0.0000 -0.0000 1.0000
vn -0.0000 0.0001 1.0000
vn -0.9600 -0.0000 -0.2801
vn 1.0000 -0.0000 -0.0000
vn 0.9825 -0.0000 -0.1864
vn -0.0000 -1.0000 -0.0000
vn -0.9488 -0.0000 -0.3160
vn -0.9487 -0.0000 -0.3161
vn -0.9487 -0.0000 -0.3162
vn -0.6663 -0.0000 -0.7457
vn -0.6662 -0.0000 -0.7457
vn -0.3705 -0.0000 -0.9288
vn -0.3706 -0.0000 -0.9288
vn -0.1180 -0.0000 -0.9930
vn -1.0000 -0.0000 0.0001
vn -0.1179 -0.0000 -0.9930
vn 0.1179 -0.0000 -0.9930
vn 0.3705 -0.0000 -0.9288
vn 0.6663 -0.0000 -0.7457
vn 0.6662 -0.0000 -0.7457
vn 0.9487 -0.0000 -0.3160
vn 1.0000 -0.0000 0.0001
vn -0.0000 -1.0000 0.0001
vt 5.064498 0.931451
vt 5.064498 0.957181
vt 4.220352 0.931451
vt 4.220352 0.957182
vt 3.376206 0.931451
vt 3.376206 0.957181
vt 3.376206 1.109739
vt 4.220352 1.109739
vt 5.064498 1.109739
vt 5.432078 1.109739
vt 5.432078 0.957181
vt 5.432078 0.931451
vt 5.064498 0.774769
vt 5.432078 0.774769
vt 5.064498 0.749106
vt 5.432078 0.749132
vt 5.064498 -0.014189
vt 5.432078 -0.014189
vt 4.220352 -0.014189
vt 4.220352 0.749106
vt 3.376206 -0.014189
vt 3.376206 0.749106
vt 2.532061 -0.014189
vt 2.532061 0.749106
vt 1.687915 -0.014189
vt 1.687915 0.749106
vt 0.843770 -0.014189
vt 0.843770 0.749106
vt 1.687915 0.774769
vt 0.843770 0.774769
vt 1.687915 0.931451
vt 0.843770 0.931451
vt 1.687915 0.957181
vt 0.843770 0.957182
vt 2.532061 0.957182
vt 2.532061 0.931451
vt 2.532061 0.774769
vt 3.376206 0.774769
vt 4.220352 0.774769
vt 2.532061 1.109739
vt 1.687915 1.109739
vt 0.843770 1.109739
vt -0.000374 0.957181
vt -0.000373 1.109739
vt -0.000374 0.931451
vt -0.000374 0.774769
vt -0.000374 0.749106
vt -0.000374 -0.014189
vt -0.000374 -1.000455
vt 0.843770 -1.000455
vt 1.687915 -1.000455
vt 2.532061 -1.000455
vt 3.376206 -1.000455
vt 4.220352 -1.000455
vt 5.064498 -1.000455
vt 5.432078 -1.000455
vt 4.587934 0.774769
vt 4.587934 0.931451
vt 3.743789 0.774769
vt 3.743788 0.931451
vt 2.899642 0.774769
vt 2.899642 0.931451
vt 2.055498 0.774769
vt 2.055498 0.931451
vt 1.211352 0.774769
vt 1.211352 0.931451
vt 0.367207 0.774769
vt 0.367207 0.931451
vt -0.000374 0.774769
vt -0.000374 0.931451
vt 0.367206 0.957181
vt -0.000374 0.957181
vt 0.367206 1.109739
vt -0.000374 1.109739
vt 5.432076 1.109739
vt 4.587934 1.109739
vt 4.587934 0.957182
vt 3.743788 1.109739
vt 3.743788 0.957181
vt 2.899642 0.957182
vt 2.899642 1.109739
vt 2.055498 0.957181
vt 2.055498 1.109739
vt 1.211352 0.957182
vt 1.211352 1.109739
vt 4.587934 0.749106
vt 5.432078 0.749106
vt 4.587934 -0.014189
vt 3.743788 -0.014189
vt 3.743789 0.749106
vt 2.899642 -0.014189
vt 2.899642 0.749106
vt 2.055498 -0.014189
vt 2.055498 0.749106
vt 1.211352 -0.014189
vt 1.211352 0.749106
vt 0.367206 -0.014189
vt 0.367207 0.749106
vt -0.000374 0.749132
vt -0.000374 1.597741
vt 0.367206 1.597741
vt 1.211352 1.597741
vt 2.055498 1.597741
vt 2.899642 1.597741
vt 3.743788 1.597741
vt 4.587934 1.597741
vt 5.432076 1.597741
vt -0.000374 -1.000455
vt 0.367206 -1.000455
vt 1.211352 -1.000455
vt 2.055498 -1.000455
vt 2.899642 -1.000455
vt 3.743788 -1.000455
vt 4.587934 -1.000455
vt 5.432078 -1.000455
vt -0.000374 -1.000455
vt -0.000374 -1.264304
vt 0.367206 -1.000455
vt 0.367206 -1.264304
vt 1.211352 -1.264304
vt 2.055498 -1.000455
vt 2.055498 -1.264304
vt 2.899642 -1.264304
vt 3.743788 -1.000455
vt 3.743788 -1.264304
vt 4.587934 -1.264304
vt 5.432078 -1.264304
vt 0.800000 -0.500241
vt 0.739103 -0.317472
vt 0.000000 -0.500242
vt 0.565685 -0.162527
vt 0.306147 -0.058997
vt 0.000000 -0.022642
vt 1.000000 -0.603327
vt 1.000000 -0.006512
vt 0.923879 -0.374865
vt 0.707107 -0.181184
vt 0.382683 -0.051771
vt 0.000000 -0.006420
vt -0.000820 -0.022302
vt 0.305908 -0.058726
vt -0.000820 -0.500808
vt 0.565939 -0.162453
vt 0.739686 -0.317691
vt 0.800698 -0.500808
vt -0.000820 -0.005854
vt 0.999180 -0.005946
vt 0.382590 -0.051291
vt 0.707628 -0.180950
vt 0.924812 -0.374998
vt 0.999180 -0.603893
vt -0.000373 1.597741
vt 0.843770 1.597741
vt 1.687915 1.597741
vt 2.532061 1.597741
vt 3.376206 1.597741
vt 4.220352 1.597741
vt 5.064498 1.597741
vt 5.432078 1.597741
vt -0.000374 -1.000455
vt -0.000374 -1.264304
vt 0.843770 -1.264304
vt 1.687915 -1.000455
vt 1.687915 -1.264304
vt 2.532061 -1.264304
vt 3.376206 -1.000455
vt 3.376206 -1.264304
vt 4.220352 -1.264304
vt 5.064498 -1.000455
vt 5.064498 -1.264304
vt 5.432077 -1.000455
vt 5.432077 -1.264304
s 0
usemtl Material__66.001
f 1006/249/75 1007/250/75 1008/251/75
f 1009/250/75 1010/252/75 1011/251/75
f 1012/251/75 1013/252/75 1014/253/75
f 1015/252/75 1016/254/75 1017/253/75
f 1018/254/75 1019/252/75 1020/255/75
f 1021/255/75 1022/252/75 1023/256/75
f 1024/256/75 1025/252/75 1026/257/75
f 1027/252/75 1028/250/75 1029/257/75
s 1
f 1030/257/75 1031/250/75 1032/258/76
f 1033/258/77 1034/250/75 1035/259/75
s 0
f 1036/250/75 1037/249/75 1038/259/75
f 1039/259/75 1040/249/75 1041/260/75
f 1042/249/75 1043/261/75 1044/260/75
s 1
f 1045/260/75 1046/261/75 1047/262/78
f 1048/261/75 1049/263/75 1050/262/78
f 1051/262/78 1052/263/75 1053/264/75
s 0
f 1054/263/75 1055/265/75 1056/264/75
f 1057/264/75 1058/265/75 1059/266/75
f 1060/265/75 1061/263/75 1062/267/75
f 1063/263/75 1064/268/75 1065/267/75
f 1066/267/75 1067/268/75 1068/269/75
f 1069/268/75 1070/270/75 1071/269/75
f 1072/269/75 1073/270/75 1074/271/75
f 1075/270/75 1076/272/75 1077/271/75
f 1078/271/75 1079/272/75 1080/273/75
f 1081/272/75 1082/274/75 1083/273/75
f 1084/273/75 1085/274/75 1086/275/75
f 1087/275/75 1088/274/75 1089/276/75
f 1090/274/75 1091/277/75 1092/276/75
f 1093/276/75 1094/277/75 1095/278/75
f 1096/277/75 1097/279/75 1098/278/75
f 1099/278/75 1100/279/75 1101/280/75
f 1102/279/75 1103/281/75 1104/280/75
f 1105/280/75 1106/281/75 1107/282/75
f 1108/281/75 1109/279/75 1110/283/75
f 1111/283/75 1112/279/75 1113/284/75
f 1114/279/75 1115/277/75 1116/284/75
f 1117/284/75 1118/277/75 1119/285/75
f 1120/277/75 1121/274/75 1122/285/75
f 1123/274/75 1124/272/75 1125/285/75
f 1126/285/75 1127/272/75 1128/286/75
f 1129/272/75 1130/270/75 1131/286/75
f 1132/286/75 1133/270/75 1134/287/75
f 1135/270/75 1136/268/75 1137/287/75
f 1138/287/75 1139/268/75 1140/261/75
f 1141/268/75 1142/263/75 1143/261/75
f 1144/261/75 1145/249/75 1146/287/75
f 1147/249/75 1148/251/75 1149/287/75
f 1150/287/75 1151/251/75 1152/286/75
f 1153/251/75 1154/253/75 1155/286/75
f 1156/286/75 1157/253/75 1158/285/75
f 1159/285/75 1160/253/75 1161/284/75
f 1162/253/75 1163/254/75 1164/284/75
f 1165/284/75 1166/254/75 1167/283/75
f 1168/254/75 1169/255/75 1170/283/75
f 1171/255/75 1172/288/75 1173/283/75
f 1174/283/75 1175/288/75 1176/281/75
f 1177/288/75 1178/289/75 1179/281/75
f 1180/281/75 1181/289/75 1182/282/75
f 1183/289/75 1184/290/75 1185/282/75
f 1186/282/75 1187/290/75 1188/291/75
f 1189/290/75 1190/292/75 1191/291/75
f 1192/291/75 1193/293/75 1194/282/75
f 1195/282/75 1196/293/75 1197/280/75
f 1198/293/75 1199/294/75 1200/280/75
f 1201/280/75 1202/294/75 1203/278/75
f 1204/294/75 1205/295/75 1206/278/75
f 1207/278/75 1208/295/75 1209/276/75
f 1210/295/75 1211/296/75 1212/276/75
f 1213/276/75 1214/296/75 1215/275/75
f 1216/296/75 1217/297/75 1218/275/75
f 1219/297/75 1220/298/75 1221/275/75
f 1222/275/75 1223/298/75 1224/273/75
f 1225/298/75 1226/299/75 1227/273/75
f 1228/273/75 1229/299/75 1230/271/75
f 1231/299/75 1232/300/75 1233/271/75
f 1234/271/75 1235/300/75 1236/269/75
f 1237/300/75 1238/301/75 1239/269/75
f 1240/269/75 1241/301/75 1242/267/75
f 1243/301/75 1244/302/75 1245/267/75
f 1246/267/75 1247/302/75 1248/265/75
f 1249/302/75 1250/303/75 1251/265/75
f 1252/265/75 1253/303/75 1254/266/75
f 1255/303/75 1256/304/75 1257/266/75
f 1258/305/79 1259/306/79 1260/307/79
f 1261/306/79 1262/308/79 1263/307/79
f 1264/307/79 1265/308/79 1266/309/79
f 1267/308/79 1268/310/79 1269/309/79
f 1270/309/79 1271/310/79 1272/311/79
f 1273/310/79 1274/312/79 1275/311/79
f 1276/311/79 1277/312/79 1278/313/79
f 1279/312/79 1280/314/79 1281/313/79
f 1282/313/79 1283/314/79 1284/315/79
f 1285/314/79 1286/316/79 1287/315/79
s 1
f 1288/315/79 1289/316/79 1290/317/80
f 1291/317/80 1292/316/79 1293/318/79
s 0
f 1294/316/79 1295/319/79 1296/318/79
f 1297/318/79 1298/319/79 1299/320/79
f 1300/319/79 1301/321/79 1302/320/79
s 1
f 1303/320/79 1304/321/79 1305/322/76
s 0
f 1306/323/79 1307/324/79 1308/259/79
f 1309/259/79 1310/324/79 1311/325/79
f 1312/324/79 1313/326/79 1314/325/79
f 1315/325/79 1316/326/79 1317/327/79
f 1318/327/79 1319/326/79 1320/328/79
f 1321/326/79 1322/329/79 1323/328/79
f 1324/328/79 1325/329/79 1326/330/79
f 1327/329/79 1328/331/79 1329/330/79
f 1330/330/79 1331/331/79 1332/332/79
f 1333/331/79 1334/333/79 1335/332/79
f 1336/332/79 1337/333/79 1338/321/79
f 1339/321/79 1340/319/79 1341/332/79
f 1342/319/79 1343/316/79 1344/332/79
f 1345/316/79 1346/314/79 1347/332/79
f 1348/332/79 1349/314/79 1350/330/79
f 1351/314/79 1352/312/79 1353/330/79
f 1354/330/79 1355/312/79 1356/328/79
f 1357/312/79 1358/310/79 1359/328/79
f 1360/328/79 1361/310/79 1362/327/79
f 1363/310/79 1364/308/79 1365/327/79
f 1366/327/79 1367/308/79 1368/325/79
f 1369/308/79 1370/306/79 1371/325/79
f 1372/325/79 1373/306/79 1374/259/79
f 1375/259/79 1376/306/79 1377/260/79
f 1378/306/79 1379/305/79 1380/260/79
f 1381/260/79 1382/305/79 1383/262/79
f 1384/305/79 1385/334/79 1386/262/79
f 1387/262/79 1388/334/79 1389/335/79
f 1390/334/79 1391/336/79 1392/335/79
f 1393/335/79 1394/336/79 1395/266/79
f 1396/336/79 1397/334/79 1398/337/79
f 1399/334/79 1400/338/79 1401/337/79
f 1402/337/79 1403/338/79 1404/339/79
f 1405/338/79 1406/340/79 1407/339/79
f 1408/339/79 1409/340/79 1410/341/79
f 1411/340/79 1412/342/79 1413/341/79
f 1414/341/79 1415/342/79 1416/343/79
f 1417/342/79 1418/344/79 1419/343/79
f 1420/343/79 1421/344/79 1422/345/79
f 1423/344/79 1424/346/79 1425/345/79
f 1426/345/79 1427/346/79 1428/296/79
f 1429/346/79 1430/347/79 1431/296/79
s 1
f 1432/317/80 1433/347/79 1434/315/79
s 0
f 1435/347/79 1436/346/79 1437/315/79
f 1438/315/79 1439/346/79 1440/313/79
f 1441/346/79 1442/344/79 1443/313/79
f 1444/313/79 1445/344/79 1446/311/79
f 1447/344/79 1448/342/79 1449/311/79
f 1450/311/79 1451/342/79 1452/309/79
f 1453/342/79 1454/340/79 1455/309/79
f 1456/309/79 1457/340/79 1458/307/79
f 1459/340/79 1460/338/79 1461/307/79
f 1462/307/79 1463/338/79 1464/305/79
f 1465/338/79 1466/334/79 1467/305/79
s 1
f 1468/348/81 1469/322/76 1470/349/79
f 1471/322/76 1472/321/79 1473/349/79
s 0
f 1474/349/79 1475/321/79 1476/350/79
f 1477/321/79 1478/333/79 1479/350/79
f 1480/350/79 1481/333/79 1482/351/79
f 1483/333/79 1484/331/79 1485/351/79
f 1486/351/79 1487/331/79 1488/352/79
f 1489/331/79 1490/329/79 1491/352/79
f 1492/352/79 1493/329/79 1494/353/79
f 1495/329/79 1496/326/79 1497/353/79
f 1498/353/79 1499/326/79 1500/354/79
f 1501/326/79 1502/324/79 1503/354/79
f 1504/354/79 1505/324/79 1506/355/79
f 1507/324/79 1508/323/79 1509/355/79
f 1510/296/79 1511/356/79 1512/345/79
f 1513/356/79 1514/357/79 1515/345/79
f 1516/345/79 1517/357/79 1518/343/79
f 1519/357/79 1520/358/79 1521/343/79
f 1522/343/79 1523/358/79 1524/341/79
f 1525/358/79 1526/359/79 1527/341/79
f 1528/341/79 1529/359/79 1530/339/79
f 1531/359/79 1532/360/79 1533/339/79
f 1534/339/79 1535/360/79 1536/337/79
f 1537/360/79 1538/361/79 1539/337/79
f 1540/337/79 1541/361/79 1542/336/79
f 1543/361/79 1544/362/79 1545/336/79
f 1546/336/79 1547/362/79 1548/266/79
f 1549/362/79 1550/363/79 1551/266/79
f 1552/364/79 1553/365/79 1554/366/79
f 1555/365/79 1556/367/79 1557/366/79
f 1558/366/79 1559/367/79 1560/358/79
f 1561/367/79 1562/368/79 1563/358/79
f 1564/358/79 1565/368/79 1566/369/79
f 1567/368/79 1568/370/79 1569/369/79
f 1570/369/79 1571/370/79 1572/360/79
f 1573/370/79 1574/371/79 1575/360/79
f 1576/360/79 1577/371/79 1578/372/79
f 1579/371/79 1580/373/79 1581/372/79
f 1582/372/79 1583/373/79 1584/362/79
f 1585/373/79 1586/374/79 1587/362/79
f 1588/362/79 1589/374/79 1590/304/79
f 1591/374/79 1592/375/79 1593/304/79
s 1
f 1594/376/82 1595/377/83 1596/378/81
f 1597/377/84 1598/379/85 1599/378/81
f 1600/379/86 1601/380/87 1602/378/81
f 1603/378/81 1604/380/88 1605/381/89
f 1606/382/75 1607/383/75 1608/384/81
f 1609/384/81 1610/383/75 1611/385/81
f 1612/385/81 1613/383/75 1614/386/81
f 1615/383/90 1616/387/81 1617/386/81
f 1618/388/91 1619/389/92 1620/390/81
f 1621/389/92 1622/391/93 1623/390/81
f 1624/391/93 1625/392/94 1626/390/81
f 1627/390/81 1628/392/95 1629/393/96
f 1630/394/81 1631/395/79 1632/396/81
f 1633/396/81 1634/395/97 1635/397/81
f 1636/397/81 1637/395/79 1638/398/81
f 1639/395/79 1640/399/97 1641/398/81
s 0
f 1642/400/75 1643/292/75 1644/401/75
f 1645/292/75 1646/290/75 1647/401/75
f 1648/401/75 1649/290/75 1650/402/75
f 1651/290/75 1652/289/75 1653/402/75
f 1654/402/75 1655/289/75 1656/403/75
f 1657/289/75 1658/288/75 1659/403/75
f 1660/403/75 1661/288/75 1662/404/75
f 1663/288/75 1664/255/75 1665/404/75
f 1666/404/75 1667/255/75 1668/405/75
f 1669/255/75 1670/256/75 1671/405/75
f 1672/405/75 1673/256/75 1674/406/75
f 1675/256/75 1676/257/75 1677/406/75
s 1
f 1678/406/75 1679/257/75 1680/407/81
f 1681/257/75 1682/258/76 1683/407/98
s 0
f 1684/408/75 1685/409/75 1686/298/75
f 1687/409/75 1688/410/75 1689/298/75
f 1690/298/75 1691/410/75 1692/411/75
f 1693/410/75 1694/412/75 1695/411/75
f 1696/411/75 1697/412/75 1698/300/75
f 1699/412/75 1700/413/75 1701/300/75
f 1702/300/75 1703/413/75 1704/414/75
f 1705/413/75 1706/415/75 1707/414/75
f 1708/414/75 1709/415/75 1710/302/75
f 1711/415/75 1712/416/75 1713/302/75
f 1714/302/75 1715/416/75 1716/417/75
f 1717/416/75 1718/418/75 1719/417/75
f 1720/417/75 1721/418/75 1722/419/75
f 1723/418/75 1724/420/75 1725/419/75
g Atomic0.003_meshId3_name
v -138.118561 342.048370 163.030548
v -121.618561 342.048401 288.639587
v -138.118515 342.048401 288.639587
v -121.618561 342.048401 288.639587
v -121.618576 342.048401 449.719757
v -138.118515 342.048401 288.639587
v -138.118515 342.048401 288.639587
v -121.618576 342.048401 449.719757
v -138.118515 342.048401 449.720764
v 730.514221 342.048401 525.826233
v 804.020386 342.048401 525.826233
v 730.514221 367.744507 525.826233
v 730.514221 367.744507 525.826233
v 804.020386 342.048401 525.826233
v 797.745972 367.744385 525.826233
v 804.020386 342.048401 525.826233
v 804.020386 367.744385 525.826233
v 797.745972 367.744385 525.826233
v 804.020386 367.744385 525.826233
v 804.020386 342.048401 525.826233
v 804.020386 367.744385 493.631470
v 804.020386 342.048401 525.826233
v 804.020386 342.048401 493.631470
v 804.020386 367.744385 493.631470
v 804.020386 342.048401 488.201385
v 797.745972 342.048401 455.136322
v 804.020386 367.744385 488.201385
v 797.745972 342.048401 455.136322
v 797.745972 367.744507 455.136322
v 804.020386 367.744385 488.201385
v 797.745972 342.048401 449.720520
v 797.745972 342.048401 288.639587
v 797.745972 367.744507 449.725983
v 797.745972 342.048401 288.639587
v 797.745972 367.744385 288.639587
v 797.745972 367.744507 449.725983
v 797.745972 342.048401 288.639587
v 797.745972 342.048370 80.504303
v 797.745972 367.744385 288.639587
v 797.745972 342.048370 80.504303
v 797.745972 367.744354 80.504303
v 797.745972 367.744385 288.639587
v 797.745972 342.048370 80.504303
v 797.745972 342.048370 24.823273
v 797.745972 367.744354 80.504303
v 797.745972 342.048370 24.823273
v 797.745972 367.744354 24.823273
v 797.745972 367.744354 80.504303
v 804.020386 342.048401 525.826233
v 730.514221 342.048401 525.826233
v 804.020386 342.048401 493.631470
v 730.514221 342.048401 525.826233
v 734.686707 342.048401 493.631470
v 804.020386 342.048401 493.631470
v 718.186707 342.048401 493.631470
v 734.686707 342.048401 493.631470
v 714.438904 342.048401 521.463867
v 734.686707 342.048401 493.631470
v 730.514221 342.048401 525.826233
v 714.438904 342.048401 521.463867
v 797.745972 342.048401 455.136322
v 804.020386 342.048401 488.201385
v 734.686829 342.048401 455.136322
v 804.020386 342.048401 488.201385
v 734.686768 342.048401 488.201385
v 734.686829 342.048401 455.136322
v 734.686829 342.048401 455.136322
v 734.686768 342.048401 488.201385
v 718.186829 342.048401 455.136322
v 734.686768 342.048401 488.201385
v 718.186768 342.048401 488.201385
v 718.186829 342.048401 455.136322
v 797.745972 342.048401 288.639587
v 797.745972 342.048401 449.720520
v 734.686768 342.048401 288.639587
v 797.745972 342.048401 449.720520
v 734.686829 342.048401 449.719757
v 734.686768 342.048401 288.639587
v 734.686768 342.048401 288.639587
v 734.686829 342.048401 449.719757
v 718.186768 342.048401 288.639587
v 734.686829 342.048401 449.719757
v 718.186829 342.048401 449.720764
v 718.186768 342.048401 288.639587
v 718.186768 342.048401 288.639587
v 718.186707 342.048370 163.030548
v 734.686768 342.048401 288.639587
v 718.186707 342.048370 163.030548
v 734.686768 342.048370 80.504303
v 734.686768 342.048401 288.639587
v 734.686768 342.048401 288.639587
v 734.686768 342.048370 80.504303
v 797.745972 342.048401 288.639587
v 734.686768 342.048370 80.504303
v 797.745972 342.048370 80.504303
v 797.745972 342.048401 288.639587
v 797.745972 342.048370 24.823273
v 797.745972 342.048370 80.504303
v 734.686768 342.048370 24.823273
v 797.745972 342.048370 80.504303
v 734.686768 342.048370 80.504303
v 734.686768 342.048370 24.823273
v 734.686768 342.048370 24.823273
v 734.686768 342.048370 80.504303
v 612.234741 342.048370 24.823273
v 734.686768 342.048370 80.504303
v 612.234741 342.048370 80.504303
v 612.234741 342.048370 24.823273
v 730.514221 342.048401 525.826233
v 730.514221 367.744507 525.826233
v 718.281250 342.048401 555.304260
v 730.514221 367.744507 525.826233
v 718.281250 367.744507 555.304260
v 718.281250 342.048401 555.304260
v 718.281250 342.048401 555.304260
v 718.281250 367.744507 555.304260
v 698.821350 342.048401 580.664978
v 718.281250 367.744507 555.304260
v 698.821350 367.744507 580.664917
v 698.821350 342.048401 580.664978
v 718.186829 342.048401 455.136322
v 718.186768 342.048401 488.201385
v 718.186646 402.877258 455.136322
v 718.186768 342.048401 488.201385
v 718.186646 402.877258 488.201385
v 718.186646 402.877258 455.136322
v 718.186646 402.877258 493.631470
v 718.186707 342.048401 493.631470
v 714.438904 402.877258 521.463806
v 718.186707 342.048401 493.631470
v 714.438904 342.048401 521.463867
v 714.438904 402.877258 521.463806
v 714.438904 402.877258 521.463806
v 714.438904 342.048401 521.463867
v 703.868530 402.877258 546.983093
v 714.438904 342.048401 521.463867
v 703.868530 342.048401 546.983093
v 703.868530 402.877258 546.983093
v 714.438904 342.048401 521.463867
v 730.514221 342.048401 525.826233
v 703.868530 342.048401 546.983093
v 730.514221 342.048401 525.826233
v 718.281250 342.048401 555.304260
v 703.868530 342.048401 546.983093
v 703.868530 342.048401 546.983093
v 718.281250 342.048401 555.304260
v 687.053406 342.048401 568.897034
v 718.281250 342.048401 555.304260
v 698.821350 342.048401 580.664978
v 687.053406 342.048401 568.897034
v 687.053406 342.048401 568.897034
v 698.821350 342.048401 580.664978
v 665.139526 342.048401 585.712097
v 698.821350 342.048401 580.664978
v 673.460693 342.048401 600.124817
v 665.139526 342.048401 585.712097
v 665.139526 342.048401 585.712097
v 673.460693 342.048401 600.124817
v 639.620178 342.048401 596.282532
v 673.460693 342.048401 600.124817
v 643.927551 342.048401 612.357849
v 639.620178 342.048401 596.282532
v 639.620178 342.048401 596.282532
v 643.927551 342.048401 612.357849
v 612.234680 342.048401 599.887939
v 643.927551 342.048401 612.357849
v 612.234680 342.048401 616.530334
v 612.234680 342.048401 599.887939
v 612.234680 342.048401 599.887939
v 612.234680 342.048401 616.530334
v 584.849121 342.048401 596.282532
v 612.234680 342.048401 616.530334
v 580.541748 342.048401 612.357849
v 584.849121 342.048401 596.282532
v 584.849121 342.048401 596.282532
v 580.541748 342.048401 612.357849
v 559.329895 342.048401 585.712097
v 580.541748 342.048401 612.357849
v 551.008667 342.048401 600.124817
v 559.329895 342.048401 585.712097
v 559.329895 342.048401 585.712097
v 551.008667 342.048401 600.124817
v 537.415955 342.048401 568.897034
v 551.008667 342.048401 600.124817
v 525.648071 342.048401 580.664978
v 537.415955 342.048401 568.897034
v 537.415955 342.048401 568.897034
v 525.648071 342.048401 580.664978
v 520.600891 342.048462 546.983093
v 525.648071 342.048401 580.664978
v 506.188049 342.048462 555.304321
v 520.600891 342.048462 546.983093
v 520.600891 342.048462 546.983093
v 506.188049 342.048462 555.304321
v 510.030396 342.048462 521.463867
v 506.188049 342.048462 555.304321
v 493.955109 342.048462 525.826233
v 510.030396 342.048462 521.463867
v 703.868530 402.877258 546.983093
v 703.868530 342.048401 546.983093
v 687.053406 402.877258 568.897034
v 703.868530 342.048401 546.983093
v 687.053406 342.048401 568.897034
v 687.053406 402.877258 568.897034
v 687.053406 402.877258 568.897034
v 687.053406 342.048401 568.897034
v 665.139526 402.877258 585.712097
v 687.053406 342.048401 568.897034
v 665.139526 342.048401 585.712097
v 665.139526 402.877258 585.712097
v 665.139526 402.877258 585.712097
v 665.139526 342.048401 585.712097
v 639.620178 402.877258 596.282532
v 665.139526 342.048401 585.712097
v 639.620178 342.048401 596.282532
v 639.620178 402.877258 596.282532
v 639.620178 402.877258 596.282532
v 639.620178 342.048401 596.282532
v 612.234680 402.877258 599.887939
v 639.620178 342.048401 596.282532
v 612.234680 342.048401 599.887939
v 612.234680 402.877258 599.887939
v 698.821350 342.048401 580.664978
v 698.821350 367.744507 580.664917
v 673.460693 342.048401 600.124817
v 698.821350 367.744507 580.664917
v 673.460693 367.744507 600.124817
v 673.460693 342.048401 600.124817
v 673.460693 342.048401 600.124817
v 673.460693 367.744507 600.124817
v 643.927551 342.048401 612.357849
v 673.460693 367.744507 600.124817
v 643.927551 367.744507 612.357849
v 643.927551 342.048401 612.357849
v 643.927551 342.048401 612.357849
v 643.927551 367.744507 612.357849
v 612.234680 342.048401 616.530334
v 643.927551 367.744507 612.357849
v 612.234680 367.744507 616.524353
v 612.234680 342.048401 616.530334
v 734.686768 342.048370 80.504303
v 718.186707 342.048370 163.030548
v 612.234741 342.048370 80.504303
v 718.186707 342.048370 163.030548
v 612.234680 342.048370 163.030548
v 612.234741 342.048370 80.504303
v 612.234741 342.048370 80.504303
v 612.234680 342.048370 163.030548
v 489.782532 342.048370 80.504303
v 612.234680 342.048370 163.030548
v 506.282593 342.048431 163.030548
v 489.782532 342.048370 80.504303
v 489.782532 342.048370 80.504303
v 506.282593 342.048431 163.030548
v 489.782654 342.048462 288.639587
v 506.282593 342.048431 163.030548
v 506.282654 342.048462 288.639587
v 489.782654 342.048462 288.639587
v 506.282654 342.048462 449.720764
v 489.782654 342.048462 449.719757
v 506.282654 342.048462 288.639587
v 506.282654 342.048462 288.639587
v 489.782654 342.048462 449.719757
v 489.782654 342.048462 288.639587
v 489.782654 342.048462 288.639587
v 489.782654 342.048462 449.719757
v 432.320007 342.048462 288.639587
v 489.782654 342.048462 449.719757
v 432.320007 342.048462 449.725616
v 432.320007 342.048462 288.639587
v 432.320007 342.048462 288.639587
v 432.320007 342.048370 80.504303
v 489.782654 342.048462 288.639587
v 432.320007 342.048370 80.504303
v 489.782532 342.048370 80.504303
v 489.782654 342.048462 288.639587
v 718.186707 342.048370 163.030548
v 718.186646 402.877228 163.030548
v 612.234680 342.048370 163.030548
v 718.186646 402.877228 163.030548
v 612.234680 402.877228 163.030548
v 612.234680 342.048370 163.030548
v 612.234680 342.048370 163.030548
v 612.234680 402.877228 163.030548
v 506.282593 342.048431 163.030548
v 612.234680 402.877228 163.030548
v 506.282593 402.877289 163.030548
v 506.282593 342.048431 163.030548
v 612.234680 402.877258 599.887939
v 612.234680 342.048401 599.887939
v 584.849121 402.877258 596.282532
v 612.234680 342.048401 599.887939
v 584.849121 342.048401 596.282532
v 584.849121 402.877258 596.282532
v 584.849121 402.877258 596.282532
v 584.849121 342.048401 596.282532
v 559.329895 402.877258 585.712097
v 584.849121 342.048401 596.282532
v 559.329895 342.048401 585.712097
v 559.329895 402.877258 585.712097
v 559.329895 402.877258 585.712097
v 559.329895 342.048401 585.712097
v 537.415955 402.877258 568.897034
v 559.329895 342.048401 585.712097
v 537.415955 342.048401 568.897034
v 537.415955 402.877258 568.897034
v 537.415955 402.877258 568.897034
v 537.415955 342.048401 568.897034
v 520.600830 402.877258 546.983093
v 537.415955 342.048401 568.897034
v 520.600891 342.048462 546.983093
v 520.600830 402.877258 546.983093
v 520.600830 402.877258 546.983093
v 520.600891 342.048462 546.983093
v 510.030396 402.877258 521.463806
v 520.600891 342.048462 546.983093
v 510.030396 342.048462 521.463867
v 510.030396 402.877258 521.463806
v 510.030396 402.877258 521.463806
v 510.030396 342.048462 521.463867
v 506.282593 402.877258 493.631470
v 510.030396 342.048462 521.463867
v 506.282593 342.048462 493.631470
v 506.282593 402.877258 493.631470
v 612.234680 342.048401 616.530334
v 612.234680 367.744507 616.524353
v 580.541748 342.048401 612.357849
v 612.234680 367.744507 616.524353
v 580.541748 367.744507 612.357849
v 580.541748 342.048401 612.357849
v 580.541748 342.048401 612.357849
v 580.541748 367.744507 612.357849
v 551.008667 342.048401 600.124817
v 580.541748 367.744507 612.357849
v 551.008667 367.744507 600.124817
v 551.008667 342.048401 600.124817
v 612.234741 342.048370 24.823273
v 612.234741 342.048370 80.504303
v 489.782532 342.048370 24.823273
v 612.234741 342.048370 80.504303
v 489.782532 342.048370 80.504303
v 489.782532 342.048370 24.823273
v 489.782532 342.048370 24.823273
v 489.782532 342.048370 80.504303
v 432.320007 342.048370 24.823273
v 489.782532 342.048370 80.504303
v 432.320007 342.048370 80.504303
v 432.320007 342.048370 24.823273
v 551.008667 342.048401 600.124817
v 551.008667 367.744507 600.124817
v 525.648071 342.048401 580.664978
v 551.008667 367.744507 600.124817
v 525.648010 367.744507 580.664917
v 525.648071 342.048401 580.664978
v 525.648071 342.048401 580.664978
v 525.648010 367.744507 580.664917
v 506.188049 342.048462 555.304321
v 525.648010 367.744507 580.664917
v 506.188049 367.744507 555.304260
v 506.188049 342.048462 555.304321
v 506.188049 342.048462 555.304321
v 506.188049 367.744507 555.304260
v 493.955109 342.048462 525.826233
v 506.188049 367.744507 555.304260
v 493.955109 367.744507 525.826233
v 493.955109 342.048462 525.826233
v 506.282593 342.048401 488.201385
v 506.282593 342.048401 455.136322
v 506.282593 402.877258 488.201385
v 506.282593 342.048401 455.136322
v 506.282593 402.877258 455.136322
v 506.282593 402.877258 488.201385
v 510.030396 342.048462 521.463867
v 493.955109 342.048462 525.826233
v 506.282593 342.048462 493.631470
v 493.955109 342.048462 525.826233
v 489.782593 342.048462 493.631470
v 506.282593 342.048462 493.631470
v 432.320007 342.048462 493.631409
v 489.782593 342.048462 493.631470
v 432.320007 342.048401 525.826233
v 489.782593 342.048462 493.631470
v 493.955109 342.048462 525.826233
v 432.320007 342.048401 525.826233
v 506.282593 342.048401 455.136322
v 506.282593 342.048401 488.201385
v 489.782593 342.048462 455.136322
v 506.282593 342.048401 488.201385
v 489.782593 342.048462 488.201385
v 489.782593 342.048462 455.136322
v 489.782593 342.048462 455.136322
v 489.782593 342.048462 488.201385
v 432.320007 342.048462 455.136139
v 489.782593 342.048462 488.201385
v 438.139069 342.048462 488.201294
v 432.320007 342.048462 455.136139
v 493.955109 367.744507 525.826233
v 432.320099 367.744507 525.826233
v 493.955109 342.048462 525.826233
v 432.320099 367.744507 525.826233
v 432.320007 342.048401 525.826233
v 493.955109 342.048462 525.826233
v 438.139069 315.097778 488.201385
v 432.320007 315.097778 455.136322
v 438.139069 342.048462 488.201294
v 432.320007 315.097778 455.136322
v 432.320007 342.048462 455.136139
v 438.139069 342.048462 488.201294
v 432.320099 367.744507 628.811218
v 432.320099 342.048401 628.811218
v 432.320099 367.744507 525.826233
v 432.320099 342.048401 628.811218
v 432.320007 342.048401 525.826233
v 432.320099 367.744507 525.826233
v 432.320099 342.048401 628.811218
v 432.320099 315.097717 628.811218
v 432.320007 342.048401 525.826233
v 432.320099 315.097717 628.811218
v 432.320007 315.097778 493.631470
v 432.320007 342.048401 525.826233
v 432.320007 342.048401 525.826233
v 432.320007 315.097778 493.631470
v 432.320007 342.048462 493.631409
v 718.186646 402.877258 449.720764
v 718.186646 402.877258 288.639587
v 718.186829 342.048401 449.720764
v 718.186829 342.048401 449.720764
v 718.186646 402.877258 288.639587
v 718.186768 342.048401 288.639587
v 718.186646 402.877258 288.639587
v 718.186646 402.877228 163.030548
v 718.186768 342.048401 288.639587
v 718.186768 342.048401 288.639587
v 718.186646 402.877228 163.030548
v 718.186707 342.048370 163.030548
v 506.282654 342.048462 449.720764
v 506.282654 342.048462 288.639587
v 506.282654 402.877258 449.720764
v 506.282654 402.877258 449.720764
v 506.282654 342.048462 288.639587
v 506.282654 402.877258 288.639587
v 506.282654 342.048462 288.639587
v 506.282593 342.048431 163.030548
v 506.282654 402.877258 288.639587
v 506.282654 402.877258 288.639587
v 506.282593 342.048431 163.030548
v 506.282593 402.877289 163.030548
v 384.061981 443.101379 288.639587
v 384.061981 443.101349 111.849915
v 384.061981 378.628113 288.639587
v 384.061981 378.628113 288.639587
v 384.061981 443.101349 111.849915
v 384.061981 378.628082 80.504303
v 384.061981 443.101349 111.849915
v 384.062042 443.101288 80.504303
v 384.061981 378.628082 80.504303
v 432.320007 315.097778 449.720123
v 432.320007 315.097778 288.639587
v 432.320007 342.048462 449.725616
v 432.320007 315.097778 288.639587
v 432.320007 342.048462 288.639587
v 432.320007 342.048462 449.725616
v 432.320007 342.048370 80.504303
v 432.320007 342.048462 288.639587
v 432.320007 315.097748 80.504303
v 432.320007 342.048462 288.639587
v 432.320007 315.097778 288.639587
v 432.320007 315.097748 80.504303
v 432.320007 315.097748 80.504303
v 432.320007 315.097748 24.823273
v 432.320007 342.048370 80.504303
v 432.320007 315.097748 24.823273
v 432.320007 342.048370 24.823273
v 432.320007 342.048370 80.504303
v 432.320007 315.097778 455.136322
v 438.139069 315.097778 488.201385
v 384.061981 315.097778 455.136322
v 438.139069 315.097778 488.201385
v 377.644012 315.097778 488.201385
v 384.061981 315.097778 455.136322
v 432.320099 315.097717 628.811218
v 384.062042 315.097717 628.811218
v 432.320007 315.097778 493.631470
v 384.062042 315.097717 628.811218
v 384.061981 315.097778 493.631470
v 432.320007 315.097778 493.631470
v 432.320007 315.097778 288.639587
v 432.320007 315.097778 449.720123
v 384.061981 315.097778 288.639587
v 432.320007 315.097778 449.720123
v 384.061981 315.097778 449.720123
v 384.061981 315.097778 288.639587
v 432.320007 315.097748 80.504303
v 432.320007 315.097778 288.639587
v 384.061981 315.097748 80.504303
v 432.320007 315.097778 288.639587
v 384.061981 315.097778 288.639587
v 384.061981 315.097748 80.504303
v 384.062042 315.097717 628.811218
v 384.062042 347.557739 628.811218
v 384.061981 315.097778 493.631470
v 384.062042 347.557739 628.811218
v 384.061981 347.557800 511.368408
v 384.061981 315.097778 493.631470
v 384.061981 443.101196 511.368347
v 384.061981 443.101379 493.631592
v 384.061981 378.628174 511.368347
v 384.061981 443.101379 493.631592
v 384.061981 378.628174 493.631531
v 384.061981 378.628174 511.368347
v 384.061981 378.628174 511.368347
v 384.061981 378.628174 493.631531
v 384.061981 347.557800 511.368408
v 384.061981 378.628174 493.631531
v 384.061981 315.097778 493.631470
v 384.061981 347.557800 511.368408
v 384.061981 378.628113 449.723083
v 384.061981 443.101379 449.726013
v 384.061981 378.628113 288.639587
v 384.061981 443.101379 449.726013
v 384.061981 443.101379 288.639587
v 384.061981 378.628113 288.639587
v 384.061981 315.097778 449.720123
v 384.061981 378.628113 449.723083
v 384.061981 315.097778 288.639587
v 384.061981 378.628113 449.723083
v 384.061981 378.628113 288.639587
v 384.061981 315.097778 288.639587
v 384.061981 378.628113 288.639587
v 384.061981 378.628082 80.504303
v 384.061981 315.097778 288.639587
v 384.061981 378.628082 80.504303
v 384.061981 315.097748 80.504303
v 384.061981 315.097778 288.639587
v 384.061981 443.101379 455.136597
v 384.061981 378.627808 455.136475
v 377.644012 443.101379 488.201508
v 384.061981 378.627808 455.136475
v 377.644012 378.627808 488.201508
v 377.644012 443.101379 488.201508
v 384.061981 378.627808 455.136475
v 384.061981 315.097778 455.136322
v 377.644012 378.627808 488.201508
v 384.061981 315.097778 455.136322
v 377.644012 315.097778 488.201385
v 377.644012 378.627808 488.201508
v 384.061981 443.101196 511.368347
v 345.755219 443.101318 511.368408
v 384.061981 443.101379 493.631592
v 345.755219 443.101318 511.368408
v 345.755219 443.101379 493.631531
v 384.061981 443.101379 493.631592
v 384.061981 443.101379 455.136597
v 377.644012 443.101379 488.201508
v 345.755219 443.101379 455.136414
v 377.644012 443.101379 488.201508
v 345.755219 443.101379 488.201447
v 345.755219 443.101379 455.136414
v 345.755157 443.101349 111.849945
v 384.061981 443.101349 111.849915
v 345.755219 443.101379 288.639587
v 384.061981 443.101349 111.849915
v 384.061981 443.101379 288.639587
v 345.755219 443.101379 288.639587
v 384.061981 443.101379 288.639587
v 384.061981 443.101379 449.726013
v 345.755219 443.101379 288.639587
v 345.755219 443.101379 288.639587
v 384.061981 443.101379 449.726013
v 345.755219 443.101379 449.723633
v 28.465853 443.101349 111.849945
v 28.465853 443.101318 288.639587
v -9.130581 443.101349 111.849976
v -9.130581 443.101349 111.849976
v 28.465853 443.101318 288.639587
v -9.130566 443.101318 288.639587
v 28.465853 443.101318 288.639587
v 28.465883 443.101318 449.723633
v -9.130566 443.101318 288.639587
v -9.130566 443.101318 288.639587
v 28.465883 443.101318 449.723633
v -9.130612 443.101318 449.726013
v -9.130550 443.101196 511.368408
v -9.130566 378.628174 511.368408
v -9.130596 443.101318 493.631592
v -9.130596 443.101318 493.631592
v -9.130566 378.628174 511.368408
v -9.130581 378.628174 493.631531
v -9.130566 378.628174 511.368408
v -9.130581 347.557800 511.368408
v -9.130581 378.628174 493.631531
v -9.130581 378.628174 493.631531
v -9.130581 347.557800 511.368408
v -9.130581 315.097778 493.631470
v -57.464493 342.048462 493.631409
v -57.464493 315.097778 493.631470
v -57.464493 342.048401 525.826233
v -57.464493 342.048401 525.826233
v -57.464493 315.097778 493.631470
v -57.464523 342.048401 628.811218
v -57.464493 315.097778 493.631470
v -57.464470 315.097717 628.811218
v -57.464523 342.048401 628.811218
v 337.279449 443.101318 511.368408
v 187.279480 443.101196 511.368408
v 337.279388 443.101379 493.631470
v 187.279480 443.101196 511.368408
v 187.279419 443.101379 493.631470
v 337.279388 443.101379 493.631470
v 187.279419 443.101379 493.631470
v 187.279480 443.101196 511.368408
v 37.279449 443.101379 493.631470
v 187.279480 443.101196 511.368408
v 37.279510 443.101196 511.368408
v 37.279449 443.101379 493.631470
v 28.465883 443.101318 488.201447
v -2.788616 443.101318 488.201508
v 28.465883 443.101379 455.136414
v -2.788616 443.101318 488.201508
v -9.130612 443.101318 455.136536
v 28.465883 443.101379 455.136414
v 28.465883 443.101379 493.631531
v 28.465883 443.101196 511.368408
v -9.130596 443.101318 493.631592
v 28.465883 443.101196 511.368408
v -9.130550 443.101196 511.368408
v -9.130596 443.101318 493.631592
v -2.788601 378.627808 488.201447
v -2.788601 315.097778 488.201385
v -9.130612 378.627808 455.136475
v -2.788601 315.097778 488.201385
v -9.130596 315.097778 455.136322
v -9.130612 378.627808 455.136475
v -9.130612 378.627808 455.136475
v -9.130612 443.101318 455.136536
v -2.788601 378.627808 488.201447
v -9.130612 443.101318 455.136536
v -2.788616 443.101318 488.201508
v -2.788601 378.627808 488.201447
v -9.130534 315.097748 80.504303
v -9.130550 378.628082 80.504303
v -9.130520 315.097778 288.639587
v -9.130550 378.628082 80.504303
v -9.130550 378.628113 288.639587
v -9.130520 315.097778 288.639587
v -9.130534 315.097717 628.811218
v -9.130581 315.097778 493.631470
v -9.130520 347.557739 628.811218
v -9.130581 315.097778 493.631470
v -9.130581 347.557800 511.368408
v -9.130520 347.557739 628.811218
v -9.130550 378.628113 288.639587
v -9.130581 378.628113 449.723083
v -9.130520 315.097778 288.639587
v -9.130581 378.628113 449.723083
v -9.130566 315.097778 449.720123
v -9.130520 315.097778 288.639587
v -9.130550 378.628082 80.504303
v -9.130581 443.101349 111.849976
v -9.130550 378.628113 288.639587
v -9.130581 443.101349 111.849976
v -9.130566 443.101318 288.639587
v -9.130550 378.628113 288.639587
v -9.130550 378.628113 288.639587
v -9.130566 443.101318 288.639587
v -9.130581 378.628113 449.723083
v -9.130566 443.101318 288.639587
v -9.130612 443.101318 449.726013
v -9.130581 378.628113 449.723083
v -9.130550 378.628082 80.504303
v -9.130550 443.101288 80.504303
v -9.130581 443.101349 111.849976
v -138.118561 402.877258 449.720764
v -138.118515 402.877258 288.639587
v -138.118515 342.048401 449.720764
v -138.118515 342.048401 449.720764
v -138.118515 402.877258 288.639587
v -138.118515 342.048401 288.639587
v -138.118515 402.877258 288.639587
v -138.118561 402.877228 163.030548
v -138.118515 342.048401 288.639587
v -138.118515 342.048401 288.639587
v -138.118561 402.877228 163.030548
v -138.118561 342.048370 163.030548
v -350.022552 402.877289 163.030548
v -350.022522 402.877258 288.639587
v -350.022552 342.048431 163.030548
v -350.022552 342.048431 163.030548
v -350.022522 402.877258 288.639587
v -350.022552 342.048462 288.639587
v -350.022522 402.877258 288.639587
v -350.022552 402.877258 449.720764
v -350.022552 342.048462 288.639587
v -350.022552 342.048462 288.639587
v -350.022552 402.877258 449.720764
v -350.022552 342.048462 449.720764
v -350.022552 342.048462 449.720764
v -366.522552 342.048462 449.719757
v -350.022552 342.048462 288.639587
v -350.022552 342.048462 288.639587
v -366.522552 342.048462 449.719757
v -366.522552 342.048462 288.639587
v -366.522552 342.048462 288.639587
v -366.522552 342.048462 449.719757
v -399.217804 342.048401 288.639587
v -366.522552 342.048462 449.719757
v -399.217804 342.048401 449.716888
v -399.217804 342.048401 288.639587
v -9.130596 315.097778 455.136322
v -2.788601 315.097778 488.201385
v -57.464455 315.097778 455.136322
v -2.788601 315.097778 488.201385
v -63.283478 315.097778 488.201385
v -57.464455 315.097778 455.136322
v -9.130534 315.097748 80.504303
v -9.130520 315.097778 288.639587
v -57.464432 315.097748 80.504303
v -9.130520 315.097778 288.639587
v -57.464455 315.097778 288.639587
v -57.464432 315.097748 80.504303
v -9.130520 315.097778 288.639587
v -9.130566 315.097778 449.720123
v -57.464455 315.097778 288.639587
v -9.130566 315.097778 449.720123
v -57.464447 315.097778 449.720123
v -57.464455 315.097778 288.639587
v -9.130534 315.097717 628.811218
v -57.464470 315.097717 628.811218
v -9.130581 315.097778 493.631470
v -57.464470 315.097717 628.811218
v -57.464493 315.097778 493.631470
v -9.130581 315.097778 493.631470
v -57.464455 315.097778 288.639587
v -57.464447 315.097778 449.720123
v -57.464493 342.048462 288.639587
v -57.464447 315.097778 449.720123
v -57.464508 342.048462 449.725677
v -57.464493 342.048462 288.639587
v -57.464432 315.097748 80.504303
v -57.464455 315.097778 288.639587
v -57.464493 342.048370 80.504303
v -57.464455 315.097778 288.639587
v -57.464493 342.048462 288.639587
v -57.464493 342.048370 80.504303
v -57.464447 315.097748 24.823273
v -57.464432 315.097748 80.504303
v -57.464508 342.048370 24.823273
v -57.464432 315.097748 80.504303
v -57.464493 342.048370 80.504303
v -57.464508 342.048370 24.823273
v -57.464508 367.744507 525.826233
v -57.464493 342.048401 525.826233
v -57.464539 367.744507 628.811218
v -57.464493 342.048401 525.826233
v -57.464523 342.048401 628.811218
v -57.464539 367.744507 628.811218
v -57.464455 315.097778 455.136322
v -63.283478 315.097778 488.201385
v -57.464508 342.048462 455.136261
v -63.283478 315.097778 488.201385
v -63.283485 342.048462 488.201385
v -57.464508 342.048462 455.136261
v -57.464493 342.048370 80.504303
v -57.464493 342.048462 288.639587
v -121.618561 342.048370 80.504303
v -57.464493 342.048462 288.639587
v -121.618561 342.048401 288.639587
v -121.618561 342.048370 80.504303
v -121.618561 342.048401 288.639587
v -138.118561 342.048370 163.030548
v -121.618561 342.048370 80.504303
v -121.618561 342.048370 80.504303
v -138.118561 342.048370 163.030548
v -244.070587 342.048370 80.504303
v -138.118561 342.048370 163.030548
v -244.070557 342.048370 163.030548
v -244.070587 342.048370 80.504303
v -244.070587 342.048370 80.504303
v -244.070557 342.048370 163.030548
v -366.522552 342.048370 80.504303
v -244.070557 342.048370 163.030548
v -350.022552 342.048431 163.030548
v -366.522552 342.048370 80.504303
v -366.522552 342.048370 80.504303
v -350.022552 342.048431 163.030548
v -366.522552 342.048462 288.639587
v -350.022552 342.048431 163.030548
v -350.022552 342.048462 288.639587
v -366.522552 342.048462 288.639587
v -57.464493 342.048462 288.639587
v -57.464508 342.048462 449.725677
v -121.618561 342.048401 288.639587
v -57.464508 342.048462 449.725677
v -121.618576 342.048401 449.719757
v -121.618561 342.048401 288.639587
v -57.464508 342.048370 24.823273
v -57.464493 342.048370 80.504303
v -121.618561 342.048370 24.823273
v -57.464493 342.048370 80.504303
v -121.618561 342.048370 80.504303
v -121.618561 342.048370 24.823273
v -121.618561 342.048370 24.823273
v -121.618561 342.048370 80.504303
v -244.070587 342.048370 24.823273
v -121.618561 342.048370 80.504303
v -244.070587 342.048370 80.504303
v -244.070587 342.048370 24.823273
v -57.464508 367.744507 525.826233
v -125.791016 367.744507 525.826233
v -57.464493 342.048401 525.826233
v -125.791016 367.744507 525.826233
v -125.791016 342.048401 525.826233
v -57.464493 342.048401 525.826233
v -57.464493 342.048401 525.826233
v -125.791016 342.048401 525.826233
v -57.464493 342.048462 493.631409
v -125.791016 342.048401 525.826233
v -121.618561 342.048401 493.631470
v -57.464493 342.048462 493.631409
v -138.118561 342.048401 493.631470
v -121.618561 342.048401 493.631470
v -141.866318 342.048401 521.463806
v -121.618561 342.048401 493.631470
v -125.791016 342.048401 525.826233
v -141.866318 342.048401 521.463806
v -57.464508 342.048462 455.136261
v -63.283485 342.048462 488.201385
v -121.618576 342.048401 455.136322
v -63.283485 342.048462 488.201385
v -121.618561 342.048401 488.201385
v -121.618576 342.048401 455.136322
v -121.618576 342.048401 455.136322
v -121.618561 342.048401 488.201385
v -138.118515 342.048401 455.136322
v -121.618561 342.048401 488.201385
v -138.118515 342.048401 488.201385
v -138.118515 342.048401 455.136322
v -125.791016 342.048401 525.826233
v -125.791016 367.744507 525.826233
v -138.023987 342.048401 555.304260
v -125.791016 367.744507 525.826233
v -138.023987 367.744507 555.304260
v -138.023987 342.048401 555.304260
v -138.023987 342.048401 555.304260
v -138.023987 367.744507 555.304260
v -157.483917 342.048401 580.664978
v -138.023987 367.744507 555.304260
v -157.483887 367.744507 580.664917
v -157.483917 342.048401 580.664978
v -138.118561 402.877258 488.201385
v -138.118561 402.877258 455.136322
v -138.118515 342.048401 488.201385
v -138.118561 402.877258 455.136322
v -138.118515 342.048401 455.136322
v -138.118515 342.048401 488.201385
v -138.118561 402.877258 493.631470
v -138.118561 342.048401 493.631470
v -141.866302 402.877258 521.463806
v -138.118561 342.048401 493.631470
v -141.866318 342.048401 521.463806
v -141.866302 402.877258 521.463806
v -141.866302 402.877258 521.463806
v -141.866318 342.048401 521.463806
v -152.436737 402.877258 546.983093
v -141.866318 342.048401 521.463806
v -152.436737 342.048401 546.983093
v -152.436737 402.877258 546.983093
v -141.866318 342.048401 521.463806
v -125.791016 342.048401 525.826233
v -152.436737 342.048401 546.983093
v -125.791016 342.048401 525.826233
v -138.023987 342.048401 555.304260
v -152.436737 342.048401 546.983093
v -152.436737 342.048401 546.983093
v -138.023987 342.048401 555.304260
v -169.251846 342.048401 568.897034
v -138.023987 342.048401 555.304260
v -157.483917 342.048401 580.664978
v -169.251846 342.048401 568.897034
v -169.251846 342.048401 568.897034
v -157.483917 342.048401 580.664978
v -191.165741 342.048401 585.712097
v -157.483917 342.048401 580.664978
v -182.844543 342.048401 600.124817
v -191.165741 342.048401 585.712097
v -191.165741 342.048401 585.712097
v -182.844543 342.048401 600.124817
v -216.684982 342.048401 596.282532
v -182.844543 342.048401 600.124817
v -212.377640 342.048401 612.357849
v -216.684982 342.048401 596.282532
v -216.684982 342.048401 596.282532
v -212.377640 342.048401 612.357849
v -244.070557 342.048401 599.887939
v -212.377640 342.048401 612.357849
v -244.070557 342.048401 616.530334
v -244.070557 342.048401 599.887939
v -244.070557 342.048401 599.887939
v -244.070557 342.048401 616.530334
v -271.456116 342.048401 596.282532
v -244.070557 342.048401 616.530334
v -275.763458 342.048401 612.357849
v -271.456116 342.048401 596.282532
v -271.456116 342.048401 596.282532
v -275.763458 342.048401 612.357849
v -296.975342 342.048401 585.712097
v -275.763458 342.048401 612.357849
v -305.296539 342.048401 600.124817
v -296.975342 342.048401 585.712097
v -296.975342 342.048401 585.712097
v -305.296539 342.048401 600.124817
v -318.889252 342.048401 568.897034
v -305.296539 342.048401 600.124817
v -330.657166 342.048401 580.664978
v -318.889252 342.048401 568.897034
v -318.889252 342.048401 568.897034
v -330.657166 342.048401 580.664978
v -335.704346 342.048462 546.983093
v -330.657166 342.048401 580.664978
v -350.117096 342.048462 555.304321
v -335.704346 342.048462 546.983093
v -335.704346 342.048462 546.983093
v -350.117096 342.048462 555.304321
v -346.274780 342.048401 521.463867
v -350.117096 342.048462 555.304321
v -362.350128 342.048462 525.826233
v -346.274780 342.048401 521.463867
v -152.436737 402.877258 546.983093
v -152.436737 342.048401 546.983093
v -169.251846 402.877258 568.897034
v -152.436737 342.048401 546.983093
v -169.251846 342.048401 568.897034
v -169.251846 402.877258 568.897034
v -169.251846 402.877258 568.897034
v -169.251846 342.048401 568.897034
v -191.165741 402.877258 585.712097
v -169.251846 342.048401 568.897034
v -191.165741 342.048401 585.712097
v -191.165741 402.877258 585.712097
v -191.165741 402.877258 585.712097
v -191.165741 342.048401 585.712097
v -216.685028 402.877258 596.282532
v -191.165741 342.048401 585.712097
v -216.684982 342.048401 596.282532
v -216.685028 402.877258 596.282532
v -216.685028 402.877258 596.282532
v -216.684982 342.048401 596.282532
v -244.070557 402.877258 599.887939
v -216.684982 342.048401 596.282532
v -244.070557 342.048401 599.887939
v -244.070557 402.877258 599.887939
v -157.483917 342.048401 580.664978
v -157.483887 367.744507 580.664917
v -182.844543 342.048401 600.124817
v -157.483887 367.744507 580.664917
v -182.844543 367.744507 600.124878
v -182.844543 342.048401 600.124817
v -182.844543 342.048401 600.124817
v -182.844543 367.744507 600.124878
v -212.377640 342.048401 612.357849
v -182.844543 367.744507 600.124878
v -212.377625 367.744507 612.357849
v -212.377640 342.048401 612.357849
v -212.377640 342.048401 612.357849
v -212.377625 367.744507 612.357849
v -244.070557 342.048401 616.530334
v -212.377625 367.744507 612.357849
v -244.070557 367.744507 616.524353
v -244.070557 342.048401 616.530334
v -138.118561 342.048370 163.030548
v -138.118561 402.877228 163.030548
v -244.070557 342.048370 163.030548
v -138.118561 402.877228 163.030548
v -244.070557 402.877228 163.030548
v -244.070557 342.048370 163.030548
v -244.070557 342.048370 163.030548
v -244.070557 402.877228 163.030548
v -350.022552 342.048431 163.030548
v -244.070557 402.877228 163.030548
v -350.022552 402.877289 163.030548
v -350.022552 342.048431 163.030548
v -244.070557 402.877258 599.887939
v -244.070557 342.048401 599.887939
v -271.456116 402.877258 596.282532
v -244.070557 342.048401 599.887939
v -271.456116 342.048401 596.282532
v -271.456116 402.877258 596.282532
v -271.456116 402.877258 596.282532
v -271.456116 342.048401 596.282532
v -296.975372 402.877258 585.712097
v -271.456116 342.048401 596.282532
v -296.975342 342.048401 585.712097
v -296.975372 402.877258 585.712097
v -296.975372 402.877258 585.712097
v -296.975342 342.048401 585.712097
v -318.889252 402.877258 568.897034
v -296.975342 342.048401 585.712097
v -318.889252 342.048401 568.897034
v -318.889252 402.877258 568.897034
v -318.889252 402.877258 568.897034
v -318.889252 342.048401 568.897034
v -335.704346 402.877258 546.983093
v -318.889252 342.048401 568.897034
v -335.704346 342.048462 546.983093
v -335.704346 402.877258 546.983093
v -335.704346 402.877258 546.983093
v -335.704346 342.048462 546.983093
v -346.274780 402.877258 521.463806
v -335.704346 342.048462 546.983093
v -346.274780 342.048401 521.463867
v -346.274780 402.877258 521.463806
v -346.274780 402.877258 521.463806
v -346.274780 342.048401 521.463867
v -350.022552 402.877258 493.631470
v -346.274780 342.048401 521.463867
v -350.022552 342.048401 493.631470
v -350.022552 402.877258 493.631470
v -244.070557 342.048401 616.530334
v -244.070557 367.744507 616.524353
v -275.763458 342.048401 612.357849
v -244.070557 367.744507 616.524353
v -275.763458 367.744507 612.357849
v -275.763458 342.048401 612.357849
v -275.763458 342.048401 612.357849
v -275.763458 367.744507 612.357849
v -305.296539 342.048401 600.124817
v -275.763458 367.744507 612.357849
v -305.296539 367.744507 600.124817
v -305.296539 342.048401 600.124817
v -244.070587 342.048370 24.823273
v -244.070587 342.048370 80.504303
v -366.522552 342.048370 24.823273
v -244.070587 342.048370 80.504303
v -366.522552 342.048370 80.504303
v -366.522552 342.048370 24.823273
v -366.522552 342.048370 24.823273
v -366.522552 342.048370 80.504303
v -399.217804 342.048370 24.823273
v -366.522552 342.048370 80.504303
v -399.217804 342.048370 80.504303
v -399.217804 342.048370 24.823273
v -305.296539 342.048401 600.124817
v -305.296539 367.744507 600.124817
v -330.657166 342.048401 580.664978
v -305.296539 367.744507 600.124817
v -330.657166 367.744507 580.664917
v -330.657166 342.048401 580.664978
v -330.657166 342.048401 580.664978
v -330.657166 367.744507 580.664917
v -350.117096 342.048462 555.304321
v -330.657166 367.744507 580.664917
v -350.117096 367.744507 555.304260
v -350.117096 342.048462 555.304321
v -350.117096 342.048462 555.304321
v -350.117096 367.744507 555.304260
v -362.350128 342.048462 525.826233
v -350.117096 367.744507 555.304260
v -362.350128 367.744507 525.826233
v -362.350128 342.048462 525.826233
v -350.022552 342.048401 488.201385
v -350.022552 342.048401 455.136322
v -350.022552 402.877258 488.201385
v -350.022552 342.048401 455.136322
v -350.022552 402.877258 455.136322
v -350.022552 402.877258 488.201385
v -346.274780 342.048401 521.463867
v -362.350128 342.048462 525.826233
v -350.022552 342.048401 493.631470
v -362.350128 342.048462 525.826233
v -366.522552 342.048462 493.631470
v -350.022552 342.048401 493.631470
v -362.350128 342.048462 525.826233
v -399.217804 342.048401 525.826233
v -366.522552 342.048462 493.631470
v -366.522552 342.048462 493.631470
v -399.217804 342.048401 525.826233
v -399.217804 342.048401 493.631470
v -399.217804 342.048401 525.826233
v -435.490692 342.048401 525.826233
v -399.217804 342.048401 493.631470
v -399.217804 342.048401 493.631470
v -435.490692 342.048401 525.826233
v -431.318176 342.048401 493.631470
v -447.818207 342.048401 493.631470
v -431.318176 342.048401 493.631470
v -451.565979 342.048401 521.463806
v -431.318176 342.048401 493.631470
v -435.490692 342.048401 525.826233
v -451.565979 342.048401 521.463806
v -350.022552 342.048401 455.136322
v -350.022552 342.048401 488.201385
v -366.522552 342.048462 455.136322
v -350.022552 342.048401 488.201385
v -366.522552 342.048462 488.201385
v -366.522552 342.048462 455.136322
v -366.522552 342.048462 455.136322
v -366.522552 342.048462 488.201385
v -399.217804 342.048401 455.136322
v -366.522552 342.048462 488.201385
v -399.217804 342.048401 488.201385
v -399.217804 342.048401 455.136322
v -399.217804 342.048401 455.136322
v -399.217804 342.048401 488.201385
v -431.318176 342.048401 455.136322
v -399.217804 342.048401 488.201385
v -431.318176 342.048401 488.201385
v -431.318176 342.048401 455.136322
v -431.318176 342.048401 455.136322
v -431.318176 342.048401 488.201385
v -447.818207 342.048401 455.136322
v -431.318176 342.048401 488.201385
v -447.818207 342.048401 488.201385
v -447.818207 342.048401 455.136322
v -362.350128 367.744507 525.826233
v -399.217804 367.744507 525.826233
v -362.350128 342.048462 525.826233
v -399.217804 367.744507 525.826233
v -399.217804 342.048401 525.826233
v -362.350128 342.048462 525.826233
v -366.522552 342.048370 80.504303
v -366.522552 342.048462 288.639587
v -399.217804 342.048370 80.504303
v -366.522552 342.048462 288.639587
v -399.217804 342.048401 288.639587
v -399.217804 342.048370 80.504303
v -399.217804 342.048401 288.639587
v -399.217804 342.048401 449.716888
v -431.318176 342.048401 288.639587
v -399.217804 342.048401 449.716888
v -431.318176 342.048401 449.719757
v -431.318176 342.048401 288.639587
v -431.318176 342.048401 288.639587
v -431.318176 342.048401 449.719757
v -447.818207 342.048401 288.639587
v -431.318176 342.048401 449.719757
v -447.818207 342.048401 449.720764
v -447.818207 342.048401 288.639587
v -447.818207 342.048401 288.639587
v -447.818207 342.048370 163.030548
v -431.318176 342.048401 288.639587
v -447.818207 342.048370 163.030548
v -431.318207 342.048370 80.504303
v -431.318176 342.048401 288.639587
v -431.318176 342.048401 288.639587
v -431.318207 342.048370 80.504303
v -399.217804 342.048401 288.639587
v -431.318207 342.048370 80.504303
v -399.217804 342.048370 80.504303
v -399.217804 342.048401 288.639587
v -399.217804 342.048370 24.823273
v -399.217804 342.048370 80.504303
v -431.318207 342.048370 24.823273
v -399.217804 342.048370 80.504303
v -431.318207 342.048370 80.504303
v -431.318207 342.048370 24.823273
v -431.318207 342.048370 24.823273
v -431.318207 342.048370 80.504303
v -553.770142 342.048370 24.823273
v -431.318207 342.048370 80.504303
v -553.770142 342.048370 80.504303
v -553.770142 342.048370 24.823273
v -399.217804 367.744507 525.826233
v -435.490692 367.744507 525.826233
v -399.217804 342.048401 525.826233
v -435.490692 367.744507 525.826233
v -435.490692 342.048401 525.826233
v -399.217804 342.048401 525.826233
v -435.490692 342.048401 525.826233
v -435.490692 367.744507 525.826233
v -447.723663 342.048401 555.304260
v -435.490692 367.744507 525.826233
v -447.723663 367.744507 555.304260
v -447.723663 342.048401 555.304260
v -447.723663 342.048401 555.304260
v -447.723663 367.744507 555.304260
v -467.183563 342.048401 580.664978
v -447.723663 367.744507 555.304260
v -467.183563 367.744507 580.664917
v -467.183563 342.048401 580.664978
v -447.818207 402.877258 488.201385
v -447.818207 402.877258 455.136322
v -447.818207 342.048401 488.201385
v -447.818207 402.877258 455.136322
v -447.818207 342.048401 455.136322
v -447.818207 342.048401 488.201385
v -447.818207 402.877258 493.631470
v -447.818207 342.048401 493.631470
v -451.565979 402.877258 521.463806
v -447.818207 342.048401 493.631470
v -451.565979 342.048401 521.463806
v -451.565979 402.877258 521.463806
v -451.565979 402.877258 521.463806
v -451.565979 342.048401 521.463806
v -462.136383 402.877258 546.983093
v -451.565979 342.048401 521.463806
v -462.136383 342.048401 546.983093
v -462.136383 402.877258 546.983093
v -451.565979 342.048401 521.463806
v -435.490692 342.048401 525.826233
v -462.136383 342.048401 546.983093
v -435.490692 342.048401 525.826233
v -447.723663 342.048401 555.304260
v -462.136383 342.048401 546.983093
v -462.136383 342.048401 546.983093
v -447.723663 342.048401 555.304260
v -478.951508 342.048401 568.897034
v -447.723663 342.048401 555.304260
v -467.183563 342.048401 580.664978
v -478.951508 342.048401 568.897034
v -478.951508 342.048401 568.897034
v -467.183563 342.048401 580.664978
v -500.865448 342.048401 585.712097
v -467.183563 342.048401 580.664978
v -492.544220 342.048401 600.124817
v -500.865448 342.048401 585.712097
v -500.865448 342.048401 585.712097
v -492.544220 342.048401 600.124817
v -526.384644 342.048401 596.282532
v -492.544220 342.048401 600.124817
v -522.077271 342.048401 612.357849
v -526.384644 342.048401 596.282532
v -526.384644 342.048401 596.282532
v -522.077271 342.048401 612.357849
v -553.770142 342.048401 599.887939
v -522.077271 342.048401 612.357849
v -553.770142 342.048401 616.530334
v -553.770142 342.048401 599.887939
v -553.770142 342.048401 599.887939
v -553.770142 342.048401 616.530334
v -581.155762 342.048401 596.282532
v -553.770142 342.048401 616.530334
v -585.463135 342.048401 612.357849
v -581.155762 342.048401 596.282532
v -581.155762 342.048401 596.282532
v -585.463135 342.048401 612.357849
v -606.675049 342.048401 585.712097
v -585.463135 342.048401 612.357849
v -614.996216 342.048401 600.124817
v -606.675049 342.048401 585.712097
v -606.675049 342.048401 585.712097
v -614.996216 342.048401 600.124817
v -628.588867 342.048401 568.897034
v -614.996216 342.048401 600.124817
v -640.356812 342.048401 580.664978
v -628.588867 342.048401 568.897034
v -628.588867 342.048401 568.897034
v -640.356812 342.048401 580.664978
v -645.404053 342.048462 546.983093
v -640.356812 342.048401 580.664978
v -659.816772 342.048462 555.304321
v -645.404053 342.048462 546.983093
v -645.404053 342.048462 546.983093
v -659.816772 342.048462 555.304321
v -655.974365 342.048401 521.463867
v -659.816772 342.048462 555.304321
v -672.049683 342.048462 525.826233
v -655.974365 342.048401 521.463867
v -744.188232 367.744568 493.631470
v -744.188232 342.048462 493.631470
v -744.188232 367.744507 525.826233
v -744.188232 342.048462 493.631470
v -744.188232 342.048462 525.826233
v -744.188232 367.744507 525.826233
v -462.136383 402.877258 546.983093
v -462.136383 342.048401 546.983093
v -478.951538 402.877258 568.897034
v -462.136383 342.048401 546.983093
v -478.951508 342.048401 568.897034
v -478.951538 402.877258 568.897034
v -478.951538 402.877258 568.897034
v -478.951508 342.048401 568.897034
v -500.865387 402.877258 585.712097
v -478.951508 342.048401 568.897034
v -500.865448 342.048401 585.712097
v -500.865387 402.877258 585.712097
v -500.865387 402.877258 585.712097
v -500.865448 342.048401 585.712097
v -526.384644 402.877258 596.282532
v -500.865448 342.048401 585.712097
v -526.384644 342.048401 596.282532
v -526.384644 402.877258 596.282532
v -526.384644 402.877258 596.282532
v -526.384644 342.048401 596.282532
v -553.770203 402.877258 599.887939
v -526.384644 342.048401 596.282532
v -553.770142 342.048401 599.887939
v -553.770203 402.877258 599.887939
v -467.183563 342.048401 580.664978
v -467.183563 367.744507 580.664917
v -492.544220 342.048401 600.124817
v -467.183563 367.744507 580.664917
v -492.544220 367.744507 600.124817
v -492.544220 342.048401 600.124817
v -492.544220 342.048401 600.124817
v -492.544220 367.744507 600.124817
v -522.077271 342.048401 612.357849
v -492.544220 367.744507 600.124817
v -522.077271 367.744507 612.357849
v -522.077271 342.048401 612.357849
v -522.077271 342.048401 612.357849
v -522.077271 367.744507 612.357849
v -553.770142 342.048401 616.530334
v -522.077271 367.744507 612.357849
v -553.770142 367.744507 616.524353
v -553.770142 342.048401 616.530334
v -553.770142 342.048401 616.530334
v -553.770142 367.744507 616.524353
v -585.463135 342.048401 612.357849
v -553.770142 367.744507 616.524353
v -585.463135 367.744507 612.357849
v -585.463135 342.048401 612.357849
v -585.463135 342.048401 612.357849
v -585.463135 367.744507 612.357849
v -614.996216 342.048401 600.124817
v -585.463135 367.744507 612.357849
v -614.996216 367.744507 600.124817
v -614.996216 342.048401 600.124817
v -431.318207 342.048370 80.504303
v -447.818207 342.048370 163.030548
v -553.770142 342.048370 80.504303
v -447.818207 342.048370 163.030548
v -553.770142 342.048370 163.030548
v -553.770142 342.048370 80.504303
v -553.770142 342.048370 80.504303
v -553.770142 342.048370 163.030548
v -676.222168 342.048370 80.504303
v -553.770142 342.048370 163.030548
v -659.722168 342.048431 163.030548
v -676.222168 342.048370 80.504303
v -676.222168 342.048370 80.504303
v -659.722168 342.048431 163.030548
v -676.222168 342.048462 288.639587
v -659.722168 342.048431 163.030548
v -659.722168 342.048462 288.639587
v -676.222168 342.048462 288.639587
v -676.222168 342.048462 288.639587
v -659.722168 342.048462 288.639587
v -676.222046 342.048462 449.719757
v -659.722168 342.048462 288.639587
v -659.722046 342.048462 449.720764
v -676.222046 342.048462 449.719757
v -447.818207 342.048370 163.030548
v -447.818207 402.877228 163.030548
v -553.770142 342.048370 163.030548
v -447.818207 402.877228 163.030548
v -553.770203 402.877228 163.030548
v -553.770142 342.048370 163.030548
v -553.770142 342.048370 163.030548
v -553.770203 402.877228 163.030548
v -659.722168 342.048431 163.030548
v -553.770203 402.877228 163.030548
v -659.722229 402.877289 163.030548
v -659.722168 342.048431 163.030548
v -553.770203 402.877258 599.887939
v -553.770142 342.048401 599.887939
v -581.155762 402.877258 596.282532
v -553.770142 342.048401 599.887939
v -581.155762 342.048401 596.282532
v -581.155762 402.877258 596.282532
v -581.155762 402.877258 596.282532
v -581.155762 342.048401 596.282532
v -606.675049 402.877258 585.712097
v -581.155762 342.048401 596.282532
v -606.675049 342.048401 585.712097
v -606.675049 402.877258 585.712097
v -606.675049 402.877258 585.712097
v -606.675049 342.048401 585.712097
v -628.588928 402.877258 568.897034
v -606.675049 342.048401 585.712097
v -628.588867 342.048401 568.897034
v -628.588928 402.877258 568.897034
v -628.588928 402.877258 568.897034
v -628.588867 342.048401 568.897034
v -645.404053 402.877258 546.983093
v -628.588867 342.048401 568.897034
v -645.404053 342.048462 546.983093
v -645.404053 402.877258 546.983093
v -645.404053 402.877258 546.983093
v -645.404053 342.048462 546.983093
v -655.974426 402.877258 521.463806
v -645.404053 342.048462 546.983093
v -655.974365 342.048401 521.463867
v -655.974426 402.877258 521.463806
v -655.974426 402.877258 521.463806
v -655.974365 342.048401 521.463867
v -659.722229 402.877258 493.631470
v -655.974365 342.048401 521.463867
v -659.722168 342.048401 493.631470
v -659.722229 402.877258 493.631470
v -553.770142 342.048370 24.823273
v -553.770142 342.048370 80.504303
v -676.222168 342.048370 24.823273
v -553.770142 342.048370 80.504303
v -676.222168 342.048370 80.504303
v -676.222168 342.048370 24.823273
v -676.222168 342.048370 24.823273
v -676.222168 342.048370 80.504303
v -734.538452 342.048370 24.823273
v -676.222168 342.048370 80.504303
v -734.538452 342.048370 80.504303
v -734.538452 342.048370 24.823273
v -614.996216 342.048401 600.124817
v -614.996216 367.744507 600.124817
v -640.356812 342.048401 580.664978
v -614.996216 367.744507 600.124817
v -640.356812 367.744507 580.664917
v -640.356812 342.048401 580.664978
v -640.356812 342.048401 580.664978
v -640.356812 367.744507 580.664917
v -659.816772 342.048462 555.304321
v -640.356812 367.744507 580.664917
v -659.816772 367.744507 555.304260
v -659.816772 342.048462 555.304321
v -659.816772 342.048462 555.304321
v -659.816772 367.744507 555.304260
v -672.049683 342.048462 525.826233
v -659.816772 367.744507 555.304260
v -672.049683 367.744507 525.826233
v -672.049683 342.048462 525.826233
v -659.722168 342.048401 488.201385
v -659.722168 342.048401 455.136322
v -659.722229 402.877258 488.201385
v -659.722168 342.048401 455.136322
v -659.722229 402.877258 455.136322
v -659.722229 402.877258 488.201385
v -655.974365 342.048401 521.463867
v -672.049683 342.048462 525.826233
v -659.722168 342.048401 493.631470
v -672.049683 342.048462 525.826233
v -676.222168 342.048462 493.631470
v -659.722168 342.048401 493.631470
v -744.188232 342.048462 493.631470
v -676.222168 342.048462 493.631470
v -744.188232 342.048462 525.826233
v -676.222168 342.048462 493.631470
v -672.049683 342.048462 525.826233
v -744.188232 342.048462 525.826233
v -659.722168 342.048401 455.136322
v -659.722168 342.048401 488.201385
v -676.222168 342.048462 455.136322
v -659.722168 342.048401 488.201385
v -676.222168 342.048462 488.201385
v -676.222168 342.048462 455.136322
v -676.222168 342.048462 455.136322
v -676.222168 342.048462 488.201385
v -734.538330 342.048462 455.136322
v -676.222168 342.048462 488.201385
v -744.188232 342.048462 488.201385
v -734.538330 342.048462 455.136322
v -734.538391 367.744507 449.725983
v -734.538452 367.744507 288.639587
v -734.538330 342.048462 449.720520
v -734.538452 367.744507 288.639587
v -734.538452 342.048462 288.639587
v -734.538330 342.048462 449.720520
v -734.538452 342.048370 80.504303
v -734.538452 342.048462 288.639587
v -734.538452 367.744476 80.504303
v -734.538452 342.048462 288.639587
v -734.538452 367.744507 288.639587
v -734.538452 367.744476 80.504303
v -734.538452 367.744476 80.504303
v -734.538452 367.744476 24.823273
v -734.538452 342.048370 80.504303
v -734.538452 367.744476 24.823273
v -734.538452 342.048370 24.823273
v -734.538452 342.048370 80.504303
v -734.538330 342.048462 455.136322
v -744.188232 342.048462 488.201385
v -734.538391 367.744507 455.136322
v -744.188232 342.048462 488.201385
v -744.188232 367.744568 488.201385
v -734.538391 367.744507 455.136322
v -744.188232 367.744507 525.826233
v -744.188232 342.048462 525.826233
v -734.538452 367.744507 525.826233
v -744.188232 342.048462 525.826233
v -672.049683 342.048462 525.826233
v -734.538452 367.744507 525.826233
v -734.538452 367.744507 525.826233
v -672.049683 342.048462 525.826233
v -672.049683 367.744507 525.826233
v -447.818207 402.877258 449.720764
v -447.818207 402.877258 288.639587
v -447.818207 342.048401 449.720764
v -447.818207 342.048401 449.720764
v -447.818207 402.877258 288.639587
v -447.818207 342.048401 288.639587
v -447.818207 402.877258 288.639587
v -447.818207 402.877228 163.030548
v -447.818207 342.048401 288.639587
v -447.818207 342.048401 288.639587
v -447.818207 402.877228 163.030548
v -447.818207 342.048370 163.030548
v -659.722046 342.048462 449.720764
v -659.722168 342.048462 288.639587
v -659.722168 402.877258 449.720764
v -659.722168 402.877258 449.720764
v -659.722168 342.048462 288.639587
v -659.722229 402.877258 288.639587
v -659.722168 342.048462 288.639587
v -659.722168 342.048431 163.030548
v -659.722229 402.877258 288.639587
v -659.722229 402.877258 288.639587
v -659.722168 342.048431 163.030548
v -659.722229 402.877289 163.030548
v -676.222168 342.048370 80.504303
v -676.222168 342.048462 288.639587
v -734.538452 342.048370 80.504303
v -734.538452 342.048370 80.504303
v -676.222168 342.048462 288.639587
v -734.538452 342.048462 288.639587
v -676.222168 342.048462 288.639587
v -676.222046 342.048462 449.719757
v -734.538452 342.048462 288.639587
v -734.538452 342.048462 288.639587
v -676.222046 342.048462 449.719757
v -734.538330 342.048462 449.720520
vn -0.0000 -1.0000 -0.0000
vn -0.0000 -0.0000 1.0000
vn 1.0000 -0.0000 -0.0000
vn 0.9236 -0.0000 0.3833
vn 1.0000 0.0001 -0.0000
vn 0.9825 -0.0000 -0.1864
vn 1.0000 -0.0000 -0.0001
vn 1.0000 -0.0000 0.0001
vn 0.9825 -0.0000 -0.1865
vn 0.8659 0.0001 0.5003
vn 0.8659 -0.0000 0.5003
vn 0.7071 -0.0000 0.7071
vn -1.0000 -0.0000 -0.0000
vn -0.0000 -1.0000 -0.0001
vn -0.9911 -0.0000 -0.1334
vn -0.9655 -0.0000 -0.2603
vn -0.9911 -0.0000 -0.1335
vn -0.9655 -0.0000 -0.2602
vn -0.8660 -0.0000 -0.5000
vn -0.7071 -0.0000 -0.7071
vn -0.5000 -0.0000 -0.8660
vn -0.2588 -0.0000 -0.9659
vn -0.0000 -0.0000 -1.0000
vn 0.5000 -0.0000 0.8660
vn 0.2588 -0.0000 0.9659
vn 0.2588 0.0001 0.9659
vn -0.0001 0.0002 1.0000
vn 0.2588 -0.0000 -0.9659
vn 0.5000 -0.0000 -0.8660
vn 0.7071 -0.0000 -0.7071
vn 0.8660 -0.0000 -0.5000
vn 0.9655 -0.0000 -0.2602
vn 0.9655 -0.0000 -0.2603
vn 0.9911 -0.0000 -0.1335
vn -0.0000 0.0002 1.0000
vn -0.2588 0.0001 0.9659
vn -0.2588 -0.0000 0.9659
vn -0.5000 -0.0000 0.8660
vn -0.2587 -0.0000 0.9660
vn -0.7071 -0.0000 0.7071
vn -0.8659 -0.0000 0.5003
vn -0.9236 -0.0000 0.3833
vn -0.0000 -1.0000 0.0001
vn 0.9849 -0.0000 -0.1734
vn 0.9849 -0.0000 -0.1733
vn -0.0001 -1.0000 -0.0000
vn -0.0000 -0.0001 1.0000
vn -0.0000 -1.0000 -0.0002
vn -0.9817 -0.0000 -0.1905
vn -1.0000 -0.0000 0.0001
vn 0.9821 -0.0000 -0.1883
vn 0.9821 -0.0000 -0.1884
vn -0.9849 -0.0000 -0.1733
vn -0.0000 0.0001 1.0000
vn 0.9911 -0.0000 -0.1334
vn -0.2587 -0.0000 0.9659
vn -0.0001 -0.0000 1.0000
vn 0.0001 -1.0000 -0.0000
vn -0.2587 0.0001 0.9659
vn -0.9599 -0.0000 -0.2802
vn -0.9600 -0.0000 -0.2801
vn -0.9600 -0.0000 -0.2802
vn -1.0000 -0.0001 -0.0000
vt 0.705173 -0.776486
vt 0.749862 -0.436286
vt 0.705173 -0.436286
vt 0.749862 -0.000016
vt 0.705174 -0.000013
vt 0.009493 -0.737996
vt 0.009493 -0.992964
vt 0.118123 -0.738003
vt 0.118123 -0.971207
vt 0.118123 -0.992971
vt 0.008520 -0.159561
vt 0.121763 -0.159561
vt 0.008520 -0.017678
vt 0.121763 -0.017678
vt 0.582327 -0.322822
vt 0.582327 -0.185172
vt 0.352978 -0.322822
vt 0.352978 -0.185172
vt 0.918550 -0.000015
vt 0.918550 -0.436286
vt 0.997404 0.000000
vt 0.997404 -0.436286
vt 0.918550 -1.000000
vt 0.997404 -1.000000
vt 0.661242 -0.914286
vt 0.661242 -0.999105
vt 0.723771 -0.914286
vt 0.723771 -0.999105
vt 0.352383 -0.173458
vt 0.593703 -0.173458
vt 0.352383 -0.013141
vt 0.593703 -0.013141
vt 0.680565 -0.013141
vt 0.680565 -0.173458
vt 0.544933 -0.185172
vt 0.544933 -0.322822
vt 0.914797 -0.436278
vt 0.914797 -0.000001
vt 0.751346 -0.436278
vt 0.751346 -0.000003
vt 0.706657 -0.436278
vt 0.706657 0.000000
vt 0.706656 -0.776483
vt 0.751346 -1.000000
vt 0.914797 -1.000000
vt 0.892890 -0.999015
vt 0.892890 -0.914377
vt 0.759917 -0.999015
vt 0.759917 -0.914377
vt 0.492123 -0.999015
vt 0.492123 -0.914377
vt 0.009493 -0.644647
vt 0.118123 -0.644654
vt 0.009493 -0.533343
vt 0.118123 -0.533350
vt 0.137268 -0.450880
vt 0.319854 -0.450880
vt 0.137268 -0.386525
vt 0.319854 -0.386525
vt 0.137268 -0.312969
vt 0.319854 -0.312969
vt 0.680470 -0.173810
vt 0.593531 -0.173810
vt 0.680470 -0.287265
vt 0.593531 -0.287265
vt 0.680470 -0.412223
vt 0.593531 -0.412223
vt 0.680470 -0.540093
vt 0.593531 -0.540093
vt 0.680470 -0.662161
vt 0.593531 -0.662162
vt 0.680470 -0.767675
vt 0.593531 -0.767675
vt 0.137268 -0.234024
vt 0.319854 -0.234024
vt 0.137268 -0.155071
vt 0.319854 -0.155070
vt 0.137268 -0.081488
vt 0.319854 -0.081488
vt 0.137268 -0.018292
vt 0.319854 -0.018292
vt 0.009493 -0.411763
vt 0.118123 -0.411770
vt 0.009493 -0.288192
vt 0.118123 -0.288200
vt 0.009493 -0.171053
vt 0.118123 -0.171071
vt 0.427257 -1.000000
vt 0.427257 -0.776483
vt 0.427257 -0.776486
vt 0.750344 -1.000000
vt 0.705656 -0.776486
vt 0.750344 -0.436286
vt 0.705656 -0.436286
vt 0.705656 -0.000013
vt 0.750344 -0.000016
vt 0.914797 -0.436286
vt 0.914797 0.000000
vt 0.139296 -0.990239
vt 0.288806 -0.990239
vt 0.139296 -0.729823
vt 0.288806 -0.729823
vt 0.139296 -0.469406
vt 0.288806 -0.469406
vt 0.137268 -0.018292
vt 0.137268 -0.081488
vt 0.137268 -0.155070
vt 0.319854 -0.312969
vt 0.137268 -0.312969
vt 0.137268 -0.450880
vt 0.118123 -0.171053
vt 0.009493 -0.171066
vt 0.118123 -0.290871
vt 0.009493 -0.290871
vt 0.118123 -0.420171
vt 0.009493 -0.420172
vt 0.491958 -0.999015
vt 0.491958 -0.914377
vt 0.892725 -0.999015
vt 0.892725 -0.914377
vt 0.118123 -0.550144
vt 0.009493 -0.550144
vt 0.118123 -0.671931
vt 0.009493 -0.671931
vt 0.118123 -0.777117
vt 0.009493 -0.777117
vt 0.395284 -0.185172
vt 0.395284 -0.322822
vt 0.009493 -0.992971
vt 0.118123 -0.992971
vt 0.918686 -0.265214
vt 0.991138 -0.265214
vt 0.918686 -0.609937
vt 0.991138 -0.609937
vt 0.991138 -0.265214
vt 0.918686 -0.265214
vt 0.991138 -0.609937
vt 0.918686 -0.717703
vt 0.991138 -0.717703
vt 0.301201 -0.469406
vt 0.301201 -0.762044
vt 0.411709 -0.469406
vt 0.411709 -0.762044
vt 0.301201 -0.990239
vt 0.411709 -0.990239
vt 0.917915 -0.436286
vt 0.917915 -0.915104
vt 0.724119 -0.436286
vt 0.724119 -1.000000
vt 0.917915 -1.000000
vt 0.918550 -0.436286
vt 0.997404 -0.436286
vt 0.587009 -0.410343
vt 0.466459 -0.410343
vt 0.587009 -0.748027
vt 0.466459 -0.748027
vt 0.918061 -0.574222
vt 0.918061 -0.003239
vt 0.707125 -0.574222
vt 0.707125 -0.003239
vt 0.917479 -1.312000
vt 0.707125 -1.312000
vt 0.998023 -0.265786
vt 0.918438 -0.265786
vt 0.998023 -0.585551
vt 0.918438 -0.542877
vt 0.918139 -0.265786
vt 0.997292 -0.265786
vt 0.918139 -0.426375
vt 0.997293 -0.426375
vt 0.918139 -0.501128
vt 0.997293 -0.579225
vt 0.724119 -0.000008
vt 0.917915 0.000000
vt 0.702135 -0.000008
vt 0.895931 0.000000
vt 0.702135 -0.436282
vt 0.895931 -0.436282
vt 0.895931 -1.000000
vt 0.702135 -1.000000
vt 0.362195 -0.185172
vt 0.362195 -0.322822
vt 0.362195 -0.322822
vt 0.460365 -0.757573
vt 0.460365 -0.661512
vt 0.415887 -0.757573
vt 0.415886 -0.661512
vt 0.374766 -0.184547
vt 0.409610 -0.321581
vt 0.582740 -0.184546
vt 0.582740 -0.321581
vt 0.703371 -0.884058
vt 0.919967 -0.884058
vt 0.703371 -0.421015
vt 0.919967 -0.421015
vt 0.919967 0.000898
vt 0.703371 0.000892
vt 0.919967 -0.421015
vt 0.703371 -0.421015
vt 0.919967 0.000892
vt 0.703371 0.000898
vt 0.918139 -0.426071
vt 0.997293 -0.426071
vt 0.918139 -0.500824
vt 0.997293 -0.578921
vt 0.918686 -0.717703
vt 0.460755 -0.758492
vt 0.460755 -0.369387
vt 0.414745 -0.758492
vt 0.414744 -0.369387
vt 0.414745 -0.369387
vt 0.414744 -0.758492
vt 0.582699 -0.322875
vt 0.409808 -0.322876
vt 0.582699 -0.183252
vt 0.374725 -0.183252
vt 0.415466 -0.757573
vt 0.460785 -0.757573
vt 0.415466 -0.661512
vt 0.460785 -0.661512
vt 0.704097 -1.000000
vt 0.897893 -1.000000
vt 0.704097 -0.436282
vt 0.897893 -0.436282
vt 0.997719 -0.265786
vt 0.997718 -0.585551
vt 0.918134 -0.265786
vt 0.918134 -0.542877
vt 0.897893 0.000000
vt 0.704097 -0.000008
vt 0.718692 -1.000000
vt 0.918049 -0.915103
vt 0.718692 -0.436286
vt 0.918049 -0.436286
vt 0.718692 -0.000008
vt 0.918049 0.000000
vt 0.918049 -1.000000
vt 0.704973 0.000000
vt 0.740143 -0.000003
vt 0.704973 -0.436278
vt 0.740143 -0.436278
vt 0.828696 -0.436278
vt 0.828696 -0.000010
vt 0.917479 -1.312000
vt 0.707125 -1.312000
vt 0.587104 -0.410343
vt 0.466364 -0.410343
vt 0.587104 -0.748027
vt 0.466364 -0.748027
vt 0.997404 -0.436286
vt 0.997404 -0.000015
vt 0.918550 -0.436286
vt 0.918550 0.000000
vt 0.918686 -0.609937
vt 0.914797 -0.436286
vt 0.749862 -1.000000
vt 0.427257 -0.776486
vt 0.740143 -1.000000
vt 0.704973 -0.776483
vt 0.892890 -0.999015
vt 0.118123 -0.760318
vt 0.009493 -0.992964
vt 0.009493 -0.760311
vt 0.541773 -0.185172
vt 0.541773 -0.322822
vt 0.009493 -0.658042
vt 0.118123 -0.658049
vt 0.009493 -0.539632
vt 0.118123 -0.539639
vt 0.137268 -0.386525
vt 0.319854 -0.155071
vt 0.319854 -0.081488
vt 0.319854 -0.018292
vt 0.009493 -0.413264
vt 0.118123 -0.413270
vt 0.009493 -0.287548
vt 0.118123 -0.287555
vt 0.118123 -0.171073
vt 0.288806 -0.990239
vt 0.139296 -0.469406
vt 0.319854 -0.234024
vt 0.118123 -0.171053
vt 0.009493 -0.171067
vt 0.118123 -0.305007
vt 0.009493 -0.305007
vt 0.118123 -0.449563
vt 0.009493 -0.449563
vt 0.493223 -0.999015
vt 0.493223 -0.914377
vt 0.809533 -0.999015
vt 0.809533 -0.914377
vt 0.893989 -0.999015
vt 0.893989 -0.914377
vt 0.118123 -0.594871
vt 0.009493 -0.594871
vt 0.118123 -0.731026
vt 0.009493 -0.731027
vt 0.118123 -0.848622
vt 0.009493 -0.848622
vt 0.424030 -0.185172
vt 0.424030 -0.322822
vt 0.578275 -0.185172
vt 0.578275 -0.322822
vt 0.423653 -0.185172
vt 0.423653 -0.322822
vt 0.009493 -0.987690
vt 0.118123 -0.987690
vt 0.828696 -1.000000
vt 0.826412 -0.436278
vt 0.826412 -0.000010
vt 0.739470 -0.436278
vt 0.739470 -0.000003
vt 0.704300 -0.436278
vt 0.704300 0.000000
vt 0.704300 -0.776483
vt 0.739470 -1.000000
vt 0.826412 -1.000000
vt 0.809651 -0.999015
vt 0.809651 -0.914377
vt 0.118123 -0.850549
vt 0.009493 -0.987682
vt 0.009493 -0.850541
vt 0.009493 -0.732612
vt 0.118123 -0.732620
vt 0.009493 -0.596070
vt 0.118123 -0.596079
vt 0.121763 -0.017678
vt 0.121763 -0.159561
vt 0.137268 -0.234024
vt 0.319854 -0.081488
vt 0.009493 -0.450352
vt 0.118123 -0.450360
vt 0.009493 -0.305387
vt 0.118123 -0.305395
vt 0.118123 -0.171076
vt 0.118123 -0.171064
vt 0.009493 -0.288873
vt 0.118123 -0.288874
vt 0.009493 -0.413162
vt 0.118123 -0.413162
vt 0.750791 -1.000000
vt 0.706102 -0.776483
vt 0.750791 -0.436278
vt 0.706102 -0.436278
vt 0.750791 -0.000003
vt 0.706102 0.000000
vt 0.139296 -0.990239
vt 0.139296 -0.729823
vt 0.491987 -0.999015
vt 0.491987 -0.914377
vt 0.892754 -0.999015
vt 0.892754 -0.914377
vt 0.009493 -0.535449
vt 0.118123 -0.535449
vt 0.009493 -0.647400
vt 0.118123 -0.647401
vt 0.009493 -0.741292
vt 0.118123 -0.741292
vt 0.388183 -0.185172
vt 0.388183 -0.322822
vt 0.997404 -0.000015
vt 0.118123 -0.992971
vt 0.009493 -0.992971
vt 0.118123 -0.959305
s 0
usemtl Material__67
f 1726/421/99 1727/422/99 1728/423/99
f 1729/422/99 1730/424/99 1731/423/99
f 1732/423/99 1733/424/99 1734/425/99
s 1
f 1735/426/100 1736/427/101 1737/428/102
f 1738/428/102 1739/427/101 1740/429/100
f 1741/427/103 1742/430/101 1743/429/100
s 0
f 1744/431/101 1745/432/101 1746/433/101
f 1747/432/101 1748/434/101 1749/433/101
f 1750/435/104 1751/436/104 1752/437/104
f 1753/436/104 1754/438/104 1755/437/104
f 1756/439/101 1757/440/101 1758/441/101
f 1759/440/101 1760/442/101 1761/441/101
f 1762/440/101 1763/443/101 1764/442/101
f 1765/443/101 1766/444/101 1767/442/101
f 1768/445/101 1769/446/101 1770/447/101
f 1771/446/101 1772/448/101 1773/447/101
s 1
f 1774/449/101 1775/450/100 1776/451/105
f 1777/450/100 1778/452/99 1779/451/106
s 0
f 1780/453/99 1781/452/99 1782/454/99
f 1783/452/99 1784/450/99 1785/454/99
s 1
f 1786/438/104 1787/437/104 1788/455/99
f 1789/437/107 1790/456/99 1791/455/99
s 0
f 1792/455/99 1793/456/99 1794/436/99
f 1795/456/99 1796/435/99 1797/436/99
s 1
f 1798/457/101 1799/458/101 1800/459/99
f 1801/458/101 1802/460/99 1803/459/99
s 0
f 1804/459/99 1805/460/99 1806/461/99
f 1807/460/99 1808/462/99 1809/461/99
f 1810/461/99 1811/463/99 1812/459/99
f 1813/463/99 1814/464/99 1815/459/99
s 1
f 1816/459/99 1817/464/99 1818/457/101
f 1819/464/99 1820/465/101 1821/457/105
f 1822/466/101 1823/467/101 1824/468/99
f 1825/467/101 1826/469/99 1827/468/99
s 0
f 1828/468/99 1829/469/99 1830/470/99
f 1831/469/99 1832/471/99 1833/470/99
s 1
f 1834/426/102 1835/428/102 1836/472/108
f 1837/428/102 1838/473/109 1839/472/109
f 1840/472/109 1841/473/109 1842/474/110
f 1843/473/109 1844/475/110 1845/474/110
f 1846/438/99 1847/437/99 1848/436/111
f 1849/437/112 1850/435/111 1851/436/111
f 1852/476/113 1853/477/113 1854/478/114
f 1855/477/115 1856/479/114 1857/478/114
f 1858/478/116 1859/479/116 1860/480/117
f 1861/479/116 1862/481/117 1863/480/117
s 0
f 1864/482/99 1865/483/99 1866/484/99
f 1867/483/99 1868/485/99 1869/484/99
f 1870/484/99 1871/485/99 1872/486/99
f 1873/485/99 1874/487/99 1875/486/99
f 1876/486/99 1877/487/99 1878/488/99
f 1879/487/99 1880/489/99 1881/488/99
f 1882/488/99 1883/489/99 1884/490/99
f 1885/489/99 1886/491/99 1887/490/99
f 1888/490/99 1889/491/99 1890/492/99
f 1891/491/99 1892/493/99 1893/492/99
f 1894/492/99 1895/493/99 1896/490/99
f 1897/493/99 1898/491/99 1899/490/99
f 1900/490/99 1901/491/99 1902/488/99
f 1903/491/99 1904/489/99 1905/488/99
f 1906/488/99 1907/489/99 1908/486/99
f 1909/489/99 1910/487/99 1911/486/99
f 1912/486/99 1913/487/99 1914/484/99
f 1915/487/99 1916/485/99 1917/484/99
f 1918/484/99 1919/485/99 1920/482/99
f 1921/485/99 1922/483/99 1923/482/99
s 1
f 1924/480/117 1925/481/117 1926/494/118
f 1927/481/117 1928/495/118 1929/494/118
f 1930/494/118 1931/495/118 1932/496/119
f 1933/495/118 1934/497/119 1935/496/119
f 1936/496/119 1937/497/119 1938/498/120
f 1939/497/119 1940/499/120 1941/498/120
f 1942/498/120 1943/499/120 1944/500/121
f 1945/499/120 1946/501/121 1947/500/121
f 1948/474/110 1949/475/110 1950/502/122
f 1951/475/110 1952/503/122 1953/502/122
f 1954/502/122 1955/503/122 1956/504/123
f 1957/503/122 1958/505/124 1959/504/123
f 1960/504/123 1961/505/123 1962/506/125
f 1963/505/123 1964/507/125 1965/506/125
s 0
f 1966/464/99 1967/463/99 1968/508/99
f 1969/463/99 1970/509/99 1971/508/99
f 1972/508/99 1973/510/99 1974/511/99
f 1975/510/99 1976/512/99 1977/511/99
f 1978/511/99 1979/512/99 1980/513/99
f 1981/512/99 1982/514/99 1983/513/99
f 1984/515/99 1985/516/99 1986/514/99
f 1987/514/99 1988/516/99 1989/513/99
f 1990/513/99 1991/516/99 1992/517/99
f 1993/516/99 1994/518/99 1995/517/99
f 1996/517/99 1997/465/99 1998/513/99
f 1999/465/99 2000/511/99 2001/513/99
f 2002/519/100 2003/520/100 2004/521/100
f 2005/520/100 2006/522/100 2007/521/100
f 2008/521/100 2009/522/100 2010/523/100
f 2011/522/100 2012/524/100 2013/523/100
s 1
f 2014/501/121 2015/525/121 2016/499/126
f 2017/525/121 2018/526/126 2019/499/126
f 2020/499/126 2021/526/126 2022/497/127
f 2023/526/126 2024/527/127 2025/497/127
f 2026/497/127 2027/527/127 2028/495/128
f 2029/527/127 2030/494/128 2031/495/128
f 2032/495/128 2033/494/128 2034/528/129
f 2035/494/128 2036/529/129 2037/528/129
f 2038/528/129 2039/529/129 2040/479/130
f 2041/529/129 2042/478/130 2043/479/130
f 2044/479/131 2045/478/131 2046/477/132
f 2047/478/131 2048/530/132 2049/477/132
f 2050/531/133 2051/532/125 2052/533/134
f 2053/532/133 2054/534/135 2055/533/135
f 2056/533/135 2057/534/135 2058/535/136
f 2059/534/137 2060/536/136 2061/535/136
s 0
f 2062/537/99 2063/538/99 2064/468/99
f 2065/538/99 2066/469/99 2067/468/99
f 2068/468/99 2069/469/99 2070/539/99
f 2071/469/99 2072/540/99 2073/539/99
s 1
f 2074/535/136 2075/536/136 2076/541/138
f 2077/536/136 2078/542/138 2079/541/138
f 2080/541/138 2081/542/138 2082/543/139
f 2083/542/138 2084/544/139 2085/543/139
f 2086/543/139 2087/544/139 2088/545/140
f 2089/544/139 2090/546/140 2091/545/140
f 2092/435/99 2093/436/99 2094/437/101
f 2095/436/141 2096/438/101 2097/437/101
s 0
f 2098/454/99 2099/450/99 2100/453/99
f 2101/450/99 2102/452/99 2103/453/99
f 2104/451/99 2105/452/99 2106/449/99
f 2107/452/99 2108/450/99 2109/449/99
f 2110/438/99 2111/437/99 2112/547/99
f 2113/437/99 2114/548/99 2115/547/99
s 1
f 2116/547/99 2117/548/99 2118/436/142
f 2119/548/99 2120/435/143 2121/436/142
f 2122/546/140 2123/549/100 2124/545/99
f 2125/549/100 2126/550/99 2127/545/144
s 0
f 2128/435/143 2129/436/143 2130/437/143
f 2131/436/143 2132/438/143 2133/437/143
s 1
f 2134/551/99 2135/552/101 2136/553/100
f 2137/552/101 2138/554/99 2139/553/145
f 2140/555/101 2141/556/101 2142/557/141
f 2143/556/101 2144/558/101 2145/557/99
f 2146/557/141 2147/558/101 2148/559/99
s 0
f 2149/560/111 2150/561/111 2151/562/111
f 2152/562/111 2153/561/111 2154/563/111
f 2155/561/111 2156/564/111 2157/563/111
f 2158/563/111 2159/564/111 2160/565/111
f 2161/560/101 2162/561/101 2163/562/101
f 2164/562/101 2165/561/101 2166/563/101
f 2167/561/101 2168/564/101 2169/563/101
f 2170/563/101 2171/564/101 2172/565/101
s 1
f 2173/566/99 2174/567/111 2175/568/111
s 0
f 2176/568/111 2177/567/111 2178/569/111
f 2179/567/111 2180/570/111 2181/569/111
s 1
f 2182/439/101 2183/571/101 2184/441/146
f 2185/571/101 2186/572/99 2187/441/99
f 2188/444/99 2189/572/141 2190/443/101
f 2191/572/99 2192/571/101 2193/443/101
f 2194/445/101 2195/446/101 2196/447/99
f 2197/446/101 2198/448/99 2199/447/112
f 2200/438/142 2201/437/142 2202/436/99
f 2203/437/143 2204/435/99 2205/436/99
f 2206/573/101 2207/574/99 2208/575/105
f 2209/574/99 2210/576/99 2211/575/101
f 2212/577/101 2213/578/101 2214/579/99
f 2215/578/101 2216/580/99 2217/579/99
f 2218/581/101 2219/577/101 2220/582/99
f 2221/577/101 2222/579/99 2223/582/99
f 2224/583/99 2225/584/111 2226/585/99
f 2227/584/111 2228/586/111 2229/585/99
s 0
f 2230/587/111 2231/588/111 2232/589/111
f 2233/588/111 2234/590/111 2235/589/111
f 2236/589/111 2237/590/111 2238/591/111
s 1
f 2239/590/111 2240/592/99 2241/591/111
f 2242/593/111 2243/594/112 2244/568/111
f 2245/594/99 2246/566/99 2247/568/111
f 2248/595/112 2249/596/111 2250/597/112
f 2251/596/111 2252/598/111 2253/597/99
f 2254/598/111 2255/599/111 2256/597/112
f 2257/599/111 2258/600/99 2259/597/112
f 2260/436/99 2261/601/147 2262/435/112
f 2263/601/147 2264/602/147 2265/435/99
f 2266/601/147 2267/436/141 2268/603/147
f 2269/436/99 2270/435/99 2271/603/147
f 2272/604/111 2273/605/99 2274/606/148
f 2275/605/99 2276/607/99 2277/606/111
s 0
f 2278/608/99 2279/609/99 2280/610/99
f 2281/609/99 2282/611/99 2283/610/99
s 1
f 2284/612/99 2285/613/111 2286/614/99
f 2287/613/111 2288/615/99 2289/614/99
s 0
f 2290/615/99 2291/616/99 2292/614/99
s 1
f 2293/614/99 2294/616/99 2295/617/101
s 0
f 2296/613/99 2297/618/99 2298/612/99
f 2299/612/99 2300/618/99 2301/619/99
f 2302/618/99 2303/620/99 2304/619/99
f 2305/619/99 2306/620/99 2307/621/99
s 1
f 2308/587/99 2309/622/101 2310/588/99
f 2311/588/99 2312/622/101 2313/623/101
s 0
f 2314/622/101 2315/624/101 2316/623/101
s 1
f 2317/623/101 2318/624/101 2319/625/99
f 2320/559/111 2321/626/111 2322/557/100
f 2323/557/100 2324/626/111 2325/555/111
s 0
f 2326/626/111 2327/556/111 2328/555/111
f 2329/627/99 2330/628/99 2331/629/99
f 2332/628/99 2333/630/99 2334/629/99
f 2335/631/99 2336/628/99 2337/632/99
f 2338/628/99 2339/627/99 2340/632/99
s 1
f 2341/633/99 2342/634/149 2343/635/99
f 2344/634/149 2345/636/150 2346/635/99
s 0
f 2347/637/99 2348/638/99 2349/639/99
f 2350/638/99 2351/640/99 2352/639/99
s 1
f 2353/602/150 2354/435/99 2355/601/150
f 2356/435/141 2357/436/99 2358/601/150
s 0
f 2359/601/150 2360/436/150 2361/603/150
f 2362/436/150 2363/435/150 2364/603/150
s 1
f 2365/641/99 2366/642/101 2367/643/99
f 2368/642/101 2369/644/101 2370/643/99
f 2371/645/99 2372/646/99 2373/647/101
f 2374/646/112 2375/648/101 2376/647/101
f 2377/644/101 2378/649/101 2379/643/141
f 2380/649/101 2381/650/101 2382/643/99
f 2383/651/101 2384/652/99 2385/653/101
f 2386/652/141 2387/654/99 2388/653/101
f 2389/653/101 2390/654/99 2391/655/101
f 2392/654/99 2393/656/99 2394/655/101
f 2395/651/101 2396/657/101 2397/652/99
s 0
f 2398/560/111 2399/561/111 2400/562/111
f 2401/562/111 2402/561/111 2403/563/111
f 2404/561/111 2405/564/111 2406/563/111
f 2407/563/111 2408/564/111 2409/565/111
f 2410/565/101 2411/563/101 2412/564/101
f 2413/564/101 2414/563/101 2415/561/101
f 2416/563/101 2417/562/101 2418/561/101
f 2419/561/101 2420/562/101 2421/560/101
f 2422/658/99 2423/659/99 2424/660/99
f 2425/660/99 2426/659/99 2427/661/99
f 2428/661/99 2429/659/99 2430/662/99
f 2431/659/99 2432/663/99 2433/662/99
s 1
f 2434/438/99 2435/437/99 2436/436/151
f 2437/437/99 2438/435/151 2439/436/151
s 0
f 2440/664/99 2441/577/99 2442/665/99
s 1
f 2443/577/99 2444/579/111 2445/665/99
f 2446/577/99 2447/578/105 2448/579/111
f 2449/578/101 2450/580/111 2451/579/148
f 2452/666/99 2453/667/111 2454/668/99
f 2455/667/111 2456/669/111 2457/668/99
f 2458/670/111 2459/671/111 2460/672/99
f 2461/671/111 2462/673/112 2463/672/99
f 2464/444/99 2465/670/111 2466/443/99
f 2467/670/111 2468/672/99 2469/443/112
f 2470/448/111 2471/447/99 2472/446/99
s 0
f 2473/447/141 2474/445/99 2475/446/141
s 1
f 2476/674/100 2477/554/152 2478/551/99
f 2479/554/100 2480/552/111 2481/551/99
f 2482/438/151 2483/437/151 2484/436/99
f 2485/437/151 2486/435/99 2487/436/99
s 0
f 2488/465/99 2489/675/99 2490/676/99
f 2491/675/99 2492/422/99 2493/676/99
f 2494/422/99 2495/421/99 2496/676/99
f 2497/676/99 2498/421/99 2499/508/99
f 2500/421/99 2501/677/99 2502/508/99
f 2503/508/99 2504/509/99 2505/678/99
f 2506/509/99 2507/679/99 2508/678/99
f 2509/678/99 2510/679/99 2511/661/99
f 2512/679/99 2513/660/99 2514/661/99
f 2515/675/99 2516/518/99 2517/422/99
f 2518/518/99 2519/424/99 2520/422/99
f 2521/680/99 2522/467/99 2523/468/99
f 2524/467/99 2525/469/99 2526/468/99
f 2527/468/99 2528/469/99 2529/470/99
f 2530/469/99 2531/471/99 2532/470/99
s 1
f 2533/430/100 2534/681/102 2535/682/100
f 2536/681/102 2537/683/100 2538/682/100
f 2539/449/100 2540/450/100 2541/451/148
f 2542/450/100 2543/452/99 2544/451/111
s 0
f 2545/453/99 2546/452/99 2547/454/99
f 2548/452/99 2549/450/99 2550/454/99
f 2551/438/99 2552/437/99 2553/684/99
f 2554/437/99 2555/685/99 2556/684/99
f 2557/684/99 2558/685/99 2559/436/99
f 2560/685/99 2561/435/99 2562/436/99
s 1
f 2563/683/102 2564/681/102 2565/686/109
f 2566/681/102 2567/687/109 2568/686/109
f 2569/686/109 2570/687/109 2571/688/110
f 2572/687/109 2573/689/110 2574/688/110
f 2575/435/111 2576/436/111 2577/437/112
f 2578/436/111 2579/438/99 2580/437/99
f 2581/476/113 2582/477/113 2583/690/114
f 2584/477/113 2585/479/114 2586/690/114
f 2587/690/116 2588/479/116 2589/480/117
f 2590/479/116 2591/481/117 2592/480/117
s 0
f 2593/482/99 2594/483/99 2595/484/99
f 2596/483/99 2597/485/99 2598/484/99
f 2599/484/99 2600/485/99 2601/486/99
f 2602/485/99 2603/487/99 2604/486/99
f 2605/486/99 2606/487/99 2607/488/99
f 2608/487/99 2609/489/99 2610/488/99
f 2611/488/99 2612/489/99 2613/490/99
f 2614/489/99 2615/491/99 2616/490/99
f 2617/490/99 2618/491/99 2619/492/99
f 2620/491/99 2621/493/99 2622/492/99
f 2623/492/99 2624/493/99 2625/490/99
f 2626/493/99 2627/491/99 2628/490/99
f 2629/490/99 2630/491/99 2631/488/99
f 2632/491/99 2633/489/99 2634/488/99
f 2635/488/99 2636/489/99 2637/486/99
f 2638/489/99 2639/487/99 2640/486/99
f 2641/486/99 2642/487/99 2643/484/99
f 2644/487/99 2645/485/99 2646/484/99
f 2647/484/99 2648/485/99 2649/482/99
f 2650/485/99 2651/483/99 2652/482/99
s 1
f 2653/480/117 2654/481/117 2655/494/118
f 2656/481/117 2657/495/118 2658/494/118
f 2659/494/118 2660/495/118 2661/496/119
f 2662/495/118 2663/691/119 2664/496/119
f 2665/496/119 2666/691/119 2667/498/120
f 2668/691/119 2669/692/120 2670/498/120
f 2671/498/120 2672/692/120 2673/500/121
f 2674/692/120 2675/693/121 2676/500/121
f 2677/688/110 2678/689/110 2679/694/122
f 2680/689/110 2681/695/122 2682/694/122
f 2683/694/122 2684/695/122 2685/696/123
f 2686/695/122 2687/697/123 2688/696/123
f 2689/696/123 2690/697/123 2691/506/125
f 2692/697/124 2693/698/125 2694/506/125
s 0
f 2695/519/100 2696/699/100 2697/521/100
f 2698/699/100 2699/522/100 2700/521/100
f 2701/521/100 2702/522/100 2703/700/100
f 2704/522/100 2705/524/100 2706/700/100
s 1
f 2707/501/121 2708/525/121 2709/499/126
f 2710/525/121 2711/526/126 2712/499/126
f 2713/499/126 2714/526/126 2715/497/127
f 2716/526/126 2717/527/127 2718/497/127
f 2719/497/127 2720/527/127 2721/701/128
f 2722/527/127 2723/494/128 2724/701/128
f 2725/701/128 2726/494/128 2727/528/129
f 2728/494/128 2729/529/129 2730/528/129
f 2731/528/129 2732/529/129 2733/479/130
f 2734/529/129 2735/478/130 2736/479/130
f 2737/479/131 2738/478/131 2739/477/132
f 2740/478/131 2741/476/153 2742/477/153
f 2743/702/133 2744/703/133 2745/704/154
f 2746/703/133 2747/705/135 2748/704/135
f 2749/704/135 2750/705/135 2751/706/136
f 2752/705/137 2753/707/136 2754/706/136
s 0
f 2755/708/99 2756/709/99 2757/710/99
f 2758/709/99 2759/711/99 2760/710/99
f 2761/710/99 2762/711/99 2763/712/99
f 2764/711/99 2765/713/99 2766/712/99
s 1
f 2767/706/136 2768/707/136 2769/714/138
f 2770/707/136 2771/715/138 2772/714/138
f 2773/714/138 2774/715/138 2775/716/139
f 2776/715/138 2777/717/139 2778/716/139
f 2779/716/139 2780/717/139 2781/718/140
f 2782/717/139 2783/719/140 2784/718/140
f 2785/435/99 2786/436/99 2787/437/101
f 2788/436/141 2789/438/101 2790/437/101
s 0
f 2791/454/99 2792/450/99 2793/453/99
f 2794/450/99 2795/452/99 2796/453/99
f 2797/450/99 2798/449/99 2799/452/99
f 2800/452/99 2801/449/99 2802/451/99
s 1
f 2803/449/99 2804/450/155 2805/451/99
f 2806/451/99 2807/450/155 2808/452/99
s 0
f 2809/453/99 2810/452/99 2811/454/99
f 2812/452/99 2813/450/99 2814/454/99
f 2815/438/99 2816/437/99 2817/720/99
f 2818/437/99 2819/721/99 2820/720/99
f 2821/720/99 2822/721/99 2823/722/99
f 2824/721/99 2825/723/99 2826/722/99
f 2827/722/99 2828/723/99 2829/724/99
f 2830/723/99 2831/725/99 2832/724/99
f 2833/724/99 2834/725/99 2835/438/99
f 2836/725/99 2837/437/99 2838/438/99
s 1
f 2839/719/140 2840/726/100 2841/718/99
f 2842/726/100 2843/727/99 2844/718/144
s 0
f 2845/678/99 2846/661/99 2847/728/99
f 2848/661/99 2849/662/99 2850/728/99
f 2851/729/99 2852/730/99 2853/731/99
f 2854/730/99 2855/732/99 2856/731/99
f 2857/731/99 2858/732/99 2859/733/99
f 2860/732/99 2861/734/99 2862/733/99
f 2863/733/99 2864/735/99 2865/731/99
f 2866/735/99 2867/736/99 2868/731/99
f 2869/731/99 2870/736/99 2871/729/99
f 2872/736/99 2873/737/99 2874/729/99
f 2875/466/99 2876/467/99 2877/738/99
f 2878/467/99 2879/739/99 2880/738/99
f 2881/738/99 2882/739/99 2883/470/99
f 2884/739/99 2885/471/99 2886/470/99
s 1
f 2887/727/100 2888/740/102 2889/741/99
f 2890/740/102 2891/742/100 2892/741/156
f 2893/742/102 2894/740/102 2895/743/109
f 2896/740/102 2897/744/109 2898/743/109
f 2899/743/109 2900/744/109 2901/745/110
f 2902/744/109 2903/746/110 2904/745/110
f 2905/435/111 2906/436/111 2907/437/112
f 2908/436/111 2909/438/99 2910/437/99
f 2911/476/113 2912/477/113 2913/690/114
f 2914/477/115 2915/479/114 2916/690/114
f 2917/690/116 2918/479/116 2919/529/117
f 2920/479/116 2921/481/117 2922/529/117
s 0
f 2923/482/99 2924/483/99 2925/484/99
f 2926/483/99 2927/485/99 2928/484/99
f 2929/484/99 2930/485/99 2931/486/99
f 2932/485/99 2933/487/99 2934/486/99
f 2935/486/99 2936/487/99 2937/488/99
f 2938/487/99 2939/489/99 2940/488/99
f 2941/488/99 2942/489/99 2943/490/99
f 2944/489/99 2945/491/99 2946/490/99
f 2947/490/99 2948/491/99 2949/492/99
f 2950/491/99 2951/493/99 2952/492/99
f 2953/492/99 2954/493/99 2955/490/99
f 2956/493/99 2957/491/99 2958/490/99
f 2959/490/99 2960/491/99 2961/488/99
f 2962/491/99 2963/489/99 2964/488/99
f 2965/488/99 2966/489/99 2967/486/99
f 2968/489/99 2969/487/99 2970/486/99
f 2971/486/99 2972/487/99 2973/484/99
f 2974/487/99 2975/485/99 2976/484/99
f 2977/484/99 2978/485/99 2979/482/99
f 2980/485/99 2981/483/99 2982/482/99
f 2983/747/111 2984/433/111 2985/748/111
f 2986/433/111 2987/431/111 2988/748/111
s 1
f 2989/529/117 2990/481/117 2991/749/118
f 2992/481/117 2993/495/118 2994/749/118
f 2995/749/118 2996/495/118 2997/527/119
f 2998/495/118 2999/497/119 3000/527/119
f 3001/527/119 3002/497/119 3003/498/120
f 3004/497/119 3005/750/120 3006/498/120
f 3007/498/120 3008/750/120 3009/500/121
f 3010/750/120 3011/693/121 3012/500/121
f 3013/745/110 3014/746/110 3015/751/122
f 3016/746/110 3017/752/122 3018/751/122
f 3019/751/122 3020/752/122 3021/753/123
f 3022/752/122 3023/754/124 3024/753/123
f 3025/753/123 3026/754/123 3027/506/125
f 3028/754/124 3029/755/125 3030/506/125
f 3031/506/133 3032/756/133 3033/757/157
f 3034/756/133 3035/758/135 3036/757/135
f 3037/757/135 3038/758/135 3039/759/136
f 3040/758/137 3041/760/136 3042/759/136
s 0
f 3043/736/99 3044/735/99 3045/508/99
f 3046/735/99 3047/509/99 3048/508/99
f 3049/508/99 3050/509/99 3051/761/99
f 3052/509/99 3053/762/99 3054/761/99
f 3055/761/99 3056/762/99 3057/763/99
f 3058/762/99 3059/764/99 3060/763/99
f 3061/763/99 3062/764/99 3063/765/99
f 3064/764/99 3065/766/99 3066/765/99
f 3067/767/100 3068/699/100 3069/768/100
f 3070/699/100 3071/522/100 3072/768/100
f 3073/768/100 3074/522/100 3075/700/100
f 3076/522/100 3077/524/100 3078/700/100
s 1
f 3079/501/121 3080/500/121 3081/499/126
f 3082/500/121 3083/498/126 3084/499/126
f 3085/499/126 3086/498/126 3087/691/127
f 3088/498/126 3089/496/127 3090/691/127
f 3091/691/127 3092/496/127 3093/701/128
f 3094/496/127 3095/749/128 3096/701/128
f 3097/701/128 3098/749/128 3099/528/129
f 3100/749/128 3101/529/129 3102/528/129
f 3103/528/129 3104/529/129 3105/479/130
f 3106/529/129 3107/478/130 3108/479/130
f 3109/479/131 3110/478/131 3111/477/132
f 3112/478/131 3113/476/132 3114/477/132
s 0
f 3115/769/99 3116/770/99 3117/468/99
f 3118/770/99 3119/469/99 3120/468/99
f 3121/468/99 3122/469/99 3123/771/99
f 3124/469/99 3125/772/99 3126/771/99
s 1
f 3127/759/136 3128/760/136 3129/773/138
f 3130/760/136 3131/774/138 3132/773/138
f 3133/773/138 3134/774/138 3135/775/139
f 3136/774/138 3137/776/139 3138/775/139
f 3139/775/139 3140/776/139 3141/777/140
f 3142/776/139 3143/778/140 3144/777/140
f 3145/435/99 3146/436/99 3147/437/101
f 3148/436/141 3149/438/101 3150/437/101
s 0
f 3151/454/99 3152/450/99 3153/453/99
f 3154/450/99 3155/452/99 3156/453/99
s 1
f 3157/451/111 3158/452/99 3159/449/111
f 3160/452/99 3161/450/99 3162/449/148
s 0
f 3163/438/99 3164/437/99 3165/779/99
f 3166/437/99 3167/780/99 3168/779/99
s 1
f 3169/779/99 3170/780/99 3171/436/158
f 3172/780/99 3173/435/159 3174/436/159
s 0
f 3175/673/111 3176/440/111 3177/781/111
f 3178/440/111 3179/442/111 3180/781/111
f 3181/444/111 3182/442/111 3183/443/111
f 3184/442/111 3185/440/111 3186/443/111
s 1
f 3187/445/111 3188/446/111 3189/447/112
f 3190/446/111 3191/448/99 3192/447/99
s 0
f 3193/438/160 3194/437/160 3195/436/160
f 3196/437/160 3197/435/160 3198/436/160
s 1
f 3199/782/111 3200/783/161 3201/784/100
f 3202/783/111 3203/777/99 3204/784/100
f 3205/784/100 3206/777/99 3207/778/140
s 0
f 3208/560/111 3209/561/111 3210/562/111
f 3211/562/111 3212/561/111 3213/563/111
f 3214/561/111 3215/564/111 3216/563/111
f 3217/563/111 3218/564/111 3219/565/111
f 3220/560/101 3221/561/101 3222/562/101
f 3223/562/101 3224/561/101 3225/563/101
f 3226/561/101 3227/564/101 3228/563/101
f 3229/563/101 3230/564/101 3231/565/101
f 3232/761/99 3233/763/99 3234/465/99
s 1
f 3235/465/99 3236/763/99 3237/457/111
f 3238/763/99 3239/765/99 3240/457/111
f 3241/457/148 3242/765/99 3243/458/111
g Atomic0.004_meshId4_name
v 808.301514 367.744385 488.201385
v 808.301514 367.744385 493.631470
v 808.274902 337.865234 488.201385
v 808.301514 367.744385 493.631470
v 808.274902 337.865234 493.631470
v 808.274902 337.865234 488.201385
v 808.301514 367.744385 493.631470
v 804.020386 367.744385 493.631470
v 808.274902 337.865234 493.631470
v 804.020386 367.744385 493.631470
v 804.020386 342.048401 493.631470
v 808.274902 337.865234 493.631470
v 802.028137 367.744507 449.725983
v 802.028137 367.744507 455.136322
v 801.999268 337.865234 449.720520
v 802.028137 367.744507 455.136322
v 801.999268 337.865295 455.136322
v 801.999268 337.865234 449.720520
v 802.028137 367.744507 455.136322
v 797.745972 367.744507 455.136322
v 801.999268 337.865295 455.136322
v 797.745972 367.744507 455.136322
v 797.745972 342.048401 455.136322
v 801.999268 337.865295 455.136322
v 808.274902 337.865234 488.201385
v 808.274902 337.865234 493.631470
v 734.686768 337.857910 488.201385
v 808.274902 337.865234 493.631470
v 734.686707 337.857910 493.631470
v 734.686768 337.857910 488.201385
v 734.686768 337.857910 488.201385
v 734.686707 337.857910 493.631470
v 713.930786 337.865234 488.201385
v 734.686707 337.857910 493.631470
v 713.930786 337.865234 493.631409
v 713.930786 337.865234 488.201385
v 808.274902 337.865234 493.631470
v 804.020386 342.048401 493.631470
v 734.686707 337.857910 493.631470
v 804.020386 342.048401 493.631470
v 734.686707 342.048401 493.631470
v 734.686707 337.857910 493.631470
v 734.686707 337.857910 493.631470
v 734.686707 342.048401 493.631470
v 713.930786 337.865234 493.631409
v 734.686707 342.048401 493.631470
v 718.186707 342.048401 493.631470
v 713.930786 337.865234 493.631409
v 801.999268 337.865234 449.720520
v 801.999268 337.865295 455.136322
v 734.686829 337.857910 449.719757
v 801.999268 337.865295 455.136322
v 734.686829 337.857910 455.136322
v 734.686829 337.857910 449.719757
v 734.686829 337.857910 449.719757
v 734.686829 337.857910 455.136322
v 713.930786 337.865295 449.720764
v 734.686829 337.857910 455.136322
v 713.930786 337.865295 455.136322
v 713.930786 337.865295 449.720764
v 801.999268 337.865295 455.136322
v 797.745972 342.048401 455.136322
v 734.686829 337.857910 455.136322
v 797.745972 342.048401 455.136322
v 734.686829 342.048401 455.136322
v 734.686829 337.857910 455.136322
v 734.686829 337.857910 455.136322
v 734.686829 342.048401 455.136322
v 713.930786 337.865295 455.136322
v 734.686829 342.048401 455.136322
v 718.186829 342.048401 455.136322
v 713.930786 337.865295 455.136322
v 718.186646 402.877258 455.136322
v 713.907349 402.877258 455.136322
v 718.186829 342.048401 455.136322
v 713.907349 402.877258 455.136322
v 713.930786 337.865295 455.136322
v 718.186829 342.048401 455.136322
v 718.186646 402.877258 493.631470
v 713.907349 402.877258 493.631470
v 718.186707 342.048401 493.631470
v 713.907349 402.877258 493.631470
v 713.930786 337.865234 493.631409
v 718.186707 342.048401 493.631470
v 713.930786 337.865234 488.201385
v 713.930786 337.865234 493.631409
v 713.907349 402.877258 488.201385
v 713.930786 337.865234 493.631409
v 713.907349 402.877258 493.631470
v 713.907349 402.877258 488.201385
v 713.930786 337.865295 449.720764
v 713.930786 337.865295 455.136322
v 713.907349 402.877258 449.720764
v 713.930786 337.865295 455.136322
v 713.907349 402.877258 455.136322
v 713.907349 402.877258 449.720764
v 510.561981 402.877258 488.201385
v 510.561981 402.877258 493.631470
v 510.538849 337.968018 488.201385
v 510.561981 402.877258 493.631470
v 510.538849 337.968018 493.631470
v 510.538849 337.968018 488.201385
v 510.561981 402.877258 449.720764
v 510.561981 402.877258 455.136383
v 510.538849 337.968018 449.720764
v 510.561981 402.877258 455.136383
v 510.538849 337.968018 455.136414
v 510.538849 337.968018 449.720764
v 510.561981 402.877258 493.631470
v 506.282623 402.877258 493.631470
v 510.538849 337.968018 493.631470
v 506.282623 402.877258 493.631470
v 506.282623 342.048462 493.631470
v 510.538849 337.968018 493.631470
v 510.561981 402.877258 455.136383
v 506.282623 402.877258 455.136322
v 510.538849 337.968018 455.136414
v 506.282623 402.877258 455.136322
v 506.282623 342.048401 455.136322
v 510.538849 337.968018 455.136414
v 510.538849 337.968018 488.201385
v 510.538849 337.968018 493.631470
v 489.782593 337.967834 488.201385
v 510.538849 337.968018 493.631470
v 489.782593 337.967834 493.631470
v 489.782593 337.967834 488.201385
v 489.782593 337.967834 488.201385
v 489.782593 337.967834 493.631470
v 441.674591 337.968018 488.201294
v 489.782593 337.967834 493.631470
v 441.674591 337.968018 493.631256
v 441.674591 337.968018 488.201294
v 510.538849 337.968018 449.720764
v 510.538849 337.968018 455.136414
v 489.782654 337.967834 449.719757
v 510.538849 337.968018 455.136414
v 489.782593 337.967834 455.136322
v 489.782654 337.967834 449.719757
v 489.782654 337.967834 449.719757
v 489.782593 337.967834 455.136322
v 435.855560 337.984985 449.725616
v 489.782593 337.967834 455.136322
v 435.855560 337.984985 455.136139
v 435.855560 337.984985 449.725616
v 510.538849 337.968018 493.631470
v 506.282623 342.048462 493.631470
v 489.782593 337.967834 493.631470
v 506.282623 342.048462 493.631470
v 489.782593 342.048462 493.631470
v 489.782593 337.967834 493.631470
v 489.782593 337.967834 493.631470
v 489.782593 342.048462 493.631470
v 441.674591 337.968018 493.631256
v 489.782593 342.048462 493.631470
v 432.320007 342.048462 493.631409
v 441.674591 337.968018 493.631256
v 510.538849 337.968018 455.136414
v 506.282623 342.048401 455.136322
v 489.782593 337.967834 455.136322
v 506.282623 342.048401 455.136322
v 489.782593 342.048462 455.136322
v 489.782593 337.967834 455.136322
v 489.782593 337.967834 455.136322
v 489.782593 342.048462 455.136322
v 435.855560 337.984985 455.136139
v 489.782593 342.048462 455.136322
v 432.320007 342.048462 455.136139
v 435.855560 337.984985 455.136139
v 441.674591 311.267029 493.631470
v 441.674591 311.270874 488.201385
v 441.674591 337.968018 493.631256
v 441.674591 311.270874 488.201385
v 441.674591 337.968018 488.201294
v 441.674591 337.968018 493.631256
v 441.674591 337.968018 493.631256
v 432.320007 342.048462 493.631409
v 441.674591 311.267029 493.631470
v 432.320007 342.048462 493.631409
v 432.320007 315.097778 493.631470
v 441.674591 311.267029 493.631470
v 435.855560 311.270874 455.136322
v 435.855560 311.270874 449.720123
v 435.855560 337.984985 455.136139
v 435.855560 311.270874 449.720123
v 435.855560 337.984985 449.725616
v 435.855560 337.984985 455.136139
v 435.855560 337.984985 455.136139
v 432.320007 342.048462 455.136139
v 435.855560 311.270874 455.136322
v 432.320007 342.048462 455.136139
v 432.320007 315.097778 455.136322
v 435.855560 311.270874 455.136322
v 441.674591 311.270874 488.201385
v 441.674591 311.267029 493.631470
v 374.108490 311.270874 488.201447
v 441.674591 311.267029 493.631470
v 374.108490 311.267029 493.631470
v 374.108490 311.270874 488.201447
v 435.855560 311.270874 449.720123
v 435.855560 311.270874 455.136322
v 380.526459 311.270874 449.720123
v 435.855560 311.270874 455.136322
v 380.526459 311.270874 455.136383
v 380.526459 311.270874 449.720123
v 435.855560 311.270874 455.136322
v 432.320007 315.097778 455.136322
v 380.526459 311.270874 455.136383
v 432.320007 315.097778 455.136322
v 384.061981 315.097778 455.136322
v 380.526459 311.270874 455.136383
v 441.674591 311.267029 493.631470
v 432.320007 315.097778 493.631470
v 374.108490 311.267029 493.631470
v 432.320007 315.097778 493.631470
v 384.061981 315.097778 493.631470
v 374.108490 311.267029 493.631470
v 387.279358 556.813538 411.849884
v 387.279358 670.525818 411.849854
v 387.279358 556.813538 288.639587
v 387.279358 670.525818 411.849854
v 387.279358 670.525818 288.639587
v 387.279358 556.813538 288.639587
v 387.279358 556.813538 288.639587
v 387.279358 670.525818 288.639587
v 387.279358 556.813477 111.849945
v 387.279358 670.525818 288.639587
v 387.279358 670.525757 111.849915
v 387.279358 556.813477 111.849945
v 384.061981 443.101379 455.136597
v 380.526459 438.690491 455.136597
v 384.061981 378.627808 455.136475
v 380.526459 438.690491 455.136597
v 380.526459 378.627808 455.136475
v 384.061981 378.627808 455.136475
v 384.061981 378.627808 455.136475
v 380.526459 378.627808 455.136475
v 384.061981 315.097778 455.136322
v 380.526459 378.627808 455.136475
v 380.526459 311.270874 455.136383
v 384.061981 315.097778 455.136322
v 384.061981 443.101379 493.631592
v 374.108490 438.690491 493.631683
v 384.061981 378.628174 493.631531
v 374.108490 438.690491 493.631683
v 374.108490 378.628174 493.631592
v 384.061981 378.628174 493.631531
v 384.061981 378.628174 493.631531
v 374.108490 378.628174 493.631592
v 384.061981 315.097778 493.631470
v 374.108490 378.628174 493.631592
v 374.108490 311.267029 493.631470
v 384.061981 315.097778 493.631470
v 384.061981 443.101379 455.136597
v 345.755219 443.101379 455.136414
v 380.526459 438.690491 455.136597
v 345.755219 443.101379 455.136414
v 345.755219 438.685425 455.136414
v 380.526459 438.690491 455.136597
v 384.061981 443.101379 493.631592
v 345.755219 443.101379 493.631531
v 374.108490 438.690491 493.631683
v 345.755219 443.101379 493.631531
v 345.755219 438.685608 493.631531
v 374.108490 438.690491 493.631683
v 345.755219 443.101318 511.368408
v 345.755219 438.684875 511.368347
v 345.755219 443.101379 493.631531
v 345.755219 438.684875 511.368347
v 345.755219 438.685608 493.631531
v 345.755219 443.101379 493.631531
v 345.755219 443.101379 488.201447
v 345.755219 438.685608 488.201447
v 345.755219 443.101379 455.136414
v 345.755219 438.685608 488.201447
v 345.755219 438.685425 455.136414
v 345.755219 443.101379 455.136414
v 345.755157 438.684967 111.849945
v 345.755157 443.101349 111.849945
v 345.755219 438.684998 288.639587
v 345.755157 443.101349 111.849945
v 345.755219 443.101379 288.639587
v 345.755219 438.684998 288.639587
v 345.755219 443.101379 288.639587
v 345.755219 443.101379 449.723633
v 345.755219 438.684998 288.639587
v 345.755219 438.684998 288.639587
v 345.755219 443.101379 449.723633
v 345.755219 438.685425 449.723633
v 380.526459 311.270874 455.136383
v 380.526459 378.627808 455.136475
v 380.526459 311.270874 449.720123
v 380.526459 311.270874 449.720123
v 380.526459 378.627808 455.136475
v 380.526459 378.627808 449.723083
v 380.526459 378.627808 455.136475
v 380.526459 438.690491 455.136597
v 380.526459 378.627808 449.723083
v 380.526459 378.627808 449.723083
v 380.526459 438.690491 455.136597
v 380.526459 438.690491 449.726013
v 374.108490 311.267029 493.631470
v 374.108490 378.628174 493.631592
v 374.108490 311.270874 488.201447
v 374.108490 311.270874 488.201447
v 374.108490 378.628174 493.631592
v 374.108490 378.628174 488.201447
v 374.108490 378.628174 493.631592
v 374.108490 438.690491 493.631683
v 374.108490 378.628174 488.201447
v 374.108490 378.628174 488.201447
v 374.108490 438.690491 493.631683
v 374.108490 438.690491 488.201508
v 380.526459 438.690491 455.136597
v 345.755219 438.685425 455.136414
v 380.526459 438.690491 449.726013
v 380.526459 438.690491 449.726013
v 345.755219 438.685425 455.136414
v 345.755219 438.685425 449.723633
v 345.755219 438.685425 455.136414
v 337.279388 438.684875 455.136322
v 345.755219 438.685425 449.723633
v 345.755219 438.685425 449.723633
v 337.279388 438.684875 455.136322
v 337.279388 438.684875 449.720123
v 337.279388 438.684875 449.720123
v 337.279388 438.684875 455.136322
v 187.279419 438.684875 449.720123
v 337.279388 438.684875 455.136322
v 187.279419 438.684875 455.136322
v 187.279419 438.684875 449.720123
v 345.755219 438.684875 511.368347
v 337.279449 438.684875 511.368347
v 345.755219 438.685608 493.631531
v 337.279449 438.684875 511.368347
v 337.279388 438.684875 493.631470
v 345.755219 438.685608 493.631531
v 345.755219 438.685608 488.201447
v 337.279388 438.684875 488.201385
v 345.755219 438.685425 455.136414
v 337.279388 438.684875 488.201385
v 337.279388 438.684875 455.136322
v 345.755219 438.685425 455.136414
v 337.279388 438.684875 449.720123
v 337.279388 438.684875 418.017517
v 345.755219 438.685425 449.723633
v 337.279388 438.684875 418.017517
v 337.279388 438.684875 411.849884
v 345.755219 438.685425 449.723633
v 345.755219 438.685425 449.723633
v 337.279388 438.684875 411.849884
v 345.755219 438.684998 288.639587
v 337.279388 438.684875 411.849884
v 337.279388 438.684998 288.639587
v 345.755219 438.684998 288.639587
v 337.279388 438.684998 288.639587
v 337.279388 438.684967 111.849945
v 345.755219 438.684998 288.639587
v 345.755219 438.684998 288.639587
v 337.279388 438.684967 111.849945
v 345.755157 438.684967 111.849945
v 374.108490 438.690491 493.631683
v 345.755219 438.685608 493.631531
v 374.108490 438.690491 488.201508
v 374.108490 438.690491 488.201508
v 345.755219 438.685608 493.631531
v 345.755219 438.685608 488.201447
v 345.755219 438.685608 493.631531
v 337.279388 438.684875 493.631470
v 345.755219 438.685608 488.201447
v 345.755219 438.685608 488.201447
v 337.279388 438.684875 493.631470
v 337.279388 438.684875 488.201385
v 337.279388 438.684875 488.201385
v 337.279388 438.684875 493.631470
v 187.279419 438.684875 488.201385
v 337.279388 438.684875 493.631470
v 187.279419 438.684875 493.631470
v 187.279419 438.684875 488.201385
v 337.279449 438.684875 511.368347
v 337.279449 443.101318 511.368408
v 337.279388 438.684875 493.631470
v 337.279449 443.101318 511.368408
v 337.279388 443.101379 493.631470
v 337.279388 438.684875 493.631470
v 337.279388 438.684875 488.201385
v 337.279388 443.101379 488.201385
v 337.279388 438.684875 455.136322
v 337.279388 443.101379 488.201385
v 337.279388 443.101379 455.136322
v 337.279388 438.684875 455.136322
v 337.279388 443.101379 411.849915
v 337.279388 556.813538 411.849884
v 337.279388 443.101379 288.639587
v 337.279388 556.813538 411.849884
v 337.279388 556.813538 288.639587
v 337.279388 443.101379 288.639587
v 337.279388 443.101379 288.639587
v 337.279388 556.813538 288.639587
v 337.279388 443.101349 111.849945
v 337.279388 556.813538 288.639587
v 337.279388 556.813477 111.849945
v 337.279388 443.101349 111.849945
v 337.279388 443.101349 111.849945
v 337.279388 438.684967 111.849945
v 337.279388 443.101379 288.639587
v 337.279388 438.684967 111.849945
v 337.279388 438.684998 288.639587
v 337.279388 443.101379 288.639587
v 337.279388 438.684998 288.639587
v 337.279388 438.684875 411.849884
v 337.279388 443.101379 288.639587
v 337.279388 443.101379 288.639587
v 337.279388 438.684875 411.849884
v 337.279388 443.101379 411.849915
v 337.279388 443.101379 449.720123
v 337.279388 443.101318 418.017517
v 337.279388 438.684875 449.720123
v 337.279388 438.684875 449.720123
v 337.279388 443.101318 418.017517
v 337.279388 438.684875 418.017517
v 387.279358 670.525757 111.849915
v 387.279358 670.525818 288.639587
v 187.175842 670.525757 111.849915
v 187.175842 670.525757 111.849915
v 387.279358 670.525818 288.639587
v 187.175873 670.525818 288.639587
v 387.279358 670.525818 288.639587
v 387.279358 670.525818 411.849854
v 187.175873 670.525818 288.639587
v 187.175873 670.525818 288.639587
v 387.279358 670.525818 411.849854
v 187.175873 670.525818 411.849854
v 187.175842 670.525757 111.849915
v 187.175873 670.525818 288.639587
v -12.720604 670.525757 111.849915
v -12.720604 670.525757 111.849915
v 187.175873 670.525818 288.639587
v -12.720604 670.525818 288.639587
v 187.175873 670.525818 288.639587
v 187.175873 670.525818 411.849854
v -12.720604 670.525818 288.639587
v -12.720604 670.525818 288.639587
v 187.175873 670.525818 411.849854
v -12.720573 670.525818 411.849884
v 37.279423 438.684875 418.017517
v 37.279453 443.101318 418.017517
v 37.279453 438.684875 449.720123
v 37.279453 438.684875 449.720123
v 37.279453 443.101318 418.017517
v 37.279453 443.101379 449.720123
v 37.279423 438.684875 411.849884
v 37.279423 438.684998 288.639587
v 37.279453 443.101379 411.849915
v 37.279453 443.101379 411.849915
v 37.279423 438.684998 288.639587
v 37.279423 443.101379 288.639587
v 37.279423 443.101379 288.639587
v 37.279423 438.684998 288.639587
v 37.279423 443.101349 111.849945
v 37.279423 438.684998 288.639587
v 37.279423 438.684967 111.849945
v 37.279423 443.101349 111.849945
v 337.279388 438.684875 493.631470
v 337.279388 443.101379 493.631470
v 187.279419 438.684875 493.631470
v 337.279388 443.101379 493.631470
v 187.279419 443.101379 493.631470
v 187.279419 438.684875 493.631470
v 337.279388 443.101379 455.136322
v 337.279388 443.101379 488.201385
v 187.279419 443.101379 455.136322
v 337.279388 443.101379 488.201385
v 187.279419 443.101379 488.201385
v 187.279419 443.101379 455.136322
v 337.279388 438.684875 455.136322
v 337.279388 443.101379 455.136322
v 187.279419 438.684875 455.136322
v 337.279388 443.101379 455.136322
v 187.279419 443.101379 455.136322
v 187.279419 438.684875 455.136322
v 337.279388 443.101318 418.017517
v 337.279388 443.101379 449.720123
v 187.192749 443.101379 418.017517
v 337.279388 443.101379 449.720123
v 187.279419 443.101379 449.720123
v 187.192749 443.101379 418.017517
v 337.279388 438.684875 418.017517
v 337.279388 443.101318 418.017517
v 187.192749 438.684998 418.017517
v 337.279388 443.101318 418.017517
v 187.192749 443.101379 418.017517
v 187.192749 438.684998 418.017517
v 337.279388 438.684875 418.017517
v 187.192749 438.684998 418.017517
v 337.279388 438.684875 411.849884
v 187.192749 438.684998 418.017517
v 187.175903 438.684998 411.849915
v 337.279388 438.684875 411.849884
v 187.279419 438.684875 493.631470
v 187.279419 443.101379 493.631470
v 37.279453 438.684875 493.631470
v 187.279419 443.101379 493.631470
v 37.279453 443.101379 493.631470
v 37.279453 438.684875 493.631470
v 187.279419 438.684875 488.201385
v 187.279419 438.684875 493.631470
v 37.279453 438.684875 488.201385
v 187.279419 438.684875 493.631470
v 37.279453 438.684875 493.631470
v 37.279453 438.684875 488.201385
v 37.279453 438.684875 493.631470
v 28.465885 438.685608 493.631531
v 37.279453 438.684875 488.201385
v 37.279453 438.684875 488.201385
v 28.465885 438.685608 493.631531
v 28.465885 438.685608 488.201447
v 28.465885 438.685608 493.631531
v 0.746834 438.690491 493.631683
v 28.465885 438.685608 488.201447
v 28.465885 438.685608 488.201447
v 0.746834 438.690491 493.631683
v 0.746834 438.690491 488.201508
v 37.279453 438.684875 449.720123
v 28.465885 438.685425 449.723633
v 37.279423 438.684875 418.017517
v 37.279423 438.684875 418.017517
v 28.465885 438.685425 449.723633
v 37.279423 438.684875 411.849884
v 28.465885 438.685425 449.723633
v 28.465851 438.684875 288.639587
v 37.279423 438.684875 411.849884
v 37.279423 438.684875 411.849884
v 28.465851 438.684875 288.639587
v 37.279423 438.684998 288.639587
v 37.279423 438.684998 288.639587
v 28.465851 438.684875 288.639587
v 37.279423 438.684967 111.849945
v 28.465851 438.684875 288.639587
v 28.465851 438.684967 111.849945
v 37.279423 438.684967 111.849945
v 187.279419 443.101379 455.136322
v 187.279419 443.101379 488.201385
v 37.279453 443.101379 455.136322
v 187.279419 443.101379 488.201385
v 37.279453 443.101379 488.201385
v 37.279453 443.101379 455.136322
v 187.279419 438.684875 455.136322
v 187.279419 443.101379 455.136322
v 37.279453 438.684875 455.136322
v 187.279419 443.101379 455.136322
v 37.279453 443.101379 455.136322
v 37.279453 438.684875 455.136322
v 187.279419 438.684875 449.720123
v 187.279419 438.684875 455.136322
v 37.279453 438.684875 449.720123
v 187.279419 438.684875 455.136322
v 37.279453 438.684875 455.136322
v 37.279453 438.684875 449.720123
v 37.279453 438.684875 455.136322
v 28.465885 438.685425 455.136414
v 37.279453 438.684875 449.720123
v 37.279453 438.684875 449.720123
v 28.465885 438.685425 455.136414
v 28.465885 438.685425 449.723633
v 28.465885 438.685425 455.136414
v -5.595116 438.690491 455.136536
v 28.465885 438.685425 449.723633
v 28.465885 438.685425 449.723633
v -5.595116 438.690491 455.136536
v -5.595116 438.690491 449.726013
v 28.465885 443.101318 449.723633
v 28.465851 443.101318 288.639587
v 28.465885 438.685425 449.723633
v 28.465885 438.685425 449.723633
v 28.465851 443.101318 288.639587
v 28.465851 438.684875 288.639587
v 28.465851 438.684875 288.639587
v 28.465851 443.101318 288.639587
v 28.465851 438.684967 111.849945
v 28.465851 443.101318 288.639587
v 28.465851 443.101349 111.849945
v 28.465851 438.684967 111.849945
v 187.192749 443.101379 418.017517
v 187.279419 443.101379 449.720123
v 37.279453 443.101318 418.017517
v 187.279419 443.101379 449.720123
v 37.279453 443.101379 449.720123
v 37.279453 443.101318 418.017517
v 187.192749 438.684998 418.017517
v 187.192749 443.101379 418.017517
v 37.279423 438.684875 418.017517
v 187.192749 443.101379 418.017517
v 37.279453 443.101318 418.017517
v 37.279423 438.684875 418.017517
v 187.175903 438.684998 411.849915
v 187.192749 438.684998 418.017517
v 37.279423 438.684875 411.849884
v 187.192749 438.684998 418.017517
v 37.279423 438.684875 418.017517
v 37.279423 438.684875 411.849884
v 37.279514 443.101196 511.368408
v 37.279514 438.684875 511.368347
v 37.279453 443.101379 493.631470
v 37.279514 438.684875 511.368347
v 37.279453 438.684875 493.631470
v 37.279453 443.101379 493.631470
v 37.279453 443.101379 488.201385
v 37.279453 438.684875 488.201385
v 37.279453 443.101379 455.136322
v 37.279453 438.684875 488.201385
v 37.279453 438.684875 455.136322
v 37.279453 443.101379 455.136322
v -748.479736 367.744568 493.631470
v -748.479736 367.744568 488.201385
v -748.432251 337.865234 493.631470
v -748.479736 367.744568 488.201385
v -748.432251 337.865234 488.201385
v -748.432251 337.865234 493.631470
v 37.279438 556.813538 411.849915
v 37.279453 443.101379 411.849915
v 37.279408 556.813538 288.639587
v 37.279453 443.101379 411.849915
v 37.279423 443.101379 288.639587
v 37.279408 556.813538 288.639587
v 37.279408 556.813538 288.639587
v 37.279423 443.101379 288.639587
v 37.279408 556.813477 111.849945
v 37.279423 443.101379 288.639587
v 37.279423 443.101349 111.849945
v 37.279408 556.813477 111.849945
v 37.279514 438.684875 511.368347
v 28.465885 438.684875 511.368347
v 37.279453 438.684875 493.631470
v 28.465885 438.684875 511.368347
v 28.465885 438.685608 493.631531
v 37.279453 438.684875 493.631470
v 37.279453 438.684875 488.201385
v 28.465885 438.685608 488.201447
v 37.279453 438.684875 455.136322
v 28.465885 438.685608 488.201447
v 28.465885 438.685425 455.136414
v 37.279453 438.684875 455.136322
v 28.465885 438.684875 511.368347
v 28.465885 443.101196 511.368408
v 28.465885 438.685608 493.631531
v 28.465885 443.101196 511.368408
v 28.465885 443.101379 493.631531
v 28.465885 438.685608 493.631531
v 28.465885 438.685608 488.201447
v 28.465885 443.101318 488.201447
v 28.465885 438.685425 455.136414
v 28.465885 443.101318 488.201447
v 28.465885 443.101379 455.136414
v 28.465885 438.685425 455.136414
v 28.465885 438.685608 493.631531
v 28.465885 443.101379 493.631531
v 0.746834 438.690491 493.631683
v 28.465885 443.101379 493.631531
v -9.130592 443.101318 493.631592
v 0.746834 438.690491 493.631683
v 28.465885 438.685425 455.136414
v 28.465885 443.101379 455.136414
v -5.595116 438.690491 455.136536
v 28.465885 443.101379 455.136414
v -9.130615 443.101318 455.136536
v -5.595116 438.690491 455.136536
v -12.720573 670.525818 411.849884
v -12.720558 556.813538 411.849915
v -12.720604 670.525818 288.639587
v -12.720558 556.813538 411.849915
v -12.720589 556.813538 288.639587
v -12.720604 670.525818 288.639587
v -12.720604 670.525818 288.639587
v -12.720589 556.813538 288.639587
v -12.720604 670.525757 111.849915
v -12.720589 556.813538 288.639587
v -12.720589 556.813477 111.849945
v -12.720604 670.525757 111.849915
v 0.746925 311.270508 488.201447
v 0.746925 311.267578 493.631470
v -66.818993 311.270508 488.201385
v 0.746925 311.267578 493.631470
v -66.819023 311.267578 493.631470
v -66.818993 311.270508 488.201385
v -5.595024 311.270508 449.720123
v -5.595055 311.270508 455.136322
v -60.999977 311.270508 449.720093
v -5.595055 311.270508 455.136322
v -60.999992 311.270508 455.136322
v -60.999977 311.270508 449.720093
v 0.746925 311.267578 493.631470
v -9.130577 315.097778 493.631470
v -66.819023 311.267578 493.631470
v -9.130577 315.097778 493.631470
v -57.464485 315.097778 493.631470
v -66.819023 311.267578 493.631470
v -5.595055 311.270508 455.136322
v -9.130592 315.097778 455.136322
v -60.999992 311.270508 455.136322
v -9.130592 315.097778 455.136322
v -57.464455 315.097778 455.136322
v -60.999992 311.270508 455.136322
v -57.464500 342.048462 455.136261
v -61.000023 338.025757 455.136261
v -57.464455 315.097778 455.136322
v -61.000023 338.025757 455.136261
v -60.999992 311.270508 455.136322
v -57.464455 315.097778 455.136322
v -57.464485 315.097778 493.631470
v -57.464485 342.048462 493.631409
v -66.819023 311.267578 493.631470
v -57.464485 342.048462 493.631409
v -66.819023 338.025757 493.631378
v -66.819023 311.267578 493.631470
v -60.999977 311.270508 449.720093
v -60.999992 311.270508 455.136322
v -61.000023 338.025757 449.725677
v -60.999992 311.270508 455.136322
v -61.000023 338.025757 455.136261
v -61.000023 338.025757 449.725677
v -66.818993 311.270508 488.201385
v -66.819023 311.267578 493.631470
v -66.819023 338.025757 488.201385
v -66.819023 311.267578 493.631470
v -66.819023 338.025757 493.631378
v -66.819023 338.025757 488.201385
v -61.000023 338.025757 455.136261
v -57.464500 342.048462 455.136261
v -121.618584 338.022644 455.136322
v -57.464500 342.048462 455.136261
v -121.618584 342.048401 455.136322
v -121.618584 338.022644 455.136322
v -121.618584 338.022644 455.136322
v -121.618584 342.048401 455.136322
v -142.386322 338.025757 455.136322
v -121.618584 342.048401 455.136322
v -138.118530 342.048401 455.136322
v -142.386322 338.025757 455.136322
v -61.000023 338.025757 449.725677
v -61.000023 338.025757 455.136261
v -121.618584 338.022644 449.719757
v -61.000023 338.025757 455.136261
v -121.618584 338.022644 455.136322
v -121.618584 338.022644 449.719757
v -121.618584 338.022644 449.719757
v -121.618584 338.022644 455.136322
v -142.386322 338.025757 449.720764
v -121.618584 338.022644 455.136322
v -142.386322 338.025757 455.136322
v -142.386322 338.025757 449.720764
v -66.819023 338.025757 493.631378
v -57.464485 342.048462 493.631409
v -121.618553 338.022644 493.631470
v -57.464485 342.048462 493.631409
v -121.618553 342.048401 493.631470
v -121.618553 338.022644 493.631470
v -121.618553 338.022644 493.631470
v -121.618553 342.048401 493.631470
v -142.386322 338.025757 493.631470
v -121.618553 342.048401 493.631470
v -138.118561 342.048401 493.631470
v -142.386322 338.025757 493.631470
v -66.819023 338.025757 488.201385
v -66.819023 338.025757 493.631378
v -121.618553 338.022644 488.201385
v -66.819023 338.025757 493.631378
v -121.618553 338.022644 493.631470
v -121.618553 338.022644 488.201385
v -121.618553 338.022644 488.201385
v -121.618553 338.022644 493.631470
v -142.386322 338.025757 488.201385
v -121.618553 338.022644 493.631470
v -142.386322 338.025757 493.631470
v -142.386322 338.025757 488.201385
v -138.118561 402.877258 493.631470
v -142.386353 402.877258 493.631470
v -138.118561 342.048401 493.631470
v -142.386353 402.877258 493.631470
v -142.386322 338.025757 493.631470
v -138.118561 342.048401 493.631470
v -138.118561 402.877258 455.136322
v -142.386414 402.877258 455.136322
v -138.118530 342.048401 455.136322
v -142.386414 402.877258 455.136322
v -142.386322 338.025757 455.136322
v -138.118530 342.048401 455.136322
v -142.386322 338.025757 488.201385
v -142.386322 338.025757 493.631470
v -142.386322 402.877258 488.201385
v -142.386322 338.025757 493.631470
v -142.386353 402.877258 493.631470
v -142.386322 402.877258 488.201385
v -142.386322 338.025757 449.720764
v -142.386322 338.025757 455.136322
v -142.386353 402.877258 449.720764
v -142.386322 338.025757 455.136322
v -142.386414 402.877258 455.136322
v -142.386353 402.877258 449.720764
v -345.751984 402.877258 488.201385
v -345.751984 402.877258 493.631470
v -345.757599 337.865234 488.201385
v -345.751984 402.877258 493.631470
v -345.757599 337.865234 493.631470
v -345.757599 337.865234 488.201385
v -345.751984 402.877258 449.720764
v -345.752014 402.877136 455.136322
v -345.757599 337.865295 449.720764
v -345.752014 402.877136 455.136322
v -345.757599 337.865295 455.136322
v -345.757599 337.865295 449.720764
v -345.751984 402.877258 493.631470
v -350.022552 402.877258 493.631470
v -345.757599 337.865234 493.631470
v -350.022552 402.877258 493.631470
v -350.022552 342.048401 493.631470
v -345.757599 337.865234 493.631470
v -345.752014 402.877136 455.136322
v -350.022552 402.877258 455.136322
v -345.757599 337.865295 455.136322
v -350.022552 402.877258 455.136322
v -350.022552 342.048401 455.136322
v -345.757599 337.865295 455.136322
v -345.757599 337.865234 488.201385
v -345.757599 337.865234 493.631470
v -366.522552 337.857910 488.201385
v -345.757599 337.865234 493.631470
v -366.522552 337.857910 493.631470
v -366.522552 337.857910 488.201385
v -366.522552 337.857910 488.201385
v -366.522552 337.857910 493.631470
v -399.217804 337.857910 488.201385
v -366.522552 337.857910 493.631470
v -399.217804 337.857910 493.631470
v -399.217804 337.857910 488.201385
v -345.757599 337.865295 449.720764
v -345.757599 337.865295 455.136322
v -366.522522 337.857910 449.719757
v -345.757599 337.865295 455.136322
v -366.522522 337.857910 455.136322
v -366.522522 337.857910 449.719757
v -366.522522 337.857910 449.719757
v -366.522522 337.857910 455.136322
v -399.217743 337.857910 449.716858
v -366.522522 337.857910 455.136322
v -399.217743 337.857910 455.136322
v -399.217743 337.857910 449.716858
v -345.757599 337.865295 455.136322
v -350.022552 342.048401 455.136322
v -366.522522 337.857910 455.136322
v -350.022552 342.048401 455.136322
v -366.522552 342.048462 455.136322
v -366.522522 337.857910 455.136322
v -366.522522 337.857910 455.136322
v -366.522552 342.048462 455.136322
v -399.217743 337.857910 455.136322
v -366.522552 342.048462 455.136322
v -399.217804 342.048401 455.136322
v -399.217743 337.857910 455.136322
v -345.757599 337.865234 493.631470
v -350.022552 342.048401 493.631470
v -366.522552 337.857910 493.631470
v -350.022552 342.048401 493.631470
v -366.522552 342.048462 493.631470
v -366.522552 337.857910 493.631470
v -366.522552 337.857910 493.631470
v -366.522552 342.048462 493.631470
v -399.217804 337.857910 493.631470
v -366.522552 342.048462 493.631470
v -399.217804 342.048401 493.631470
v -399.217804 337.857910 493.631470
v -399.217804 337.857910 493.631470
v -399.217804 342.048401 493.631470
v -431.318176 337.857910 493.631470
v -399.217804 342.048401 493.631470
v -431.318176 342.048401 493.631470
v -431.318176 337.857910 493.631470
v -431.318176 337.857910 493.631470
v -431.318176 342.048401 493.631470
v -452.085632 337.865234 493.631470
v -431.318176 342.048401 493.631470
v -447.818237 342.048401 493.631470
v -452.085632 337.865234 493.631470
v -399.217804 337.857910 488.201385
v -399.217804 337.857910 493.631470
v -431.318176 337.857910 488.201385
v -399.217804 337.857910 493.631470
v -431.318176 337.857910 493.631470
v -431.318176 337.857910 488.201385
v -431.318176 337.857910 488.201385
v -431.318176 337.857910 493.631470
v -452.085632 337.865234 488.201385
v -431.318176 337.857910 493.631470
v -452.085632 337.865234 493.631470
v -452.085632 337.865234 488.201385
v -399.217743 337.857910 455.136322
v -399.217804 342.048401 455.136322
v -431.318176 337.857910 455.136322
v -399.217804 342.048401 455.136322
v -431.318176 342.048401 455.136322
v -431.318176 337.857910 455.136322
v -431.318176 337.857910 455.136322
v -431.318176 342.048401 455.136322
v -452.085632 337.865295 455.136322
v -431.318176 342.048401 455.136322
v -447.818237 342.048401 455.136322
v -452.085632 337.865295 455.136322
v -399.217743 337.857910 449.716858
v -399.217743 337.857910 455.136322
v -431.318176 337.857910 449.719757
v -399.217743 337.857910 455.136322
v -431.318176 337.857910 455.136322
v -431.318176 337.857910 449.719757
v -431.318176 337.857910 449.719757
v -431.318176 337.857910 455.136322
v -452.085632 337.865295 449.720764
v -431.318176 337.857910 455.136322
v -452.085632 337.865295 455.136322
v -452.085632 337.865295 449.720764
v -447.818237 402.877258 493.631470
v -452.086365 402.877258 493.631470
v -447.818237 342.048401 493.631470
v -452.086365 402.877258 493.631470
v -452.085632 337.865234 493.631470
v -447.818237 342.048401 493.631470
v -447.818237 402.877258 455.136322
v -452.086426 402.877258 455.136322
v -447.818237 342.048401 455.136322
v -452.086426 402.877258 455.136322
v -452.085632 337.865295 455.136322
v -447.818237 342.048401 455.136322
v -452.085632 337.865234 488.201385
v -452.085632 337.865234 493.631470
v -452.086365 402.877258 488.201385
v -452.085632 337.865234 493.631470
v -452.086365 402.877258 493.631470
v -452.086365 402.877258 488.201385
v -452.085632 337.865295 449.720764
v -452.085632 337.865295 455.136322
v -452.086426 402.877258 449.720764
v -452.085632 337.865295 455.136322
v -452.086426 402.877258 455.136322
v -452.086426 402.877258 449.720764
v -655.451538 402.877258 449.720764
v -655.451538 402.877258 455.136383
v -655.457275 337.865295 449.720764
v -655.451538 402.877258 455.136383
v -655.457275 337.865295 455.136414
v -655.457275 337.865295 449.720764
v -655.451538 402.877258 488.201385
v -655.451538 402.877258 493.631470
v -655.457336 337.865234 488.201385
v -655.451538 402.877258 493.631470
v -655.457336 337.865234 493.631470
v -655.457336 337.865234 488.201385
v -655.451538 402.877258 493.631470
v -659.722229 402.877258 493.631470
v -655.457336 337.865234 493.631470
v -659.722229 402.877258 493.631470
v -659.722168 342.048401 493.631470
v -655.457336 337.865234 493.631470
v -655.451538 402.877258 455.136383
v -659.722229 402.877258 455.136322
v -655.457275 337.865295 455.136414
v -659.722229 402.877258 455.136322
v -659.722168 342.048401 455.136322
v -655.457275 337.865295 455.136414
v -655.457275 337.865295 449.720764
v -655.457275 337.865295 455.136414
v -676.222046 337.857910 449.719757
v -655.457275 337.865295 455.136414
v -676.222168 337.857910 455.136322
v -676.222046 337.857910 449.719757
v -676.222046 337.857910 449.719757
v -676.222168 337.857910 455.136322
v -738.803467 337.865295 449.720520
v -676.222168 337.857910 455.136322
v -738.803467 337.865295 455.136322
v -738.803467 337.865295 449.720520
v -655.457336 337.865234 488.201385
v -655.457336 337.865234 493.631470
v -676.222168 337.857910 488.201385
v -655.457336 337.865234 493.631470
v -676.222168 337.857910 493.631470
v -676.222168 337.857910 488.201385
v -676.222168 337.857910 488.201385
v -676.222168 337.857910 493.631470
v -748.432251 337.865234 488.201385
v -676.222168 337.857910 493.631470
v -748.432251 337.865234 493.631470
v -748.432251 337.865234 488.201385
v -655.457336 337.865234 493.631470
v -659.722168 342.048401 493.631470
v -676.222168 337.857910 493.631470
v -659.722168 342.048401 493.631470
v -676.222168 342.048462 493.631470
v -676.222168 337.857910 493.631470
v -676.222168 337.857910 493.631470
v -676.222168 342.048462 493.631470
v -748.432251 337.865234 493.631470
v -676.222168 342.048462 493.631470
v -744.188232 342.048462 493.631470
v -748.432251 337.865234 493.631470
v -655.457275 337.865295 455.136414
v -659.722168 342.048401 455.136322
v -676.222168 337.857910 455.136322
v -659.722168 342.048401 455.136322
v -676.222168 342.048462 455.136322
v -676.222168 337.857910 455.136322
v -676.222168 337.857910 455.136322
v -676.222168 342.048462 455.136322
v -738.803467 337.865295 455.136322
v -676.222168 342.048462 455.136322
v -734.538330 342.048462 455.136322
v -738.803467 337.865295 455.136322
v -734.538391 367.744507 455.136322
v -738.808777 367.744568 455.136322
v -734.538330 342.048462 455.136322
v -738.808777 367.744568 455.136322
v -738.803467 337.865295 455.136322
v -734.538330 342.048462 455.136322
v -738.803467 337.865295 449.720520
v -738.803467 337.865295 455.136322
v -738.808777 367.744507 449.725983
v -738.803467 337.865295 455.136322
v -738.808777 367.744568 455.136322
v -738.808777 367.744507 449.725983
v -744.188232 367.744568 493.631470
v -748.479736 367.744568 493.631470
v -744.188232 342.048462 493.631470
v -748.479736 367.744568 493.631470
v -748.432251 337.865234 493.631470
v -744.188232 342.048462 493.631470
v 0.746925 311.270508 488.201447
v 0.746864 378.628174 488.201447
v 0.746925 311.267578 493.631470
v 0.746925 311.267578 493.631470
v 0.746864 378.628174 488.201447
v 0.746864 378.628174 493.631592
v 0.746864 378.628174 488.201447
v 0.746834 438.690491 488.201508
v 0.746864 378.628174 493.631592
v 0.746864 378.628174 493.631592
v 0.746834 438.690491 488.201508
v 0.746834 438.690491 493.631683
v 0.746925 311.267578 493.631470
v 0.746864 378.628174 493.631592
v -9.130577 315.097778 493.631470
v -9.130577 315.097778 493.631470
v 0.746864 378.628174 493.631592
v -9.130577 378.628174 493.631531
v 0.746864 378.628174 493.631592
v 0.746834 438.690491 493.631683
v -9.130577 378.628174 493.631531
v -9.130577 378.628174 493.631531
v 0.746834 438.690491 493.631683
v -9.130592 443.101318 493.631592
v -5.595024 311.270508 449.720123
v -5.595070 378.627808 449.723083
v -5.595055 311.270508 455.136322
v -5.595055 311.270508 455.136322
v -5.595070 378.627808 449.723083
v -5.595085 378.627808 455.136475
v -5.595070 378.627808 449.723083
v -5.595116 438.690491 449.726013
v -5.595085 378.627808 455.136475
v -5.595085 378.627808 455.136475
v -5.595116 438.690491 449.726013
v -5.595116 438.690491 455.136536
v -5.595055 311.270508 455.136322
v -5.595085 378.627808 455.136475
v -9.130592 315.097778 455.136322
v -9.130592 315.097778 455.136322
v -5.595085 378.627808 455.136475
v -9.130615 378.627808 455.136475
v -5.595085 378.627808 455.136475
v -5.595116 438.690491 455.136536
v -9.130615 378.627808 455.136475
v -9.130615 378.627808 455.136475
v -5.595116 438.690491 455.136536
v -9.130615 443.101318 455.136536
vn 1.0000 -0.0009 -0.0000
vn 1.0000 -0.0008 -0.0000
vn 1.0000 -0.0000 -0.0000
vn 1.0000 -0.0010 -0.0000
vn 0.9825 -0.0000 -0.1864
vn -0.0004 -1.0000 -0.0000
vn 1.0000 -0.0001 -0.0000
vn -0.0003 -1.0000 -0.0000
vn 1.0000 0.0001 -0.0000
vn -0.0000 -1.0000 -0.0000
vn -0.0001 -1.0000 -0.0000
vn -0.0000 -0.0000 1.0000
vn 1.0000 -0.0009 0.0001
vn 1.0000 -0.0010 -0.0001
vn 0.9825 -0.0003 -0.1864
vn -1.0000 -0.0000 -0.0000
vn 0.0004 -1.0000 -0.0000
vn -0.0004 -1.0000 0.0001
vn -1.0000 -0.0004 -0.0000
vn -0.0004 -1.0000 -0.0001
vn 1.0000 -0.0004 -0.0000
vn -0.0000 -1.0000 -0.0001
vn 0.9910 -0.0000 -0.1335
vn 0.0001 -1.0000 -0.0000
vn 1.0000 -0.0000 0.0001
vn 1.0000 -0.0000 -0.0001
vn 0.0002 -1.0000 -0.0000
vn 1.0000 -0.0003 -0.0000
vn 0.9849 -0.0000 -0.1733
vn 0.9849 0.0001 -0.1733
vn -0.0000 -1.0000 -0.0007
vn 0.9849 -0.0001 -0.1733
vn 0.0001 -1.0000 -0.0007
vn -0.9817 -0.0001 -0.1905
vn -0.9817 -0.0000 -0.1905
vn -1.0000 0.0001 -0.0000
vn -0.0000 -1.0000 0.0001
vn 0.0002 -1.0000 0.0001
vn 0.0001 -1.0000 0.0001
vn -0.0000 -1.0000 -0.0008
vn -0.0002 -1.0000 -0.0000
vn -1.0000 -0.0016 -0.0000
vn -0.0001 -1.0000 -0.0001
vn 1.0000 -0.0002 -0.0000
vn 0.9821 -0.0000 -0.1884
vn -0.0000 -1.0000 -0.0005
vn -1.0000 -0.0000 -0.0001
vn -1.0000 -0.0000 0.0001
vn -0.0001 -1.0000 -0.0006
vn -0.9849 -0.0000 -0.1733
vn -0.9849 0.0001 -0.1733
vn -0.0000 -1.0000 -0.0002
vn -0.0001 -1.0000 0.0001
vn 0.0003 -1.0000 0.0001
vn 0.0003 -1.0000 -0.0000
vn 0.0003 -1.0000 -0.0001
vn 0.0005 -1.0000 -0.0000
vn -1.0000 -0.0002 0.0001
vn -1.0000 -0.0002 -0.0000
vn -1.0000 -0.0002 -0.0001
vn -1.0000 -0.0016 0.0001
vn -1.0000 -0.0017 -0.0000
vn -1.0000 0.0002 -0.0000
vn -0.9600 -0.0000 -0.2801
vn -1.0000 -0.0001 -0.0000
vn -0.9600 0.0001 -0.2801
vn -0.0000 -1.0000 -0.0003
vn -0.0000 -1.0000 -0.0006
vn 0.9821 -0.0001 -0.1884
vn 0.9821 0.0001 -0.1884
vt 1.000000 -0.992081
vt 1.000000 -0.907099
vt 0.002449 -0.992081
vt 0.002449 -0.907099
vt 0.999574 -0.900367
vt 0.999574 -0.781908
vt -0.000426 -0.900367
vt 0.139576 -0.781908
vt 0.999999 -0.992081
vt 1.000000 -0.907099
vt 0.999574 -0.900367
vt 0.999574 -0.781908
vt -0.000426 -0.900367
vt 0.139575 -0.781908
vt 0.220003 -0.992081
vt 0.220002 -0.907099
vt 1.000000 -0.900367
vt 0.954904 -0.781908
vt 0.220002 -0.900367
vt 0.220002 -0.781908
vt 0.000000 -0.900367
vt 0.045111 -0.781908
vt 0.235681 -0.992081
vt 0.235681 -0.907099
vt 0.951705 -0.781908
vt 0.235681 -0.900367
vt 0.235681 -0.781908
vt 0.048327 -0.781908
vt 0.063918 -0.900367
vt -0.000426 -0.781908
vt 0.063919 -0.900367
vt 1.000000 -0.992081
vt 0.999575 -0.900367
vt 0.999575 -0.781908
vt -0.000426 -0.900367
vt 0.062438 -0.781908
vt 0.062437 -0.781908
vt 0.698592 -0.992081
vt 0.698592 -0.907099
vt 1.000000 -0.992081
vt 1.000000 -0.907099
vt 0.722077 -0.992081
vt 0.722076 -0.907099
vt 0.945586 -0.781908
vt 0.734639 -0.900367
vt 0.734639 -0.781908
vt 0.119595 -0.900367
vt 0.000000 -0.781908
vt 0.045200 -0.900367
vt 0.867011 -0.900367
vt 0.999573 -0.781908
vt -0.000427 -0.900367
vt 0.124023 -0.781908
vt 0.867547 -0.900367
vt 0.123915 -0.781908
vt 1.000000 -0.992081
vt 1.000000 -0.907099
vt 0.936100 -0.781908
vt 0.063900 -0.781908
vt 0.861550 -0.781908
vt 0.147315 -0.781908
vt 0.650981 -0.252887
vt 0.564026 -0.252887
vt 0.650981 -0.362116
vt 0.564026 -0.362116
vt 0.650981 -0.518844
vt 0.564026 -0.518844
vt 0.966116 -0.781908
vt 0.534406 -0.900367
vt 0.534406 -0.781908
vt 0.028603 -0.900367
vt -0.000426 -0.781908
vt 0.999574 -0.900367
vt 0.966116 -0.781908
vt 0.028631 -0.900367
vt -0.000426 -0.781908
vt 1.000000 -0.781908
vt 0.907705 -0.900367
vt 0.740164 -0.900367
vt 0.531677 -0.775628
vt 0.531677 -0.742218
vt 0.475268 -0.775628
vt 0.475268 -0.742218
vt 0.556778 -0.775628
vt 0.556778 -0.742218
vt 0.450167 -0.775628
vt 0.450167 -0.742218
vt 0.003473 -0.742218
vt 0.003473 -0.775628
vt 0.526714 -0.742218
vt 0.526714 -0.775628
vt 1.003472 -0.775628
vt 1.003473 -0.742218
vt 0.471377 -0.907099
vt 0.471377 -0.992081
vt 0.471360 -0.907099
vt 0.999970 -0.992081
vt 0.471360 -0.992081
vt 1.000000 -0.907099
vt 0.820069 -0.907099
vt 1.000000 -0.992081
vt 0.820069 -0.992081
vt 0.776208 -0.907099
vt 0.776208 -0.992081
vt 0.016014 -0.992081
vt 0.016014 -0.907099
vt 0.530564 -0.736380
vt 0.530564 -0.692379
vt 0.476382 -0.736380
vt 0.476382 -0.692379
vt 0.553953 -0.736373
vt 0.553953 -0.692384
vt 0.452992 -0.736373
vt 0.452992 -0.692384
vt 1.003462 -0.693039
vt 0.909632 -0.693039
vt 1.003473 -0.735718
vt 0.891378 -0.693039
vt 0.526714 -0.735718
vt 0.526714 -0.693039
vt 0.003473 -0.693039
vt 0.003473 -0.735718
vt 0.848240 -0.907099
vt 0.848240 -0.992081
vt 0.802873 -0.907099
vt 0.802873 -0.992081
vt 0.531677 -0.775628
vt 0.531677 -0.742218
vt 0.475268 -0.742218
vt 0.556778 -0.775628
vt 0.556778 -0.742218
vt 0.014631 -0.005049
vt 0.271511 -0.005049
vt 0.014631 -0.279215
vt 0.271511 -0.279215
vt 0.014631 -0.672606
vt 0.271511 -0.672606
vt 0.592771 -0.742218
vt 0.592771 -0.775628
vt 1.003473 -0.775628
vt 0.450167 -0.742218
vt 0.647989 -0.667980
vt 0.647989 -0.527750
vt 0.551045 -0.667980
vt 0.551045 -0.527750
vt 0.647989 -0.430020
vt 0.551045 -0.430020
vt 0.551128 -0.667980
vt 0.551128 -0.527750
vt 0.551128 -0.430020
vt 0.450167 -0.775628
vt 1.003472 -0.742218
vt 0.838145 -0.688779
vt 0.982768 -0.688779
vt 0.838145 -0.019094
vt 0.982768 -0.019094
vt 0.669608 -0.688779
vt 0.814230 -0.688779
vt 0.669608 -0.020500
vt 0.814230 -0.020500
vt 1.000000 -0.900489
vt 1.000000 -0.782180
vt 0.000000 -0.900488
vt 0.000000 -0.782179
vt 0.981383 -0.907099
vt 0.981383 -0.992081
vt 0.981383 -0.992081
vt 0.981383 -0.907099
vt 0.195851 -0.992081
vt 0.195851 -0.907099
vt 0.148602 -0.907099
vt 0.148602 -0.992081
vt 1.003462 -0.736218
vt 1.003472 -0.692539
vt 0.909632 -0.736218
vt 0.891378 -0.736218
vt 0.526714 -0.692539
vt 0.526714 -0.736218
vt 0.003473 -0.736218
vt 0.003473 -0.692539
vt 0.838145 -0.019094
vt 0.982768 -0.019094
vt 0.222293 -0.992081
vt 0.222293 -0.907099
vt 0.176597 -0.907099
vt 0.176597 -0.992081
vt 0.669608 -0.020500
vt 0.814230 -0.020500
vt 1.000000 -0.900506
vt 1.000000 -0.782163
vt 0.000000 -0.900506
vt 0.000000 -0.782163
vt 0.981271 -0.992081
vt 0.475268 -0.775628
vt 0.271511 -0.005049
vt 0.014631 -0.005049
vt 0.271511 -0.279215
vt 0.014631 -0.279215
vt 0.271511 -0.672606
vt 0.014631 -0.672606
vt 0.476382 -0.736380
vt 0.476382 -0.692379
vt 0.553953 -0.692384
vt 0.452992 -0.736373
vt 0.452992 -0.692384
vt 0.262722 -0.900367
vt 0.094038 -0.900367
vt 0.635309 -0.252887
vt 0.548355 -0.252887
vt 0.635309 -0.362116
vt 0.548355 -0.362116
vt 0.635309 -0.518844
vt 0.548355 -0.518844
vt 0.999999 -0.907099
vt 0.853809 -0.781908
vt 0.138450 -0.781908
vt 0.936187 -0.781908
vt 0.063813 -0.781908
vt 0.868873 -0.781908
vt 0.123925 -0.900367
vt 0.124009 -0.900367
vt 0.868886 -0.781908
vt 0.999891 -0.992081
vt 0.958367 -0.900367
vt 0.244551 -0.900367
vt 0.244551 -0.781908
vt 0.050256 -0.781908
vt 0.255175 -0.992081
vt 0.255175 -0.907099
vt 0.889845 -0.900367
vt 1.000000 -0.781908
vt 0.244552 -0.900367
vt 0.244552 -0.781908
vt 0.000000 -0.900367
vt 0.050255 -0.781908
vt 0.274825 -0.992081
vt 0.274825 -0.907099
vt 0.061603 -0.900367
vt 0.063919 -0.781908
vt 0.999574 -0.900367
vt 0.999574 -0.781908
vt -0.000426 -0.900367
vt 0.063918 -0.781908
vt 0.611581 -0.992081
vt 0.611581 -0.907099
vt 0.611581 -0.992081
vt 0.611581 -0.907099
vt 0.920222 -0.781908
vt 0.611582 -0.900367
vt 0.611581 -0.781908
vt 0.000001 -0.900367
vt 0.611581 -0.900367
vt 0.392817 -0.900367
vt 0.392817 -0.781908
vt 0.080718 -0.781908
vt 0.392817 -0.992081
vt 0.392817 -0.907099
vt 0.999999 -0.781908
vt 0.392817 -0.900367
vt 0.392817 -0.781908
vt 0.080718 -0.781908
vt 0.392817 -0.992081
vt 0.392817 -0.907099
vt 0.750861 -0.992081
vt 0.750860 -0.907099
vt 0.776662 -0.992081
vt 0.776662 -0.907099
vt 1.000000 -0.900367
vt 0.954130 -0.781908
vt 0.776662 -0.900367
vt 0.776662 -0.781908
vt 0.000000 -0.900367
vt 0.045647 -0.781908
vt 0.948829 -0.781908
vt 0.750860 -0.900367
vt 0.750860 -0.781908
vt 0.051174 -0.781908
vt 0.999573 -0.900367
vt 0.139576 -0.900367
vt -0.000426 -0.781908
vt 0.999575 -0.900367
vt 0.999575 -0.781908
vt 0.139579 -0.900367
vt -0.000425 -0.781908
vt 0.528638 -0.992081
vt 0.528638 -0.907099
vt 0.028628 -0.781908
vt 0.966116 -0.900367
vt 0.528625 -0.992081
vt 0.528625 -0.907099
vt 0.028606 -0.781908
vt 0.966116 -0.900367
s 0
usemtl Material__70
f 3244/785/162 3245/786/162 3246/787/162
f 3247/786/162 3248/788/162 3249/787/162
f 3250/789/163 3251/790/164 3252/791/165
f 3253/790/164 3254/792/164 3255/791/162
f 3256/793/165 3257/794/165 3258/787/165
f 3259/794/165 3260/788/165 3261/787/165
s 1
f 3262/795/165 3263/796/166 3264/797/165
f 3265/796/166 3266/798/166 3267/797/162
f 3268/785/162 3269/786/162 3270/799/167
f 3271/786/162 3272/800/167 3273/799/167
s 0
f 3274/799/167 3275/800/167 3276/787/167
f 3277/800/167 3278/788/167 3279/787/167
s 1
f 3280/801/163 3281/802/168 3282/803/169
f 3283/802/170 3284/804/171 3285/803/169
s 0
f 3286/803/169 3287/804/171 3288/805/167
s 1
f 3289/804/172 3290/806/173 3291/805/167
f 3292/785/174 3293/786/162 3294/807/167
f 3295/786/175 3296/808/167 3297/807/167
s 0
f 3298/807/167 3299/808/167 3300/787/167
f 3301/808/167 3302/788/167 3303/787/167
s 1
f 3304/801/162 3305/809/166 3306/810/169
f 3307/809/176 3308/811/171 3309/810/169
s 0
f 3310/810/169 3311/811/171 3312/805/167
f 3313/811/172 3314/812/171 3315/805/167
s 1
f 3316/795/177 3317/796/171 3318/813/172
s 0
f 3319/796/178 3320/814/167 3321/813/171
s 1
f 3322/795/173 3323/796/171 3324/815/173
f 3325/796/178 3326/814/167 3327/815/173
f 3328/785/167 3329/786/179 3330/787/180
f 3331/786/181 3332/788/171 3333/787/180
s 0
f 3334/816/167 3335/786/167 3336/787/171
f 3337/786/167 3338/788/171 3339/787/171
s 1
f 3340/785/182 3341/786/171 3342/787/171
s 0
f 3343/786/171 3344/788/171 3345/787/171
f 3346/785/171 3347/794/171 3348/787/183
f 3349/794/171 3350/788/171 3351/787/183
s 1
f 3352/817/172 3353/818/184 3354/819/167
f 3355/818/184 3356/820/173 3357/819/171
f 3358/817/172 3359/818/164 3360/819/167
f 3361/818/164 3362/821/171 3363/819/185
s 0
f 3364/785/171 3365/786/171 3366/822/171
f 3367/786/171 3368/823/171 3369/822/171
s 1
f 3370/822/171 3371/823/171 3372/787/164
f 3373/823/171 3374/788/164 3375/787/186
s 0
f 3376/824/171 3377/825/171 3378/826/171
f 3379/825/171 3380/827/171 3381/826/171
s 1
f 3382/826/169 3383/827/169 3384/787/187
f 3385/827/188 3386/788/164 3387/787/164
f 3388/801/171 3389/828/173 3390/829/172
f 3391/828/173 3392/830/171 3393/829/171
f 3394/829/172 3395/830/171 3396/831/164
f 3397/830/172 3398/832/171 3399/831/164
s 0
f 3400/801/171 3401/828/171 3402/829/172
f 3403/828/172 3404/830/171 3405/829/171
s 1
f 3406/829/171 3407/830/171 3408/833/189
f 3409/830/171 3410/832/190 3411/833/164
s 0
f 3412/788/164 3413/787/164 3414/786/164
f 3415/787/164 3416/785/164 3417/786/164
s 1
f 3418/834/164 3419/835/171 3420/836/170
f 3421/835/171 3422/837/164 3423/836/164
s 0
f 3424/788/164 3425/787/164 3426/786/164
f 3427/787/164 3428/785/164 3429/786/164
s 1
f 3430/838/168 3431/796/191 3432/797/168
f 3433/796/190 3434/839/190 3435/797/164
f 3436/840/164 3437/841/186 3438/787/192
f 3439/841/164 3440/788/192 3441/787/192
f 3442/785/164 3443/786/186 3444/787/171
f 3445/786/164 3446/788/171 3447/787/171
f 3448/801/170 3449/842/193 3450/805/171
f 3451/842/190 3452/843/171 3453/805/171
f 3454/801/164 3455/844/170 3456/805/194
f 3457/844/168 3458/845/171 3459/805/192
s 0
f 3460/846/177 3461/847/177 3462/848/177
f 3463/847/177 3464/849/177 3465/848/177
f 3466/848/177 3467/849/177 3468/850/177
f 3469/849/177 3470/851/177 3471/850/177
s 1
f 3472/795/171 3473/852/185 3474/853/195
f 3475/852/171 3476/854/177 3477/853/196
f 3478/853/196 3479/854/177 3480/855/172
f 3481/854/177 3482/856/171 3483/855/171
f 3484/857/197 3485/858/188 3486/853/197
f 3487/858/171 3488/854/177 3489/853/177
f 3490/853/177 3491/854/177 3492/859/171
f 3493/854/197 3494/860/192 3495/859/171
s 0
f 3496/861/171 3497/832/171 3498/862/185
f 3499/832/171 3500/805/185 3501/862/188
s 1
f 3502/861/177 3503/832/171 3504/863/185
s 0
f 3505/832/171 3506/805/188 3507/863/185
f 3508/864/171 3509/865/171 3510/866/171
f 3511/865/171 3512/867/188 3513/866/171
f 3514/868/171 3515/869/188 3516/870/198
f 3517/869/199 3518/871/200 3519/870/171
f 3520/872/171 3521/873/171 3522/874/183
f 3523/873/183 3524/875/171 3525/874/183
s 1
f 3526/875/171 3527/876/164 3528/874/183
f 3529/874/183 3530/876/164 3531/877/185
f 3532/786/171 3533/878/177 3534/785/198
f 3535/785/198 3536/878/177 3537/879/177
f 3538/878/177 3539/788/185 3540/879/177
f 3541/879/177 3542/788/185 3543/787/185
f 3544/786/192 3545/880/177 3546/881/201
f 3547/881/201 3548/880/177 3549/882/177
f 3550/880/177 3551/788/185 3552/882/177
f 3553/882/177 3554/788/185 3555/787/185
s 0
f 3556/883/185 3557/884/185 3558/885/185
f 3559/885/185 3560/884/185 3561/886/185
f 3562/884/185 3563/887/185 3564/886/185
f 3565/886/185 3566/887/185 3567/888/185
f 3568/888/171 3569/887/171 3570/889/171
f 3571/887/171 3572/890/171 3573/889/171
f 3574/891/171 3575/892/171 3576/893/171
f 3577/892/185 3578/894/185 3579/893/185
f 3580/895/185 3581/896/185 3582/897/185
f 3583/896/185 3584/898/185 3585/897/185
f 3586/899/185 3587/900/185 3588/901/185
f 3589/900/185 3590/902/185 3591/901/185
f 3592/901/185 3593/902/185 3594/903/185
f 3595/902/171 3596/904/171 3597/903/171
f 3598/904/171 3599/905/171 3600/903/171
f 3601/903/171 3602/905/171 3603/906/171
f 3604/883/188 3605/907/188 3606/885/188
f 3607/885/188 3608/907/188 3609/908/188
f 3610/907/185 3611/909/185 3612/908/185
f 3613/908/185 3614/909/185 3615/910/185
f 3616/910/171 3617/909/171 3618/889/171
f 3619/909/171 3620/890/171 3621/889/171
f 3622/911/183 3623/912/171 3624/866/183
f 3625/912/171 3626/913/171 3627/866/171
f 3628/914/171 3629/915/171 3630/870/183
f 3631/915/183 3632/871/171 3633/870/171
f 3634/916/177 3635/917/177 3636/918/177
f 3637/917/177 3638/919/177 3639/918/177
f 3640/918/177 3641/919/177 3642/920/177
f 3643/919/177 3644/921/177 3645/920/177
s 1
f 3646/872/177 3647/873/183 3648/922/177
f 3649/873/198 3650/923/171 3651/922/177
f 3652/923/171 3653/924/171 3654/922/177
f 3655/922/177 3656/924/171 3657/877/177
f 3658/915/177 3659/925/177 3660/914/198
f 3661/914/183 3662/925/177 3663/870/171
s 0
f 3664/926/171 3665/927/171 3666/928/171
f 3667/928/171 3668/927/171 3669/929/171
f 3670/927/171 3671/930/171 3672/929/171
f 3673/929/171 3674/930/171 3675/931/171
f 3676/926/171 3677/927/171 3678/932/171
f 3679/932/171 3680/927/171 3681/933/171
f 3682/927/171 3683/930/171 3684/933/171
f 3685/933/171 3686/930/171 3687/934/171
f 3688/925/171 3689/935/171 3690/869/171
f 3691/869/171 3692/935/198 3693/914/171
s 1
f 3694/936/183 3695/922/171 3696/924/164
f 3697/924/164 3698/922/171 3699/923/164
f 3700/923/164 3701/922/183 3702/873/164
f 3703/922/183 3704/872/171 3705/873/164
s 0
f 3706/801/171 3707/861/171 3708/805/185
f 3709/861/171 3710/832/171 3711/805/171
f 3712/937/171 3713/938/171 3714/939/171
f 3715/938/171 3716/940/171 3717/939/171
f 3718/801/171 3719/861/171 3720/805/185
f 3721/861/171 3722/832/171 3723/805/171
s 1
f 3724/941/177 3725/942/177 3726/943/171
f 3727/942/177 3728/944/171 3729/943/171
f 3730/945/171 3731/946/177 3732/947/185
f 3733/946/177 3734/948/171 3735/947/171
s 0
f 3736/949/171 3737/890/171 3738/950/171
f 3739/890/171 3740/889/171 3741/950/171
f 3742/801/171 3743/861/171 3744/805/185
f 3745/861/171 3746/832/171 3747/805/171
f 3748/951/171 3749/952/171 3750/953/171
f 3751/952/171 3752/954/171 3753/953/171
f 3754/954/172 3755/955/172 3756/953/172
f 3757/953/172 3758/955/172 3759/956/172
s 1
f 3760/955/202 3761/788/164 3762/956/202
f 3763/956/202 3764/788/164 3765/787/164
s 0
f 3766/957/172 3767/958/172 3768/959/172
f 3769/959/172 3770/958/172 3771/960/172
f 3772/958/171 3773/961/171 3774/960/171
f 3775/960/171 3776/961/171 3777/962/171
f 3778/962/171 3779/961/171 3780/963/171
f 3781/961/171 3782/964/171 3783/963/171
f 3784/965/171 3785/966/171 3786/937/171
f 3787/966/171 3788/938/171 3789/937/171
f 3790/801/171 3791/861/171 3792/805/172
f 3793/861/171 3794/832/171 3795/805/171
f 3796/950/171 3797/949/171 3798/967/171
f 3799/949/171 3800/968/171 3801/967/171
f 3802/968/172 3803/969/172 3804/967/172
f 3805/967/172 3806/969/172 3807/970/172
s 1
f 3808/969/172 3809/788/164 3810/970/172
f 3811/970/172 3812/788/164 3813/787/187
s 0
f 3814/936/171 3815/874/171 3816/924/198
f 3817/924/198 3818/874/171 3819/875/198
f 3820/875/171 3821/874/171 3822/873/198
f 3823/874/198 3824/872/171 3825/873/183
f 3826/971/171 3827/972/171 3828/941/171
f 3829/972/171 3830/942/171 3831/941/171
f 3832/973/171 3833/974/171 3834/975/185
f 3835/974/171 3836/976/171 3837/975/171
f 3838/977/171 3839/952/171 3840/889/171
f 3841/952/171 3842/890/171 3843/889/171
f 3844/864/171 3845/865/171 3846/978/171
f 3847/865/198 3848/867/171 3849/978/171
f 3850/914/171 3851/915/171 3852/870/198
f 3853/915/198 3854/871/172 3855/870/171
f 3856/788/203 3857/787/203 3858/786/203
f 3859/787/203 3860/785/203 3861/786/203
f 3862/979/164 3863/980/164 3864/981/164
f 3865/980/164 3866/982/164 3867/981/164
f 3868/981/164 3869/982/164 3870/983/164
f 3871/982/164 3872/984/164 3873/983/164
f 3874/891/171 3875/892/171 3876/985/171
f 3877/892/172 3878/986/172 3879/985/172
f 3880/895/172 3881/987/172 3882/988/172
f 3883/987/172 3884/989/172 3885/988/172
f 3886/911/204 3887/912/171 3888/866/204
f 3889/912/171 3890/867/171 3891/866/204
f 3892/868/172 3893/869/171 3894/870/183
f 3895/869/183 3896/871/171 3897/870/171
s 1
f 3898/801/171 3899/861/171 3900/990/205
f 3901/861/171 3902/832/185 3903/990/164
f 3904/801/171 3905/861/171 3906/991/168
f 3907/861/185 3908/832/206 3909/991/164
s 0
f 3910/992/164 3911/993/164 3912/994/164
f 3913/993/164 3914/995/164 3915/994/164
f 3916/994/164 3917/995/164 3918/996/164
f 3919/995/164 3920/997/164 3921/996/164
s 1
f 3922/785/207 3923/786/207 3924/787/177
f 3925/786/207 3926/788/208 3927/787/208
f 3928/785/171 3929/998/171 3930/787/209
f 3931/998/171 3932/788/177 3933/787/177
f 3934/801/210 3935/999/171 3936/805/177
f 3937/999/171 3938/1000/177 3939/805/177
f 3940/801/171 3941/1001/171 3942/805/177
f 3943/1001/172 3944/1002/211 3945/805/177
f 3946/795/171 3947/1003/185 3948/1004/212
f 3949/1003/171 3950/814/177 3951/1004/211
s 0
f 3952/1005/177 3953/795/177 3954/814/177
s 1
f 3955/795/177 3956/1006/171 3957/814/197
f 3958/816/177 3959/786/177 3960/787/213
f 3961/786/177 3962/788/171 3963/787/171
f 3964/1007/177 3965/786/177 3966/787/171
f 3967/786/177 3968/788/171 3969/787/198
s 0
f 3970/1008/185 3971/861/185 3972/1009/172
f 3973/861/171 3974/1010/171 3975/1009/172
f 3976/1009/171 3977/1010/171 3978/805/172
f 3979/1010/171 3980/1011/171 3981/805/172
f 3982/785/185 3983/786/185 3984/1012/185
f 3985/786/185 3986/1013/185 3987/1012/185
f 3988/1012/202 3989/1013/202 3990/787/202
f 3991/1013/172 3992/788/172 3993/787/172
s 1
f 3994/1014/171 3995/1015/197 3996/1016/172
f 3997/1015/177 3998/1017/171 3999/1016/172
s 0
f 4000/1016/171 4001/1017/171 4002/1018/172
s 1
f 4003/1017/171 4004/1019/173 4005/1018/202
s 0
f 4006/785/185 4007/786/185 4008/1020/185
f 4009/786/185 4010/1021/185 4011/1020/185
f 4012/1020/172 4013/1021/172 4014/787/172
f 4015/1021/172 4016/788/172 4017/787/172
s 1
f 4018/795/173 4019/796/171 4020/1022/173
f 4021/796/171 4022/814/202 4023/1022/173
f 4024/795/177 4025/796/171 4026/1022/171
s 0
f 4027/796/171 4028/814/202 4029/1022/171
s 1
f 4030/785/172 4031/786/172 4032/787/177
f 4033/786/172 4034/788/171 4035/787/177
s 0
f 4036/816/172 4037/786/214 4038/787/171
f 4039/786/204 4040/788/171 4041/787/171
s 1
f 4042/785/168 4043/794/183 4044/787/215
s 0
f 4045/794/171 4046/788/216 4047/787/217
f 4048/785/171 4049/794/171 4050/787/216
f 4051/794/171 4052/788/216 4053/787/216
s 1
f 4054/817/185 4055/818/184 4056/819/216
f 4057/818/184 4058/1023/173 4059/819/178
f 4060/1024/185 4061/1025/164 4062/1026/216
f 4063/1025/164 4064/1027/171 4065/1026/178
s 0
f 4066/816/178 4067/794/178 4068/1028/178
f 4069/794/178 4070/1029/178 4071/1028/178
f 4072/1028/218 4073/1029/218 4074/787/171
f 4075/1029/216 4076/788/171 4077/787/171
f 4078/885/178 4079/883/178 4080/1030/178
f 4081/883/178 4082/1031/178 4083/1030/178
f 4084/1030/216 4085/1031/216 4086/787/171
f 4087/1031/216 4088/788/171 4089/787/171
f 4090/801/178 4091/1032/171 4092/1033/216
f 4093/1032/171 4094/1034/171 4095/1033/178
f 4096/1033/178 4097/1034/171 4098/1035/185
f 4099/1034/171 4100/832/171 4101/1035/171
s 1
f 4102/801/178 4103/1032/173 4104/1036/216
f 4105/1032/173 4106/1034/171 4107/1036/178
s 0
f 4108/1036/178 4109/1034/171 4110/805/185
f 4111/1034/171 4112/832/171 4113/805/171
f 4114/801/171 4115/861/171 4116/1037/169
f 4117/861/172 4118/1038/171 4119/1037/169
f 4120/1037/169 4121/1038/171 4122/805/167
s 1
f 4123/1038/171 4124/1039/173 4125/805/167
s 0
f 4126/785/171 4127/786/171 4128/1040/169
f 4129/786/171 4130/1041/169 4131/1040/169
f 4132/1040/167 4133/1041/167 4134/787/167
f 4135/1041/167 4136/788/167 4137/787/167
f 4138/801/171 4139/1042/171 4140/1043/169
f 4141/1042/172 4142/1044/171 4143/1043/169
f 4144/1043/169 4145/1044/171 4146/805/167
f 4147/1044/171 4148/1045/171 4149/805/167
f 4150/785/171 4151/786/171 4152/1046/169
f 4153/786/171 4154/1047/169 4155/1046/169
f 4156/1046/167 4157/1047/167 4158/787/167
f 4159/1047/167 4160/788/167 4161/787/167
s 1
f 4162/795/173 4163/796/171 4164/815/173
f 4165/796/171 4166/814/169 4167/815/173
f 4168/795/177 4169/796/171 4170/813/171
s 0
f 4171/796/171 4172/814/169 4173/813/171
s 1
f 4174/785/167 4175/786/179 4176/787/177
f 4177/786/181 4178/788/171 4179/787/177
s 0
f 4180/785/167 4181/786/167 4182/787/171
f 4183/786/167 4184/788/171 4185/787/171
f 4186/785/171 4187/786/171 4188/787/216
f 4189/786/171 4190/788/216 4191/787/216
s 1
f 4192/785/168 4193/786/183 4194/787/215
s 0
f 4195/786/171 4196/788/216 4197/787/217
s 1
f 4198/817/185 4199/818/184 4200/819/216
f 4201/818/184 4202/1023/173 4203/819/178
f 4204/857/185 4205/1025/164 4206/1026/216
f 4207/1025/164 4208/1027/171 4209/1026/178
s 0
f 4210/785/178 4211/786/178 4212/1048/178
f 4213/786/178 4214/1049/178 4215/1048/178
s 1
f 4216/1048/178 4217/1049/178 4218/787/219
f 4219/1049/218 4220/788/220 4221/787/221
s 0
f 4222/885/178 4223/883/178 4224/1050/178
f 4225/883/178 4226/1051/178 4227/1050/178
s 1
f 4228/1050/178 4229/1051/178 4230/787/222
f 4231/1051/178 4232/788/203 4233/787/203
f 4234/1052/178 4235/1053/173 4236/1054/216
f 4237/1053/173 4238/1055/171 4239/1054/178
f 4240/1054/216 4241/1055/171 4242/1056/203
f 4243/1055/172 4244/1057/177 4245/1056/223
s 0
f 4246/801/178 4247/1058/171 4248/1059/216
f 4249/1058/171 4250/1060/171 4251/1059/178
s 1
f 4252/1059/216 4253/1060/171 4254/805/224
f 4255/1060/171 4256/1061/225 4257/805/226
f 4258/1062/225 4259/790/226 4260/1063/227
f 4261/790/220 4262/1064/220 4263/1063/225
s 0
f 4264/816/220 4265/794/220 4266/787/220
f 4267/794/220 4268/788/220 4269/787/220
f 4270/1065/177 4271/1066/203 4272/1067/177
f 4273/1066/203 4274/1068/203 4275/1067/177
s 1
f 4276/787/228 4277/1069/164 4278/788/207
f 4279/788/229 4280/1069/164 4281/1070/164
s 0
f 4282/1069/164 4283/785/164 4284/1070/164
f 4285/1070/164 4286/785/164 4287/786/164
s 1
f 4288/797/210 4289/853/164 4290/1071/171
f 4291/1071/171 4292/853/170 4293/854/164
s 0
f 4294/853/164 4295/1072/164 4296/854/164
s 1
f 4297/854/164 4298/1072/164 4299/796/171
f 4300/787/183 4301/1073/164 4302/788/171
f 4303/788/198 4304/1073/164 4305/1074/164
s 0
f 4306/1073/164 4307/785/164 4308/1074/164
f 4309/1074/164 4310/785/164 4311/786/164
s 1
f 4312/797/171 4313/853/164 4314/1075/171
f 4315/1075/171 4316/853/164 4317/854/206
f 4318/853/164 4319/1076/164 4320/854/206
f 4321/854/230 4322/1076/164 4323/796/231
g Atomic1_meshId5_name
v 384.062042 367.744568 878.144714
v 384.062042 367.744598 662.633667
v 432.320099 367.744568 878.144714
v 384.062042 367.744598 662.633667
v 432.320099 367.744537 662.633667
v 432.320099 367.744568 878.144714
v 432.320099 367.744537 662.633667
v 612.234619 367.744598 662.633667
v 432.320099 367.744568 878.144714
v 432.320099 367.744568 878.144714
v 612.234619 367.744598 662.633667
v 612.234741 367.744629 878.144714
v 612.234619 367.744598 662.633667
v 797.745972 367.744598 662.633667
v 612.234741 367.744629 878.144714
v 612.234741 367.744629 878.144714
v 797.745972 367.744598 662.633667
v 797.745972 367.744629 878.144714
v 797.745972 367.744629 878.144714
v 797.745972 367.744659 1093.655762
v 612.234741 367.744629 878.144714
v 797.745972 367.744659 1093.655762
v 612.234741 367.744598 1093.655762
v 612.234741 367.744629 878.144714
v 612.234741 367.744629 878.144714
v 612.234741 367.744598 1093.655762
v 432.320099 367.744568 878.144714
v 612.234741 367.744598 1093.655762
v 432.320099 367.744598 1093.655762
v 432.320099 367.744568 878.144714
v 432.320099 367.744568 878.144714
v 432.320099 367.744598 1093.655762
v 384.062042 367.744568 878.144714
v 432.320099 367.744598 1093.655762
v 384.062042 367.744598 1093.655762
v 384.062042 367.744568 878.144714
v -9.130554 367.744446 878.144714
v -9.130524 367.744476 1093.655762
v -57.464535 367.744446 878.144714
v -9.130524 367.744476 1093.655762
v -57.464489 367.744476 1093.655762
v -57.464535 367.744446 878.144714
v -57.464535 367.744446 878.144714
v -57.464489 367.744476 1093.655762
v -244.070541 367.744446 878.144714
v -57.464489 367.744476 1093.655762
v -244.070541 367.744476 1093.655762
v -244.070541 367.744446 878.144714
v -244.070541 367.744446 878.144714
v -244.070541 367.744476 1093.655762
v -399.217773 367.744446 878.144714
v -244.070541 367.744476 1093.655762
v -399.217773 367.744476 1093.655762
v -399.217773 367.744446 878.144714
v -399.217773 367.744446 878.144714
v -399.217773 367.744476 1093.655762
v -553.770142 367.744446 878.144714
v -399.217773 367.744476 1093.655762
v -553.770142 367.744415 1093.655762
v -553.770142 367.744446 878.144714
v -553.770142 367.744446 878.144714
v -553.770142 367.744415 1093.655762
v -734.538452 367.744385 878.144714
v -553.770142 367.744415 1093.655762
v -734.538452 367.744415 1093.655762
v -734.538452 367.744385 878.144714
v -734.538635 1514.174683 1093.655640
v -734.538635 1514.174683 878.144653
v -734.538635 1336.031860 1093.655640
v -734.538635 1514.174683 878.144653
v -734.538635 1336.031860 878.144653
v -734.538635 1336.031860 1093.655640
v -734.538635 1336.031860 1093.655640
v -734.538635 1336.031860 878.144653
v -734.538574 1157.888916 1093.655640
v -734.538635 1336.031860 878.144653
v -734.538574 1157.888916 878.144653
v -734.538574 1157.888916 1093.655640
v -734.538574 1157.888916 1093.655640
v -734.538574 1157.888916 878.144653
v -734.538574 979.745728 1093.655640
v -734.538574 1157.888916 878.144653
v -734.538574 979.745728 878.144714
v -734.538574 979.745728 1093.655640
v -734.538574 979.745728 1093.655640
v -734.538574 979.745728 878.144714
v -734.538574 801.602661 1093.655640
v -734.538574 979.745728 878.144714
v -734.538574 801.602661 878.144714
v -734.538574 801.602661 1093.655640
v -734.538574 801.602661 1093.655640
v -734.538574 801.602661 878.144714
v -734.538513 623.459351 1093.655762
v -734.538574 801.602661 878.144714
v -734.538574 623.459351 878.144714
v -734.538513 623.459351 1093.655762
v -734.538513 623.459351 1093.655762
v -734.538574 623.459351 878.144714
v -734.538452 445.316162 1093.655762
v -734.538574 623.459351 878.144714
v -734.538574 445.316162 878.144714
v -734.538452 445.316162 1093.655762
v -734.538452 445.316162 1093.655762
v -734.538574 445.316162 878.144714
v -734.538452 367.744415 1093.655762
v -734.538574 445.316162 878.144714
v -734.538452 367.744385 878.144714
v -734.538452 367.744415 1093.655762
v -734.538452 367.744385 878.144714
v -734.538574 445.316162 878.144714
v -734.538513 367.744415 662.633667
v -734.538513 367.744415 662.633667
v -734.538574 445.316162 878.144714
v -734.538574 445.316162 662.633789
v -734.538574 445.316162 878.144714
v -734.538574 623.459351 878.144714
v -734.538574 445.316162 662.633789
v -734.538574 445.316162 662.633789
v -734.538574 623.459351 878.144714
v -734.538574 623.459473 662.633789
v -734.538574 623.459351 878.144714
v -734.538574 801.602661 878.144714
v -734.538574 623.459473 662.633789
v -734.538574 623.459473 662.633789
v -734.538574 801.602661 878.144714
v -734.538574 801.602661 662.633789
v -734.538574 801.602661 878.144714
v -734.538574 979.745728 878.144714
v -734.538574 801.602661 662.633789
v -734.538574 801.602661 662.633789
v -734.538574 979.745728 878.144714
v -734.538574 979.745728 662.633789
v -734.538574 979.745728 878.144714
v -734.538574 1157.888916 878.144653
v -734.538574 979.745728 662.633789
v -734.538574 979.745728 662.633789
v -734.538574 1157.888916 878.144653
v -734.538635 1157.888916 662.633789
v -734.538574 1157.888916 878.144653
v -734.538635 1336.031860 878.144653
v -734.538635 1157.888916 662.633789
v -734.538635 1157.888916 662.633789
v -734.538635 1336.031860 878.144653
v -734.538635 1336.031860 662.633728
v -734.538635 1336.031860 878.144653
v -734.538635 1514.174683 878.144653
v -734.538635 1336.031860 662.633728
v -734.538635 1336.031860 662.633728
v -734.538635 1514.174683 878.144653
v -734.538635 1514.174683 662.633728
v -734.538513 367.744415 662.633667
v -553.770203 367.744415 662.633667
v -734.538452 367.744385 878.144714
v -734.538452 367.744385 878.144714
v -553.770203 367.744415 662.633667
v -553.770142 367.744446 878.144714
v -553.770203 367.744415 662.633667
v -399.217773 367.744415 662.633667
v -553.770142 367.744446 878.144714
v -553.770142 367.744446 878.144714
v -399.217773 367.744415 662.633667
v -399.217773 367.744446 878.144714
v -399.217773 367.744415 662.633667
v -244.070541 367.744415 662.633667
v -399.217773 367.744446 878.144714
v -399.217773 367.744446 878.144714
v -244.070541 367.744415 662.633667
v -244.070541 367.744446 878.144714
v -244.070541 367.744415 662.633667
v -57.464565 367.744415 662.633667
v -244.070541 367.744446 878.144714
v -244.070541 367.744446 878.144714
v -57.464565 367.744415 662.633667
v -57.464535 367.744446 878.144714
v -57.464535 367.744446 878.144714
v -57.464565 367.744415 662.633667
v -9.130554 367.744446 878.144714
v -57.464565 367.744415 662.633667
v -9.130585 367.744415 662.633667
v -9.130554 367.744446 878.144714
v -9.130585 367.744415 662.633667
v -9.130600 443.101257 662.633789
v -9.130554 367.744446 878.144714
v -9.130600 443.101257 662.633789
v -9.130554 443.101257 878.144714
v -9.130554 367.744446 878.144714
v -9.130554 443.101257 878.144714
v -9.130524 443.101257 1093.655762
v -9.130554 367.744446 878.144714
v -9.130554 367.744446 878.144714
v -9.130524 443.101257 1093.655762
v -9.130524 367.744476 1093.655762
v 384.062042 443.101379 662.633667
v 384.062042 443.101379 878.144714
v -9.130600 443.101257 662.633789
v -9.130600 443.101257 662.633789
v 384.062042 443.101379 878.144714
v -9.130554 443.101257 878.144714
v -9.130554 443.101257 878.144714
v 384.062042 443.101379 878.144714
v -9.130524 443.101257 1093.655762
v 384.062042 443.101379 878.144714
v 384.062042 443.101379 1093.655762
v -9.130524 443.101257 1093.655762
v 797.745972 367.744659 1093.655762
v 797.745972 367.744629 878.144714
v 797.745972 445.316467 1093.655762
v 797.745972 367.744629 878.144714
v 797.745972 445.316467 878.144714
v 797.745972 445.316467 1093.655762
v 797.745972 445.316467 1093.655762
v 797.745972 445.316467 878.144714
v 797.745972 623.459595 1093.655762
v 797.745972 445.316467 878.144714
v 797.745972 623.459595 878.144714
v 797.745972 623.459595 1093.655762
v 797.745972 623.459595 1093.655762
v 797.745972 623.459595 878.144714
v 797.745972 801.602905 1093.655640
v 797.745972 623.459595 878.144714
v 797.745972 801.602905 878.144714
v 797.745972 801.602905 1093.655640
v 797.745972 801.602905 1093.655640
v 797.745972 801.602905 878.144714
v 797.745789 979.745972 1093.655640
v 797.745972 801.602905 878.144714
v 797.745789 979.745972 878.144714
v 797.745789 979.745972 1093.655640
v 797.745789 979.745972 1093.655640
v 797.745789 979.745972 878.144714
v 797.745789 1157.889038 1093.655640
v 797.745789 979.745972 878.144714
v 797.745789 1157.889038 878.144653
v 797.745789 1157.889038 1093.655640
v 797.745789 1157.889038 1093.655640
v 797.745789 1157.889038 878.144653
v 797.745789 1336.032104 1093.655640
v 797.745789 1157.889038 878.144653
v 797.745789 1336.032104 878.144653
v 797.745789 1336.032104 1093.655640
v 797.745789 1336.032104 1093.655640
v 797.745789 1336.032104 878.144653
v 797.745789 1514.174927 1093.655640
v 797.745789 1336.032104 878.144653
v 797.745789 1514.174927 878.144653
v 797.745789 1514.174927 1093.655640
v 797.745789 1514.174927 878.144653
v 797.745789 1336.032104 878.144653
v 797.745789 1514.174927 662.633728
v 797.745789 1514.174927 662.633728
v 797.745789 1336.032104 878.144653
v 797.745789 1336.032104 662.633728
v 797.745789 1336.032104 878.144653
v 797.745789 1157.889038 878.144653
v 797.745789 1336.032104 662.633728
v 797.745789 1336.032104 662.633728
v 797.745789 1157.889038 878.144653
v 797.745789 1157.889038 662.633789
v 797.745789 1157.889038 878.144653
v 797.745789 979.745972 878.144714
v 797.745789 1157.889038 662.633789
v 797.745789 1157.889038 662.633789
v 797.745789 979.745972 878.144714
v 797.745789 979.745972 662.633789
v 797.745789 979.745972 878.144714
v 797.745972 801.602905 878.144714
v 797.745789 979.745972 662.633789
v 797.745789 979.745972 662.633789
v 797.745972 801.602905 878.144714
v 797.745972 801.602905 662.633789
v 797.745972 801.602905 878.144714
v 797.745972 623.459595 878.144714
v 797.745972 801.602905 662.633789
v 797.745972 801.602905 662.633789
v 797.745972 623.459595 878.144714
v 797.745972 623.459717 662.633789
v 797.745972 623.459595 878.144714
v 797.745972 445.316467 878.144714
v 797.745972 623.459717 662.633789
v 797.745972 623.459717 662.633789
v 797.745972 445.316467 878.144714
v 797.745972 445.316467 662.633789
v 797.745972 445.316467 878.144714
v 797.745972 367.744629 878.144714
v 797.745972 445.316467 662.633789
v 797.745972 445.316467 662.633789
v 797.745972 367.744629 878.144714
v 797.745972 367.744598 662.633667
v 384.062042 443.101379 1093.655762
v 384.062042 443.101379 878.144714
v 384.062042 367.744598 1093.655762
v 384.062042 367.744598 1093.655762
v 384.062042 443.101379 878.144714
v 384.062042 367.744568 878.144714
v 384.062042 367.744568 878.144714
v 384.062042 443.101379 878.144714
v 384.062042 367.744598 662.633667
v 384.062042 443.101379 878.144714
v 384.062042 443.101379 662.633667
v 384.062042 367.744598 662.633667
vn -1.0000 -0.0000 -0.0000
vn -1.0000 -0.0000 0.0001
vn -0.0000 -1.0000 -0.0000
vn 1.0000 -0.0000 -0.0000
vn -0.0000 -1.0000 -0.0001
vn -0.0000 -1.0000 0.0001
vn 1.0000 -0.0000 -0.0001
vt 1.917547 -0.000823
vt 1.917547 -0.999726
vt 1.693869 -0.000823
vt 1.693869 -0.999726
vt 0.859958 -0.999726
vt 0.859958 -0.000823
vt 0.000106 -0.999726
vt 0.000106 -0.000823
vt 0.000106 0.998079
vt 0.859958 0.998079
vt 1.693869 0.998079
vt 1.917547 0.998079
vt 3.740011 -0.000823
vt 3.740011 0.998079
vt 3.964041 -0.000823
vt 3.964041 0.998079
vt 4.828968 -0.000823
vt 4.828967 0.998079
vt 5.548081 -0.000823
vt 5.548081 0.998079
vt 6.264438 -0.000823
vt 6.264438 0.998079
vt 7.102306 -0.000823
vt 7.102306 0.998079
vt 6.199752 -1.004660
vt 6.199752 -0.000823
vt 5.369975 -1.004660
vt 5.369975 -0.000823
vt 4.540196 -1.004660
vt 4.540195 -0.000823
vt 3.710416 -1.004660
vt 3.710416 -0.000823
vt 2.880637 -1.004660
vt 2.880637 -0.000823
vt 2.050857 -1.004660
vt 2.050857 -0.000823
vt 1.221077 -1.004660
vt 1.221077 -0.000823
vt 0.859752 -1.004660
vt 0.859752 -0.000823
vt 0.859752 1.003014
vt 1.221077 1.003014
vt 2.050857 1.003014
vt 2.880637 1.003014
vt 3.710416 1.003014
vt 4.540195 1.003014
vt 5.369975 1.003014
vt 6.199752 1.003014
vt 7.102306 -0.999726
vt 6.264438 -0.999726
vt 5.548081 -0.999726
vt 4.828968 -0.999726
vt 3.964041 -0.999726
vt 3.740011 -0.999726
vt 3.353600 -1.008370
vt 3.705904 -1.008370
vt 3.353600 -0.000823
vt 3.705904 -0.000823
vt 3.705904 1.006724
vt 3.353600 1.006724
vt 0.859752 1.003014
vt 0.859752 -0.000823
vt 1.221077 -0.000823
vt 2.050857 1.003014
vt 2.880636 1.003014
vt 3.710415 1.003014
vt 4.540195 -0.000823
vt 5.369975 1.003014
vt 5.369975 -0.000823
vt 6.199752 1.003014
vt 6.199752 -0.000823
vt 6.199752 -1.004659
vt 5.369975 -1.004660
vt 4.540195 -1.004660
vt 3.710416 -1.004660
vt 2.050857 -1.004660
vt 0.859752 -1.004660
vt 3.705904 -1.008370
vt 3.705904 -0.000823
vt 3.353600 -0.000823
vt 3.353600 1.006724
vt 3.705904 1.006724
s 1
usemtl Material__66.001
f 4324/1077/232 4325/1078/233 4326/1079/234
f 4327/1078/232 4328/1080/234 4329/1079/234
s 0
f 4330/1080/234 4331/1081/234 4332/1079/234
f 4333/1079/234 4334/1081/234 4335/1082/234
f 4336/1081/234 4337/1083/234 4338/1082/234
f 4339/1082/234 4340/1083/234 4341/1084/234
f 4342/1084/234 4343/1085/234 4344/1082/234
f 4345/1085/234 4346/1086/234 4347/1082/234
f 4348/1082/234 4349/1086/234 4350/1079/234
f 4351/1086/234 4352/1087/234 4353/1079/234
s 1
f 4354/1079/234 4355/1087/234 4356/1077/232
f 4357/1087/234 4358/1088/232 4359/1077/233
f 4360/1089/235 4361/1090/234 4362/1091/234
s 0
f 4363/1090/234 4364/1092/234 4365/1091/234
f 4366/1091/234 4367/1092/234 4368/1093/234
f 4369/1092/234 4370/1094/234 4371/1093/234
f 4372/1093/234 4373/1094/234 4374/1095/234
f 4375/1094/234 4376/1096/234 4377/1095/234
f 4378/1095/234 4379/1096/234 4380/1097/234
f 4381/1096/234 4382/1098/234 4383/1097/234
f 4384/1097/234 4385/1098/234 4386/1099/234
f 4387/1098/234 4388/1100/234 4389/1099/234
f 4390/1101/232 4391/1102/232 4392/1103/232
f 4393/1102/232 4394/1104/232 4395/1103/232
f 4396/1103/232 4397/1104/232 4398/1105/232
f 4399/1104/232 4400/1106/232 4401/1105/232
f 4402/1105/232 4403/1106/232 4404/1107/232
f 4405/1106/232 4406/1108/232 4407/1107/232
f 4408/1107/232 4409/1108/232 4410/1109/232
f 4411/1108/232 4412/1110/232 4413/1109/232
f 4414/1109/232 4415/1110/232 4416/1111/232
f 4417/1110/232 4418/1112/232 4419/1111/232
f 4420/1111/232 4421/1112/232 4422/1113/232
f 4423/1112/232 4424/1114/232 4425/1113/232
s 1
f 4426/1113/232 4427/1114/232 4428/1115/234
f 4429/1114/232 4430/1116/234 4431/1115/236
f 4432/1116/234 4433/1114/232 4434/1117/237
f 4435/1117/236 4436/1114/232 4437/1118/232
s 0
f 4438/1114/232 4439/1112/232 4440/1118/232
f 4441/1118/232 4442/1112/232 4443/1119/232
f 4444/1112/232 4445/1110/232 4446/1119/232
f 4447/1119/232 4448/1110/232 4449/1120/232
f 4450/1110/232 4451/1108/232 4452/1120/232
f 4453/1120/232 4454/1108/232 4455/1121/232
f 4456/1108/232 4457/1106/232 4458/1121/232
f 4459/1121/232 4460/1106/232 4461/1122/232
f 4462/1106/232 4463/1104/232 4464/1122/232
f 4465/1122/232 4466/1104/232 4467/1123/232
f 4468/1104/232 4469/1102/232 4470/1123/232
f 4471/1123/232 4472/1102/232 4473/1124/232
f 4474/1125/234 4475/1126/234 4476/1099/234
f 4477/1099/234 4478/1126/234 4479/1097/234
f 4480/1126/234 4481/1127/234 4482/1097/234
f 4483/1097/234 4484/1127/234 4485/1095/234
f 4486/1127/234 4487/1128/234 4488/1095/234
f 4489/1095/234 4490/1128/234 4491/1093/234
f 4492/1128/234 4493/1129/234 4494/1093/234
f 4495/1093/234 4496/1129/234 4497/1091/234
s 1
f 4498/1091/234 4499/1129/234 4500/1089/238
f 4501/1129/234 4502/1130/235 4503/1089/235
s 0
f 4504/1131/235 4505/1132/235 4506/1133/235
f 4507/1132/235 4508/1134/235 4509/1133/235
s 1
f 4510/1134/235 4511/1135/237 4512/1133/235
f 4513/1133/235 4514/1135/234 4515/1136/234
f 4516/1078/232 4517/1077/232 4518/1130/235
f 4519/1130/235 4520/1077/232 4521/1089/235
f 4522/1089/235 4523/1077/232 4524/1090/234
f 4525/1077/232 4526/1088/234 4527/1090/234
f 4528/1137/234 4529/1138/237 4530/1118/235
f 4531/1138/234 4532/1139/235 4533/1118/235
s 0
f 4534/1118/235 4535/1139/235 4536/1140/235
f 4537/1139/235 4538/1112/235 4539/1140/235
f 4540/1140/235 4541/1112/235 4542/1141/235
f 4543/1112/235 4544/1110/235 4545/1141/235
f 4546/1141/235 4547/1110/235 4548/1142/235
f 4549/1110/235 4550/1108/235 4551/1142/235
f 4552/1142/235 4553/1108/235 4554/1122/235
f 4555/1108/235 4556/1143/235 4557/1122/235
f 4558/1122/235 4559/1143/235 4560/1144/235
f 4561/1143/235 4562/1145/235 4563/1144/235
f 4564/1144/235 4565/1145/235 4566/1146/235
f 4567/1145/235 4568/1147/235 4569/1146/235
f 4570/1147/235 4571/1145/235 4572/1148/235
f 4573/1148/235 4574/1145/235 4575/1149/235
f 4576/1145/235 4577/1143/235 4578/1149/235
f 4579/1149/235 4580/1143/235 4581/1150/235
f 4582/1143/235 4583/1108/235 4584/1150/235
f 4585/1150/235 4586/1108/235 4587/1151/235
f 4588/1108/235 4589/1110/235 4590/1151/235
f 4591/1151/235 4592/1110/235 4593/1109/235
f 4594/1110/235 4595/1112/235 4596/1109/235
f 4597/1109/235 4598/1112/235 4599/1152/235
f 4600/1112/235 4601/1139/235 4602/1152/235
f 4603/1152/235 4604/1139/235 4605/1113/235
s 1
f 4606/1139/235 4607/1138/237 4608/1113/235
f 4609/1113/235 4610/1138/236 4611/1153/234
f 4612/1154/234 4613/1155/232 4614/1131/232
s 0
f 4615/1131/232 4616/1155/232 4617/1156/232
f 4618/1156/232 4619/1155/232 4620/1157/232
f 4621/1155/232 4622/1158/232 4623/1157/232
g Atomic2_meshId6_name
v 890.060852 1514.174805 24.823153
v 797.745972 1514.174927 24.823153
v 890.060852 1336.032104 24.823195
v 797.745972 1514.174927 24.823153
v 797.745972 1336.032104 24.823195
v 890.060852 1336.032104 24.823195
v 890.060852 1336.032104 24.823195
v 797.745972 1336.032104 24.823195
v 890.060852 1157.888916 24.823208
v 797.745972 1336.032104 24.823195
v 797.745972 1157.888916 24.823208
v 890.060852 1157.888916 24.823208
v 890.060852 1157.888916 24.823208
v 797.745972 1157.888916 24.823208
v 890.060852 979.745728 24.823193
v 797.745972 1157.888916 24.823208
v 797.745972 979.745728 24.823221
v 890.060852 979.745728 24.823193
v 890.060852 979.745728 24.823193
v 797.745972 979.745728 24.823221
v 890.060974 801.602661 24.823206
v 797.745972 979.745728 24.823221
v 797.746033 801.602661 24.823206
v 890.060974 801.602661 24.823206
v 890.060974 801.602661 24.823206
v 797.746033 801.602661 24.823206
v 890.060852 623.459473 24.823248
v 797.746033 801.602661 24.823206
v 797.745972 623.459473 24.823248
v 890.060852 623.459473 24.823248
v 890.060852 623.459473 24.823248
v 797.745972 623.459473 24.823248
v 890.060852 445.316284 24.823261
v 797.745972 623.459473 24.823248
v 797.745972 445.316284 24.823261
v 890.060852 445.316284 24.823261
v 797.745972 445.316284 24.823261
v 797.745972 367.744324 24.823267
v 890.060852 445.316284 24.823261
v 890.060852 445.316284 24.823261
v 797.745972 367.744324 24.823267
v 890.060852 228.483521 24.823250
v 797.745972 367.744324 24.823267
v 797.745972 342.048340 24.823269
v 890.060852 228.483521 24.823250
v -734.538452 1514.174805 24.823153
v -826.853271 1514.174927 24.823153
v -734.538452 1336.032104 24.823195
v -826.853271 1514.174927 24.823153
v -826.853394 1336.032104 24.823195
v -734.538452 1336.032104 24.823195
v -734.538452 1336.032104 24.823195
v -826.853394 1336.032104 24.823195
v -734.538452 1157.888916 24.823208
v -826.853394 1336.032104 24.823195
v -826.853271 1157.888916 24.823208
v -734.538452 1157.888916 24.823208
v -734.538452 1157.888916 24.823208
v -826.853271 1157.888916 24.823208
v -734.538452 979.745728 24.823221
v -826.853271 1157.888916 24.823208
v -826.853271 979.745728 24.823193
v -734.538452 979.745728 24.823221
v -734.538452 979.745728 24.823221
v -826.853271 979.745728 24.823193
v -734.538452 801.602661 24.823206
v -826.853271 979.745728 24.823193
v -826.853394 801.602661 24.823206
v -734.538452 801.602661 24.823206
v -734.538452 801.602661 24.823206
v -826.853394 801.602661 24.823206
v -734.538452 623.459473 24.823248
v -826.853394 801.602661 24.823206
v -826.853271 623.459473 24.823248
v -734.538452 623.459473 24.823248
v -734.538452 623.459473 24.823248
v -826.853271 623.459473 24.823248
v -734.538452 445.316284 24.823261
v -826.853271 623.459473 24.823248
v -826.853394 445.316284 24.823261
v -734.538452 445.316284 24.823261
v -734.538452 445.316284 24.823261
v -826.853394 445.316284 24.823261
v -734.538452 367.744446 24.823267
v -826.853394 445.316284 24.823261
v -826.853210 228.483521 24.823250
v -734.538452 367.744446 24.823267
v -734.538452 367.744446 24.823267
v -826.853210 228.483521 24.823250
v -734.538452 342.048340 24.823269
v 797.745972 342.048340 24.823269
v 734.686768 342.048340 24.823269
v 890.060852 228.483521 24.823250
v 890.060852 228.483521 24.823250
v 734.686768 342.048340 24.823269
v 734.686829 228.483521 24.823250
v 734.686829 228.483521 24.823250
v 734.686768 342.048340 24.823269
v 612.234802 228.483521 24.823250
v 734.686768 342.048340 24.823269
v 612.234741 342.048340 24.823269
v 612.234802 228.483521 24.823250
v 612.234741 342.048340 24.823269
v 489.782532 342.048340 24.823269
v 612.234802 228.483521 24.823250
v 612.234802 228.483521 24.823250
v 489.782532 342.048340 24.823269
v 489.782593 228.483521 24.823250
v 489.782532 342.048340 24.823269
v 432.320007 342.048340 24.823269
v 489.782593 228.483521 24.823250
v 489.782593 228.483521 24.823250
v 432.320007 342.048340 24.823269
v 432.320099 228.483521 24.823250
v -57.464489 342.048340 24.823269
v -121.618561 342.048340 24.823269
v -57.464489 228.483521 24.823250
v -57.464489 228.483521 24.823250
v -121.618561 342.048340 24.823269
v -121.618561 228.483521 24.823250
v -121.618561 342.048340 24.823269
v -244.070587 342.048340 24.823269
v -121.618561 228.483521 24.823250
v -121.618561 228.483521 24.823250
v -244.070587 342.048340 24.823269
v -244.070587 228.483521 24.823250
v -244.070587 228.483521 24.823250
v -244.070587 342.048340 24.823269
v -366.522583 228.483521 24.823250
v -244.070587 342.048340 24.823269
v -366.522552 342.048340 24.823269
v -366.522583 228.483521 24.823250
v -366.522552 342.048340 24.823269
v -399.217804 342.048340 24.823269
v -366.522583 228.483521 24.823250
v -366.522583 228.483521 24.823250
v -399.217804 342.048340 24.823269
v -399.217804 228.483521 24.823250
v -399.217804 342.048340 24.823269
v -431.318207 342.048340 24.823269
v -399.217804 228.483521 24.823250
v -399.217804 228.483521 24.823250
v -431.318207 342.048340 24.823269
v -431.318176 228.483521 24.823250
v -431.318207 342.048340 24.823269
v -553.770142 342.048340 24.823269
v -431.318176 228.483521 24.823250
v -431.318176 228.483521 24.823250
v -553.770142 342.048340 24.823269
v -553.770264 228.483521 24.823250
v -553.770142 342.048340 24.823269
v -676.222168 342.048340 24.823269
v -553.770264 228.483521 24.823250
v -553.770264 228.483521 24.823250
v -676.222168 342.048340 24.823269
v -676.222168 228.483521 24.823250
v -676.222168 342.048340 24.823269
v -734.538452 342.048340 24.823269
v -676.222168 228.483521 24.823250
v -676.222168 228.483521 24.823250
v -734.538452 342.048340 24.823269
v -826.853210 228.483521 24.823250
vn -0.0000 -0.0000 1.0000
vt 0.016520 -0.002200
vt 0.016519 1.005182
vt 1.960492 -0.002200
vt 1.960492 1.005182
vt 3.904472 -0.002200
vt 3.904472 1.005181
vt 5.848450 -0.002201
vt 5.848450 1.005181
vt 7.792427 -0.002202
vt 7.792427 1.005179
vt 9.736404 -0.002201
vt 9.736404 1.005181
vt 11.680382 -0.002201
vt 11.680382 1.005181
vt 12.526882 1.005181
vt 14.046558 -0.002201
vt 12.807287 1.005181
vt 0.016520 1.007692
vt 0.016519 0.000311
vt 1.960492 1.007692
vt 1.960492 0.000310
vt 3.904472 1.007692
vt 3.904472 0.000310
vt 5.848450 1.007692
vt 5.848450 0.000310
vt 7.792427 1.007692
vt 7.792427 0.000310
vt 9.736404 1.007692
vt 9.736404 0.000310
vt 11.680382 1.007692
vt 11.680382 0.000309
vt 12.526881 1.007692
vt 14.046558 0.000311
vt 12.807287 1.007692
vt 13.228748 1.000427
vt 12.673003 1.000427
vt 14.042326 -0.000427
vt 12.673004 -0.000427
vt 11.593826 -0.000427
vt 11.593826 1.000427
vt 10.514647 1.000427
vt 10.514648 -0.000427
vt 10.008225 1.000427
vt 10.008227 -0.000427
vt 7.254016 1.001086
vt 7.820155 1.001086
vt 7.254016 -0.001086
vt 7.820155 -0.001086
vt 8.900753 1.001086
vt 8.900753 -0.001086
vt 9.981352 -0.001086
vt 9.981351 1.001086
vt 10.269876 1.001086
vt 10.269876 -0.001086
vt 10.553151 1.001086
vt 10.553151 -0.001086
vt 11.633748 1.001086
vt 11.633750 -0.001086
vt 12.714347 1.001086
vt 12.714347 -0.001086
vt 13.228969 1.001086
vt 14.043615 -0.001086
s 0
usemtl Material__61.001
f 4624/1159/239 4625/1160/239 4626/1161/239
f 4627/1160/239 4628/1162/239 4629/1161/239
f 4630/1161/239 4631/1162/239 4632/1163/239
f 4633/1162/239 4634/1164/239 4635/1163/239
f 4636/1163/239 4637/1164/239 4638/1165/239
f 4639/1164/239 4640/1166/239 4641/1165/239
f 4642/1165/239 4643/1166/239 4644/1167/239
f 4645/1166/239 4646/1168/239 4647/1167/239
f 4648/1167/239 4649/1168/239 4650/1169/239
f 4651/1168/239 4652/1170/239 4653/1169/239
f 4654/1169/239 4655/1170/239 4656/1171/239
f 4657/1170/239 4658/1172/239 4659/1171/239
f 4660/1172/239 4661/1173/239 4662/1171/239
f 4663/1171/239 4664/1173/239 4665/1174/239
f 4666/1173/239 4667/1175/239 4668/1174/239
f 4669/1176/239 4670/1177/239 4671/1178/239
f 4672/1177/239 4673/1179/239 4674/1178/239
f 4675/1178/239 4676/1179/239 4677/1180/239
f 4678/1179/239 4679/1181/239 4680/1180/239
f 4681/1180/239 4682/1181/239 4683/1182/239
f 4684/1181/239 4685/1183/239 4686/1182/239
f 4687/1182/239 4688/1183/239 4689/1184/239
f 4690/1183/239 4691/1185/239 4692/1184/239
f 4693/1184/239 4694/1185/239 4695/1186/239
f 4696/1185/239 4697/1187/239 4698/1186/239
f 4699/1186/239 4700/1187/239 4701/1188/239
f 4702/1187/239 4703/1189/239 4704/1188/239
f 4705/1188/239 4706/1189/239 4707/1190/239
f 4708/1189/239 4709/1191/239 4710/1190/239
f 4711/1190/239 4712/1191/239 4713/1192/239
f 4714/1193/239 4715/1194/239 4716/1195/239
f 4717/1195/239 4718/1194/239 4719/1196/239
f 4720/1196/239 4721/1194/239 4722/1197/239
f 4723/1194/239 4724/1198/239 4725/1197/239
f 4726/1198/239 4727/1199/239 4728/1197/239
f 4729/1197/239 4730/1199/239 4731/1200/239
f 4732/1199/239 4733/1201/239 4734/1200/239
f 4735/1200/239 4736/1201/239 4737/1202/239
f 4738/1203/239 4739/1204/239 4740/1205/239
f 4741/1205/239 4742/1204/239 4743/1206/239
f 4744/1204/239 4745/1207/239 4746/1206/239
f 4747/1206/239 4748/1207/239 4749/1208/239
f 4750/1208/239 4751/1207/239 4752/1209/239
f 4753/1207/239 4754/1210/239 4755/1209/239
f 4756/1210/239 4757/1211/239 4758/1209/239
f 4759/1209/239 4760/1211/239 4761/1212/239
f 4762/1211/239 4763/1213/239 4764/1212/239
f 4765/1212/239 4766/1213/239 4767/1214/239
f 4768/1213/239 4769/1215/239 4770/1214/239
f 4771/1214/239 4772/1215/239 4773/1216/239
f 4774/1215/239 4775/1217/239 4776/1216/239
f 4777/1216/239 4778/1217/239 4779/1218/239
f 4780/1217/239 4781/1219/239 4782/1218/239
f 4783/1218/239 4784/1219/239 4785/1220/239
g Atomic6_meshId10_name
v 1240.720581 -489.006470 144.737808
v 1217.578125 -502.267090 170.938034
v 1232.841187 -484.089172 144.628937
v 1217.578125 -502.267090 170.938034
v 1211.549927 -498.416260 170.389435
v 1232.841187 -484.089172 144.628937
v 1232.841187 -484.089172 144.628937
v 1211.549927 -498.416260 170.389435
v 1230.603638 -478.825775 149.602203
v 1211.549927 -498.416260 170.389435
v 1210.831299 -492.385193 172.552368
v 1230.603638 -478.825775 149.602203
v 1210.831299 -492.385193 172.552368
v 1211.549927 -498.416260 170.389435
v 1206.399414 -505.807068 227.612564
v 1206.399414 -505.807068 227.612564
v 1211.549927 -498.416260 170.389435
v 1205.758545 -509.609070 226.080307
v 1205.758545 -509.609070 226.080307
v 1211.549927 -498.416260 170.389435
v 1209.072021 -512.442261 225.742340
v 1211.549927 -498.416260 170.389435
v 1217.578125 -502.267090 170.938034
v 1209.072021 -512.442261 225.742340
v 1209.072021 -512.442261 225.742340
v 1217.578125 -502.267090 170.938034
v 1213.026123 -511.473450 226.936615
v 1213.026123 -511.473450 226.936615
v 1217.578125 -502.267090 170.938034
v 1222.887695 -500.086853 173.649567
v 1217.578125 -502.267090 170.938034
v 1240.720581 -489.006470 144.737808
v 1222.887695 -500.086853 173.649567
v 1222.887695 -500.086853 173.649567
v 1240.720581 -489.006470 144.737808
v 1246.362427 -488.660339 149.819977
v 1240.720581 -489.006470 144.737808
v 1288.119141 -454.906189 126.695129
v 1246.362427 -488.660339 149.819977
v 1288.119141 -454.906189 126.695129
v 1240.720581 -489.006470 144.737808
v 1283.538086 -454.686737 120.936829
v 1283.538086 -454.686737 120.936829
v 1240.720581 -489.006470 144.737808
v 1275.617798 -450.271423 120.562927
v 1240.720581 -489.006470 144.737808
v 1232.841187 -484.089172 144.628937
v 1275.617798 -450.271423 120.562927
v 1275.617798 -450.271423 120.562927
v 1232.841187 -484.089172 144.628937
v 1272.278564 -446.075592 125.947281
v 1232.841187 -484.089172 144.628937
v 1230.603638 -478.825775 149.602203
v 1272.278564 -446.075592 125.947281
v 1272.278564 -446.075592 125.947281
v 1230.603638 -478.825775 149.602203
v 1276.859741 -446.295044 131.705551
v 1230.603638 -478.825775 149.602203
v 1236.245483 -478.479614 154.684357
v 1276.859741 -446.295044 131.705551
v 1236.245483 -478.479614 154.684357
v 1230.603638 -478.825775 149.602203
v 1216.140869 -490.204926 175.263901
v 1230.603638 -478.825775 149.602203
v 1210.831299 -492.385193 172.552368
v 1216.140869 -490.204926 175.263901
v 1284.779907 -450.710358 132.079437
v 1276.859741 -446.295044 131.705551
v 1244.124878 -483.396912 154.793228
v 1276.859741 -446.295044 131.705551
v 1236.245483 -478.479614 154.684357
v 1244.124878 -483.396912 154.793228
v 1244.124878 -483.396912 154.793228
v 1236.245483 -478.479614 154.684357
v 1222.169067 -494.055756 175.812500
v 1236.245483 -478.479614 154.684357
v 1216.140869 -490.204926 175.263901
v 1222.169067 -494.055756 175.812500
v 1222.169067 -494.055756 175.812500
v 1216.140869 -490.204926 175.263901
v 1213.666870 -507.671417 228.468903
v 1216.140869 -490.204926 175.263901
v 1210.353394 -504.838226 228.806885
v 1213.666870 -507.671417 228.468903
v 1459.966431 -503.438690 352.590515
v 1388.038696 -437.205811 247.871445
v 1383.977783 -432.966339 249.593674
v 1388.038696 -437.205811 247.871445
v 1343.124390 -438.702667 202.158585
v 1383.977783 -432.966339 249.593674
v 1343.124390 -438.702667 202.158585
v 1338.954102 -433.220215 206.842957
v 1383.977783 -432.966339 249.593674
v 1383.977783 -432.966339 249.593674
v 1338.954102 -433.220215 206.842957
v 1378.767822 -434.907440 251.803223
v 1338.954102 -433.220215 206.842957
v 1334.041260 -437.601227 211.652817
v 1378.767822 -434.907440 251.803223
v 1334.041260 -437.601227 211.652817
v 1338.954102 -433.220215 206.842957
v 1280.842651 -435.746796 178.997330
v 1280.842651 -435.746796 178.997330
v 1338.954102 -433.220215 206.842957
v 1283.504883 -428.983185 171.698944
v 1338.954102 -433.220215 206.842957
v 1343.124390 -438.702667 202.158585
v 1283.504883 -428.983185 171.698944
v 1283.504883 -428.983185 171.698944
v 1343.124390 -438.702667 202.158585
v 1286.352051 -434.509552 163.893661
v 1343.124390 -438.702667 202.158585
v 1342.382080 -448.566132 202.284119
v 1286.352051 -434.509552 163.893661
v 1286.352051 -434.509552 163.893661
v 1342.382080 -448.566132 202.284119
v 1286.536987 -446.799530 163.386826
v 1342.382080 -448.566132 202.284119
v 1283.874512 -453.563141 170.685257
v 1286.536987 -446.799530 163.386826
v 1283.874512 -453.563141 170.685257
v 1342.382080 -448.566132 202.284119
v 1337.469238 -452.947113 207.093994
v 1337.469238 -452.947113 207.093994
v 1342.382080 -448.566132 202.284119
v 1381.679443 -445.327484 250.568420
v 1381.679443 -445.327484 250.568420
v 1342.382080 -448.566132 202.284119
v 1386.889404 -443.386383 248.358841
v 1342.382080 -448.566132 202.284119
v 1343.124390 -438.702667 202.158585
v 1386.889404 -443.386383 248.358841
v 1343.124390 -438.702667 202.158585
v 1388.038696 -437.205811 247.871445
v 1386.889404 -443.386383 248.358841
v 1386.889404 -443.386383 248.358841
v 1388.038696 -437.205811 247.871445
v 1459.966431 -503.438690 352.590515
v 1284.829590 -433.459808 103.323746
v 1270.214355 -377.123230 137.160828
v 1292.229492 -433.005310 110.767906
v 1292.229492 -433.005310 110.767906
v 1270.214355 -377.123230 137.160828
v 1278.285767 -382.674316 143.266785
v 1270.214355 -377.123230 137.160828
v 1254.756958 -363.380981 174.378769
v 1278.285767 -382.674316 143.266785
v 1278.285767 -382.674316 143.266785
v 1254.756958 -363.380981 174.378769
v 1261.357788 -368.493835 178.599411
v 1378.767822 -434.907440 251.803223
v 1377.618530 -441.088013 252.290619
v 1459.966431 -503.438690 352.590515
v 1459.966431 -503.438690 352.590515
v 1377.618530 -441.088013 252.290619
v 1381.679443 -445.327484 250.568420
v 1378.767822 -434.907440 251.803223
v 1334.041260 -437.601227 211.652817
v 1377.618530 -441.088013 252.290619
v 1377.618530 -441.088013 252.290619
v 1334.041260 -437.601227 211.652817
v 1333.298950 -447.464661 211.778336
v 1334.041260 -437.601227 211.652817
v 1280.842651 -435.746796 178.997330
v 1333.298950 -447.464661 211.778336
v 1333.298950 -447.464661 211.778336
v 1280.842651 -435.746796 178.997330
v 1281.027588 -448.036774 178.490494
v 1283.874512 -453.563141 170.685257
v 1337.469238 -452.947113 207.093994
v 1281.027588 -448.036774 178.490494
v 1281.027588 -448.036774 178.490494
v 1337.469238 -452.947113 207.093994
v 1333.298950 -447.464661 211.778336
v 1333.298950 -447.464661 211.778336
v 1337.469238 -452.947113 207.093994
v 1377.618530 -441.088013 252.290619
v 1337.469238 -452.947113 207.093994
v 1381.679443 -445.327484 250.568420
v 1377.618530 -441.088013 252.290619
v 1381.679443 -445.327484 250.568420
v 1386.889404 -443.386383 248.358841
v 1459.966431 -503.438690 352.590515
v 1286.793579 -413.485352 4.983719
v 1289.422241 -421.033813 35.363571
v 1321.773926 -413.775208 4.983719
v 1321.773926 -413.775208 4.983719
v 1289.422241 -421.033813 35.363571
v 1316.551025 -419.825897 35.363571
v 1316.551025 -419.825897 35.363571
v 1289.422241 -421.033813 35.363571
v 1303.926392 -431.316650 74.997284
v 1289.422241 -421.033813 35.363571
v 1300.645386 -430.032837 74.997284
v 1303.926392 -431.316650 74.997284
v 1303.926392 -431.316650 74.997284
v 1300.645386 -430.032837 74.997284
v 1284.856201 -434.210327 140.706558
v 1300.645386 -430.032837 74.997284
v 1271.457153 -431.193176 140.706558
v 1284.856201 -434.210327 140.706558
v 1271.457153 -431.193176 140.706558
v 1277.579468 -436.664032 240.659042
v 1284.856201 -434.210327 140.706558
v 1284.856201 -434.210327 140.706558
v 1277.579468 -436.664032 240.659042
v 1284.419434 -440.100189 240.659042
v 1277.579468 -436.664032 240.659042
v 1291.502930 -449.711060 281.477051
v 1284.419434 -440.100189 240.659042
v 1284.419434 -440.100189 240.659042
v 1291.502930 -449.711060 281.477051
v 1296.505127 -454.233612 281.477051
v 1292.229492 -433.005310 110.767906
v 1278.285767 -382.674316 143.266785
v 1288.348267 -438.019470 118.729057
v 1288.348267 -438.019470 118.729057
v 1278.285767 -382.674316 143.266785
v 1274.028809 -393.144745 147.900269
v 1274.028809 -393.144745 147.900269
v 1278.285767 -382.674316 143.266785
v 1257.857666 -377.128754 181.732559
v 1278.285767 -382.674316 143.266785
v 1261.357788 -368.493835 178.599411
v 1257.857666 -377.128754 181.732559
v 1261.357788 -368.493835 178.599411
v 1236.020508 -363.333099 217.200577
v 1257.857666 -377.128754 181.732559
v 1257.857666 -377.128754 181.732559
v 1236.020508 -363.333099 217.200577
v 1233.198120 -370.484772 219.576065
v 1236.020508 -363.333099 217.200577
v 1231.243164 -363.146545 225.472244
v 1233.198120 -370.484772 219.576065
v 1233.198120 -370.484772 219.576065
v 1231.243164 -363.146545 225.472244
v 1228.566284 -369.980377 227.685364
v 1231.243164 -363.146545 225.472244
v 1229.388428 -362.959991 233.743927
v 1228.566284 -369.980377 227.685364
v 1228.566284 -369.980377 227.685364
v 1229.388428 -362.959991 233.743927
v 1226.856689 -369.475983 235.794693
v 1291.514282 -468.022461 35.363571
v 1286.183472 -456.913177 74.997284
v 1276.903809 -445.132080 35.363571
v 1276.903809 -445.132080 35.363571
v 1286.183472 -456.913177 74.997284
v 1279.535522 -442.831116 74.997284
v 1286.183472 -456.913177 74.997284
v 1266.231323 -454.400970 140.706558
v 1279.535522 -442.831116 74.997284
v 1279.535522 -442.831116 74.997284
v 1266.231323 -454.400970 140.706558
v 1262.144531 -441.288513 140.706558
v 1262.144531 -441.288513 140.706558
v 1266.231323 -454.400970 140.706558
v 1271.183716 -440.869476 240.659042
v 1266.231323 -454.400970 140.706558
v 1271.627930 -448.511078 240.659042
v 1271.183716 -440.869476 240.659042
v 1271.627930 -448.511078 240.659042
v 1283.669678 -458.375031 281.477020
v 1271.183716 -440.869476 240.659042
v 1271.183716 -440.869476 240.659042
v 1283.669678 -458.375031 281.477020
v 1285.085205 -451.781769 281.477051
v 1283.669678 -458.375031 281.477020
v 1300.647705 -497.491486 351.368713
v 1285.085205 -451.781769 281.477051
v 1383.977783 -432.966339 249.593674
v 1378.767822 -434.907440 251.803223
v 1459.966431 -503.438690 352.590515
v 1278.467773 -451.947235 240.659042
v 1284.863525 -447.741791 240.659042
v 1288.671875 -462.897614 281.477020
v 1288.671875 -462.897614 281.477020
v 1284.863525 -447.741791 240.659042
v 1295.089478 -460.826904 281.477020
v 1284.863525 -447.741791 240.659042
v 1296.505127 -454.233612 281.477051
v 1295.089478 -460.826904 281.477020
v 1296.505127 -454.233612 281.477051
v 1284.863525 -447.741791 240.659042
v 1284.419434 -440.100189 240.659042
v 1284.863525 -447.741791 240.659042
v 1288.942749 -447.322784 140.706558
v 1284.419434 -440.100189 240.659042
v 1284.419434 -440.100189 240.659042
v 1288.942749 -447.322784 140.706558
v 1284.856201 -434.210327 140.706558
v 1284.856201 -434.210327 140.706558
v 1288.942749 -447.322784 140.706558
v 1303.926392 -431.316650 74.997284
v 1288.942749 -447.322784 140.706558
v 1310.574341 -445.398712 74.997284
v 1303.926392 -431.316650 74.997284
v 1303.926392 -431.316650 74.997284
v 1310.574341 -445.398712 74.997284
v 1316.551025 -419.825897 35.363571
v 1316.551025 -419.825897 35.363571
v 1310.574341 -445.398712 74.997284
v 1331.161621 -442.716309 35.363571
v 1310.574341 -445.398712 74.997284
v 1318.643188 -466.814575 35.363571
v 1331.161621 -442.716309 35.363571
v 1331.161621 -442.716309 35.363571
v 1318.643188 -466.814575 35.363571
v 1321.271851 -474.363037 4.983719
v 1321.271851 -474.363037 4.983719
v 1339.013062 -444.214050 4.983719
v 1331.161621 -442.716309 35.363571
v 1331.161621 -442.716309 35.363571
v 1339.013062 -444.214050 4.983719
v 1316.551025 -419.825897 35.363571
v 1339.013062 -444.214050 4.983719
v 1321.773926 -413.775208 4.983719
v 1316.551025 -419.825897 35.363571
v 1321.271851 -474.363037 4.983719
v 1318.643188 -466.814575 35.363571
v 1286.291504 -474.073181 4.983719
v 1318.643188 -466.814575 35.363571
v 1291.514282 -468.022461 35.363571
v 1286.291504 -474.073181 4.983719
v 1286.291504 -474.073181 4.983719
v 1291.514282 -468.022461 35.363571
v 1269.052368 -443.634338 4.983719
v 1291.514282 -468.022461 35.363571
v 1276.903809 -445.132080 35.363571
v 1269.052368 -443.634338 4.983719
v 1269.052368 -443.634338 4.983719
v 1276.903809 -445.132080 35.363571
v 1286.793579 -413.485352 4.983719
v 1276.903809 -445.132080 35.363571
v 1289.422241 -421.033813 35.363571
v 1286.793579 -413.485352 4.983719
v 1300.647705 -497.491486 351.368713
v 1295.089478 -460.826904 281.477020
v 1296.505127 -454.233612 281.477051
v 1206.399414 -505.807068 227.612564
v 1205.758545 -509.609070 226.080307
v 1179.537964 -523.736938 307.719482
v 1179.537964 -523.736938 307.719482
v 1205.758545 -509.609070 226.080307
v 1209.072021 -512.442261 225.742340
v 1209.072021 -512.442261 225.742340
v 1213.026123 -511.473450 226.936615
v 1179.537964 -523.736938 307.719482
v 1179.537964 -523.736938 307.719482
v 1213.026123 -511.473450 226.936615
v 1213.666870 -507.671417 228.468903
v 1274.769531 -453.283813 189.971802
v 1281.439941 -450.383331 192.760330
v 1245.390869 -508.336884 265.279846
v 1245.390869 -508.336884 265.279846
v 1281.439941 -450.383331 192.760330
v 1280.958862 -445.621765 198.687347
v 1280.958862 -445.621765 198.687347
v 1273.807251 -443.760681 201.825836
v 1245.390869 -508.336884 265.279846
v 1273.807251 -443.760681 201.825836
v 1267.136841 -446.661133 199.037292
v 1245.390869 -508.336884 265.279846
v 1267.136841 -446.661133 199.037292
v 1267.617798 -451.422699 193.110306
v 1245.390869 -508.336884 265.279846
v 1245.390869 -508.336884 265.279846
v 1267.617798 -451.422699 193.110306
v 1274.769531 -453.283813 189.971802
v 1257.857666 -377.128754 181.732559
v 1233.198120 -370.484772 219.576065
v 1247.756714 -380.650757 180.645111
v 1247.756714 -380.650757 180.645111
v 1233.198120 -370.484772 219.576065
v 1225.093872 -372.850464 218.843567
v 1233.198120 -370.484772 219.576065
v 1228.566284 -369.980377 227.685364
v 1225.093872 -372.850464 218.843567
v 1225.093872 -372.850464 218.843567
v 1228.566284 -369.980377 227.685364
v 1220.889893 -372.098297 227.028961
v 1228.566284 -369.980377 227.685364
v 1226.856689 -369.475983 235.794693
v 1220.889893 -372.098297 227.028961
v 1220.889893 -372.098297 227.028961
v 1226.856689 -369.475983 235.794693
v 1219.608154 -371.346161 235.214340
v 1214.891357 -366.700256 232.583267
v 1219.608154 -371.346161 235.214340
v 1227.124634 -315.360748 307.391052
v 1247.756714 -380.650757 180.645111
v 1225.093872 -372.850464 218.843567
v 1241.155884 -375.537903 176.424469
v 1241.155884 -375.537903 176.424469
v 1225.093872 -372.850464 218.843567
v 1219.811890 -368.064514 215.735641
v 1219.811890 -368.064514 215.735641
v 1225.093872 -372.850464 218.843567
v 1215.890503 -367.382385 224.159470
v 1225.093872 -372.850464 218.843567
v 1220.889893 -372.098297 227.028961
v 1215.890503 -367.382385 224.159470
v 1215.890503 -367.382385 224.159470
v 1220.889893 -372.098297 227.028961
v 1214.891357 -366.700256 232.583267
v 1220.889893 -372.098297 227.028961
v 1219.608154 -371.346161 235.214340
v 1214.891357 -366.700256 232.583267
v 1300.647705 -497.491486 351.368713
v 1296.505127 -454.233612 281.477051
v 1291.502930 -449.711060 281.477051
v 1300.647705 -497.491486 351.368713
v 1291.502930 -449.711060 281.477051
v 1285.085205 -451.781769 281.477051
v 1291.502930 -449.711060 281.477051
v 1277.579468 -436.664032 240.659042
v 1285.085205 -451.781769 281.477051
v 1285.085205 -451.781769 281.477051
v 1277.579468 -436.664032 240.659042
v 1271.183716 -440.869476 240.659042
v 1277.579468 -436.664032 240.659042
v 1271.457153 -431.193176 140.706558
v 1271.183716 -440.869476 240.659042
v 1271.183716 -440.869476 240.659042
v 1271.457153 -431.193176 140.706558
v 1262.144531 -441.288513 140.706558
v 1262.144531 -441.288513 140.706558
v 1271.457153 -431.193176 140.706558
v 1279.535522 -442.831116 74.997284
v 1271.457153 -431.193176 140.706558
v 1300.645386 -430.032837 74.997284
v 1279.535522 -442.831116 74.997284
v 1279.535522 -442.831116 74.997284
v 1300.645386 -430.032837 74.997284
v 1276.903809 -445.132080 35.363571
v 1300.645386 -430.032837 74.997284
v 1289.422241 -421.033813 35.363571
v 1276.903809 -445.132080 35.363571
v 1300.647705 -497.491486 351.368713
v 1288.671875 -462.897614 281.477020
v 1295.089478 -460.826904 281.477020
v 1229.388428 -362.959991 233.743927
v 1231.243164 -363.146545 225.472244
v 1224.671631 -358.314117 231.112854
v 1224.671631 -358.314117 231.112854
v 1231.243164 -363.146545 225.472244
v 1226.243774 -358.430634 222.602722
v 1231.243164 -363.146545 225.472244
v 1236.020508 -363.333099 217.200577
v 1226.243774 -358.430634 222.602722
v 1226.243774 -358.430634 222.602722
v 1236.020508 -363.333099 217.200577
v 1230.738281 -358.547119 214.092621
v 1230.738281 -358.547119 214.092621
v 1236.020508 -363.333099 217.200577
v 1254.756958 -363.380981 174.378769
v 1236.020508 -363.333099 217.200577
v 1261.357788 -368.493835 178.599411
v 1254.756958 -363.380981 174.378769
v 1300.647705 -497.491486 351.368713
v 1283.669678 -458.375031 281.477020
v 1288.671875 -462.897614 281.477020
v 1288.671875 -462.897614 281.477020
v 1283.669678 -458.375031 281.477020
v 1278.467773 -451.947235 240.659042
v 1283.669678 -458.375031 281.477020
v 1271.627930 -448.511078 240.659042
v 1278.467773 -451.947235 240.659042
v 1278.467773 -451.947235 240.659042
v 1271.627930 -448.511078 240.659042
v 1279.630249 -457.418091 140.706558
v 1271.627930 -448.511078 240.659042
v 1266.231323 -454.400970 140.706558
v 1279.630249 -457.418091 140.706558
v 1266.231323 -454.400970 140.706558
v 1286.183472 -456.913177 74.997284
v 1279.630249 -457.418091 140.706558
v 1279.630249 -457.418091 140.706558
v 1286.183472 -456.913177 74.997284
v 1301.702759 -458.196991 74.997284
v 1286.183472 -456.913177 74.997284
v 1291.514282 -468.022461 35.363571
v 1301.702759 -458.196991 74.997284
v 1301.702759 -458.196991 74.997284
v 1291.514282 -468.022461 35.363571
v 1318.643188 -466.814575 35.363571
v 1318.643188 -466.814575 35.363571
v 1310.574341 -445.398712 74.997284
v 1301.702759 -458.196991 74.997284
v 1310.574341 -445.398712 74.997284
v 1288.942749 -447.322784 140.706558
v 1301.702759 -458.196991 74.997284
v 1301.702759 -458.196991 74.997284
v 1288.942749 -447.322784 140.706558
v 1279.630249 -457.418091 140.706558
v 1279.630249 -457.418091 140.706558
v 1288.942749 -447.322784 140.706558
v 1278.467773 -451.947235 240.659042
v 1288.942749 -447.322784 140.706558
v 1284.863525 -447.741791 240.659042
v 1278.467773 -451.947235 240.659042
v 1277.066895 -443.488037 119.245995
v 1288.348267 -438.019470 118.729057
v 1261.700317 -398.064087 146.427795
v 1288.348267 -438.019470 118.729057
v 1274.028809 -393.144745 147.900269
v 1261.700317 -398.064087 146.427795
v 1261.700317 -398.064087 146.427795
v 1274.028809 -393.144745 147.900269
v 1247.756714 -380.650757 180.645111
v 1274.028809 -393.144745 147.900269
v 1257.857666 -377.128754 181.732559
v 1247.756714 -380.650757 180.645111
v 1288.119141 -454.906189 126.695129
v 1284.779907 -450.710358 132.079437
v 1246.362427 -488.660339 149.819977
v 1284.779907 -450.710358 132.079437
v 1244.124878 -483.396912 154.793228
v 1246.362427 -488.660339 149.819977
v 1246.362427 -488.660339 149.819977
v 1244.124878 -483.396912 154.793228
v 1222.887695 -500.086853 173.649567
v 1244.124878 -483.396912 154.793228
v 1222.169067 -494.055756 175.812500
v 1222.887695 -500.086853 173.649567
v 1222.169067 -494.055756 175.812500
v 1213.666870 -507.671417 228.468903
v 1222.887695 -500.086853 173.649567
v 1222.887695 -500.086853 173.649567
v 1213.666870 -507.671417 228.468903
v 1213.026123 -511.473450 226.936615
v 1229.388428 -362.959991 233.743927
v 1224.671631 -358.314117 231.112854
v 1227.124634 -315.360748 307.391052
v 1227.124634 -315.360748 307.391052
v 1224.671631 -358.314117 231.112854
v 1217.423096 -360.184265 230.532532
v 1217.423096 -360.184265 230.532532
v 1224.671631 -358.314117 231.112854
v 1218.567505 -360.548553 221.946350
v 1224.671631 -358.314117 231.112854
v 1226.243774 -358.430634 222.602722
v 1218.567505 -360.548553 221.946350
v 1218.567505 -360.548553 221.946350
v 1226.243774 -358.430634 222.602722
v 1222.634155 -360.912842 213.360153
v 1226.243774 -358.430634 222.602722
v 1230.738281 -358.547119 214.092621
v 1222.634155 -360.912842 213.360153
v 1222.634155 -360.912842 213.360153
v 1230.738281 -358.547119 214.092621
v 1244.656006 -366.903015 173.291290
v 1230.738281 -358.547119 214.092621
v 1254.756958 -363.380981 174.378769
v 1244.656006 -366.903015 173.291290
v 1254.756958 -363.380981 174.378769
v 1270.214355 -377.123230 137.160828
v 1244.656006 -366.903015 173.291290
v 1244.656006 -366.903015 173.291290
v 1270.214355 -377.123230 137.160828
v 1257.885986 -382.042603 135.688339
v 1270.214355 -377.123230 137.160828
v 1284.829590 -433.459808 103.323746
v 1257.885986 -382.042603 135.688339
v 1257.885986 -382.042603 135.688339
v 1284.829590 -433.459808 103.323746
v 1273.548340 -438.928406 103.840698
v 1273.548340 -438.928406 103.840698
v 1269.666992 -443.942535 111.801819
v 1257.885986 -382.042603 135.688339
v 1269.666992 -443.942535 111.801819
v 1253.629028 -392.513031 140.321793
v 1257.885986 -382.042603 135.688339
v 1253.629028 -392.513031 140.321793
v 1241.155884 -375.537903 176.424469
v 1257.885986 -382.042603 135.688339
v 1257.885986 -382.042603 135.688339
v 1241.155884 -375.537903 176.424469
v 1244.656006 -366.903015 173.291290
v 1244.656006 -366.903015 173.291290
v 1241.155884 -375.537903 176.424469
v 1222.634155 -360.912842 213.360153
v 1241.155884 -375.537903 176.424469
v 1219.811890 -368.064514 215.735641
v 1222.634155 -360.912842 213.360153
v 1222.634155 -360.912842 213.360153
v 1219.811890 -368.064514 215.735641
v 1218.567505 -360.548553 221.946350
v 1219.811890 -368.064514 215.735641
v 1215.890503 -367.382385 224.159470
v 1218.567505 -360.548553 221.946350
v 1218.567505 -360.548553 221.946350
v 1215.890503 -367.382385 224.159470
v 1217.423096 -360.184265 230.532532
v 1215.890503 -367.382385 224.159470
v 1214.891357 -366.700256 232.583267
v 1217.423096 -360.184265 230.532532
v 1217.423096 -360.184265 230.532532
v 1214.891357 -366.700256 232.583267
v 1227.124634 -315.360748 307.391052
v 1213.666870 -507.671417 228.468903
v 1210.353394 -504.838226 228.806885
v 1179.537964 -523.736938 307.719482
v 1179.537964 -523.736938 307.719482
v 1210.353394 -504.838226 228.806885
v 1206.399414 -505.807068 227.612564
v 1269.666992 -443.942535 111.801819
v 1277.066895 -443.488037 119.245995
v 1253.629028 -392.513031 140.321793
v 1277.066895 -443.488037 119.245995
v 1261.700317 -398.064087 146.427795
v 1253.629028 -392.513031 140.321793
v 1253.629028 -392.513031 140.321793
v 1261.700317 -398.064087 146.427795
v 1241.155884 -375.537903 176.424469
v 1261.700317 -398.064087 146.427795
v 1247.756714 -380.650757 180.645111
v 1241.155884 -375.537903 176.424469
v 1226.856689 -369.475983 235.794693
v 1229.388428 -362.959991 233.743927
v 1227.124634 -315.360748 307.391052
v 1219.608154 -371.346161 235.214340
v 1226.856689 -369.475983 235.794693
v 1227.124634 -315.360748 307.391052
v 1216.140869 -490.204926 175.263901
v 1210.831299 -492.385193 172.552368
v 1210.353394 -504.838226 228.806885
v 1210.831299 -492.385193 172.552368
v 1206.399414 -505.807068 227.612564
v 1210.353394 -504.838226 228.806885
vn 0.0151 -0.7664 -0.6422
vn -0.0807 -0.9307 -0.3568
vn -0.5827 -0.1618 -0.7964
vn -0.0808 -0.9307 -0.3568
vn -0.7852 -0.4088 -0.4651
vn -0.5828 -0.1619 -0.7963
vn -0.7032 0.6704 -0.2368
vn -0.8619 0.4821 -0.1570
vn -0.7033 0.6703 -0.2368
vn -0.8620 0.4821 -0.1569
vn -0.7853 -0.4088 -0.4651
vn -0.7130 0.7011 0.0057
vn -0.9216 -0.2997 -0.2467
vn -0.1842 -0.9633 -0.1953
vn -0.1842 -0.9633 -0.1954
vn 0.7159 -0.6933 0.0830
vn 0.7413 -0.6513 0.1618
vn 0.6238 -0.7686 0.1421
vn 0.0150 -0.7664 -0.6422
vn 0.6662 -0.7323 0.1411
vn 0.6238 -0.7686 0.1420
vn 0.1991 -0.7140 -0.6712
vn -0.4144 -0.1105 -0.9033
vn -0.6759 0.7040 -0.2180
vn -0.5828 -0.1618 -0.7964
vn -0.7032 0.6704 -0.2369
vn -0.6760 0.7039 -0.2181
vn -0.6759 0.7040 -0.2181
vn -0.0922 0.6501 0.7542
vn -0.0377 0.7832 0.6206
vn -0.0922 0.6502 0.7542
vn -0.0378 0.7832 0.6206
vn -0.7032 0.6703 -0.2369
vn -0.0852 0.9348 0.3448
vn 0.5184 -0.0532 0.8535
vn 0.5704 0.0669 0.8186
vn 0.5704 0.0669 0.8187
vn 0.7316 0.4114 0.5436
vn 0.7317 0.4114 0.5436
vn 0.9115 0.2475 0.3284
vn -0.0852 0.9348 0.3447
vn 0.2339 0.9267 0.2941
vn 0.9116 0.2475 0.3283
vn 0.5375 -0.4476 0.7146
vn 0.7890 0.3646 -0.4945
vn 0.2844 0.9573 0.0509
vn 0.5999 0.3665 -0.7112
vn 0.0809 0.9936 -0.0783
vn 0.2845 0.9573 0.0510
vn -0.4386 0.6633 0.6064
vn -0.5193 0.5080 0.6872
vn -0.4386 0.6632 0.6064
vn -0.4604 0.4268 0.7784
vn 0.0816 0.9966 0.0079
vn 0.6000 0.3664 -0.7112
vn 0.5257 0.4583 -0.7167
vn 0.5761 -0.5034 -0.6440
vn 0.5267 -0.3552 -0.7723
vn 0.0851 -0.9878 -0.1304
vn 0.0271 -0.9968 0.0751
vn 0.0270 -0.9968 0.0751
vn -0.2360 -0.9716 -0.0169
vn 0.5760 -0.5034 -0.6440
vn 0.5569 -0.5562 -0.6168
vn 0.6000 0.3665 -0.7112
vn 0.5999 0.3664 -0.7112
vn 0.5375 -0.4477 0.7146
vn 0.1417 0.5206 -0.8420
vn 0.2631 0.7997 -0.5397
vn 0.9202 0.3474 -0.1803
vn 0.9166 0.3943 0.0653
vn 0.1856 0.9722 -0.1429
vn 0.9166 0.3944 0.0653
vn 0.9166 0.3944 0.0654
vn 0.8373 0.4175 0.3530
vn -0.7124 -0.2307 0.6628
vn 0.5375 -0.4477 0.7147
vn 0.5376 -0.4477 0.7146
vn -0.5295 -0.4092 0.7431
vn -0.4663 -0.5080 0.7242
vn -0.4664 -0.5080 0.7242
vn -0.4732 0.8405 0.2638
vn -0.5260 0.8018 0.2836
vn 0.4913 0.8301 0.2638
vn 0.4914 0.8300 0.2638
vn 0.4536 0.8358 0.3093
vn 0.4536 0.8358 0.3092
vn 0.6351 0.7215 0.2758
vn -0.5260 0.8018 0.2835
vn -0.0412 0.9965 0.0727
vn 0.6472 0.7509 0.1312
vn -0.3454 0.9383 -0.0177
vn -0.3454 0.9383 -0.0176
vn -0.0849 0.9779 0.1910
vn -0.0849 0.9779 0.1911
vn 0.8008 0.5988 0.0125
vn 0.2365 0.8977 0.3718
vn 0.2366 0.8977 0.3718
vn 0.9429 0.3326 0.0193
vn 0.9202 0.3474 -0.1802
vn 0.6312 -0.2665 0.7284
vn 0.6250 -0.4041 0.6680
vn 0.6249 -0.4040 0.6680
vn 0.6425 -0.5368 0.5469
vn 0.8373 0.4174 0.3530
vn 0.8000 0.3855 0.4597
vn 0.6305 -0.6214 0.4651
vn 0.8757 0.3338 0.3489
vn 0.8757 0.3339 0.3488
vn 0.6418 -0.7145 0.2784
vn 0.9867 0.1395 0.0838
vn 0.9867 0.1394 0.0837
vn 0.5887 -0.7285 0.3504
vn -0.4251 -0.8816 0.2051
vn -0.5623 -0.8267 0.0194
vn -0.9794 -0.0084 0.2018
vn -0.9412 0.3081 -0.1387
vn -0.7015 -0.7115 -0.0400
vn -0.7015 -0.7115 -0.0399
vn -0.9742 0.2107 -0.0809
vn -0.8669 0.4471 0.2203
vn -0.8563 -0.5060 0.1035
vn -0.8669 0.4471 0.2202
vn -0.9425 -0.2964 0.1542
vn -0.6410 0.6095 0.4665
vn 0.1285 -0.5013 0.8557
vn -0.6409 0.6095 0.4665
vn 0.5376 -0.4476 0.7146
vn 0.0136 -0.9949 -0.0996
vn 0.8862 -0.4316 -0.1684
vn -0.2055 -0.9208 -0.3316
vn -0.2055 -0.9208 -0.3317
vn 0.8862 -0.4315 -0.1685
vn 0.7269 -0.5855 -0.3589
vn 0.8862 -0.4315 -0.1684
vn 0.8007 0.5989 0.0124
vn 0.9576 -0.2260 0.1788
vn 0.9576 -0.2260 0.1789
vn 0.9163 -0.0609 0.3958
vn 0.9396 0.0490 0.3387
vn 0.5333 -0.7921 0.2967
vn 0.5334 -0.7921 0.2967
vn 0.4732 -0.8405 0.2638
vn 0.9645 -0.0105 0.2638
vn 0.4537 0.8358 0.3093
vn 0.4913 0.8300 0.2638
vn -0.4913 -0.8301 0.2638
vn 0.5334 -0.7921 0.2968
vn -0.4914 -0.8300 0.2638
vn -0.4913 -0.8300 0.2638
vn -0.9645 0.0105 0.2638
vn -0.5260 0.8019 0.2836
vn 0.1285 -0.5014 0.8556
vn 0.7269 -0.5855 -0.3590
vn -0.7131 0.7011 0.0057
vn -0.3456 -0.1733 0.9223
vn -0.3455 -0.1733 0.9223
vn -0.9215 -0.2996 -0.2469
vn -0.3455 -0.1734 0.9223
vn 0.1511 -0.8252 -0.5443
vn 0.8155 -0.5762 -0.0551
vn -0.2990 -0.6238 0.7221
vn -0.2989 -0.6237 0.7222
vn 0.8540 0.0639 0.5163
vn 0.0782 0.6810 0.7281
vn -0.2989 -0.6238 0.7222
vn 0.0781 0.6810 0.7281
vn -0.8531 0.4909 0.1770
vn -0.7647 -0.3702 -0.5274
vn -0.2989 -0.6239 0.7221
vn 0.1511 -0.8251 -0.5443
vn 0.6305 -0.6214 0.4652
vn -0.1807 -0.9542 0.2382
vn -0.1808 -0.9542 0.2382
vn 0.6304 -0.6214 0.4652
vn -0.2074 -0.9779 0.0277
vn 0.6304 -0.6214 0.4651
vn 0.6418 -0.7145 0.2785
vn -0.2074 -0.9779 0.0278
vn -0.2073 -0.9779 0.0277
vn -0.2703 -0.9628 0.0049
vn -0.2702 -0.9628 0.0048
vn -0.2702 -0.9628 0.0049
vn 0.5886 -0.7285 0.3505
vn -0.3175 -0.8870 0.3353
vn -0.9659 -0.2481 0.0747
vn -0.3174 -0.8870 0.3353
vn 0.0546 0.5528 0.8316
vn -0.1808 -0.9543 0.2382
vn -0.8937 -0.3362 -0.2970
vn -0.8627 -0.3284 -0.3846
vn -0.8627 -0.3284 -0.3845
vn -0.9329 -0.2744 -0.2332
vn -0.9329 -0.2744 -0.2333
vn -0.9329 -0.2743 -0.2333
vn -0.9659 -0.2480 0.0747
vn -0.2703 -0.9628 0.0048
vn 0.9429 0.3326 0.0192
vn 0.2366 0.8977 0.3717
vn -0.0848 0.9779 0.1910
vn -0.8670 0.4470 0.2203
vn -0.8670 0.4471 0.2202
vn -0.0412 0.9965 0.0728
vn 0.1286 -0.5013 0.8556
vn -0.2055 -0.9207 -0.3317
vn 0.8757 0.3339 0.3489
vn 0.2774 0.9346 -0.2227
vn 0.2773 0.9346 -0.2227
vn 0.1517 0.9877 0.0384
vn 0.8000 0.3855 0.4598
vn 0.1517 0.9877 0.0385
vn 0.1628 0.9866 0.0138
vn 0.1286 -0.5014 0.8556
vn -0.9425 -0.2964 0.1543
vn 0.0136 -0.9949 -0.0995
vn 0.2479 -0.9652 0.0839
vn 0.2479 -0.9652 0.0838
vn 0.2478 -0.9652 0.0838
vn 0.4089 -0.8702 0.2748
vn 0.5334 -0.7922 0.2967
vn 0.8862 -0.4316 -0.1685
vn -0.2373 -0.5402 0.8073
vn -0.2968 -0.7547 0.5850
vn 0.6312 -0.2666 0.7283
vn -0.2968 -0.7548 0.5850
vn -0.2968 -0.7547 0.5851
vn 0.6249 -0.4041 0.6680
vn 0.6238 -0.7685 0.1421
vn 0.5184 -0.0531 0.8535
vn 0.7413 -0.6514 0.1619
vn 0.7317 0.4113 0.5435
vn 0.7317 0.4114 0.5435
vn 0.7413 -0.6514 0.1618
vn 0.9115 0.2475 0.3283
vn 0.0545 0.5528 0.8315
vn -0.7163 0.6691 -0.1980
vn -0.6925 0.6765 -0.2507
vn -0.6925 0.6765 -0.2508
vn -0.6925 0.6764 -0.2508
vn -0.6449 0.6587 -0.3877
vn -0.6449 0.6587 -0.3876
vn 0.1628 0.9866 0.0137
vn -0.6226 0.6461 -0.4416
vn -0.5544 0.5016 -0.6642
vn 0.2630 0.7997 -0.5397
vn 0.1417 0.5207 -0.8419
vn -0.5544 0.5016 -0.6641
vn 0.1417 0.5206 -0.8419
vn -0.6504 0.2268 -0.7249
vn -0.9518 -0.3028 0.0497
vn -0.9518 -0.3027 0.0497
vn -0.9460 -0.2563 -0.1984
vn -0.6925 0.6764 -0.2507
vn 0.0545 0.5527 0.8316
vn 0.2339 0.9267 0.2940
vn -0.2374 -0.5402 0.8073
vn -0.9460 -0.2564 -0.1984
vn -0.2374 -0.5403 0.8073
vn -0.1807 -0.9543 0.2382
vn 0.5886 -0.7285 0.3504
vn 0.9867 0.1395 0.0837
vn 0.0546 0.5528 0.8315
vt 0.606339 -4.419816
vt 0.606339 -3.890905
vt 0.819984 -4.419816
vt 0.819984 -3.890905
vt 0.606339 -3.021347
vt 0.819984 -3.021347
vt 0.330733 -3.021347
vt 0.330733 -3.890905
vt 0.330733 -4.419816
vt 0.330733 -4.948729
vt 0.606339 -4.948729
vt 0.819984 -4.948729
vt 0.126717 -4.948729
vt 0.126717 -4.419816
vt 0.126717 -3.890905
vt 0.126717 -3.021347
vt 0.430709 -0.291752
vt 0.490513 -2.590153
vt 0.283552 -2.590153
vt 0.490513 -3.784764
vt 0.283552 -3.784764
vt 0.107423 -2.590153
vt 0.107423 -3.784764
vt 0.107423 -4.979375
vt 0.283552 -4.979375
vt 0.490513 -4.979375
vt 0.673498 -3.784764
vt 0.673498 -4.979375
vt 0.673498 -2.590153
vt 0.950736 -5.004474
vt 0.950736 -4.331604
vt 0.655909 -5.004474
vt 0.655909 -4.331604
vt 0.950736 -3.658733
vt 0.655909 -3.658733
vt 0.631420 -4.966263
vt 0.631420 -4.625110
vt 0.936136 -4.966263
vt 0.936136 -4.625110
vt 0.936136 -3.896228
vt 0.631420 -3.896228
vt 0.936136 -3.161515
vt 0.631420 -3.161515
vt 0.631420 -2.043688
vt 0.936136 -2.043688
vt 0.631420 -0.921871
vt 0.936136 -0.921871
vt 0.365122 -5.004474
vt 0.365122 -4.331604
vt 0.365122 -3.658733
vt 0.655909 -2.793091
vt 0.365122 -2.793091
vt 0.655909 -2.607597
vt 0.365122 -2.607597
vt 0.655909 -2.422102
vt 0.365122 -2.422102
vt 0.049701 -4.625110
vt 0.049701 -3.896228
vt 0.354108 -4.625110
vt 0.354108 -3.896228
vt 0.049701 -3.161515
vt 0.354108 -3.161515
vt 0.354108 -2.043688
vt 0.049701 -2.043688
vt 0.049701 -0.921871
vt 0.354108 -0.921871
vt 0.492841 1.187611
vt 0.366769 -2.043688
vt 0.631052 -2.043688
vt 0.366769 -0.921871
vt 0.631052 -0.921871
vt 0.631052 -3.161515
vt 0.631052 -3.896228
vt 0.631052 -4.625110
vt 0.366769 -4.625110
vt 0.366769 -4.966263
vt 0.631052 -4.966263
vt 0.049701 -4.966263
vt 0.354108 -4.966263
vt 0.495915 1.187611
vt 0.488087 -1.664757
vt 0.049364 -3.658733
vt 0.049364 -2.793091
vt 0.049364 -2.607597
vt 0.049364 -2.422102
vt 0.540804 -0.890591
vt 0.950736 -2.422102
vt 0.950736 -2.607597
vt 0.950736 -2.793091
vt 0.366769 -3.161515
vt 0.366769 -3.896228
vt 0.049364 -5.004474
vt 0.049364 -4.331604
s 1
usemtl Material__82.001
f 4786/1221/240 4787/1222/241 4788/1223/242
f 4789/1222/243 4790/1224/244 4791/1223/245
f 4792/1223/242 4793/1224/244 4794/1221/246
f 4795/1224/244 4796/1222/247 4797/1221/248
f 4798/1222/249 4799/1224/250 4800/1225/251
f 4801/1225/251 4802/1224/244 4803/1226/252
f 4804/1226/252 4805/1224/244 4806/1225/253
f 4807/1224/244 4808/1222/243 4809/1225/254
f 4810/1225/253 4811/1222/243 4812/1227/255
f 4813/1227/255 4814/1222/243 4815/1228/256
f 4816/1222/243 4817/1221/240 4818/1228/256
f 4819/1228/256 4820/1221/240 4821/1229/257
f 4822/1221/258 4823/1230/259 4824/1229/260
f 4825/1230/259 4826/1221/258 4827/1231/261
f 4828/1231/261 4829/1221/258 4830/1232/262
f 4831/1221/240 4832/1223/242 4833/1232/262
f 4834/1232/262 4835/1223/242 4836/1231/263
f 4837/1223/264 4838/1221/265 4839/1231/266
f 4840/1231/267 4841/1221/265 4842/1230/268
f 4843/1221/265 4844/1229/269 4845/1230/270
f 4846/1229/271 4847/1221/272 4848/1228/273
f 4849/1221/272 4850/1222/247 4851/1228/273
f 4852/1233/274 4853/1230/268 4854/1234/275
f 4855/1230/268 4856/1229/271 4857/1234/276
f 4858/1234/275 4859/1229/269 4860/1235/277
f 4861/1229/271 4862/1228/273 4863/1235/278
f 4864/1235/277 4865/1228/273 4866/1236/279
f 4867/1228/280 4868/1227/281 4869/1236/282
f 4870/1237/283 4871/1238/284 4872/1239/285
f 4873/1238/284 4874/1240/286 4875/1239/285
f 4876/1240/286 4877/1241/287 4878/1239/285
f 4879/1239/288 4880/1241/287 4881/1242/289
f 4882/1241/287 4883/1243/290 4884/1242/291
f 4885/1243/290 4886/1241/287 4887/1244/292
f 4888/1244/292 4889/1241/287 4890/1245/293
f 4891/1241/287 4892/1240/286 4893/1245/293
f 4894/1245/293 4895/1240/294 4896/1246/295
f 4897/1240/286 4898/1247/296 4899/1246/295
f 4900/1246/295 4901/1247/296 4902/1248/297
f 4903/1247/296 4904/1246/298 4905/1248/297
f 4906/1246/298 4907/1247/296 4908/1240/299
f 4909/1240/300 4910/1247/296 4911/1238/301
f 4912/1238/301 4913/1247/302 4914/1249/303
f 4915/1247/296 4916/1240/304 4917/1249/303
f 4918/1240/305 4919/1238/284 4920/1249/303
f 4921/1249/303 4922/1238/284 4923/1237/306
f 4924/1250/307 4925/1251/308 4926/1252/309
f 4927/1252/309 4928/1251/308 4929/1253/310
f 4930/1251/308 4931/1254/311 4932/1253/312
f 4933/1253/313 4934/1254/311 4935/1255/314
f 4936/1242/291 4937/1239/315 4938/1237/316
f 4939/1237/317 4940/1239/315 4941/1238/301
f 4942/1242/289 4943/1243/290 4944/1239/315
f 4945/1239/315 4946/1243/290 4947/1241/318
f 4948/1243/290 4949/1244/292 4950/1241/318
f 4951/1241/318 4952/1244/292 4953/1245/319
f 4954/1246/298 4955/1240/299 4956/1245/320
f 4957/1245/320 4958/1240/299 4959/1241/318
f 4960/1241/318 4961/1240/299 4962/1239/315
f 4963/1240/300 4964/1238/301 4965/1239/315
f 4966/1238/301 4967/1249/303 4968/1237/283
f 4969/1256/321 4970/1257/322 4971/1258/323
f 4972/1258/324 4973/1257/322 4974/1259/325
f 4975/1259/326 4976/1257/322 4977/1260/327
f 4978/1257/328 4979/1261/329 4980/1260/327
f 4981/1260/327 4982/1261/329 4983/1262/330
f 4984/1261/329 4985/1263/331 4986/1262/330
f 4987/1263/332 4988/1264/333 4989/1262/330
f 4990/1262/330 4991/1264/334 4992/1265/335
f 4993/1264/333 4994/1266/336 4995/1265/335
f 4996/1265/335 4997/1266/337 4998/1267/338
f 4999/1252/339 5000/1253/313 5001/1268/340
f 5002/1268/340 5003/1253/310 5004/1269/341
f 5005/1269/342 5006/1253/313 5007/1270/343
f 5008/1253/310 5009/1255/344 5010/1270/343
f 5011/1255/344 5012/1271/345 5013/1270/343
f 5014/1270/343 5015/1271/345 5016/1272/346
f 5017/1271/345 5018/1273/347 5019/1272/346
f 5020/1272/346 5021/1273/348 5022/1274/349
f 5023/1273/348 5024/1275/350 5025/1274/349
f 5026/1274/349 5027/1275/351 5028/1276/352
f 5029/1277/353 5030/1278/354 5031/1279/355
f 5032/1279/355 5033/1278/354 5034/1280/356
f 5035/1278/354 5036/1281/357 5037/1280/356
f 5038/1280/356 5039/1281/358 5040/1282/359
f 5041/1282/359 5042/1281/358 5043/1283/360
f 5044/1281/357 5045/1284/361 5046/1283/362
f 5047/1284/361 5048/1285/363 5049/1283/360
f 5050/1283/360 5051/1285/363 5052/1286/364
f 5053/1285/363 5054/1287/365 5055/1286/366
f 5056/1239/285 5057/1242/291 5058/1237/367
f 5059/1288/368 5060/1289/369 5061/1290/370
f 5062/1290/371 5063/1289/372 5064/1291/373
f 5065/1289/369 5066/1267/338 5067/1291/373
f 5068/1267/338 5069/1289/374 5070/1265/375
f 5071/1289/372 5072/1292/376 5073/1265/335
f 5074/1265/335 5075/1292/376 5076/1262/330
f 5077/1262/330 5078/1292/377 5079/1260/327
f 5080/1292/377 5081/1293/378 5082/1260/327
f 5083/1260/327 5084/1293/378 5085/1259/325
f 5086/1259/325 5087/1293/378 5088/1294/379
f 5089/1293/378 5090/1295/380 5091/1294/379
f 5092/1294/379 5093/1295/381 5094/1296/382
f 5095/1296/382 5096/1297/383 5097/1294/379
f 5098/1294/379 5099/1297/383 5100/1259/384
f 5101/1297/383 5102/1258/385 5103/1259/325
f 5104/1296/382 5105/1295/381 5106/1298/386
f 5107/1295/387 5108/1277/353 5109/1298/388
f 5110/1298/389 5111/1277/353 5112/1299/390
f 5113/1277/353 5114/1279/355 5115/1299/390
f 5116/1299/390 5117/1279/355 5118/1256/321
f 5119/1279/355 5120/1257/391 5121/1256/321
f 5122/1300/392 5123/1291/393 5124/1267/338
f 5125/1225/394 5126/1226/252 5127/1301/395
f 5128/1301/396 5129/1226/397 5130/1225/254
f 5131/1225/253 5132/1227/255 5133/1301/396
f 5134/1301/398 5135/1227/255 5136/1236/282
f 5137/1225/399 5138/1227/400 5139/1301/401
f 5140/1301/402 5141/1227/400 5142/1236/403
f 5143/1236/403 5144/1227/404 5145/1301/405
f 5146/1227/406 5147/1225/407 5148/1301/405
f 5149/1225/407 5150/1226/408 5151/1301/409
f 5152/1301/405 5153/1226/408 5154/1225/410
f 5155/1270/343 5156/1272/411 5157/1302/412
f 5158/1302/413 5159/1272/414 5160/1303/415
f 5161/1272/416 5162/1274/417 5163/1303/418
f 5164/1303/419 5165/1274/349 5166/1304/420
f 5167/1274/349 5168/1276/352 5169/1304/421
f 5170/1304/422 5171/1276/423 5172/1305/424
f 5173/1276/425 5174/1305/426 5175/1306/427
f 5176/1302/428 5177/1303/419 5178/1270/429
f 5179/1270/429 5180/1303/415 5181/1272/430
f 5182/1272/431 5183/1303/419 5184/1274/432
f 5185/1303/419 5186/1304/421 5187/1274/433
f 5188/1274/434 5189/1304/420 5190/1276/435
f 5191/1304/436 5192/1305/424 5193/1276/425
f 5194/1287/365 5195/1267/437 5196/1266/337
f 5197/1287/392 5198/1266/336 5199/1286/364
f 5200/1266/438 5201/1264/439 5202/1286/364
f 5203/1286/364 5204/1264/333 5205/1283/440
f 5206/1264/333 5207/1263/331 5208/1283/441
f 5209/1283/360 5210/1263/332 5211/1282/359
f 5212/1282/359 5213/1263/332 5214/1280/356
f 5215/1263/331 5216/1261/442 5217/1280/356
f 5218/1280/356 5219/1261/329 5220/1279/355
f 5221/1261/442 5222/1257/322 5223/1279/355
f 5224/1300/443 5225/1290/444 5226/1291/373
f 5227/1275/351 5228/1273/445 5229/1307/446
f 5230/1307/447 5231/1273/445 5232/1308/448
f 5233/1273/445 5234/1271/449 5235/1308/448
f 5236/1308/450 5237/1271/345 5238/1309/451
f 5239/1309/451 5240/1271/345 5241/1254/311
f 5242/1271/345 5243/1255/314 5244/1254/311
f 5245/1300/452 5246/1285/453 5247/1290/444
f 5248/1290/444 5249/1285/363 5250/1288/368
f 5251/1285/363 5252/1284/361 5253/1288/368
f 5254/1288/454 5255/1284/361 5256/1310/455
f 5257/1284/361 5258/1281/358 5259/1310/456
f 5260/1281/358 5261/1278/354 5262/1310/457
f 5263/1310/456 5264/1278/354 5265/1311/458
f 5266/1278/354 5267/1277/353 5268/1311/458
f 5269/1311/458 5270/1277/353 5271/1295/459
f 5272/1295/381 5273/1293/378 5274/1311/458
f 5275/1293/378 5276/1292/376 5277/1311/458
f 5278/1311/458 5279/1292/376 5280/1310/455
f 5281/1310/456 5282/1292/376 5283/1288/368
f 5284/1292/377 5285/1289/460 5286/1288/368
f 5287/1312/461 5288/1268/340 5289/1313/462
f 5290/1268/463 5291/1269/342 5292/1313/464
f 5293/1313/465 5294/1269/466 5295/1302/413
f 5296/1269/341 5297/1270/343 5298/1302/413
f 5299/1230/259 5300/1233/274 5301/1229/467
f 5302/1233/468 5303/1234/275 5304/1229/260
f 5305/1229/257 5306/1234/276 5307/1228/469
f 5308/1234/275 5309/1235/470 5310/1228/256
f 5311/1235/471 5312/1236/279 5313/1228/256
f 5314/1228/472 5315/1236/473 5316/1227/255
f 5317/1275/351 5318/1307/447 5319/1306/474
f 5320/1306/474 5321/1307/447 5322/1275/475
f 5323/1275/475 5324/1307/446 5325/1273/476
f 5326/1307/447 5327/1308/448 5328/1273/477
f 5329/1273/478 5330/1308/448 5331/1271/479
f 5332/1308/448 5333/1309/451 5334/1271/479
f 5335/1271/480 5336/1309/481 5337/1255/482
f 5338/1309/451 5339/1254/311 5340/1255/482
f 5341/1254/311 5342/1251/308 5343/1255/482
f 5344/1255/482 5345/1251/308 5346/1253/483
f 5347/1251/484 5348/1250/485 5349/1253/483
f 5350/1253/486 5351/1250/487 5352/1252/488
f 5353/1252/488 5354/1268/489 5355/1253/483
f 5356/1268/490 5357/1269/491 5358/1253/486
f 5359/1269/491 5360/1270/429 5361/1253/486
f 5362/1253/486 5363/1270/429 5364/1255/482
f 5365/1255/482 5366/1270/429 5367/1271/479
f 5368/1270/429 5369/1272/430 5370/1271/479
f 5371/1271/480 5372/1272/430 5373/1273/477
f 5374/1272/430 5375/1274/434 5376/1273/477
f 5377/1273/492 5378/1274/433 5379/1275/475
f 5380/1274/434 5381/1276/425 5382/1275/475
f 5383/1275/475 5384/1276/425 5385/1306/493
f 5386/1236/279 5387/1227/494 5388/1301/398
f 5389/1301/398 5390/1227/281 5391/1225/394
f 5392/1268/490 5393/1312/495 5394/1269/496
f 5395/1312/497 5396/1313/464 5397/1269/491
f 5398/1269/491 5399/1313/464 5400/1270/429
f 5401/1313/464 5402/1302/498 5403/1270/429
f 5404/1276/499 5405/1275/500 5406/1306/501
f 5407/1305/424 5408/1276/499 5409/1306/501
f 5410/1228/273 5411/1222/247 5412/1227/281
f 5413/1222/247 5414/1225/251 5415/1227/281
g Atomic7_meshId11_name
v -337.295441 -437.296509 177.281372
v -323.568848 -442.392487 222.506180
v -342.143829 -449.227295 178.058365
v -323.568848 -442.392487 222.506180
v -327.004761 -449.531586 223.254913
v -342.143829 -449.227295 178.058365
v -342.143829 -449.227295 178.058365
v -327.004761 -449.531586 223.254913
v -351.183319 -451.914459 186.028687
v -327.004761 -449.531586 223.254913
v -333.524384 -450.370880 226.801025
v -351.183319 -451.914459 186.028687
v -351.183319 -451.914459 186.028687
v -333.524384 -450.370880 226.801025
v -336.608063 -444.071106 229.598450
v -333.524384 -450.370880 226.801025
v -308.510010 -433.513489 283.682220
v -336.608063 -444.071106 229.598450
v -336.608063 -444.071106 229.598450
v -308.510010 -433.513489 283.682220
v -333.172150 -436.932007 228.849762
v -308.510010 -433.513489 283.682220
v -306.408783 -429.951050 283.245667
v -333.172150 -436.932007 228.849762
v -333.172150 -436.932007 228.849762
v -306.408783 -429.951050 283.245667
v -326.652588 -436.092682 225.303619
v -306.408783 -429.951050 283.245667
v -302.751007 -429.923340 281.266724
v -326.652588 -436.092682 225.303619
v -423.490356 -463.649567 227.310303
v -416.927734 -471.280518 227.136414
v -439.638641 -473.833221 283.922028
v -416.927734 -471.280518 227.136414
v -436.557373 -478.440704 283.684631
v -439.638641 -473.833221 283.922028
v -439.638641 -473.833221 283.922028
v -436.557373 -478.440704 283.684631
v -514.066223 -488.402893 380.997589
v -336.608063 -444.071106 229.598450
v -355.374420 -442.670868 193.222046
v -351.183319 -451.914459 186.028687
v -351.183319 -451.914459 186.028687
v -355.374420 -442.670868 193.222046
v -383.565765 -427.485840 170.828293
v -355.374420 -442.670868 193.222046
v -350.526001 -430.740112 192.445099
v -383.565765 -427.485840 170.828293
v -383.565765 -427.485840 170.828293
v -350.526001 -430.740112 192.445099
v -378.624176 -413.246033 171.674408
v -350.526001 -430.740112 192.445099
v -341.486511 -428.052948 184.474762
v -378.624176 -413.246033 171.674408
v -378.624176 -413.246033 171.674408
v -341.486511 -428.052948 184.474762
v -372.719543 -406.568634 159.490204
v -341.486511 -428.052948 184.474762
v -350.526001 -430.740112 192.445099
v -326.652588 -436.092682 225.303619
v -326.652588 -436.092682 225.303619
v -350.526001 -430.740112 192.445099
v -333.172150 -436.932007 228.849762
v -350.526001 -430.740112 192.445099
v -355.374420 -442.670868 193.222046
v -333.172150 -436.932007 228.849762
v -333.172150 -436.932007 228.849762
v -355.374420 -442.670868 193.222046
v -336.608063 -444.071106 229.598450
v -374.941040 -435.296173 267.982147
v -363.603699 -424.838165 167.061646
v -371.502258 -418.652313 267.982147
v -371.502258 -418.652313 267.982147
v -363.603699 -424.838165 167.061646
v -364.346283 -406.430237 167.061646
v -364.346283 -406.430237 167.061646
v -363.603699 -424.838165 167.061646
v -381.885254 -420.674072 100.716011
v -363.603699 -424.838165 167.061646
v -378.477478 -439.479736 100.716011
v -381.885254 -420.674072 100.716011
v -381.885254 -420.674072 100.716011
v -378.477478 -439.479736 100.716011
v -387.481750 -422.975464 34.370377
v -378.477478 -439.479736 100.716011
v -381.408752 -442.178833 34.370377
v -387.481750 -422.975464 34.370377
v -395.002869 -457.039886 34.370377
v -381.408752 -442.178833 34.370377
v -393.059784 -451.833771 100.716011
v -381.408752 -442.178833 34.370377
v -378.477478 -439.479736 100.716011
v -393.059784 -451.833771 100.716011
v -387.316803 -368.352509 240.962982
v -377.497620 -378.431793 206.161972
v -393.595917 -369.283447 241.275360
v -377.497620 -378.431793 206.161972
v -387.984741 -380.693207 206.728470
v -393.595917 -369.283447 241.275360
v -393.595917 -369.283447 241.275360
v -387.984741 -380.693207 206.728470
v -396.027740 -374.087280 243.991241
v -387.984741 -380.693207 206.728470
v -392.056030 -386.576721 213.688644
v -396.027740 -374.087280 243.991241
v -396.027740 -374.087280 243.991241
v -392.056030 -386.576721 213.688644
v -392.180450 -377.960144 246.394699
v -392.056030 -386.576721 213.688644
v -385.640167 -390.198822 220.082275
v -392.180450 -377.960144 246.394699
v -385.640167 -390.198822 220.082275
v -375.153015 -387.937408 219.515778
v -392.180450 -377.960144 246.394699
v -392.180450 -377.960144 246.394699
v -375.153015 -387.937408 219.515778
v -385.901367 -377.029175 246.082382
v -375.153015 -387.937408 219.515778
v -371.081757 -382.053894 212.555649
v -385.901367 -377.029175 246.082382
v -371.081757 -382.053894 212.555649
v -383.469574 -372.225372 243.366501
v -385.901367 -377.029175 246.082382
v -385.901367 -377.029175 246.082382
v -383.469574 -372.225372 243.366501
v -389.212708 -364.448822 277.815216
v -383.469574 -372.225372 243.366501
v -387.130066 -361.014404 276.211151
v -389.212708 -364.448822 277.815216
v -389.212708 -364.448822 277.815216
v -387.130066 -361.014404 276.211151
v -373.775360 -323.703888 356.981079
v -387.130066 -361.014404 276.211151
v -389.335419 -357.915009 274.153137
v -373.775360 -323.703888 356.981079
v -383.565765 -427.485840 170.828293
v -382.602753 -435.048279 157.797958
v -351.183319 -451.914459 186.028687
v -351.183319 -451.914459 186.028687
v -382.602753 -435.048279 157.797958
v -342.143829 -449.227295 178.058365
v -382.602753 -435.048279 157.797958
v -376.698059 -428.370880 145.613770
v -342.143829 -449.227295 178.058365
v -342.143829 -449.227295 178.058365
v -376.698059 -428.370880 145.613770
v -337.295441 -437.296509 177.281372
v -376.698059 -428.370880 145.613770
v -371.756500 -414.131073 146.459900
v -337.295441 -437.296509 177.281372
v -337.295441 -437.296509 177.281372
v -371.756500 -414.131073 146.459900
v -372.719543 -406.568634 159.490204
v -372.719543 -406.568634 159.490204
v -341.486511 -428.052948 184.474762
v -337.295441 -437.296509 177.281372
v -341.486511 -428.052948 184.474762
v -326.652588 -436.092682 225.303619
v -337.295441 -437.296509 177.281372
v -337.295441 -437.296509 177.281372
v -326.652588 -436.092682 225.303619
v -323.568848 -442.392487 222.506180
v -326.652588 -436.092682 225.303619
v -302.751007 -429.923340 281.266724
v -323.568848 -442.392487 222.506180
v -323.568848 -442.392487 222.506180
v -302.751007 -429.923340 281.266724
v -301.194427 -433.458069 279.724274
v -301.194427 -433.458069 279.724274
v -303.295593 -437.020538 280.160736
v -323.568848 -442.392487 222.506180
v -323.568848 -442.392487 222.506180
v -303.295593 -437.020538 280.160736
v -327.004761 -449.531586 223.254913
v -303.295593 -437.020538 280.160736
v -306.953430 -437.048218 282.139740
v -327.004761 -449.531586 223.254913
v -327.004761 -449.531586 223.254913
v -306.953430 -437.048218 282.139740
v -333.524384 -450.370880 226.801025
v -306.953430 -437.048218 282.139740
v -308.510010 -433.513489 283.682220
v -333.524384 -450.370880 226.801025
v -308.510010 -433.513489 283.682220
v -306.953430 -437.048218 282.139740
v -292.047302 -482.675842 356.649536
v -306.953430 -437.048218 282.139740
v -303.295593 -437.020538 280.160736
v -292.047302 -482.675842 356.649536
v -301.194427 -433.458069 279.724274
v -302.751007 -429.923340 281.266724
v -292.047302 -482.675842 356.649536
v -302.751007 -429.923340 281.266724
v -306.408783 -429.951050 283.245667
v -292.047302 -482.675842 356.649536
v -306.408783 -429.951050 283.245667
v -308.510010 -433.513489 283.682220
v -292.047302 -482.675842 356.649536
v -514.066223 -488.402893 380.997589
v -437.388855 -469.079559 285.688568
v -439.638641 -473.833221 283.922028
v -439.638641 -473.833221 283.922028
v -437.388855 -469.079559 285.688568
v -423.490356 -463.649567 227.310303
v -437.388855 -469.079559 285.688568
v -423.107727 -456.962646 233.973114
v -423.490356 -463.649567 227.310303
v -423.490356 -463.649567 227.310303
v -423.107727 -456.962646 233.973114
v -394.996674 -411.249847 197.157242
v -394.996674 -411.249847 197.157242
v -392.116760 -417.868652 187.290527
v -423.490356 -463.649567 227.310303
v -392.116760 -417.868652 187.290527
v -383.357025 -426.368744 187.975708
v -423.490356 -463.649567 227.310303
v -423.490356 -463.649567 227.310303
v -383.357025 -426.368744 187.975708
v -416.927734 -471.280518 227.136414
v -383.357025 -426.368744 187.975708
v -377.477203 -428.250061 198.527664
v -416.927734 -471.280518 227.136414
v -416.927734 -471.280518 227.136414
v -377.477203 -428.250061 198.527664
v -409.982483 -472.224579 233.625305
v -409.982483 -472.224579 233.625305
v -431.226318 -478.294495 285.213745
v -416.927734 -471.280518 227.136414
v -416.927734 -471.280518 227.136414
v -431.226318 -478.294495 285.213745
v -436.557373 -478.440704 283.684631
v -431.226318 -478.294495 285.213745
v -514.066223 -488.402893 380.997589
v -436.557373 -478.440704 283.684631
v -303.295593 -437.020538 280.160736
v -301.194427 -433.458069 279.724274
v -292.047302 -482.675842 356.649536
v -404.599121 -438.604675 350.937195
v -371.502258 -418.652313 267.982147
v -409.304749 -431.326019 350.937195
v -409.304749 -431.326019 350.937195
v -371.502258 -418.652313 267.982147
v -384.196899 -407.352325 267.982147
v -384.196899 -407.352325 267.982147
v -371.502258 -418.652313 267.982147
v -380.659302 -397.869354 167.061646
v -371.502258 -418.652313 267.982147
v -364.346283 -406.430237 167.061646
v -380.659302 -397.869354 167.061646
v -364.346283 -406.430237 167.061646
v -381.885254 -420.674072 100.716011
v -380.659302 -397.869354 167.061646
v -380.659302 -397.869354 167.061646
v -381.885254 -420.674072 100.716011
v -399.875305 -414.222473 100.716011
v -381.885254 -420.674072 100.716011
v -387.481750 -422.975464 34.370377
v -399.875305 -414.222473 100.716011
v -399.875305 -414.222473 100.716011
v -387.481750 -422.975464 34.370377
v -407.148865 -418.633148 34.370377
v -407.148865 -418.633148 34.370377
v -407.583008 -412.720825 3.696320
v -420.742950 -433.494171 34.370377
v -407.583008 -412.720825 3.696320
v -426.080292 -430.914032 3.696320
v -420.742950 -433.494171 34.370377
v -420.742950 -433.494171 34.370377
v -414.457611 -426.576508 100.716011
v -407.148865 -418.633148 34.370377
v -407.148865 -418.633148 34.370377
v -414.457611 -426.576508 100.716011
v -399.875305 -414.222473 100.716011
v -414.457611 -426.576508 100.716011
v -396.229736 -407.716370 167.061646
v -399.875305 -414.222473 100.716011
v -399.875305 -414.222473 100.716011
v -396.229736 -407.716370 167.061646
v -380.659302 -397.869354 167.061646
v -380.659302 -397.869354 167.061646
v -396.229736 -407.716370 167.061646
v -384.196899 -407.352325 267.982147
v -396.229736 -407.716370 167.061646
v -400.330292 -412.696198 267.982147
v -384.196899 -407.352325 267.982147
v -384.196899 -407.352325 267.982147
v -400.330292 -412.696198 267.982147
v -409.304749 -431.326019 350.937195
v -400.330292 -412.696198 267.982147
v -417.961060 -431.761902 350.937195
v -409.304749 -431.326019 350.937195
v -409.304749 -431.326019 350.937195
v -417.961060 -431.761902 350.937195
v -431.302795 -436.182404 426.918060
v -389.116821 -413.131165 207.709137
v -416.162476 -457.906708 240.461960
v -380.357117 -421.631287 208.394318
v -380.357117 -421.631287 208.394318
v -416.162476 -457.906708 240.461960
v -409.599884 -465.537689 240.288086
v -416.162476 -457.906708 240.461960
v -432.057800 -468.933380 287.217651
v -409.599884 -465.537689 240.288086
v -409.599884 -465.537689 240.288086
v -432.057800 -468.933380 287.217651
v -428.976562 -473.540833 286.980255
v -432.057800 -468.933380 287.217651
v -514.066223 -488.402893 380.997589
v -428.976562 -473.540833 286.980255
v -373.079224 -413.320618 173.189346
v -371.081757 -382.053894 212.555649
v -377.324982 -417.178192 182.994324
v -371.081757 -382.053894 212.555649
v -375.153015 -387.937408 219.515778
v -377.324982 -417.178192 182.994324
v -375.153015 -387.937408 219.515778
v -385.640167 -390.198822 220.082275
v -377.324982 -417.178192 182.994324
v -377.324982 -417.178192 182.994324
v -385.640167 -390.198822 220.082275
v -388.235046 -420.278137 183.630981
v -385.640167 -390.198822 220.082275
v -392.056030 -386.576721 213.688644
v -388.235046 -420.278137 183.630981
v -388.235046 -420.278137 183.630981
v -392.056030 -386.576721 213.688644
v -394.899414 -419.520569 174.462738
v -392.056030 -386.576721 213.688644
v -387.984741 -380.693207 206.728470
v -394.899414 -419.520569 174.462738
v -394.899414 -419.520569 174.462738
v -387.984741 -380.693207 206.728470
v -390.653656 -415.662994 164.657715
v -390.653656 -415.662994 164.657715
v -387.984741 -380.693207 206.728470
v -379.743561 -412.563049 164.021027
v -387.984741 -380.693207 206.728470
v -377.497620 -378.431793 206.161972
v -379.743561 -412.563049 164.021027
v -379.743561 -412.563049 164.021027
v -377.497620 -378.431793 206.161972
v -373.079224 -413.320618 173.189346
v -377.497620 -378.431793 206.161972
v -371.081757 -382.053894 212.555649
v -373.079224 -413.320618 173.189346
v -371.081757 -382.053894 212.555649
v -377.497620 -378.431793 206.161972
v -383.469574 -372.225372 243.366501
v -377.497620 -378.431793 206.161972
v -387.316803 -368.352509 240.962982
v -383.469574 -372.225372 243.366501
v -383.469574 -372.225372 243.366501
v -387.316803 -368.352509 240.962982
v -387.130066 -361.014404 276.211151
v -387.316803 -368.352509 240.962982
v -389.335419 -357.915009 274.153137
v -387.130066 -361.014404 276.211151
v -393.059784 -451.833771 100.716011
v -378.477478 -439.479736 100.716011
v -379.174164 -434.685181 167.061646
v -378.477478 -439.479736 100.716011
v -363.603699 -424.838165 167.061646
v -379.174164 -434.685181 167.061646
v -363.603699 -424.838165 167.061646
v -374.941040 -435.296173 267.982147
v -379.174164 -434.685181 167.061646
v -379.174164 -434.685181 167.061646
v -374.941040 -435.296173 267.982147
v -391.074432 -440.640045 267.982147
v -374.941040 -435.296173 267.982147
v -408.549805 -446.319214 350.937195
v -391.074432 -440.640045 267.982147
v -391.074432 -440.640045 267.982147
v -408.549805 -446.319214 350.937195
v -417.206116 -446.755066 350.937195
v -408.549805 -446.319214 350.937195
v -431.302795 -436.182404 426.918060
v -417.206116 -446.755066 350.937195
v -371.502258 -418.652313 267.982147
v -404.599121 -438.604675 350.937195
v -374.941040 -435.296173 267.982147
v -404.599121 -438.604675 350.937195
v -408.549805 -446.319214 350.937195
v -374.941040 -435.296173 267.982147
v -393.500732 -364.783813 277.361267
v -389.212708 -364.448822 277.815216
v -373.775360 -323.703888 356.981079
v -394.996674 -411.249847 197.157242
v -423.107727 -456.962646 233.973114
v -389.116821 -413.131165 207.709137
v -389.116821 -413.131165 207.709137
v -423.107727 -456.962646 233.973114
v -416.162476 -457.906708 240.461960
v -416.162476 -457.906708 240.461960
v -423.107727 -456.962646 233.973114
v -432.057800 -468.933380 287.217651
v -423.107727 -456.962646 233.973114
v -437.388855 -469.079559 285.688568
v -432.057800 -468.933380 287.217651
v -432.057800 -468.933380 287.217651
v -437.388855 -469.079559 285.688568
v -514.066223 -488.402893 380.997589
v -419.573120 -456.029724 3.696320
v -414.669983 -452.697540 34.370377
v -426.080292 -430.914032 3.696320
v -426.080292 -430.914032 3.696320
v -414.669983 -452.697540 34.370377
v -420.742950 -433.494171 34.370377
v -414.669983 -452.697540 34.370377
v -411.049835 -445.382172 100.716011
v -420.742950 -433.494171 34.370377
v -420.742950 -433.494171 34.370377
v -411.049835 -445.382172 100.716011
v -414.457611 -426.576508 100.716011
v -411.049835 -445.382172 100.716011
v -395.487183 -426.124298 167.061646
v -414.457611 -426.576508 100.716011
v -414.457611 -426.576508 100.716011
v -395.487183 -426.124298 167.061646
v -396.229736 -407.716370 167.061646
v -396.229736 -407.716370 167.061646
v -395.487183 -426.124298 167.061646
v -400.330292 -412.696198 267.982147
v -395.487183 -426.124298 167.061646
v -403.769043 -429.340027 267.982147
v -400.330292 -412.696198 267.982147
v -400.330292 -412.696198 267.982147
v -403.769043 -429.340027 267.982147
v -417.961060 -431.761902 350.937195
v -403.769043 -429.340027 267.982147
v -421.911743 -439.476410 350.937195
v -417.961060 -431.761902 350.937195
v -417.961060 -431.761902 350.937195
v -421.911743 -439.476410 350.937195
v -431.302795 -436.182404 426.918060
v -389.335419 -357.915009 274.153137
v -393.623505 -358.249969 273.699188
v -373.775360 -323.703888 356.981079
v -395.706146 -361.684418 275.303284
v -393.500732 -364.783813 277.361267
v -373.775360 -323.703888 356.981079
v -393.623505 -358.249969 273.699188
v -395.706146 -361.684418 275.303284
v -373.775360 -323.703888 356.981079
v -377.477203 -428.250061 198.527664
v -380.357117 -421.631287 208.394318
v -409.982483 -472.224579 233.625305
v -380.357117 -421.631287 208.394318
v -409.599884 -465.537689 240.288086
v -409.982483 -472.224579 233.625305
v -409.599884 -465.537689 240.288086
v -428.976562 -473.540833 286.980255
v -409.982483 -472.224579 233.625305
v -409.982483 -472.224579 233.625305
v -428.976562 -473.540833 286.980255
v -431.226318 -478.294495 285.213745
v -428.976562 -473.540833 286.980255
v -514.066223 -488.402893 380.997589
v -431.226318 -478.294495 285.213745
v -389.212708 -364.448822 277.815216
v -393.500732 -364.783813 277.361267
v -385.901367 -377.029175 246.082382
v -393.500732 -364.783813 277.361267
v -392.180450 -377.960144 246.394699
v -385.901367 -377.029175 246.082382
v -389.335419 -357.915009 274.153137
v -387.316803 -368.352509 240.962982
v -393.623505 -358.249969 273.699188
v -387.316803 -368.352509 240.962982
v -393.595917 -369.283447 241.275360
v -393.623505 -358.249969 273.699188
v -393.623505 -358.249969 273.699188
v -393.595917 -369.283447 241.275360
v -395.706146 -361.684418 275.303284
v -393.595917 -369.283447 241.275360
v -396.027740 -374.087280 243.991241
v -395.706146 -361.684418 275.303284
v -395.706146 -361.684418 275.303284
v -396.027740 -374.087280 243.991241
v -393.500732 -364.783813 277.361267
v -396.027740 -374.087280 243.991241
v -392.180450 -377.960144 246.394699
v -393.500732 -364.783813 277.361267
v -407.583008 -412.720825 3.696320
v -407.148865 -418.633148 34.370377
v -382.578644 -419.643280 3.696320
v -407.148865 -418.633148 34.370377
v -387.481750 -422.975464 34.370377
v -382.578644 -419.643280 3.696320
v -382.578644 -419.643280 3.696320
v -387.481750 -422.975464 34.370377
v -376.071472 -444.758972 3.696320
v -387.481750 -422.975464 34.370377
v -381.408752 -442.178833 34.370377
v -376.071472 -444.758972 3.696320
v -376.071472 -444.758972 3.696320
v -381.408752 -442.178833 34.370377
v -394.568665 -462.952179 3.696320
v -381.408752 -442.178833 34.370377
v -395.002869 -457.039886 34.370377
v -394.568665 -462.952179 3.696320
v -394.568665 -462.952179 3.696320
v -395.002869 -457.039886 34.370377
v -419.573120 -456.029724 3.696320
v -395.002869 -457.039886 34.370377
v -414.669983 -452.697540 34.370377
v -419.573120 -456.029724 3.696320
v -414.669983 -452.697540 34.370377
v -395.002869 -457.039886 34.370377
v -411.049835 -445.382172 100.716011
v -395.002869 -457.039886 34.370377
v -393.059784 -451.833771 100.716011
v -411.049835 -445.382172 100.716011
v -411.049835 -445.382172 100.716011
v -393.059784 -451.833771 100.716011
v -395.487183 -426.124298 167.061646
v -393.059784 -451.833771 100.716011
v -379.174164 -434.685181 167.061646
v -395.487183 -426.124298 167.061646
v -379.174164 -434.685181 167.061646
v -391.074432 -440.640045 267.982147
v -395.487183 -426.124298 167.061646
v -395.487183 -426.124298 167.061646
v -391.074432 -440.640045 267.982147
v -403.769043 -429.340027 267.982147
v -391.074432 -440.640045 267.982147
v -417.206116 -446.755066 350.937195
v -403.769043 -429.340027 267.982147
v -403.769043 -429.340027 267.982147
v -417.206116 -446.755066 350.937195
v -421.911743 -439.476410 350.937195
v -417.206116 -446.755066 350.937195
v -431.302795 -436.182404 426.918060
v -421.911743 -439.476410 350.937195
v -431.302795 -436.182404 426.918060
v -408.549805 -446.319214 350.937195
v -404.599121 -438.604675 350.937195
v -431.302795 -436.182404 426.918060
v -404.599121 -438.604675 350.937195
v -409.304749 -431.326019 350.937195
vn 0.8549 0.0838 -0.5120
vn 0.9493 0.0079 -0.3141
vn 0.4646 -0.7378 -0.4897
vn 0.9494 0.0079 -0.3141
vn 0.5571 -0.8220 -0.1180
vn -0.3045 -0.9521 0.0292
vn -0.3355 -0.9018 0.2724
vn -0.3044 -0.9521 0.0292
vn -0.3044 -0.9521 0.0293
vn -0.8795 -0.0980 0.4657
vn -0.9134 0.1366 0.3834
vn -0.5410 0.7979 0.2658
vn -0.9134 0.1366 0.3835
vn -0.2976 0.8786 0.3735
vn 0.4288 0.8931 -0.1364
vn 0.5478 0.8355 0.0422
vn 0.4288 0.8930 -0.1364
vn -0.8395 -0.1818 -0.5121
vn -0.2113 -0.8017 -0.5592
vn -0.8855 0.0059 -0.4645
vn -0.2114 -0.8017 -0.5591
vn -0.3669 -0.8836 -0.2910
vn -0.8856 0.0059 -0.4645
vn -0.6358 -0.1177 0.7628
vn -0.7887 -0.2316 0.5695
vn -0.6834 -0.3068 0.6624
vn -0.3530 0.7316 0.5832
vn -0.3529 0.7316 0.5833
vn -0.1593 0.6281 0.7616
vn 0.5511 0.8344 -0.0033
vn 0.5630 0.8262 0.0217
vn 0.4288 0.8931 -0.1363
vn -0.3529 0.7316 0.5832
vn -0.5410 0.7979 0.2659
vn 0.7579 -0.6400 0.1264
vn 0.9122 -0.4060 -0.0550
vn 0.9177 0.3112 0.2468
vn 0.8333 0.5448 -0.0940
vn 0.7558 0.6188 -0.2141
vn 0.9253 -0.3734 -0.0666
vn 0.6771 0.7344 0.0460
vn 0.9253 -0.3734 -0.0665
vn 0.9706 -0.2266 0.0808
vn 0.2881 -0.9487 0.1300
vn 0.1536 -0.9771 0.1471
vn 0.3045 0.9255 -0.2251
vn 0.2951 0.8490 -0.4383
vn -0.6268 0.7204 -0.2968
vn 0.2950 0.8490 -0.4383
vn -0.5831 0.6974 -0.4167
vn -0.5831 0.6974 -0.4168
vn -0.9882 -0.1532 -0.0014
vn -0.9923 -0.1157 0.0444
vn -0.9923 -0.1156 0.0445
vn -0.3595 -0.8678 0.3431
vn -0.2369 -0.8433 0.4825
vn 0.6850 -0.5438 0.4849
vn -0.3595 -0.8677 0.3431
vn -0.3595 -0.8678 0.3432
vn 0.6849 -0.5438 0.4849
vn 0.5832 -0.6954 0.4199
vn 0.9484 0.3159 0.0288
vn 0.5832 -0.6954 0.4200
vn 0.9484 0.3159 0.0287
vn 0.9540 0.2566 0.1551
vn 0.9540 0.2565 0.1551
vn 0.4836 -0.8043 0.3454
vn 0.9994 -0.0098 -0.0346
vn 0.4836 -0.8043 0.3453
vn 0.9994 -0.0099 -0.0346
vn 0.1929 0.4126 0.8903
vn 0.4519 0.8319 -0.3221
vn 0.1930 0.4126 0.8902
vn -0.6835 -0.3067 0.6624
vn -0.3421 -0.9194 -0.1942
vn 0.3807 -0.5171 -0.7666
vn 0.3808 -0.5171 -0.7666
vn 0.7341 0.2540 -0.6298
vn 0.7340 0.2540 -0.6298
vn 0.5629 0.8262 0.0217
vn 0.8548 0.0838 -0.5121
vn 0.5511 0.8344 -0.0032
vn 0.4288 0.8930 -0.1363
vn 0.9493 0.0080 -0.3141
vn 0.9666 0.0705 -0.2465
vn 0.5113 -0.8134 -0.2776
vn 0.9493 0.0079 -0.3142
vn 0.5113 -0.8133 -0.2776
vn -0.5712 -0.8200 0.0373
vn 0.5570 -0.8221 -0.1180
vn 0.5571 -0.8221 -0.1180
vn -0.3355 -0.9018 0.2725
vn -0.9134 0.1365 0.3835
vn -0.5712 -0.8200 0.0372
vn 0.1418 -0.5425 0.8280
vn 0.5112 -0.8134 -0.2775
vn 0.1419 -0.5426 0.8279
vn 0.9666 0.0705 -0.2464
vn 0.5478 0.8356 0.0422
vn 0.1418 -0.5426 0.8279
vn -0.6359 -0.1176 0.7628
vn -0.4753 0.8779 -0.0585
vn -0.4753 0.8779 -0.0584
vn -0.8394 -0.1818 -0.5121
vn -0.7935 0.6063 0.0534
vn -0.8394 -0.1819 -0.5121
vn -0.8670 0.4923 -0.0768
vn -0.7043 -0.1278 -0.6983
vn -0.0137 -0.6602 -0.7510
vn -0.0136 -0.6602 -0.7510
vn 0.7607 -0.6447 -0.0756
vn 0.7607 -0.6447 -0.0757
vn 0.5700 -0.8195 -0.0593
vn 0.5701 -0.8194 -0.0593
vn 0.4915 -0.8465 0.2046
vn 0.1419 -0.5425 0.8280
vn 0.9304 0.0113 0.3663
vn 0.4232 0.8604 0.2841
vn 0.4232 0.8604 0.2840
vn 0.2147 0.9559 0.2003
vn 0.0067 0.9985 -0.0548
vn 0.0067 0.9985 -0.0547
vn 0.0066 0.9985 -0.0547
vn -0.2134 0.9711 -0.1070
vn 0.6771 0.7344 0.0461
vn -0.3156 0.9467 0.0654
vn -0.3155 0.9467 0.0654
vn -0.2446 0.9491 0.1986
vn -0.9729 0.2003 0.1152
vn -0.9442 0.2627 0.1986
vn -0.9437 0.3090 0.1183
vn -0.3156 0.9466 0.0654
vn -0.9437 0.3090 0.1182
vn -0.8490 0.5257 0.0528
vn -0.8491 0.5256 0.0528
vn -0.7234 0.6903 0.0104
vn 0.2147 0.9559 0.2002
vn -0.7234 0.6903 0.0103
vn -0.5652 0.8248 -0.0131
vn -0.5652 0.8248 -0.0130
vn -0.2288 0.0362 0.9728
vn -0.2180 0.6730 0.7068
vn 0.1926 0.7852 0.5886
vn 0.6810 0.0728 0.7286
vn 0.8657 -0.0134 0.5004
vn 0.1925 0.7852 0.5886
vn 0.4083 0.8008 0.4383
vn 0.8657 -0.0134 0.5005
vn 0.8656 -0.0134 0.5005
vn 0.4082 0.8008 0.4383
vn 0.8507 -0.0303 0.5247
vn 0.4082 0.8007 0.4384
vn 0.8508 -0.0303 0.5246
vn 0.9199 0.2790 -0.2757
vn 0.6573 -0.6023 0.4529
vn 0.6573 -0.6023 0.4530
vn -0.2368 -0.8433 0.4825
vn -0.3978 -0.6908 0.6037
vn -0.9923 -0.1156 0.0444
vn -0.3978 -0.6908 0.6038
vn -0.9942 0.1056 -0.0203
vn -0.5942 0.6367 -0.4915
vn 0.0947 0.7667 -0.6349
vn 0.0947 0.7668 -0.6349
vn 0.9484 0.3158 0.0288
vn 0.2950 0.8491 -0.4383
vn 0.1535 -0.9771 0.1471
vn 0.0974 -0.9929 0.0685
vn 0.7579 -0.6400 0.1263
vn -0.1663 -0.9816 -0.0943
vn 0.5016 -0.8462 0.1798
vn -0.1663 -0.9816 -0.0942
vn -0.4464 -0.8925 -0.0645
vn -0.2287 0.0362 0.9728
vn 0.9178 0.3112 0.2468
vn 0.5016 -0.8462 0.1797
vn -0.5029 -0.7586 0.4143
vn -0.8670 0.4923 -0.0769
vn -0.7934 0.6063 0.0534
vn -0.2180 0.6729 0.7068
vn -0.2181 0.6729 0.7068
vn 0.1926 0.7852 0.5885
vn -0.7935 0.6063 0.0535
vn 0.4083 0.8007 0.4384
vn -0.6358 -0.1176 0.7628
vn -0.6996 -0.6864 0.1986
vn -0.6631 -0.7342 0.1458
vn -0.7356 -0.6397 0.2229
vn -0.7356 -0.6396 0.2230
vn -0.8467 -0.5144 0.1359
vn -0.8467 -0.5144 0.1360
vn -0.8491 0.5257 0.0528
vn -0.9415 -0.2932 -0.1664
vn -0.9830 -0.0726 -0.1684
vn -0.5652 0.8249 -0.0131
vn -0.5652 0.8249 -0.0130
vn -0.5513 0.8018 -0.2308
vn -0.9928 0.0263 0.1168
vn -0.5512 0.8018 -0.2308
vn -0.9928 0.0262 0.1168
vn 0.1930 0.4127 0.8902
vn 0.6811 0.0729 0.7286
vn 0.8508 -0.0303 0.5247
vn 0.3045 0.9256 -0.2251
vn -0.5513 0.8018 -0.2307
vn -0.3156 0.9466 0.0655
vn 0.6996 0.6864 0.1986
vn 0.6996 0.6863 0.1986
vn 0.9442 -0.2627 0.1986
vn 0.2446 -0.9491 0.1986
vn -0.6996 -0.6863 0.1986
vn -0.6631 -0.7342 0.1457
vn -0.7356 -0.6396 0.2229
vn -0.9414 -0.2932 -0.1664
vn -0.9414 -0.2933 -0.1664
vn -0.4464 -0.8925 -0.0646
vn -0.2287 0.0361 0.9728
vn -0.2287 0.0363 0.9728
vn 0.9304 0.0113 0.3664
vt 0.655909 -4.331604
vt 0.655909 -3.658733
vt 0.950736 -4.331604
vt 0.950736 -3.658733
vt 0.365122 -3.658733
vt 0.365122 -2.422102
vt 0.049364 -3.658733
vt 0.049364 -2.422102
vt 0.673498 -3.784764
vt 0.490513 -3.784764
vt 0.673498 -2.590153
vt 0.490513 -2.590153
vt 0.430709 -0.291752
vt 0.365122 -4.331604
vt 0.365122 -5.004474
vt 0.049364 -4.331604
vt 0.049364 -5.004474
vt 0.631420 -2.043688
vt 0.631420 -3.161515
vt 0.354108 -2.043688
vt 0.354108 -3.161515
vt 0.354108 -3.896228
vt 0.631420 -3.896228
vt 0.354108 -4.625110
vt 0.631420 -4.625110
vt 0.936136 -4.625110
vt 0.936136 -3.896228
vt 0.819984 -3.890905
vt 0.819984 -4.419816
vt 0.606339 -3.890905
vt 0.606339 -4.419816
vt 0.330733 -3.890905
vt 0.330733 -4.419816
vt 0.126717 -3.890905
vt 0.126717 -4.419816
vt 0.330733 -3.021347
vt 0.606339 -3.021347
vt 0.488087 -1.664757
vt 0.819984 -3.021347
vt 0.655909 -5.004474
vt 0.950736 -5.004474
vt 0.655909 -2.422102
vt 0.950736 -2.422102
vt 0.540804 -0.890591
vt 0.490513 -4.979375
vt 0.673498 -4.979375
vt 0.283552 -4.979375
vt 0.283552 -3.784764
vt 0.283552 -2.590153
vt 0.354108 -0.921871
vt 0.049701 -0.921871
vt 0.049701 -2.043688
vt 0.049701 -3.161515
vt 0.049701 -3.896228
vt 0.049701 -4.625110
vt 0.049701 -4.966263
vt 0.366769 -4.625110
vt 0.366769 -4.966263
vt 0.366769 -3.896228
vt 0.366769 -3.161515
vt 0.366769 -2.043688
vt 0.366769 -0.921871
vt 0.495915 1.187611
vt 0.107423 -4.979375
vt 0.107423 -3.784764
vt 0.107423 -2.590153
vt 0.606339 -4.948729
vt 0.330733 -4.948729
vt 0.126717 -4.948729
vt 0.819984 -4.948729
vt 0.936136 -3.161515
vt 0.936136 -2.043688
vt 0.631420 -0.921871
vt 0.936136 -0.921871
vt 0.492841 1.187611
vt 0.126717 -3.021347
vt 0.631052 -4.966263
vt 0.631052 -4.625110
vt 0.631052 -3.896228
vt 0.631052 -3.161515
vt 0.631052 -2.043688
vt 0.631052 -0.921871
vt 0.354108 -4.966263
vt 0.631420 -4.966263
vt 0.936136 -4.966263
s 1
usemtl Material__82.001
f 5416/1314/502 5417/1315/503 5418/1316/504
f 5419/1315/505 5420/1317/506 5421/1316/504
f 5422/1316/504 5423/1317/506 5424/1314/507
f 5425/1317/506 5426/1315/508 5427/1314/509
f 5428/1314/510 5429/1315/508 5430/1318/511
f 5431/1315/508 5432/1319/512 5433/1318/511
f 5434/1318/511 5435/1319/512 5436/1320/513
f 5437/1319/514 5438/1321/515 5439/1320/513
f 5440/1320/513 5441/1321/515 5442/1318/516
f 5443/1321/515 5444/1319/517 5445/1318/518
f 5446/1322/519 5447/1323/520 5448/1324/521
f 5449/1323/522 5450/1325/523 5451/1324/524
f 5452/1324/524 5453/1325/523 5454/1326/525
f 5455/1318/511 5456/1327/526 5457/1314/507
f 5458/1314/509 5459/1327/526 5460/1328/527
f 5461/1327/526 5462/1329/528 5463/1328/527
f 5464/1328/527 5465/1329/529 5466/1330/530
f 5467/1329/528 5468/1327/531 5469/1330/530
f 5470/1330/530 5471/1327/531 5472/1328/532
f 5473/1327/531 5474/1329/529 5475/1318/533
f 5476/1318/533 5477/1329/534 5478/1320/535
f 5479/1329/534 5480/1327/526 5481/1320/535
f 5482/1320/535 5483/1327/526 5484/1318/511
f 5485/1331/536 5486/1332/537 5487/1333/538
f 5488/1333/538 5489/1332/537 5490/1334/539
f 5491/1334/539 5492/1332/537 5493/1335/540
f 5494/1332/537 5495/1336/541 5496/1335/540
f 5497/1335/540 5498/1336/541 5499/1337/542
f 5500/1336/543 5501/1338/544 5502/1337/542
f 5503/1339/545 5504/1338/544 5505/1340/546
f 5506/1338/544 5507/1336/543 5508/1340/546
f 5509/1341/547 5510/1342/548 5511/1343/549
f 5512/1342/550 5513/1344/551 5514/1343/549
f 5515/1343/549 5516/1344/552 5517/1345/553
f 5518/1344/551 5519/1346/554 5520/1345/553
f 5521/1345/553 5522/1346/555 5523/1347/556
f 5524/1346/554 5525/1348/557 5526/1347/556
f 5527/1348/557 5528/1346/558 5529/1347/559
f 5530/1347/560 5531/1346/561 5532/1345/562
f 5533/1346/561 5534/1344/563 5535/1345/564
f 5536/1344/565 5537/1343/566 5538/1345/562
f 5539/1345/562 5540/1343/567 5541/1349/568
f 5542/1343/567 5543/1350/569 5544/1349/568
f 5545/1349/570 5546/1350/571 5547/1351/572
f 5548/1350/571 5549/1352/573 5550/1351/574
f 5551/1328/575 5552/1353/576 5553/1314/507
f 5554/1314/507 5555/1353/576 5556/1316/504
f 5557/1353/576 5558/1354/577 5559/1316/504
f 5560/1316/504 5561/1354/578 5562/1314/502
f 5563/1354/578 5564/1353/579 5565/1314/502
f 5566/1314/502 5567/1353/580 5568/1328/581
f 5569/1328/581 5570/1327/531 5571/1314/582
f 5572/1327/583 5573/1318/516 5574/1314/502
f 5575/1314/502 5576/1318/584 5577/1315/503
f 5578/1318/533 5579/1319/517 5580/1315/585
f 5581/1315/505 5582/1319/517 5583/1355/586
f 5584/1355/586 5585/1356/587 5586/1315/588
f 5587/1315/505 5588/1356/589 5589/1317/506
f 5590/1356/587 5591/1355/590 5592/1317/591
f 5593/1317/592 5594/1355/590 5595/1315/593
f 5596/1355/590 5597/1319/514 5598/1315/508
f 5599/1319/594 5600/1355/595 5601/1357/596
f 5602/1355/590 5603/1356/597 5604/1357/598
f 5605/1355/599 5606/1319/517 5607/1357/598
f 5608/1319/600 5609/1321/515 5610/1357/601
f 5611/1321/515 5612/1319/514 5613/1357/601
f 5614/1326/602 5615/1325/603 5616/1324/524
f 5617/1324/524 5618/1325/604 5619/1322/605
f 5620/1325/604 5621/1323/606 5622/1322/607
f 5623/1322/605 5624/1323/606 5625/1358/608
f 5626/1358/608 5627/1359/609 5628/1322/605
f 5629/1359/609 5630/1358/610 5631/1322/519
f 5632/1322/605 5633/1358/611 5634/1323/522
f 5635/1358/610 5636/1360/612 5637/1323/520
f 5638/1323/522 5639/1360/613 5640/1361/614
f 5641/1361/615 5642/1362/616 5643/1323/522
f 5644/1323/522 5645/1362/616 5646/1325/523
f 5647/1362/616 5648/1326/602 5649/1325/523
f 5650/1356/587 5651/1355/599 5652/1357/617
f 5653/1363/618 5654/1333/538 5655/1364/619
f 5656/1364/620 5657/1333/538 5658/1365/621
f 5659/1365/621 5660/1333/538 5661/1366/622
f 5662/1333/538 5663/1334/539 5664/1366/623
f 5665/1334/539 5666/1335/540 5667/1366/623
f 5668/1366/624 5669/1335/540 5670/1367/625
f 5671/1335/540 5672/1337/626 5673/1367/625
f 5674/1367/625 5675/1337/542 5676/1368/627
f 5677/1368/628 5678/1369/629 5679/1370/630
f 5680/1369/629 5681/1371/631 5682/1370/630
f 5683/1370/630 5684/1372/632 5685/1368/633
f 5686/1368/627 5687/1372/632 5688/1367/625
f 5689/1372/634 5690/1373/635 5691/1367/625
f 5692/1367/625 5693/1373/635 5694/1366/623
f 5695/1366/623 5696/1373/636 5697/1365/621
f 5698/1373/636 5699/1374/637 5700/1365/638
f 5701/1365/621 5702/1374/637 5703/1364/620
f 5704/1374/639 5705/1375/640 5706/1364/620
f 5707/1364/620 5708/1375/641 5709/1376/642
f 5710/1360/643 5711/1361/644 5712/1377/645
f 5713/1377/645 5714/1361/644 5715/1378/646
f 5716/1361/647 5717/1362/648 5718/1378/649
f 5719/1378/650 5720/1362/651 5721/1379/652
f 5722/1362/653 5723/1326/602 5724/1379/654
f 5725/1380/655 5726/1344/563 5727/1381/656
f 5728/1344/563 5729/1346/558 5730/1381/657
f 5731/1346/561 5732/1348/557 5733/1381/656
f 5734/1381/657 5735/1348/658 5736/1382/659
f 5737/1348/557 5738/1346/660 5739/1382/661
f 5740/1382/661 5741/1346/660 5742/1381/662
f 5743/1346/660 5744/1344/552 5745/1381/662
f 5746/1381/662 5747/1344/551 5748/1380/663
f 5749/1380/663 5750/1344/551 5751/1383/664
f 5752/1344/552 5753/1342/548 5754/1383/665
f 5755/1383/665 5756/1342/550 5757/1380/655
f 5758/1342/548 5759/1344/565 5760/1380/655
f 5761/1344/666 5762/1342/667 5763/1343/566
f 5764/1342/550 5765/1341/547 5766/1343/567
f 5767/1343/566 5768/1341/547 5769/1350/569
f 5770/1341/547 5771/1352/573 5772/1350/569
f 5773/1340/668 5774/1336/543 5775/1384/669
f 5776/1336/541 5777/1332/537 5778/1384/669
f 5779/1332/537 5780/1331/670 5781/1384/669
f 5782/1384/669 5783/1331/670 5784/1385/671
f 5785/1331/670 5786/1386/672 5787/1385/671
f 5788/1385/673 5789/1386/672 5790/1387/674
f 5791/1386/672 5792/1388/675 5793/1387/674
f 5794/1333/676 5795/1363/618 5796/1331/536
f 5797/1363/618 5798/1386/677 5799/1331/670
f 5800/1389/678 5801/1349/570 5802/1351/574
f 5803/1358/679 5804/1323/680 5805/1360/681
f 5806/1360/682 5807/1323/606 5808/1361/644
f 5809/1361/683 5810/1323/684 5811/1362/653
f 5812/1323/680 5813/1325/603 5814/1362/685
f 5815/1362/653 5816/1325/604 5817/1326/686
f 5818/1390/687 5819/1391/688 5820/1371/631
f 5821/1371/631 5822/1391/688 5823/1370/630
f 5824/1391/688 5825/1392/689 5826/1370/630
f 5827/1370/630 5828/1392/690 5829/1372/634
f 5830/1392/690 5831/1393/691 5832/1372/632
f 5833/1372/632 5834/1393/692 5835/1373/693
f 5836/1373/635 5837/1393/692 5838/1374/637
f 5839/1393/691 5840/1394/694 5841/1374/639
f 5842/1374/639 5843/1394/694 5844/1375/640
f 5845/1394/694 5846/1395/695 5847/1375/696
f 5848/1375/697 5849/1395/695 5850/1376/675
f 5851/1352/573 5852/1350/698 5853/1351/574
f 5854/1349/699 5855/1389/678 5856/1351/574
f 5857/1350/700 5858/1349/701 5859/1351/702
f 5860/1360/612 5861/1377/645 5862/1361/615
f 5863/1377/703 5864/1378/646 5865/1361/615
f 5866/1378/649 5867/1379/704 5868/1361/615
f 5869/1361/615 5870/1379/704 5871/1362/616
f 5872/1379/704 5873/1326/602 5874/1362/616
f 5875/1349/568 5876/1389/678 5877/1345/562
f 5878/1389/678 5879/1347/556 5880/1345/562
f 5881/1352/573 5882/1341/705 5883/1350/706
f 5884/1341/547 5885/1343/549 5886/1350/698
f 5887/1350/698 5888/1343/549 5889/1349/701
f 5890/1343/549 5891/1345/553 5892/1349/701
f 5893/1349/699 5894/1345/553 5895/1389/678
f 5896/1345/553 5897/1347/556 5898/1389/678
f 5899/1369/629 5900/1368/707 5901/1396/708
f 5902/1368/628 5903/1337/542 5904/1396/709
f 5905/1396/708 5906/1337/542 5907/1397/710
f 5908/1337/542 5909/1338/544 5910/1397/710
f 5911/1397/710 5912/1338/544 5913/1398/711
f 5914/1338/544 5915/1339/545 5916/1398/711
f 5917/1398/711 5918/1339/545 5919/1390/712
f 5920/1339/545 5921/1391/713 5922/1390/712
f 5923/1391/713 5924/1339/545 5925/1392/714
f 5926/1339/545 5927/1340/668 5928/1392/690
f 5929/1392/690 5930/1340/668 5931/1393/692
f 5932/1340/668 5933/1384/669 5934/1393/691
f 5935/1384/669 5936/1385/671 5937/1393/691
f 5938/1393/692 5939/1385/671 5940/1394/715
f 5941/1385/673 5942/1387/674 5943/1394/715
f 5944/1394/716 5945/1387/674 5946/1395/695
f 5947/1387/717 5948/1376/718 5949/1395/695
f 5950/1388/719 5951/1386/672 5952/1363/618
f 5953/1388/719 5954/1363/720 5955/1364/620
g Atomic10_meshId14_name
v 524.876831 401.915070 182.864441
v 612.234741 401.915070 182.864441
v 524.883118 401.915039 493.186798
v 612.234741 401.915070 182.864441
v 612.234741 401.915039 493.186798
v 524.883118 401.915039 493.186798
v 524.883118 401.915039 493.186798
v 612.234741 401.915039 493.186798
v 527.966919 401.915100 514.150452
v 612.234741 401.915039 493.186798
v 536.682251 401.915100 533.371948
v 527.966919 401.915100 514.150452
v 536.682251 401.915100 533.371948
v 612.234741 401.915039 493.186798
v 550.546387 401.915100 549.877747
v 550.546387 401.915100 549.877747
v 612.234741 401.915039 493.186798
v 568.614502 401.915100 562.906555
v 612.234741 401.915039 493.186798
v 589.655273 401.915039 572.346008
v 568.614502 401.915100 562.906555
v 589.655273 401.915039 572.346008
v 612.234741 401.915039 493.186798
v 612.234741 401.915039 575.061646
v 612.234741 401.915039 575.061646
v 612.234741 401.915039 493.186798
v 634.814331 401.915039 572.346008
v 612.234741 401.915039 493.186798
v 655.854980 401.915039 562.906555
v 634.814331 401.915039 572.346008
v 655.854980 401.915039 562.906555
v 612.234741 401.915039 493.186798
v 673.923096 401.915039 549.877747
v 673.923096 401.915039 549.877747
v 612.234741 401.915039 493.186798
v 687.787231 401.915039 533.371887
v 612.234741 401.915039 493.186798
v 696.502563 401.915039 514.150452
v 687.787231 401.915039 533.371887
v 696.502563 401.915039 514.150452
v 612.234741 401.915039 493.186798
v 699.592529 401.915100 493.186798
v 612.234741 401.915039 493.186798
v 612.234741 401.915070 182.864441
v 699.592529 401.915100 493.186798
v 699.592529 401.915100 493.186798
v 612.234741 401.915070 182.864441
v 699.592529 401.915009 182.864441
v -156.712616 401.915009 182.900574
v -156.712616 401.915100 493.222900
v -244.070450 401.915070 182.900574
v -244.070450 401.915070 182.900574
v -156.712616 401.915100 493.222900
v -244.070450 401.915039 493.222900
v -156.712616 401.915100 493.222900
v -159.802643 401.915039 514.186584
v -244.070450 401.915039 493.222900
v -244.070450 401.915039 493.222900
v -159.802643 401.915039 514.186584
v -168.517975 401.915039 533.408020
v -168.517975 401.915039 533.408020
v -182.382111 401.915039 549.913879
v -244.070450 401.915039 493.222900
v -182.382111 401.915039 549.913879
v -200.450226 401.915039 562.942688
v -244.070450 401.915039 493.222900
v -244.070450 401.915039 493.222900
v -200.450226 401.915039 562.942688
v -221.490936 401.915039 572.382141
v -221.490936 401.915039 572.382141
v -244.070450 401.915039 575.097778
v -244.070450 401.915039 493.222900
v -244.070450 401.915039 575.097778
v -266.649994 401.915039 572.382141
v -244.070450 401.915039 493.222900
v -244.070450 401.915039 493.222900
v -266.649994 401.915039 572.382141
v -287.690704 401.915100 562.942688
v -287.690704 401.915100 562.942688
v -305.758820 401.915100 549.913879
v -244.070450 401.915039 493.222900
v -305.758820 401.915100 549.913879
v -319.622955 401.915100 533.408081
v -244.070450 401.915039 493.222900
v -244.070450 401.915039 493.222900
v -319.622955 401.915100 533.408081
v -328.338257 401.915100 514.186584
v -328.338257 401.915100 514.186584
v -331.422089 401.915039 493.222900
v -244.070450 401.915039 493.222900
v -244.070450 401.915039 493.222900
v -331.422089 401.915039 493.222900
v -244.070450 401.915070 182.900574
v -331.422089 401.915039 493.222900
v -331.428375 401.915070 182.900574
v -244.070450 401.915070 182.900574
v -641.127930 401.915070 182.900574
v -553.770020 401.915070 182.900574
v -641.121704 401.915039 493.222870
v -553.770020 401.915070 182.900574
v -553.770020 401.915039 493.222870
v -641.121704 401.915039 493.222870
v -641.121704 401.915039 493.222870
v -553.770020 401.915039 493.222870
v -638.037842 401.915100 514.186584
v -553.770020 401.915039 493.222870
v -629.322510 401.915100 533.408081
v -638.037842 401.915100 514.186584
v -629.322510 401.915100 533.408081
v -553.770020 401.915039 493.222870
v -615.458374 401.915100 549.913879
v -615.458374 401.915100 549.913879
v -553.770020 401.915039 493.222870
v -597.390259 401.915100 562.942688
v -553.770020 401.915039 493.222870
v -576.349609 401.915039 572.382141
v -597.390259 401.915100 562.942688
v -576.349609 401.915039 572.382141
v -553.770020 401.915039 493.222870
v -553.770020 401.915039 575.097778
v -553.770020 401.915039 575.097778
v -553.770020 401.915039 493.222870
v -531.190552 401.915039 572.382141
v -553.770020 401.915039 493.222870
v -510.149750 401.915039 562.942688
v -531.190552 401.915039 572.382141
v -510.149750 401.915039 562.942688
v -553.770020 401.915039 493.222870
v -492.081635 401.915039 549.913879
v -492.081635 401.915039 549.913879
v -553.770020 401.915039 493.222870
v -478.217590 401.915039 533.408020
v -553.770020 401.915039 493.222870
v -469.502258 401.915039 514.186584
v -478.217590 401.915039 533.408020
v -469.502258 401.915039 514.186584
v -553.770020 401.915039 493.222870
v -466.412231 401.915100 493.222870
v -553.770020 401.915039 493.222870
v -553.770020 401.915070 182.900574
v -466.412231 401.915100 493.222870
v -466.412231 401.915100 493.222870
v -553.770020 401.915070 182.900574
v -466.412231 401.915009 182.900574
vn -0.0000 -1.0000 -0.0000
vt 0.030886 0.056791
vt 0.501681 0.056791
vt 0.030921 0.767109
vt 0.501681 0.767109
vt 0.054330 0.814742
vt 0.102997 0.859127
vt 0.166491 0.896853
vt 0.258156 0.928416
vt 0.376472 0.957708
vt 0.502181 0.963139
vt 0.627591 0.957418
vt 0.745254 0.928362
vt 0.831572 0.892965
vt 0.894428 0.856531
vt 0.944218 0.813832
vt 0.968211 0.767109
vt 0.968211 0.056791
s 0
usemtl Material__365
f 5956/1399/721 5957/1400/721 5958/1401/721
f 5959/1400/721 5960/1402/721 5961/1401/721
f 5962/1401/721 5963/1402/721 5964/1403/721
f 5965/1402/721 5966/1404/721 5967/1403/721
f 5968/1404/721 5969/1402/721 5970/1405/721
f 5971/1405/721 5972/1402/721 5973/1406/721
f 5974/1402/721 5975/1407/721 5976/1406/721
f 5977/1407/721 5978/1402/721 5979/1408/721
f 5980/1408/721 5981/1402/721 5982/1409/721
f 5983/1402/721 5984/1410/721 5985/1409/721
f 5986/1410/721 5987/1402/721 5988/1411/721
f 5989/1411/721 5990/1402/721 5991/1412/721
f 5992/1402/721 5993/1413/721 5994/1412/721
f 5995/1413/721 5996/1402/721 5997/1414/721
f 5998/1402/721 5999/1400/721 6000/1414/721
f 6001/1414/721 6002/1400/721 6003/1415/721
f 6004/1415/721 6005/1414/721 6006/1400/721
f 6007/1400/721 6008/1414/721 6009/1402/721
f 6010/1414/721 6011/1413/721 6012/1402/721
f 6013/1402/721 6014/1413/721 6015/1412/721
f 6016/1412/721 6017/1411/721 6018/1402/721
f 6019/1411/721 6020/1410/721 6021/1402/721
f 6022/1402/721 6023/1410/721 6024/1409/721
f 6025/1409/721 6026/1408/721 6027/1402/721
f 6028/1408/721 6029/1407/721 6030/1402/721
f 6031/1402/721 6032/1407/721 6033/1406/721
f 6034/1406/721 6035/1405/721 6036/1402/721
f 6037/1405/721 6038/1404/721 6039/1402/721
f 6040/1402/721 6041/1404/721 6042/1403/721
f 6043/1403/721 6044/1401/721 6045/1402/721
f 6046/1402/721 6047/1401/721 6048/1400/721
f 6049/1401/721 6050/1399/721 6051/1400/721
f 6052/1399/721 6053/1400/721 6054/1401/721
f 6055/1400/721 6056/1402/721 6057/1401/721
f 6058/1401/721 6059/1402/721 6060/1403/721
f 6061/1402/721 6062/1404/721 6063/1403/721
f 6064/1404/721 6065/1402/721 6066/1405/721
f 6067/1405/721 6068/1402/721 6069/1406/721
f 6070/1402/721 6071/1407/721 6072/1406/721
f 6073/1407/721 6074/1402/721 6075/1408/721
f 6076/1408/721 6077/1402/721 6078/1409/721
f 6079/1402/721 6080/1410/721 6081/1409/721
f 6082/1410/721 6083/1402/721 6084/1411/721
f 6085/1411/721 6086/1402/721 6087/1412/721
f 6088/1402/721 6089/1413/721 6090/1412/721
f 6091/1413/721 6092/1402/721 6093/1414/721
f 6094/1402/721 6095/1400/721 6096/1414/721
f 6097/1414/721 6098/1400/721 6099/1415/721
g Atomic11_meshId15_name
v -771.295532 107.299255 11.849924
v -771.295532 8.871704 11.849932
v -528.138550 107.299255 11.849924
v -771.295532 8.871704 11.849932
v -528.138550 8.871704 11.849932
v -528.138550 107.299255 11.849924
v -528.138550 8.871704 11.849932
v -284.981567 8.871704 11.849932
v -528.138550 107.299255 11.849924
v -528.138550 107.299255 11.849924
v -284.981567 8.871704 11.849932
v -284.981567 107.299255 11.849924
v -284.981567 107.299255 11.849924
v -284.981567 8.871704 11.849932
v -41.824570 107.299255 11.849924
v -284.981567 8.871704 11.849932
v -41.824570 8.871704 11.849932
v -41.824570 107.299255 11.849924
v -41.824570 8.871704 11.849932
v 201.332413 8.871704 11.849932
v -41.824570 107.299255 11.849924
v -41.824570 107.299255 11.849924
v 201.332413 8.871704 11.849932
v 201.332413 107.299255 11.849924
v 201.332413 107.299255 11.849924
v 201.332413 8.871704 11.849932
v 444.489410 107.299255 11.849924
v 201.332413 8.871704 11.849932
v 444.489441 8.871704 11.849932
v 444.489410 107.299255 11.849924
v 444.489441 8.871704 11.849932
v 687.646362 8.871704 11.849932
v 444.489410 107.299255 11.849924
v 444.489410 107.299255 11.849924
v 687.646362 8.871704 11.849932
v 687.646362 107.299255 11.849924
v 687.646362 107.299255 11.849924
v 687.646362 8.871704 11.849932
v 930.803345 107.299255 11.849924
v 687.646362 8.871704 11.849932
v 930.803345 8.871704 11.849932
v 930.803345 107.299255 11.849924
v 930.803345 8.871704 11.849932
v 1022.939392 8.871704 11.849932
v 930.803345 107.299255 11.849924
v 930.803345 107.299255 11.849924
v 1022.939392 8.871704 11.849932
v 1022.939392 107.299255 11.849924
v -771.295532 241.607605 11.849915
v -771.295532 107.299255 11.849924
v -528.138550 241.607605 11.849915
v -771.295532 107.299255 11.849924
v -528.138550 107.299255 11.849924
v -528.138550 241.607605 11.849915
v -528.138550 107.299255 11.849924
v -284.981567 107.299255 11.849924
v -528.138550 241.607605 11.849915
v -528.138550 241.607605 11.849915
v -284.981567 107.299255 11.849924
v -284.981567 241.607605 11.849915
v -284.981567 241.607605 11.849915
v -284.981567 107.299255 11.849924
v -41.824570 241.607605 11.849915
v -284.981567 107.299255 11.849924
v -41.824570 107.299255 11.849924
v -41.824570 241.607605 11.849915
v -41.824570 107.299255 11.849924
v 201.332413 107.299255 11.849924
v -41.824570 241.607605 11.849915
v -41.824570 241.607605 11.849915
v 201.332413 107.299255 11.849924
v 201.332413 241.607605 11.849915
v 201.332413 241.607605 11.849915
v 201.332413 107.299255 11.849924
v 444.489380 241.607605 11.849915
v 201.332413 107.299255 11.849924
v 444.489410 107.299255 11.849924
v 444.489380 241.607605 11.849915
v 444.489410 107.299255 11.849924
v 687.646362 107.299255 11.849924
v 444.489380 241.607605 11.849915
v 444.489380 241.607605 11.849915
v 687.646362 107.299255 11.849924
v 687.646362 241.607605 11.849915
v 687.646362 107.299255 11.849924
v 930.803345 241.607605 11.849915
v 687.646362 241.607605 11.849915
v 930.803345 241.607605 11.849915
v 930.803345 437.521729 11.849899
v 687.646362 241.607605 11.849915
v 687.646362 241.607605 11.849915
v 930.803345 437.521729 11.849899
v 687.646362 437.521729 11.849899
v 687.646362 437.521729 11.849899
v 930.803345 437.521729 11.849899
v 687.646362 633.436035 11.849885
v 930.803345 437.521729 11.849899
v 930.803345 633.436035 11.849885
v 687.646362 633.436035 11.849885
v 930.803345 633.436035 11.849885
v 930.803345 829.350342 11.849870
v 687.646362 633.436035 11.849885
v 687.646362 633.436035 11.849885
v 930.803345 829.350342 11.849870
v 687.646362 829.350342 11.849870
v 687.646362 829.350342 11.849870
v 930.803345 829.350342 11.849870
v 687.646362 1025.264648 11.849855
v 930.803345 829.350342 11.849870
v 930.803345 1025.264648 11.849855
v 687.646362 1025.264648 11.849855
v 687.646362 1025.264648 11.849855
v 930.803345 1025.264648 11.849855
v 687.646362 1221.178955 11.849840
v 930.803345 1025.264648 11.849855
v 930.803345 1221.178955 11.849840
v 687.646362 1221.178955 11.849840
v 687.646362 1221.178955 11.849840
v 930.803345 1221.178955 11.849840
v 687.646362 1417.093262 11.849826
v 930.803345 1221.178955 11.849840
v 930.803345 1417.093262 11.849826
v 687.646362 1417.093262 11.849826
v 687.646362 1417.093262 11.849826
v 930.803345 1417.093262 11.849826
v 687.646362 1613.007568 11.849811
v 930.803345 1417.093262 11.849826
v 930.803345 1613.007568 11.849811
v 687.646362 1613.007568 11.849811
v 1022.939392 1613.007568 11.849811
v 930.803345 1613.007568 11.849811
v 1022.939392 1417.093262 11.849826
v 930.803345 1613.007568 11.849811
v 930.803345 1417.093262 11.849826
v 1022.939392 1417.093262 11.849826
v 1022.939392 1417.093262 11.849826
v 930.803345 1417.093262 11.849826
v 1022.939392 1221.178955 11.849840
v 930.803345 1417.093262 11.849826
v 930.803345 1221.178955 11.849840
v 1022.939392 1221.178955 11.849840
v 1022.939392 1221.178955 11.849840
v 930.803345 1221.178955 11.849840
v 1022.939392 1025.264648 11.849855
v 930.803345 1221.178955 11.849840
v 930.803345 1025.264648 11.849855
v 1022.939392 1025.264648 11.849855
v 1022.939392 1025.264648 11.849855
v 930.803345 1025.264648 11.849855
v 1022.939392 829.350342 11.849870
v 930.803345 1025.264648 11.849855
v 930.803345 829.350342 11.849870
v 1022.939392 829.350342 11.849870
v 1022.939392 829.350342 11.849870
v 930.803345 829.350342 11.849870
v 1022.939392 633.436035 11.849885
v 930.803345 829.350342 11.849870
v 930.803345 633.436035 11.849885
v 1022.939392 633.436035 11.849885
v 1022.939392 633.436035 11.849885
v 930.803345 633.436035 11.849885
v 1022.939392 437.521729 11.849899
v 930.803345 633.436035 11.849885
v 930.803345 437.521729 11.849899
v 1022.939392 437.521729 11.849899
v 1022.939392 437.521729 11.849899
v 930.803345 437.521729 11.849899
v 1022.939392 241.607605 11.849915
v 930.803345 437.521729 11.849899
v 930.803345 241.607605 11.849915
v 1022.939392 241.607605 11.849915
v 1022.939392 241.607605 11.849915
v 930.803345 241.607605 11.849915
v 1022.939392 107.299255 11.849924
v 1022.939392 107.299255 11.849924
v 930.803345 241.607605 11.849915
v 930.803345 107.299255 11.849924
v 930.803345 241.607605 11.849915
v 687.646362 107.299255 11.849924
v 930.803345 107.299255 11.849924
v -771.295532 1613.007568 11.849811
v -921.260620 1613.007568 11.849811
v -771.295532 1417.093262 11.849826
v -921.260620 1613.007568 11.849811
v -921.260620 1417.093262 11.849826
v -771.295532 1417.093262 11.849826
v -771.295532 1417.093262 11.849826
v -921.260620 1417.093262 11.849826
v -771.295532 1221.178955 11.849840
v -921.260620 1417.093262 11.849826
v -921.260620 1221.178955 11.849840
v -771.295532 1221.178955 11.849840
v -771.295532 1221.178955 11.849840
v -921.260620 1221.178955 11.849840
v -771.295532 1025.264648 11.849855
v -921.260620 1221.178955 11.849840
v -921.260620 1025.264648 11.849855
v -771.295532 1025.264648 11.849855
v -771.295532 1025.264648 11.849855
v -921.260620 1025.264648 11.849855
v -771.295532 829.350342 11.849870
v -921.260620 1025.264648 11.849855
v -921.260620 829.350342 11.849870
v -771.295532 829.350342 11.849870
v -771.295532 829.350342 11.849870
v -921.260620 829.350342 11.849870
v -771.295532 633.436035 11.849885
v -921.260620 829.350342 11.849870
v -921.260620 633.436035 11.849885
v -771.295532 633.436035 11.849885
v -771.295532 633.436035 11.849885
v -921.260620 633.436035 11.849885
v -771.295532 437.521729 11.849899
v -921.260620 633.436035 11.849885
v -921.260620 437.521729 11.849899
v -771.295532 437.521729 11.849899
v -771.295532 437.521729 11.849899
v -921.260620 437.521729 11.849899
v -771.295532 241.607605 11.849915
v -921.260620 437.521729 11.849899
v -921.260620 241.607605 11.849915
v -771.295532 241.607605 11.849915
v -771.295532 241.607605 11.849915
v -921.260620 241.607605 11.849915
v -771.295532 107.299255 11.849924
v -921.260620 241.607605 11.849915
v -921.260620 107.299255 11.849924
v -771.295532 107.299255 11.849924
v -771.295532 107.299255 11.849924
v -921.260620 107.299255 11.849924
v -771.295532 8.871704 11.849932
v -921.260620 107.299255 11.849924
v -921.260620 8.871704 11.849932
v -771.295532 8.871704 11.849932
vn -0.0000 -0.0000 1.0000
vt 0.466190 -2.695974
vt 0.466190 -3.001856
vt 1.221847 -2.695974
vt 1.221847 -3.001856
vt 1.977504 -3.001856
vt 1.977504 -2.695974
vt 2.733162 -2.695974
vt 2.733162 -3.001856
vt 3.488818 -3.001856
vt 3.488818 -2.695974
vt 4.244475 -2.695974
vt 4.244475 -3.001856
vt 5.000133 -3.001856
vt 5.000133 -2.695974
vt 5.755785 -2.695974
vt 5.755434 -3.001855
vt 6.106319 -3.002818
vt 6.105480 -2.696933
vt 0.466190 -2.278584
vt 1.221847 -2.278584
vt 1.977504 -2.278584
vt 2.733162 -2.278584
vt 3.488818 -2.278584
vt 4.244475 -2.278584
vt 5.000133 -2.278584
vt 5.755790 -2.278584
vt 5.755790 -1.669743
vt 5.000133 -1.669743
vt 5.000133 -1.060902
vt 5.755790 -1.060902
vt 5.755790 -0.452061
vt 5.000133 -0.452061
vt 5.000133 0.156780
vt 5.755790 0.156780
vt 5.000133 0.765622
vt 5.755790 0.765622
vt 5.000133 1.374463
vt 5.755790 1.374463
vt 5.000133 1.983304
vt 5.755790 1.983304
vt 6.106626 1.982341
vt 6.106626 1.373500
vt 6.106626 0.764659
vt 6.106626 0.155818
vt 6.106626 -0.453024
vt 6.106626 -1.061865
vt 6.106626 -1.670706
vt 6.106626 -2.279547
vt 6.106626 -2.696936
vt 5.755781 -2.695974
vt 0.466190 1.983304
vt 0.000145 1.983304
vt 0.466190 1.374463
vt 0.000145 1.374463
vt 0.466190 0.765622
vt 0.000145 0.765622
vt 0.466190 0.156780
vt 0.000145 0.156780
vt 0.466190 -0.452061
vt 0.000145 -0.452061
vt 0.466190 -1.060902
vt 0.000145 -1.060902
vt 0.466190 -1.669743
vt 0.000145 -1.669743
vt 0.000145 -2.278584
vt 0.000145 -2.695974
vt 0.000145 -3.001856
s 0
usemtl Material__361
f 6100/1416/722 6101/1417/722 6102/1418/722
f 6103/1417/722 6104/1419/722 6105/1418/722
f 6106/1419/722 6107/1420/722 6108/1418/722
f 6109/1418/722 6110/1420/722 6111/1421/722
f 6112/1421/722 6113/1420/722 6114/1422/722
f 6115/1420/722 6116/1423/722 6117/1422/722
f 6118/1423/722 6119/1424/722 6120/1422/722
f 6121/1422/722 6122/1424/722 6123/1425/722
f 6124/1425/722 6125/1424/722 6126/1426/722
f 6127/1424/722 6128/1427/722 6129/1426/722
f 6130/1427/722 6131/1428/722 6132/1426/722
f 6133/1426/722 6134/1428/722 6135/1429/722
f 6136/1429/722 6137/1428/722 6138/1430/722
f 6139/1428/722 6140/1431/722 6141/1430/722
f 6142/1431/722 6143/1432/722 6144/1430/722
f 6145/1430/722 6146/1432/722 6147/1433/722
f 6148/1434/722 6149/1416/722 6150/1435/722
f 6151/1416/722 6152/1418/722 6153/1435/722
f 6154/1418/722 6155/1421/722 6156/1435/722
f 6157/1435/722 6158/1421/722 6159/1436/722
f 6160/1436/722 6161/1421/722 6162/1437/722
f 6163/1421/722 6164/1422/722 6165/1437/722
f 6166/1422/722 6167/1425/722 6168/1437/722
f 6169/1437/722 6170/1425/722 6171/1438/722
f 6172/1438/722 6173/1425/722 6174/1439/722
f 6175/1425/722 6176/1426/722 6177/1439/722
f 6178/1426/722 6179/1429/722 6180/1439/722
f 6181/1439/722 6182/1429/722 6183/1440/722
f 6184/1429/722 6185/1441/722 6186/1440/722
f 6187/1441/722 6188/1442/722 6189/1440/722
f 6190/1440/722 6191/1442/722 6192/1443/722
f 6193/1443/722 6194/1442/722 6195/1444/722
f 6196/1442/722 6197/1445/722 6198/1444/722
f 6199/1445/722 6200/1446/722 6201/1444/722
f 6202/1444/722 6203/1446/722 6204/1447/722
f 6205/1447/722 6206/1446/722 6207/1448/722
f 6208/1446/722 6209/1449/722 6210/1448/722
f 6211/1448/722 6212/1449/722 6213/1450/722
f 6214/1449/722 6215/1451/722 6216/1450/722
f 6217/1450/722 6218/1451/722 6219/1452/722
f 6220/1451/722 6221/1453/722 6222/1452/722
f 6223/1452/722 6224/1453/722 6225/1454/722
f 6226/1453/722 6227/1455/722 6228/1454/722
f 6229/1456/722 6230/1455/722 6231/1457/722
f 6232/1455/722 6233/1453/722 6234/1457/722
f 6235/1457/722 6236/1453/722 6237/1458/722
f 6238/1453/722 6239/1451/722 6240/1458/722
f 6241/1458/722 6242/1451/722 6243/1459/722
f 6244/1451/722 6245/1449/722 6246/1459/722
f 6247/1459/722 6248/1449/722 6249/1460/722
f 6250/1449/722 6251/1446/722 6252/1460/722
f 6253/1460/722 6254/1446/722 6255/1461/722
f 6256/1446/722 6257/1445/722 6258/1461/722
f 6259/1461/722 6260/1445/722 6261/1462/722
f 6262/1445/722 6263/1442/722 6264/1462/722
f 6265/1462/722 6266/1442/722 6267/1463/722
f 6268/1442/722 6269/1441/722 6270/1463/722
f 6271/1463/722 6272/1441/722 6273/1464/722
f 6274/1464/722 6275/1441/722 6276/1465/722
f 6277/1441/722 6278/1429/722 6279/1465/722
f 6280/1466/722 6281/1467/722 6282/1468/722
f 6283/1467/722 6284/1469/722 6285/1468/722
f 6286/1468/722 6287/1469/722 6288/1470/722
f 6289/1469/722 6290/1471/722 6291/1470/722
f 6292/1470/722 6293/1471/722 6294/1472/722
f 6295/1471/722 6296/1473/722 6297/1472/722
f 6298/1472/722 6299/1473/722 6300/1474/722
f 6301/1473/722 6302/1475/722 6303/1474/722
f 6304/1474/722 6305/1475/722 6306/1476/722
f 6307/1475/722 6308/1477/722 6309/1476/722
f 6310/1476/722 6311/1477/722 6312/1478/722
f 6313/1477/722 6314/1479/722 6315/1478/722
f 6316/1478/722 6317/1479/722 6318/1434/722
f 6319/1479/722 6320/1480/722 6321/1434/722
f 6322/1434/722 6323/1480/722 6324/1416/722
f 6325/1480/722 6326/1481/722 6327/1416/722
f 6328/1416/722 6329/1481/722 6330/1417/722
f 6331/1481/722 6332/1482/722 6333/1417/722
g Atomic11.001_meshId16_name
v 1660.274170 8.871765 11.849932
v 1660.274170 107.299255 11.849924
v 1417.117310 8.871765 11.849932
v 1660.274170 107.299255 11.849924
v 1417.117310 107.299255 11.849924
v 1417.117310 8.871765 11.849932
v 1417.117310 8.871765 11.849932
v 1417.117310 107.299255 11.849924
v 1173.960327 8.871765 11.849932
v 1417.117310 107.299255 11.849924
v 1173.960327 107.299255 11.849924
v 1173.960327 8.871765 11.849932
v 1173.960327 8.871765 11.849932
v 1173.960327 107.299255 11.849924
v 1022.939331 107.299255 11.849924
v 1173.960327 107.299255 11.849924
v 1173.960327 241.607605 11.849915
v 1022.939331 107.299255 11.849924
v 1022.939331 107.299255 11.849924
v 1173.960327 241.607605 11.849915
v 1022.939331 241.607605 11.849915
v 1022.939331 241.607605 11.849915
v 1173.960327 241.607605 11.849915
v 1022.939331 437.521729 11.849899
v 1173.960327 241.607605 11.849915
v 1173.960327 437.521729 11.849899
v 1022.939331 437.521729 11.849899
v 1022.939331 437.521729 11.849899
v 1173.960327 437.521729 11.849899
v 1022.939331 633.436035 11.849884
v 1173.960327 437.521729 11.849899
v 1173.960327 633.436035 11.849884
v 1022.939331 633.436035 11.849884
v 1022.939331 633.436035 11.849884
v 1173.960327 633.436035 11.849884
v 1022.939331 829.350342 11.849870
v 1173.960327 633.436035 11.849884
v 1173.960327 829.350342 11.849870
v 1022.939331 829.350342 11.849870
v 1022.939331 829.350342 11.849870
v 1173.960327 829.350342 11.849870
v 1022.939331 1025.264648 11.849854
v 1173.960327 829.350342 11.849870
v 1173.960327 1025.264648 11.849854
v 1022.939331 1025.264648 11.849854
v 1022.939331 1025.264648 11.849854
v 1173.960327 1025.264648 11.849854
v 1022.939331 1221.178955 11.849840
v 1173.960327 1025.264648 11.849854
v 1173.960327 1221.178955 11.849840
v 1022.939331 1221.178955 11.849840
v 1022.939331 1221.178955 11.849840
v 1173.960327 1221.178955 11.849840
v 1022.939331 1417.093262 11.849825
v 1173.960327 1221.178955 11.849840
v 1173.960327 1417.093262 11.849825
v 1022.939331 1417.093262 11.849825
v 1022.939331 1417.093262 11.849825
v 1173.960327 1417.093262 11.849825
v 1022.939331 1613.007568 11.849811
v 1173.960327 1417.093262 11.849825
v 1173.960327 1613.007568 11.849811
v 1022.939331 1613.007568 11.849811
v 1022.939331 107.299255 11.849924
v 1022.939331 8.871765 11.849932
v 1173.960327 8.871765 11.849932
v -921.260620 107.299255 11.849924
v -1014.452454 107.299255 11.849924
v -921.260620 8.871765 11.849932
v -921.260620 8.871765 11.849932
v -1014.452454 107.299255 11.849924
v -1014.452454 8.871765 11.849932
v -1014.452454 8.871765 11.849932
v -1014.452454 107.299255 11.849924
v -1257.609497 8.871765 11.849932
v -1014.452454 107.299255 11.849924
v -1257.609497 107.299255 11.849924
v -1257.609497 8.871765 11.849932
v -1257.609497 8.871765 11.849932
v -1257.609497 107.299255 11.849924
v -1500.766479 8.871765 11.849932
v -1257.609497 107.299255 11.849924
v -1500.766479 107.299255 11.849924
v -1500.766479 8.871765 11.849932
v -1500.766479 8.871765 11.849932
v -1500.766479 107.299255 11.849924
v -1743.923462 8.871765 11.849932
v -1500.766479 107.299255 11.849924
v -1743.923462 107.299255 11.849924
v -1743.923462 8.871765 11.849932
v -1743.923462 8.871765 11.849932
v -1743.923462 107.299255 11.849924
v -1987.080444 8.871765 11.849932
v -1743.923462 107.299255 11.849924
v -1987.080444 107.299255 11.849924
v -1987.080444 8.871765 11.849932
v -1987.080444 8.871765 11.849932
v -1987.080444 107.299255 11.849924
v -2230.237305 8.871765 11.849932
v -1987.080444 107.299255 11.849924
v -2230.237305 107.299255 11.849924
v -2230.237305 8.871765 11.849932
v -921.260620 1613.007568 11.849811
v -1014.452454 1613.007568 11.849811
v -921.260620 1417.093262 11.849825
v -1014.452454 1613.007568 11.849811
v -1014.452454 1417.093262 11.849825
v -921.260620 1417.093262 11.849825
v -921.260620 1417.093262 11.849825
v -1014.452454 1417.093262 11.849825
v -921.260620 1221.178955 11.849840
v -1014.452454 1417.093262 11.849825
v -1014.452454 1221.178955 11.849840
v -921.260620 1221.178955 11.849840
v -921.260620 1221.178955 11.849840
v -1014.452454 1221.178955 11.849840
v -921.260620 1025.264648 11.849854
v -1014.452454 1221.178955 11.849840
v -1014.452454 1025.264648 11.849854
v -921.260620 1025.264648 11.849854
v -921.260620 1025.264648 11.849854
v -1014.452454 1025.264648 11.849854
v -921.260620 829.350342 11.849870
v -1014.452454 1025.264648 11.849854
v -1014.452454 829.350342 11.849870
v -921.260620 829.350342 11.849870
v -921.260620 829.350342 11.849870
v -1014.452454 829.350342 11.849870
v -921.260620 633.436035 11.849884
v -1014.452454 829.350342 11.849870
v -1014.452454 633.436035 11.849884
v -921.260620 633.436035 11.849884
v -921.260620 633.436035 11.849884
v -1014.452454 633.436035 11.849884
v -921.260620 437.521729 11.849899
v -1014.452454 633.436035 11.849884
v -1014.452454 437.521729 11.849899
v -921.260620 437.521729 11.849899
v -921.260620 437.521729 11.849899
v -1014.452454 437.521729 11.849899
v -921.260620 241.607605 11.849915
v -1014.452454 437.521729 11.849899
v -1014.452454 241.607605 11.849915
v -921.260620 241.607605 11.849915
v -921.260620 241.607605 11.849915
v -1014.452454 241.607605 11.849915
v -921.260620 107.299255 11.849924
v -921.260620 107.299255 11.849924
v -1014.452454 241.607605 11.849915
v -1014.452454 107.299255 11.849924
v -1014.452454 241.607605 11.849915
v -1257.609497 241.607605 11.849915
v -1014.452454 107.299255 11.849924
v -1014.452454 107.299255 11.849924
v -1257.609497 241.607605 11.849915
v -1257.609497 107.299255 11.849924
v -1257.609497 241.607605 11.849915
v -1500.766479 241.607605 11.849915
v -1257.609497 107.299255 11.849924
v -1257.609497 107.299255 11.849924
v -1500.766479 241.607605 11.849915
v -1500.766479 107.299255 11.849924
vn -0.0000 -0.0000 1.0000
vt 1.631813 -3.000083
vt 1.631813 -2.748102
vt 1.009315 -3.000083
vt 1.009315 -2.748102
vt 0.386818 -3.000083
vt 0.386818 -2.748102
vt 0.000195 -2.748102
vt 0.386818 -2.404264
vt 0.000195 -2.404264
vt 0.000195 -1.902712
vt 0.386818 -1.902712
vt 0.000195 -1.401158
vt 0.386818 -1.401158
vt 0.000195 -0.899605
vt 0.386818 -0.899605
vt 0.000195 -0.398052
vt 0.386818 -0.398052
vt 0.000195 0.103502
vt 0.386818 0.103502
vt 0.000195 0.605055
vt 0.386818 0.605055
vt 0.000195 1.106608
vt 0.386818 1.106608
vt 0.000195 -3.000083
vt 0.000445 -2.750061
vt 0.240407 -2.750246
vt 0.000447 -3.000082
vt 0.240404 -3.000082
vt 0.866502 -3.000082
vt 0.866502 -2.750099
vt 1.492600 -3.000082
vt 1.492600 -2.750099
vt 2.118699 -3.000082
vt 2.118699 -2.750099
vt 2.744797 -3.000082
vt 2.744797 -2.750099
vt 3.370895 -3.000082
vt 3.370895 -2.750099
vt 0.000447 1.126908
vt 0.240404 1.126908
vt 0.000447 0.622454
vt 0.240404 0.622454
vt 0.000447 0.118000
vt 0.240404 0.118000
vt 0.000447 -0.386455
vt 0.240404 -0.386455
vt 0.000447 -0.890909
vt 0.240404 -0.890909
vt 0.000447 -1.395364
vt 0.240404 -1.395364
vt 0.000447 -1.899818
vt 0.240404 -1.899818
vt 0.000447 -2.404272
vt 0.240404 -2.404272
vt 0.866502 -2.404272
vt 1.492600 -2.404272
s 0
usemtl Material__363
f 6334/1483/723 6335/1484/723 6336/1485/723
f 6337/1484/723 6338/1486/723 6339/1485/723
f 6340/1485/723 6341/1486/723 6342/1487/723
f 6343/1486/723 6344/1488/723 6345/1487/723
f 6346/1487/723 6347/1488/723 6348/1489/723
f 6349/1488/723 6350/1490/723 6351/1489/723
f 6352/1489/723 6353/1490/723 6354/1491/723
f 6355/1491/723 6356/1490/723 6357/1492/723
f 6358/1490/723 6359/1493/723 6360/1492/723
f 6361/1492/723 6362/1493/723 6363/1494/723
f 6364/1493/723 6365/1495/723 6366/1494/723
f 6367/1494/723 6368/1495/723 6369/1496/723
f 6370/1495/723 6371/1497/723 6372/1496/723
f 6373/1496/723 6374/1497/723 6375/1498/723
f 6376/1497/723 6377/1499/723 6378/1498/723
f 6379/1498/723 6380/1499/723 6381/1500/723
f 6382/1499/723 6383/1501/723 6384/1500/723
f 6385/1500/723 6386/1501/723 6387/1502/723
f 6388/1501/723 6389/1503/723 6390/1502/723
f 6391/1502/723 6392/1503/723 6393/1504/723
f 6394/1503/723 6395/1505/723 6396/1504/723
f 6397/1489/723 6398/1506/723 6399/1487/723
f 6400/1507/723 6401/1508/723 6402/1509/723
f 6403/1509/723 6404/1508/723 6405/1510/723
f 6406/1510/723 6407/1508/723 6408/1511/723
f 6409/1508/723 6410/1512/723 6411/1511/723
f 6412/1511/723 6413/1512/723 6414/1513/723
f 6415/1512/723 6416/1514/723 6417/1513/723
f 6418/1513/723 6419/1514/723 6420/1515/723
f 6421/1514/723 6422/1516/723 6423/1515/723
f 6424/1515/723 6425/1516/723 6426/1517/723
f 6427/1516/723 6428/1518/723 6429/1517/723
f 6430/1517/723 6431/1518/723 6432/1519/723
f 6433/1518/723 6434/1520/723 6435/1519/723
f 6436/1521/723 6437/1522/723 6438/1523/723
f 6439/1522/723 6440/1524/723 6441/1523/723
f 6442/1523/723 6443/1524/723 6444/1525/723
f 6445/1524/723 6446/1526/723 6447/1525/723
f 6448/1525/723 6449/1526/723 6450/1527/723
f 6451/1526/723 6452/1528/723 6453/1527/723
f 6454/1527/723 6455/1528/723 6456/1529/723
f 6457/1528/723 6458/1530/723 6459/1529/723
f 6460/1529/723 6461/1530/723 6462/1531/723
f 6463/1530/723 6464/1532/723 6465/1531/723
f 6466/1531/723 6467/1532/723 6468/1533/723
f 6469/1532/723 6470/1534/723 6471/1533/723
f 6472/1533/723 6473/1534/723 6474/1535/723
f 6475/1534/723 6476/1536/723 6477/1535/723
f 6478/1535/723 6479/1536/723 6480/1507/723
f 6481/1507/723 6482/1536/723 6483/1508/723
f 6484/1536/723 6485/1537/723 6486/1508/723
f 6487/1508/723 6488/1537/723 6489/1512/723
f 6490/1537/723 6491/1538/723 6492/1512/723
f 6493/1512/723 6494/1538/723 6495/1514/723
g Atomic11.002_meshId17_name
v -509.580414 -523.491150 4.983737
v -303.540192 -523.491150 4.983737
v -509.580414 -364.693542 4.983724
v -303.540192 -523.491150 4.983737
v -303.540192 -364.693542 4.983724
v -509.580414 -364.693542 4.983724
v 1398.558594 -364.693542 4.983724
v 1192.518433 -364.693542 4.983724
v 1398.558594 -523.491150 4.983737
v 1192.518433 -364.693542 4.983724
v 1192.518433 -523.491150 4.983737
v 1398.558594 -523.491150 4.983737
vn -0.0000 -0.0000 1.0000
vt 0.000000 -2.967104
vt 1.000000 -2.967104
vt 0.000000 -2.032896
vt 1.000000 -2.032896
s 0
usemtl Material__61.001
f 6496/1539/724 6497/1540/724 6498/1541/724
f 6499/1540/724 6500/1542/724 6501/1541/724
f 6502/1542/724 6503/1541/724 6504/1540/724
f 6505/1541/724 6506/1539/724 6507/1540/724
g Atomic11.003_meshId18_name
v -1743.923462 -822.329224 0.000027
v -1743.923462 -1046.781860 0.000043
v -1500.766479 -822.329224 0.000027
v -1743.923462 -1046.781860 0.000043
v -1500.766479 -1046.781860 0.000043
v -1500.766479 -822.329224 0.000027
v -1500.766479 -1046.781860 0.000043
v -1257.609497 -1046.781860 0.000043
v -1500.766479 -822.329224 0.000027
v -1500.766479 -822.329224 0.000027
v -1257.609497 -1046.781860 0.000043
v -1257.609497 -822.329224 0.000027
v -1257.609497 -822.329224 0.000027
v -1257.609497 -1046.781860 0.000043
v -1014.452454 -822.329224 0.000027
v -1257.609497 -1046.781860 0.000043
v -1014.452454 -1046.781860 0.000043
v -1014.452454 -822.329224 0.000027
v -1014.452454 -1046.781860 0.000043
v -771.295532 -1046.781860 0.000043
v -1014.452454 -822.329224 0.000027
v -1014.452454 -822.329224 0.000027
v -771.295532 -1046.781860 0.000043
v -771.295532 -822.329224 0.000027
v -771.295532 -822.329224 0.000027
v -771.295532 -1046.781860 0.000043
v -528.138550 -822.329224 0.000027
v -771.295532 -1046.781860 0.000043
v -528.138550 -1046.781860 0.000043
v -528.138550 -822.329224 0.000027
v -528.138550 -1046.781860 0.000043
v -284.981567 -1046.781860 0.000043
v -528.138550 -822.329224 0.000027
v -528.138550 -822.329224 0.000027
v -284.981567 -1046.781860 0.000043
v -284.981567 -822.329224 0.000027
v -284.981567 -822.329224 0.000027
v -284.981567 -1046.781860 0.000043
v -41.824570 -822.329224 0.000027
v -284.981567 -1046.781860 0.000043
v -41.824570 -1046.781860 0.000043
v -41.824570 -822.329224 0.000027
v -41.824570 -1046.781860 0.000043
v 201.332397 -1046.781860 0.000043
v -41.824570 -822.329224 0.000027
v -41.824570 -822.329224 0.000027
v 201.332397 -1046.781860 0.000043
v 201.332397 -822.329224 0.000027
v 201.332397 -822.329224 0.000027
v 201.332397 -1046.781860 0.000043
v 444.489349 -822.329224 0.000027
v 201.332397 -1046.781860 0.000043
v 444.489349 -1046.781860 0.000043
v 444.489349 -822.329224 0.000027
v 444.489349 -1046.781860 0.000043
v 687.646362 -1046.781860 0.000043
v 444.489349 -822.329224 0.000027
v 444.489349 -822.329224 0.000027
v 687.646362 -1046.781860 0.000043
v 687.646362 -822.329224 0.000027
v 687.646362 -822.329224 0.000027
v 687.646362 -1046.781860 0.000043
v 930.803345 -822.329224 0.000027
v 687.646362 -1046.781860 0.000043
v 930.803345 -1046.781860 0.000043
v 930.803345 -822.329224 0.000027
v 930.803345 -1046.781860 0.000043
v 1173.960327 -1046.781860 0.000043
v 930.803345 -822.329224 0.000027
v 930.803345 -822.329224 0.000027
v 1173.960327 -1046.781860 0.000043
v 1173.960327 -822.329224 0.000027
v 1173.960327 -822.329224 0.000027
v 1173.960327 -1046.781860 0.000043
v 1417.117310 -822.329224 0.000027
v 1173.960327 -1046.781860 0.000043
v 1417.117310 -1046.781860 0.000043
v 1417.117310 -822.329224 0.000027
v 1417.117310 -822.329224 0.000027
v 1417.117310 -1046.781860 0.000043
v 1660.274170 -1046.781860 0.000043
v 1660.274170 -1046.781860 0.000043
v 1660.274170 -822.329224 0.000027
v 1417.117310 -822.329224 0.000027
v 1660.274170 -822.329224 0.000027
v 1660.274170 -630.241455 0.000012
v 1417.117310 -822.329224 0.000027
v 1660.274170 -630.241455 0.000012
v 1417.117310 -630.241455 0.000012
v 1417.117310 -822.329224 0.000027
v 1417.117310 -822.329224 0.000027
v 1417.117310 -630.241455 0.000012
v 1173.960327 -822.329224 0.000027
v 1417.117310 -630.241455 0.000012
v 1173.960327 -630.241455 0.000012
v 1173.960327 -822.329224 0.000027
v 1173.960327 -822.329224 0.000027
v 1173.960327 -630.241455 0.000012
v 930.803345 -822.329224 0.000027
v 1173.960327 -630.241455 0.000012
v 930.803345 -630.241455 0.000012
v 930.803345 -822.329224 0.000027
v 930.803345 -822.329224 0.000027
v 930.803345 -630.241455 0.000012
v 687.646362 -822.329224 0.000027
v 930.803345 -630.241455 0.000012
v 687.646423 -630.241455 0.000012
v 687.646362 -822.329224 0.000027
v 687.646362 -822.329224 0.000027
v 687.646423 -630.241455 0.000012
v 444.489349 -822.329224 0.000027
v 687.646423 -630.241455 0.000012
v 444.489349 -630.241455 0.000012
v 444.489349 -822.329224 0.000027
v 444.489349 -822.329224 0.000027
v 444.489349 -630.241455 0.000012
v 201.332397 -822.329224 0.000027
v 444.489349 -630.241455 0.000012
v 201.332397 -630.241455 0.000012
v 201.332397 -822.329224 0.000027
v 201.332397 -822.329224 0.000027
v 201.332397 -630.241455 0.000012
v -41.824570 -822.329224 0.000027
v 201.332397 -630.241455 0.000012
v -41.824570 -630.241455 0.000012
v -41.824570 -822.329224 0.000027
v -41.824570 -822.329224 0.000027
v -41.824570 -630.241455 0.000012
v -284.981567 -822.329224 0.000027
v -41.824570 -630.241455 0.000012
v -284.981567 -630.241455 0.000012
v -284.981567 -822.329224 0.000027
v -284.981567 -822.329224 0.000027
v -284.981567 -630.241455 0.000012
v -528.138550 -822.329224 0.000027
v -284.981567 -630.241455 0.000012
v -528.138550 -630.241455 0.000012
v -528.138550 -822.329224 0.000027
v -528.138550 -822.329224 0.000027
v -528.138550 -630.241455 0.000012
v -771.295532 -822.329224 0.000027
v -528.138550 -630.241455 0.000012
v -771.295532 -630.241455 0.000012
v -771.295532 -822.329224 0.000027
v -771.295532 -822.329224 0.000027
v -771.295532 -630.241455 0.000012
v -1014.452454 -822.329224 0.000027
v -771.295532 -630.241455 0.000012
v -1014.452454 -630.241455 0.000012
v -1014.452454 -822.329224 0.000027
v -1014.452454 -822.329224 0.000027
v -1014.452454 -630.241455 0.000012
v -1257.609497 -822.329224 0.000027
v -1014.452454 -630.241455 0.000012
v -1257.609497 -630.241455 0.000012
v -1257.609497 -822.329224 0.000027
v -1257.609497 -822.329224 0.000027
v -1257.609497 -630.241455 0.000012
v -1500.766479 -822.329224 0.000027
v -1257.609497 -630.241455 0.000012
v -1500.766479 -630.241455 0.000012
v -1500.766479 -822.329224 0.000027
v -1500.766479 -822.329224 0.000027
v -1500.766479 -630.241455 0.000012
v -1743.923462 -822.329224 0.000027
v -1500.766479 -630.241455 0.000012
v -1743.923462 -630.241455 0.000012
v -1743.923462 -822.329224 0.000027
v -1743.923462 -630.241455 0.000012
v -1500.766479 -630.241455 0.000012
v -1743.923462 -572.800049 0.000008
v -1743.923462 -572.800049 0.000008
v -1500.766479 -630.241455 0.000012
v -1500.766479 -572.800049 0.000008
v -1500.766479 -630.241455 0.000012
v -1257.609497 -630.241455 0.000012
v -1500.766479 -572.800049 0.000008
v -1500.766479 -572.800049 0.000008
v -1257.609497 -630.241455 0.000012
v -1257.609497 -572.800049 0.000008
v -1257.609497 -630.241455 0.000012
v -1014.452454 -630.241455 0.000012
v -1257.609497 -572.800049 0.000008
v -1257.609497 -572.800049 0.000008
v -1014.452454 -630.241455 0.000012
v -1014.452454 -572.800049 0.000008
v -1014.452454 -630.241455 0.000012
v -771.295532 -630.241455 0.000012
v -1014.452454 -572.800049 0.000008
v -1014.452454 -572.800049 0.000008
v -771.295532 -630.241455 0.000012
v -771.295532 -572.800049 0.000008
v -771.295532 -630.241455 0.000012
v -528.138550 -630.241455 0.000012
v -771.295532 -572.800049 0.000008
v -771.295532 -572.800049 0.000008
v -528.138550 -630.241455 0.000012
v -528.138550 -572.800049 0.000008
v -528.138550 -630.241455 0.000012
v -284.981567 -630.241455 0.000012
v -528.138550 -572.800049 0.000008
v -528.138550 -572.800049 0.000008
v -284.981567 -630.241455 0.000012
v -284.981567 -572.800049 0.000008
v -284.981567 -630.241455 0.000012
v -41.824570 -630.241455 0.000012
v -284.981567 -572.800049 0.000008
v -284.981567 -572.800049 0.000008
v -41.824570 -630.241455 0.000012
v -41.824570 -572.800049 0.000008
v -41.824570 -630.241455 0.000012
v 201.332397 -630.241455 0.000012
v -41.824570 -572.800049 0.000008
v -41.824570 -572.800049 0.000008
v 201.332397 -630.241455 0.000012
v 201.332397 -572.800049 0.000008
v 201.332397 -630.241455 0.000012
v 444.489349 -630.241455 0.000012
v 201.332397 -572.800049 0.000008
v 201.332397 -572.800049 0.000008
v 444.489349 -630.241455 0.000012
v 444.489349 -572.800049 0.000008
v 444.489349 -630.241455 0.000012
v 687.646423 -630.241455 0.000012
v 444.489349 -572.800049 0.000008
v 444.489349 -572.800049 0.000008
v 687.646423 -630.241455 0.000012
v 687.646362 -572.800049 0.000008
v 687.646423 -630.241455 0.000012
v 930.803345 -630.241455 0.000012
v 687.646362 -572.800049 0.000008
v 687.646362 -572.800049 0.000008
v 930.803345 -630.241455 0.000012
v 930.803345 -572.800049 0.000008
v 930.803345 -630.241455 0.000012
v 1173.960327 -630.241455 0.000012
v 930.803345 -572.800049 0.000008
v 930.803345 -572.800049 0.000008
v 1173.960327 -630.241455 0.000012
v 1173.960327 -572.800049 0.000008
v 1173.960327 -630.241455 0.000012
v 1417.117310 -630.241455 0.000012
v 1173.960327 -572.800049 0.000008
v 1173.960327 -572.800049 0.000008
v 1417.117310 -630.241455 0.000012
v 1417.117310 -572.800049 0.000008
v 1417.117310 -630.241455 0.000012
v 1660.274170 -630.241455 0.000012
v 1417.117310 -572.800049 0.000008
v 1417.117310 -572.800049 0.000008
v 1660.274170 -630.241455 0.000012
v 1660.274170 -572.800049 0.000008
v 1660.274170 -542.049438 11.849974
v 1417.117310 -542.049438 11.849974
v 1660.274170 -572.800049 11.849976
v 1660.274170 -572.800049 11.849976
v 1417.117310 -542.049438 11.849974
v 1417.117310 -572.800049 11.849976
v 1417.117310 -542.049438 11.849974
v 1173.960327 -542.049438 11.849974
v 1417.117310 -572.800049 11.849976
v 1417.117310 -572.800049 11.849976
v 1173.960327 -542.049438 11.849974
v 1173.960327 -572.800049 11.849976
v 1173.960327 -542.049438 11.849974
v 930.803345 -542.049438 11.849974
v 1173.960327 -572.800049 11.849976
v 1173.960327 -572.800049 11.849976
v 930.803345 -542.049438 11.849974
v 930.803345 -572.800049 11.849976
v 930.803345 -542.049438 11.849974
v 687.646362 -542.049438 11.849974
v 930.803345 -572.800049 11.849976
v 930.803345 -572.800049 11.849976
v 687.646362 -542.049438 11.849974
v 687.646362 -572.800049 11.849976
v 687.646362 -542.049438 11.849974
v 444.489349 -542.049438 11.849974
v 687.646362 -572.800049 11.849976
v 687.646362 -572.800049 11.849976
v 444.489349 -542.049438 11.849974
v 444.489349 -572.800049 11.849976
v 444.489349 -542.049438 11.849974
v 201.332397 -542.049438 11.849974
v 444.489349 -572.800049 11.849976
v 444.489349 -572.800049 11.849976
v 201.332397 -542.049438 11.849974
v 201.332397 -572.800049 11.849976
v 201.332397 -542.049438 11.849974
v -41.824570 -542.049438 11.849974
v 201.332397 -572.800049 11.849976
v 201.332397 -572.800049 11.849976
v -41.824570 -542.049438 11.849974
v -41.824570 -572.800049 11.849976
v -41.824570 -542.049438 11.849974
v -284.981476 -542.049438 11.849974
v -41.824570 -572.800049 11.849976
v -41.824570 -572.800049 11.849976
v -284.981476 -542.049438 11.849974
v -284.981567 -572.800049 11.849976
v -284.981476 -542.049438 11.849974
v -528.138550 -542.049438 11.849974
v -284.981567 -572.800049 11.849976
v -284.981567 -572.800049 11.849976
v -528.138550 -542.049438 11.849974
v -528.138550 -572.800049 11.849976
v -528.138550 -542.049438 11.849974
v -771.295532 -542.049438 11.849974
v -528.138550 -572.800049 11.849976
v -528.138550 -572.800049 11.849976
v -771.295532 -542.049438 11.849974
v -771.295532 -572.800049 11.849976
v -771.295532 -542.049438 11.849974
v -1014.452454 -542.049438 11.849974
v -771.295532 -572.800049 11.849976
v -771.295532 -572.800049 11.849976
v -1014.452454 -542.049438 11.849974
v -1014.452454 -572.800049 11.849976
v -1014.452454 -542.049438 11.849974
v -1257.609497 -542.049438 11.849974
v -1014.452454 -572.800049 11.849976
v -1014.452454 -572.800049 11.849976
v -1257.609497 -542.049438 11.849974
v -1257.609497 -572.800049 11.849976
v -1257.609497 -542.049438 11.849974
v -1500.766479 -542.049438 11.849974
v -1257.609497 -572.800049 11.849976
v -1257.609497 -572.800049 11.849976
v -1500.766479 -542.049438 11.849974
v -1500.766479 -572.800049 11.849976
v -1500.766479 -542.049438 11.849974
v -1743.923462 -542.049438 11.849974
v -1500.766479 -572.800049 11.849976
v -1500.766479 -572.800049 11.849976
v -1743.923462 -542.049438 11.849974
v -1743.923462 -572.800049 11.849976
v 1660.274170 8.871704 11.849932
v 1417.117310 8.871704 11.849932
v 1660.274170 -23.317932 11.849934
v 1660.274170 -23.317932 11.849934
v 1417.117310 8.871704 11.849932
v 1417.117310 -23.317932 11.849934
v 1417.117310 -23.317932 11.849934
v 1417.117310 8.871704 11.849932
v 1173.960327 -23.317932 11.849934
v 1417.117310 8.871704 11.849932
v 1173.960327 8.871704 11.849932
v 1173.960327 -23.317932 11.849934
v 1173.960327 8.871704 11.849932
v 1022.939392 8.871704 11.849932
v 1173.960327 -23.317932 11.849934
v 1173.960327 -23.317932 11.849934
v 1022.939392 8.871704 11.849932
v 930.803345 -23.317932 11.849934
v 1022.939392 8.871704 11.849932
v 930.803345 8.871704 11.849932
v 930.803345 -23.317932 11.849934
v 930.803345 -23.317932 11.849934
v 930.803345 8.871704 11.849932
v 687.646362 -23.317932 11.849934
v 930.803345 8.871704 11.849932
v 687.646362 8.871704 11.849932
v 687.646362 -23.317932 11.849934
v 687.646362 -23.317932 11.849934
v 687.646362 8.871704 11.849932
v 444.489410 -23.317932 11.849934
v 687.646362 8.871704 11.849932
v 444.489410 8.871704 11.849932
v 444.489410 -23.317932 11.849934
v 444.489410 -23.317932 11.849934
v 444.489410 8.871704 11.849932
v 201.332397 -23.317932 11.849934
v 444.489410 8.871704 11.849932
v 201.332397 8.871704 11.849932
v 201.332397 -23.317932 11.849934
v 201.332397 -23.317932 11.849934
v 201.332397 8.871704 11.849932
v -41.824570 -23.317932 11.849934
v 201.332397 8.871704 11.849932
v -41.824570 8.871704 11.849932
v -41.824570 -23.317932 11.849934
v -41.824570 -23.317932 11.849934
v -41.824570 8.871704 11.849932
v -284.981567 -23.317932 11.849934
v -41.824570 8.871704 11.849932
v -284.981567 8.871704 11.849932
v -284.981567 -23.317932 11.849934
v -284.981567 -23.317932 11.849934
v -284.981567 8.871704 11.849932
v -528.138550 -23.317932 11.849934
v -284.981567 8.871704 11.849932
v -528.138550 8.871704 11.849932
v -528.138550 -23.317932 11.849934
v -528.138550 -23.317932 11.849934
v -528.138550 8.871704 11.849932
v -771.295532 -23.317932 11.849934
v -528.138550 8.871704 11.849932
v -771.295532 8.871704 11.849932
v -771.295532 -23.317932 11.849934
v -771.295532 8.871704 11.849932
v -921.260620 8.871704 11.849932
v -771.295532 -23.317932 11.849934
v -771.295532 -23.317932 11.849934
v -921.260620 8.871704 11.849932
v -1014.452454 -23.317932 11.849934
v -921.260620 8.871704 11.849932
v -1014.452454 8.871704 11.849932
v -1014.452454 -23.317932 11.849934
v -1014.452454 8.871704 11.849932
v -1257.609497 8.871704 11.849932
v -1014.452454 -23.317932 11.849934
v -1014.452454 -23.317932 11.849934
v -1257.609497 8.871704 11.849932
v -1257.609497 -23.317932 11.849934
v -1257.609497 8.871704 11.849932
v -1500.766479 8.871704 11.849932
v -1257.609497 -23.317932 11.849934
v -1257.609497 -23.317932 11.849934
v -1500.766479 8.871704 11.849932
v -1500.766479 -23.317932 11.849934
v -1500.766479 -23.317932 11.849934
v -1500.766479 8.871704 11.849932
v -1743.923462 -23.317932 11.849934
v -1500.766479 8.871704 11.849932
v -1743.923462 8.871704 11.849932
v -1743.923462 -23.317932 11.849934
v -1743.923462 -23.317932 11.849934
v -1743.923462 8.871704 11.849932
v -1987.080444 -23.317932 11.849934
v -1743.923462 8.871704 11.849932
v -1987.080444 8.871704 11.849932
v -1987.080444 -23.317932 11.849934
v -1987.080444 -23.317932 11.849934
v -1987.080444 8.871704 11.849932
v -2230.237305 -23.317932 11.849934
v -1987.080444 8.871704 11.849932
v -2230.237305 8.871704 11.849932
v -2230.237305 -23.317932 11.849934
v 1660.274170 -572.800049 11.849976
v 1417.117310 -572.800049 11.849976
v 1660.274170 -572.800049 0.000008
v 1660.274170 -572.800049 0.000008
v 1417.117310 -572.800049 11.849976
v 1417.117310 -572.800049 0.000008
v 1417.117310 -572.800049 11.849976
v 1173.960327 -572.800049 11.849976
v 1417.117310 -572.800049 0.000008
v 1417.117310 -572.800049 0.000008
v 1173.960327 -572.800049 11.849976
v 1173.960327 -572.800049 0.000008
v 1173.960327 -572.800049 11.849976
v 930.803345 -572.800049 11.849976
v 1173.960327 -572.800049 0.000008
v 1173.960327 -572.800049 0.000008
v 930.803345 -572.800049 11.849976
v 930.803345 -572.800049 0.000008
v 930.803345 -572.800049 11.849976
v 687.646362 -572.800049 11.849976
v 930.803345 -572.800049 0.000008
v 930.803345 -572.800049 0.000008
v 687.646362 -572.800049 11.849976
v 687.646362 -572.800049 0.000008
v 687.646362 -572.800049 11.849976
v 444.489349 -572.800049 11.849976
v 687.646362 -572.800049 0.000008
v 687.646362 -572.800049 0.000008
v 444.489349 -572.800049 11.849976
v 444.489349 -572.800049 0.000008
v 444.489349 -572.800049 11.849976
v 201.332397 -572.800049 11.849976
v 444.489349 -572.800049 0.000008
v 444.489349 -572.800049 0.000008
v 201.332397 -572.800049 11.849976
v 201.332397 -572.800049 0.000008
v 201.332397 -572.800049 11.849976
v -41.824570 -572.800049 11.849976
v 201.332397 -572.800049 0.000008
v 201.332397 -572.800049 0.000008
v -41.824570 -572.800049 11.849976
v -41.824570 -572.800049 0.000008
v -41.824570 -572.800049 11.849976
v -284.981567 -572.800049 11.849976
v -41.824570 -572.800049 0.000008
v -41.824570 -572.800049 0.000008
v -284.981567 -572.800049 11.849976
v -284.981567 -572.800049 0.000008
v -284.981567 -572.800049 11.849976
v -528.138550 -572.800049 11.849976
v -284.981567 -572.800049 0.000008
v -284.981567 -572.800049 0.000008
v -528.138550 -572.800049 11.849976
v -528.138550 -572.800049 0.000008
v -528.138550 -572.800049 11.849976
v -771.295532 -572.800049 11.849976
v -528.138550 -572.800049 0.000008
v -528.138550 -572.800049 0.000008
v -771.295532 -572.800049 11.849976
v -771.295532 -572.800049 0.000008
v -771.295532 -572.800049 11.849976
v -1014.452454 -572.800049 11.849976
v -771.295532 -572.800049 0.000008
v -771.295532 -572.800049 0.000008
v -1014.452454 -572.800049 11.849976
v -1014.452454 -572.800049 0.000008
v -1014.452454 -572.800049 11.849976
v -1257.609497 -572.800049 11.849976
v -1014.452454 -572.800049 0.000008
v -1014.452454 -572.800049 0.000008
v -1257.609497 -572.800049 11.849976
v -1257.609497 -572.800049 0.000008
v -1257.609497 -572.800049 11.849976
v -1500.766479 -572.800049 11.849976
v -1257.609497 -572.800049 0.000008
v -1257.609497 -572.800049 0.000008
v -1500.766479 -572.800049 11.849976
v -1500.766479 -572.800049 0.000008
v -1500.766479 -572.800049 11.849976
v -1743.923462 -572.800049 11.849976
v -1500.766479 -572.800049 0.000008
v -1500.766479 -572.800049 0.000008
v -1743.923462 -572.800049 11.849976
v -1743.923462 -572.800049 0.000008
vn -0.0000 -0.0000 1.0000
vn -0.0000 -1.0000 -0.0000
vt 0.665798 -2.286282
vt 0.665798 -2.523085
vt 0.331746 -2.286282
vt 0.331746 -2.523085
vt 0.001413 -2.523085
vt 0.001413 -2.286282
vt 0.999327 -2.286282
vt 0.999327 -2.523085
vt 0.001413 -2.083626
vt 0.331746 -2.083626
vt 0.665798 -2.083626
vt 0.999327 -2.083626
vt 0.665798 -2.023024
vt 0.331746 -2.023024
vt 0.001413 -2.023024
vt 0.999327 -2.023024
vt 0.001413 -2.023681
vt 0.331746 -2.023681
vt 0.001413 -2.082042
vt 0.331746 -2.082042
vt 0.665798 -2.023681
vt 0.665798 -2.082042
vt 0.999327 -2.023681
vt 0.999327 -2.082042
vt 0.001413 -2.023882
vt 0.331746 -2.023882
vt 0.001413 -2.083651
vt 0.331746 -2.083651
vt 0.665798 -2.083651
vt 0.665798 -2.023882
vt 0.875631 -2.023882
vt 0.999327 -2.083651
vt 0.999327 -2.023882
vt 0.461278 -2.023882
vt 0.001413 -2.000554
vt 0.331746 -2.000554
vt 0.001413 -2.022598
vt 0.331746 -2.022598
vt 0.665798 -2.000554
vt 0.665798 -2.022598
vt 0.999327 -2.000554
vt 0.999327 -2.022598
s 0
usemtl Material__63
f 6508/1543/725 6509/1544/725 6510/1545/725
f 6511/1544/725 6512/1546/725 6513/1545/725
f 6514/1546/725 6515/1547/725 6516/1545/725
f 6517/1545/725 6518/1547/725 6519/1548/725
f 6520/1548/725 6521/1547/725 6522/1545/725
f 6523/1547/725 6524/1546/725 6525/1545/725
f 6526/1546/725 6527/1544/725 6528/1545/725
f 6529/1545/725 6530/1544/725 6531/1543/725
f 6532/1543/725 6533/1544/725 6534/1549/725
f 6535/1544/725 6536/1550/725 6537/1549/725
f 6538/1550/725 6539/1544/725 6540/1549/725
f 6541/1549/725 6542/1544/725 6543/1543/725
f 6544/1543/725 6545/1544/725 6546/1545/725
f 6547/1544/725 6548/1546/725 6549/1545/725
f 6550/1546/725 6551/1547/725 6552/1545/725
f 6553/1545/725 6554/1547/725 6555/1548/725
f 6556/1548/725 6557/1547/725 6558/1545/725
f 6559/1547/725 6560/1546/725 6561/1545/725
f 6562/1546/725 6563/1544/725 6564/1545/725
f 6565/1545/725 6566/1544/725 6567/1543/725
f 6568/1543/725 6569/1544/725 6570/1549/725
f 6571/1544/725 6572/1550/725 6573/1549/725
f 6574/1550/725 6575/1544/725 6576/1549/725
f 6577/1549/725 6578/1544/725 6579/1543/725
f 6580/1543/725 6581/1544/725 6582/1545/725
f 6583/1544/725 6584/1546/725 6585/1545/725
f 6586/1545/725 6587/1546/725 6588/1547/725
f 6589/1547/725 6590/1548/725 6591/1545/725
f 6592/1548/725 6593/1551/725 6594/1545/725
f 6595/1551/725 6596/1552/725 6597/1545/725
f 6598/1545/725 6599/1552/725 6600/1543/725
f 6601/1552/725 6602/1553/725 6603/1543/725
f 6604/1543/725 6605/1553/725 6606/1549/725
f 6607/1553/725 6608/1554/725 6609/1549/725
f 6610/1549/725 6611/1554/725 6612/1543/725
f 6613/1554/725 6614/1553/725 6615/1543/725
f 6616/1543/725 6617/1553/725 6618/1545/725
f 6619/1553/725 6620/1552/725 6621/1545/725
f 6622/1545/725 6623/1552/725 6624/1548/725
f 6625/1552/725 6626/1551/725 6627/1548/725
f 6628/1548/725 6629/1551/725 6630/1545/725
f 6631/1551/725 6632/1552/725 6633/1545/725
f 6634/1545/725 6635/1552/725 6636/1543/725
f 6637/1552/725 6638/1553/725 6639/1543/725
f 6640/1543/725 6641/1553/725 6642/1549/725
f 6643/1553/725 6644/1554/725 6645/1549/725
f 6646/1549/725 6647/1554/725 6648/1543/725
f 6649/1554/725 6650/1553/725 6651/1543/725
f 6652/1543/725 6653/1553/725 6654/1545/725
f 6655/1553/725 6656/1552/725 6657/1545/725
f 6658/1545/725 6659/1552/725 6660/1548/725
f 6661/1552/725 6662/1551/725 6663/1548/725
f 6664/1548/725 6665/1551/725 6666/1545/725
f 6667/1551/725 6668/1552/725 6669/1545/725
f 6670/1545/725 6671/1552/725 6672/1543/725
f 6673/1552/725 6674/1553/725 6675/1543/725
f 6676/1553/725 6677/1552/725 6678/1555/725
f 6679/1555/725 6680/1552/725 6681/1556/725
f 6682/1552/725 6683/1551/725 6684/1556/725
f 6685/1556/725 6686/1551/725 6687/1557/725
f 6688/1551/725 6689/1552/725 6690/1557/725
f 6691/1557/725 6692/1552/725 6693/1556/725
f 6694/1552/725 6695/1553/725 6696/1556/725
f 6697/1556/725 6698/1553/725 6699/1555/725
f 6700/1553/725 6701/1554/725 6702/1555/725
f 6703/1555/725 6704/1554/725 6705/1558/725
f 6706/1554/725 6707/1553/725 6708/1558/725
f 6709/1558/725 6710/1553/725 6711/1555/725
f 6712/1553/725 6713/1552/725 6714/1555/725
f 6715/1555/725 6716/1552/725 6717/1556/725
f 6718/1552/725 6719/1551/725 6720/1556/725
f 6721/1556/725 6722/1551/725 6723/1557/725
f 6724/1551/725 6725/1552/725 6726/1557/725
f 6727/1557/725 6728/1552/725 6729/1556/725
f 6730/1552/725 6731/1553/725 6732/1556/725
f 6733/1556/725 6734/1553/725 6735/1555/725
f 6736/1553/725 6737/1554/725 6738/1555/725
f 6739/1555/725 6740/1554/725 6741/1558/725
f 6742/1554/725 6743/1553/725 6744/1558/725
f 6745/1558/725 6746/1553/725 6747/1555/725
f 6748/1553/725 6749/1552/725 6750/1555/725
f 6751/1555/725 6752/1552/725 6753/1556/725
f 6754/1552/725 6755/1551/725 6756/1556/725
f 6757/1556/725 6758/1551/725 6759/1557/725
s 1
f 6760/1559/725 6761/1560/725 6762/1561/726
f 6763/1561/726 6764/1560/725 6765/1562/726
f 6766/1560/725 6767/1563/725 6768/1562/726
f 6769/1562/726 6770/1563/725 6771/1564/726
f 6772/1563/725 6773/1565/725 6774/1564/726
f 6775/1564/726 6776/1565/725 6777/1566/726
f 6778/1565/725 6779/1563/725 6780/1566/726
f 6781/1566/726 6782/1563/725 6783/1564/726
f 6784/1563/725 6785/1560/725 6786/1564/726
f 6787/1564/726 6788/1560/725 6789/1562/726
f 6790/1560/725 6791/1559/725 6792/1562/726
f 6793/1562/726 6794/1559/725 6795/1561/726
f 6796/1559/725 6797/1560/725 6798/1561/726
f 6799/1561/726 6800/1560/725 6801/1562/726
f 6802/1560/725 6803/1563/725 6804/1562/726
f 6805/1562/726 6806/1563/725 6807/1564/726
f 6808/1563/725 6809/1565/725 6810/1564/726
f 6811/1564/726 6812/1565/725 6813/1566/726
f 6814/1565/725 6815/1563/725 6816/1566/726
f 6817/1566/726 6818/1563/725 6819/1564/726
f 6820/1563/725 6821/1560/725 6822/1564/726
f 6823/1564/726 6824/1560/725 6825/1562/726
f 6826/1560/725 6827/1559/725 6828/1562/726
f 6829/1562/726 6830/1559/725 6831/1561/726
f 6832/1559/725 6833/1560/725 6834/1561/726
f 6835/1561/726 6836/1560/725 6837/1562/726
f 6838/1560/725 6839/1563/725 6840/1562/726
f 6841/1562/726 6842/1563/725 6843/1564/726
s 0
f 6844/1567/725 6845/1568/725 6846/1569/725
f 6847/1569/725 6848/1568/725 6849/1570/725
f 6850/1570/725 6851/1568/725 6852/1571/725
f 6853/1568/725 6854/1572/725 6855/1571/725
f 6856/1572/725 6857/1573/725 6858/1571/725
f 6859/1571/725 6860/1573/725 6861/1574/725
f 6862/1573/725 6863/1575/725 6864/1574/725
f 6865/1574/725 6866/1575/725 6867/1571/725
f 6868/1575/725 6869/1572/725 6870/1571/725
f 6871/1571/725 6872/1572/725 6873/1570/725
f 6874/1572/725 6875/1568/725 6876/1570/725
f 6877/1570/725 6878/1568/725 6879/1569/725
f 6880/1568/725 6881/1567/725 6882/1569/725
f 6883/1569/725 6884/1567/725 6885/1570/725
f 6886/1567/725 6887/1568/725 6888/1570/725
f 6889/1570/725 6890/1568/725 6891/1571/725
f 6892/1568/725 6893/1572/725 6894/1571/725
f 6895/1571/725 6896/1572/725 6897/1574/725
f 6898/1572/725 6899/1575/725 6900/1574/725
f 6901/1574/725 6902/1575/725 6903/1571/725
f 6904/1575/725 6905/1572/725 6906/1571/725
f 6907/1572/725 6908/1576/725 6909/1571/725
f 6910/1571/725 6911/1576/725 6912/1570/725
f 6913/1576/725 6914/1568/725 6915/1570/725
f 6916/1568/725 6917/1567/725 6918/1570/725
f 6919/1570/725 6920/1567/725 6921/1569/725
f 6922/1567/725 6923/1568/725 6924/1569/725
f 6925/1569/725 6926/1568/725 6927/1570/725
f 6928/1570/725 6929/1568/725 6930/1571/725
f 6931/1568/725 6932/1572/725 6933/1571/725
f 6934/1571/725 6935/1572/725 6936/1574/725
f 6937/1572/725 6938/1575/725 6939/1574/725
f 6940/1574/725 6941/1575/725 6942/1571/725
f 6943/1575/725 6944/1572/725 6945/1571/725
s 1
f 6946/1577/726 6947/1578/726 6948/1579/725
f 6949/1579/725 6950/1578/726 6951/1580/725
f 6952/1578/726 6953/1581/726 6954/1580/725
f 6955/1580/725 6956/1581/726 6957/1582/725
f 6958/1581/726 6959/1583/726 6960/1582/725
f 6961/1582/725 6962/1583/726 6963/1584/725
f 6964/1583/726 6965/1581/726 6966/1584/725
f 6967/1584/725 6968/1581/726 6969/1582/725
f 6970/1581/726 6971/1578/726 6972/1582/725
f 6973/1582/725 6974/1578/726 6975/1580/725
f 6976/1578/726 6977/1577/726 6978/1580/725
f 6979/1580/725 6980/1577/726 6981/1579/725
f 6982/1577/726 6983/1578/726 6984/1579/725
f 6985/1579/725 6986/1578/726 6987/1580/725
f 6988/1578/726 6989/1581/726 6990/1580/725
f 6991/1580/725 6992/1581/726 6993/1582/725
f 6994/1581/726 6995/1583/726 6996/1582/725
f 6997/1582/725 6998/1583/726 6999/1584/725
f 7000/1583/726 7001/1581/726 7002/1584/725
f 7003/1584/725 7004/1581/726 7005/1582/725
f 7006/1581/726 7007/1578/726 7008/1582/725
f 7009/1582/725 7010/1578/726 7011/1580/725
f 7012/1578/726 7013/1577/726 7014/1580/725
f 7015/1580/725 7016/1577/726 7017/1579/725
f 7018/1577/726 7019/1578/726 7020/1579/725
f 7021/1579/725 7022/1578/726 7023/1580/725
f 7024/1578/726 7025/1581/726 7026/1580/725
f 7027/1580/725 7028/1581/726 7029/1582/725
g Atomic11.004_meshId19_name
v 1417.117310 -346.135193 11.849959
v 1417.117310 -150.220886 11.849944
v 1173.960327 -346.135193 11.849959
v 1417.117310 -150.220886 11.849944
v 1173.960327 -150.220886 11.849944
v 1173.960327 -346.135193 11.849959
v 1173.960327 -346.135193 11.849959
v 1173.960327 -150.220886 11.849944
v 930.803406 -346.135193 11.849958
v 1173.960327 -150.220886 11.849944
v 930.803406 -150.220886 11.849944
v 930.803406 -346.135193 11.849958
v 930.803406 -346.135193 11.849958
v 930.803406 -150.220886 11.849944
v 687.646362 -346.135193 11.849958
v 930.803406 -150.220886 11.849944
v 687.646362 -150.220886 11.849944
v 687.646362 -346.135193 11.849958
v 687.646362 -346.135193 11.849958
v 687.646362 -150.220886 11.849944
v 444.489380 -346.135193 11.849958
v 687.646362 -150.220886 11.849944
v 444.489380 -150.220886 11.849944
v 444.489380 -346.135193 11.849958
v 444.489380 -346.135193 11.849958
v 444.489380 -150.220886 11.849944
v 201.332413 -346.135193 11.849958
v 444.489380 -150.220886 11.849944
v 201.332413 -150.220886 11.849944
v 201.332413 -346.135193 11.849958
v 201.332413 -346.135193 11.849958
v 201.332413 -150.220886 11.849944
v -41.824570 -346.135193 11.849958
v 201.332413 -150.220886 11.849944
v -41.824570 -150.220886 11.849944
v -41.824570 -346.135193 11.849958
v -41.824570 -346.135193 11.849958
v -41.824570 -150.220886 11.849944
v -284.981476 -346.135193 11.849958
v -41.824570 -150.220886 11.849944
v -284.981567 -150.220886 11.849944
v -284.981476 -346.135193 11.849958
v -284.981476 -346.135193 11.849958
v -284.981567 -150.220886 11.849944
v -528.138550 -346.135193 11.849958
v -284.981567 -150.220886 11.849944
v -528.138550 -150.220886 11.849944
v -528.138550 -346.135193 11.849958
v -528.138550 -346.135193 11.849958
v -528.138550 -150.220886 11.849944
v -771.295532 -346.135193 11.849958
v -528.138550 -150.220886 11.849944
v -771.295532 -150.220886 11.849944
v -771.295532 -346.135193 11.849958
v -771.295532 -346.135193 11.849958
v -771.295532 -150.220886 11.849944
v -1014.452454 -346.135193 11.849958
v -771.295532 -150.220886 11.849944
v -1014.452454 -150.220886 11.849944
v -1014.452454 -346.135193 11.849958
v -1014.452454 -346.135193 11.849958
v -1014.452454 -150.220886 11.849944
v -1257.609497 -346.135193 11.849958
v -1014.452454 -150.220886 11.849944
v -1257.609497 -150.220886 11.849944
v -1257.609497 -346.135193 11.849958
v -1257.609497 -346.135193 11.849958
v -1257.609497 -150.220886 11.849944
v -1500.766479 -346.135193 11.849958
v -1257.609497 -150.220886 11.849944
v -1500.766479 -150.220886 11.849944
v -1500.766479 -346.135193 11.849958
v -1500.766479 -346.135193 11.849958
v -1500.766479 -150.220886 11.849944
v -1743.923462 -346.135193 11.849958
v -1500.766479 -150.220886 11.849944
v -1743.923462 -150.220886 11.849944
v -1743.923462 -346.135193 11.849958
v -1743.923462 -346.135193 11.849958
v -1743.923462 -150.220886 11.849944
v -1987.080444 -346.135193 11.849958
v -1743.923462 -150.220886 11.849944
v -1987.080444 -150.220886 11.849944
v -1987.080444 -346.135193 11.849958
v 1417.117310 -542.049438 11.849975
v 1660.274170 -542.049438 11.849974
v 1417.117310 -346.135193 11.849959
v 1660.274170 -542.049438 11.849974
v 1660.274170 -346.135193 11.849958
v 1417.117310 -346.135193 11.849959
v 1660.274170 -346.135193 11.849958
v 1660.274170 -150.220886 11.849944
v 1417.117310 -346.135193 11.849959
v 1417.117310 -346.135193 11.849959
v 1660.274170 -150.220886 11.849944
v 1417.117310 -150.220886 11.849944
v 1660.274170 -150.220886 11.849944
v 1660.274170 -23.317932 11.849935
v 1417.117310 -150.220886 11.849944
v 1417.117310 -150.220886 11.849944
v 1660.274170 -23.317932 11.849935
v 1417.117310 -23.317932 11.849935
v 1417.117310 -23.317932 11.849935
v 1173.960327 -23.317932 11.849935
v 1417.117310 -150.220886 11.849944
v 1417.117310 -150.220886 11.849944
v 1173.960327 -23.317932 11.849935
v 1173.960327 -150.220886 11.849944
v 1173.960327 -150.220886 11.849944
v 1173.960327 -23.317932 11.849935
v 930.803406 -150.220886 11.849944
v 1173.960327 -23.317932 11.849935
v 930.803406 -23.317932 11.849935
v 930.803406 -150.220886 11.849944
v 930.803406 -150.220886 11.849944
v 930.803406 -23.317932 11.849935
v 687.646362 -150.220886 11.849944
v 930.803406 -23.317932 11.849935
v 687.646362 -23.317932 11.849935
v 687.646362 -150.220886 11.849944
v 687.646362 -150.220886 11.849944
v 687.646362 -23.317932 11.849935
v 444.489380 -150.220886 11.849944
v 687.646362 -23.317932 11.849935
v 444.489441 -23.317932 11.849935
v 444.489380 -150.220886 11.849944
v 444.489380 -150.220886 11.849944
v 444.489441 -23.317932 11.849935
v 201.332413 -150.220886 11.849944
v 444.489441 -23.317932 11.849935
v 201.332413 -23.317932 11.849935
v 201.332413 -150.220886 11.849944
v 201.332413 -150.220886 11.849944
v 201.332413 -23.317932 11.849935
v -41.824570 -150.220886 11.849944
v 201.332413 -23.317932 11.849935
v -41.824570 -23.317932 11.849935
v -41.824570 -150.220886 11.849944
v -41.824570 -150.220886 11.849944
v -41.824570 -23.317932 11.849935
v -284.981567 -150.220886 11.849944
v -41.824570 -23.317932 11.849935
v -284.981567 -23.317932 11.849935
v -284.981567 -150.220886 11.849944
v -284.981567 -150.220886 11.849944
v -284.981567 -23.317932 11.849935
v -528.138550 -150.220886 11.849944
v -284.981567 -23.317932 11.849935
v -528.138550 -23.317932 11.849935
v -528.138550 -150.220886 11.849944
v -528.138550 -150.220886 11.849944
v -528.138550 -23.317932 11.849935
v -771.295532 -150.220886 11.849944
v -528.138550 -23.317932 11.849935
v -771.295532 -23.317932 11.849935
v -771.295532 -150.220886 11.849944
v -771.295532 -150.220886 11.849944
v -771.295532 -23.317932 11.849935
v -1014.452454 -150.220886 11.849944
v -771.295532 -23.317932 11.849935
v -1014.452454 -23.317932 11.849935
v -1014.452454 -150.220886 11.849944
v -1014.452454 -150.220886 11.849944
v -1014.452454 -23.317932 11.849935
v -1257.609497 -150.220886 11.849944
v -1014.452454 -23.317932 11.849935
v -1257.609497 -23.317932 11.849935
v -1257.609497 -150.220886 11.849944
v -1257.609497 -150.220886 11.849944
v -1257.609497 -23.317932 11.849935
v -1500.766479 -150.220886 11.849944
v -1257.609497 -23.317932 11.849935
v -1500.766479 -23.317932 11.849935
v -1500.766479 -150.220886 11.849944
v -1500.766479 -23.317932 11.849935
v -1743.923462 -23.317932 11.849935
v -1500.766479 -150.220886 11.849944
v -1500.766479 -150.220886 11.849944
v -1743.923462 -23.317932 11.849935
v -1743.923462 -150.220886 11.849944
v -1743.923462 -23.317932 11.849935
v -1987.080444 -23.317932 11.849935
v -1743.923462 -150.220886 11.849944
v -1743.923462 -150.220886 11.849944
v -1987.080444 -23.317932 11.849935
v -1987.080444 -150.220886 11.849944
v -1987.080444 -23.317932 11.849935
v -2230.237305 -23.317932 11.849935
v -1987.080444 -150.220886 11.849944
v -1987.080444 -150.220886 11.849944
v -2230.237305 -23.317932 11.849935
v -2230.237305 -150.220886 11.849944
v -528.138550 -346.135193 11.849958
v -771.295532 -346.135193 11.849958
v -528.138550 -542.049438 11.849974
v -528.138550 -542.049438 11.849974
v -771.295532 -346.135193 11.849958
v -771.295532 -542.049438 11.849974
v -771.295532 -346.135193 11.849958
v -1014.452454 -346.135193 11.849958
v -771.295532 -542.049438 11.849974
v -771.295532 -542.049438 11.849974
v -1014.452454 -346.135193 11.849958
v -1014.452454 -542.049438 11.849974
v -1014.452454 -346.135193 11.849958
v -1257.609497 -346.135193 11.849958
v -1014.452454 -542.049438 11.849974
v -1014.452454 -542.049438 11.849974
v -1257.609497 -346.135193 11.849958
v -1257.609497 -542.049438 11.849974
v -1257.609497 -346.135193 11.849958
v -1500.766479 -346.135193 11.849958
v -1257.609497 -542.049438 11.849974
v -1257.609497 -542.049438 11.849974
v -1500.766479 -346.135193 11.849958
v -1500.766479 -542.049438 11.849974
v -1500.766479 -346.135193 11.849958
v -1743.923462 -346.135193 11.849958
v -1500.766479 -542.049438 11.849974
v -1500.766479 -542.049438 11.849974
v -1743.923462 -346.135193 11.849958
v -1743.923462 -542.049438 11.849974
v 1173.960327 -346.135193 11.849959
v 930.803406 -346.135193 11.849958
v 1173.960327 -542.049438 11.849975
v 1173.960327 -542.049438 11.849975
v 930.803406 -346.135193 11.849958
v 930.803406 -542.049438 11.849974
v 930.803406 -346.135193 11.849958
v 687.646362 -346.135193 11.849958
v 930.803406 -542.049438 11.849974
v 930.803406 -542.049438 11.849974
v 687.646362 -346.135193 11.849958
v 687.646362 -542.049438 11.849974
v 687.646362 -346.135193 11.849958
v 444.489380 -346.135193 11.849958
v 687.646362 -542.049438 11.849974
v 687.646362 -542.049438 11.849974
v 444.489380 -346.135193 11.849958
v 444.489380 -542.049438 11.849974
v 444.489380 -346.135193 11.849958
v 201.332413 -346.135193 11.849958
v 444.489380 -542.049438 11.849974
v 444.489380 -542.049438 11.849974
v 201.332413 -346.135193 11.849958
v 201.332413 -542.049438 11.849974
v 201.332413 -346.135193 11.849958
v -41.824570 -346.135193 11.849958
v 201.332413 -542.049438 11.849974
v 201.332413 -542.049438 11.849974
v -41.824570 -346.135193 11.849958
v -41.824570 -542.049438 11.849974
v -41.824570 -346.135193 11.849958
v -284.981476 -346.135193 11.849958
v -41.824570 -542.049438 11.849974
v -41.824570 -542.049438 11.849974
v -284.981476 -346.135193 11.849958
v -284.981476 -542.049438 11.849974
vn -0.0000 -0.0000 1.0000
vt 11.510566 -2.415527
vt 11.510566 -1.831385
vt 10.785565 -2.415527
vt 10.785565 -1.831385
vt 10.077953 -2.415527
vt 10.077953 -1.831385
vt 9.430877 -2.415527
vt 9.430877 -1.831385
vt 8.705873 -2.415527
vt 8.705873 -1.831385
vt 7.980873 -2.415527
vt 7.980873 -1.831385
vt 7.255870 -2.415527
vt 7.255870 -1.831385
vt 6.530869 -2.415527
vt 6.530869 -1.831385
vt 5.805868 -2.415527
vt 5.805867 -1.831385
vt 5.164932 -2.415527
vt 5.164932 -1.831385
vt 4.328394 -2.415527
vt 4.328394 -1.831385
vt 3.603392 -2.415527
vt 3.603392 -1.831385
vt 2.878391 -2.415527
vt 2.878391 -1.831385
vt 2.153389 -2.415527
vt 2.153389 -1.831385
vt 1.428387 -2.415527
vt 1.428387 -1.831385
vt 11.510566 -2.999669
vt 12.235568 -2.999669
vt 12.235568 -2.415527
vt 12.235568 -1.831385
vt 12.235568 -1.499008
vt 11.510566 -1.499008
vt 10.785565 -1.499008
vt 10.080208 -1.497767
vt 9.430877 -1.497694
vt 8.705873 -1.497694
vt 7.980873 -1.497694
vt 7.255870 -1.497694
vt 6.530869 -1.497694
vt 5.805867 -1.497694
vt 5.151480 -1.486495
vt 4.327374 -1.497224
vt 3.603392 -1.497224
vt 2.878391 -1.497224
vt 2.153389 -1.497224
vt 1.428387 -1.497224
vt 0.703385 -1.497224
vt 0.703385 -1.831385
vt 5.805868 -2.999669
vt 5.164932 -2.999669
vt 4.328394 -2.999669
vt 3.603392 -2.999669
vt 2.878391 -2.999669
vt 2.153389 -2.999669
vt 10.785565 -2.999669
vt 10.077953 -2.999669
vt 9.430877 -2.999669
vt 8.705873 -2.999669
vt 7.980873 -2.999669
vt 7.255870 -2.999669
vt 6.530869 -2.999669
s 0
usemtl Material__64
f 7030/1585/727 7031/1586/727 7032/1587/727
f 7033/1586/727 7034/1588/727 7035/1587/727
f 7036/1587/727 7037/1588/727 7038/1589/727
f 7039/1588/727 7040/1590/727 7041/1589/727
f 7042/1589/727 7043/1590/727 7044/1591/727
f 7045/1590/727 7046/1592/727 7047/1591/727
f 7048/1591/727 7049/1592/727 7050/1593/727
f 7051/1592/727 7052/1594/727 7053/1593/727
f 7054/1593/727 7055/1594/727 7056/1595/727
f 7057/1594/727 7058/1596/727 7059/1595/727
f 7060/1595/727 7061/1596/727 7062/1597/727
f 7063/1596/727 7064/1598/727 7065/1597/727
f 7066/1597/727 7067/1598/727 7068/1599/727
f 7069/1598/727 7070/1600/727 7071/1599/727
f 7072/1599/727 7073/1600/727 7074/1601/727
f 7075/1600/727 7076/1602/727 7077/1601/727
f 7078/1601/727 7079/1602/727 7080/1603/727
f 7081/1602/727 7082/1604/727 7083/1603/727
f 7084/1603/727 7085/1604/727 7086/1605/727
f 7087/1604/727 7088/1606/727 7089/1605/727
f 7090/1605/727 7091/1606/727 7092/1607/727
f 7093/1606/727 7094/1608/727 7095/1607/727
f 7096/1607/727 7097/1608/727 7098/1609/727
f 7099/1608/727 7100/1610/727 7101/1609/727
f 7102/1609/727 7103/1610/727 7104/1611/727
f 7105/1610/727 7106/1612/727 7107/1611/727
f 7108/1611/727 7109/1612/727 7110/1613/727
f 7111/1612/727 7112/1614/727 7113/1613/727
f 7114/1615/727 7115/1616/727 7116/1585/727
f 7117/1616/727 7118/1617/727 7119/1585/727
f 7120/1617/727 7121/1618/727 7122/1585/727
f 7123/1585/727 7124/1618/727 7125/1586/727
f 7126/1618/727 7127/1619/727 7128/1586/727
f 7129/1586/727 7130/1619/727 7131/1620/727
f 7132/1620/727 7133/1621/727 7134/1586/727
f 7135/1586/727 7136/1621/727 7137/1588/727
f 7138/1588/727 7139/1621/727 7140/1590/727
f 7141/1621/727 7142/1622/727 7143/1590/727
f 7144/1590/727 7145/1622/727 7146/1592/727
f 7147/1622/727 7148/1623/727 7149/1592/727
f 7150/1592/727 7151/1623/727 7152/1594/727
f 7153/1623/727 7154/1624/727 7155/1594/727
f 7156/1594/727 7157/1624/727 7158/1596/727
f 7159/1624/727 7160/1625/727 7161/1596/727
f 7162/1596/727 7163/1625/727 7164/1598/727
f 7165/1625/727 7166/1626/727 7167/1598/727
f 7168/1598/727 7169/1626/727 7170/1600/727
f 7171/1626/727 7172/1627/727 7173/1600/727
f 7174/1600/727 7175/1627/727 7176/1602/727
f 7177/1627/727 7178/1628/727 7179/1602/727
f 7180/1602/727 7181/1628/727 7182/1604/727
f 7183/1628/727 7184/1629/727 7185/1604/727
f 7186/1604/727 7187/1629/727 7188/1606/727
f 7189/1629/727 7190/1630/727 7191/1606/727
f 7192/1606/727 7193/1630/727 7194/1608/727
f 7195/1630/727 7196/1631/727 7197/1608/727
f 7198/1608/727 7199/1631/727 7200/1610/727
f 7201/1631/727 7202/1632/727 7203/1610/727
f 7204/1632/727 7205/1633/727 7206/1610/727
f 7207/1610/727 7208/1633/727 7209/1612/727
f 7210/1633/727 7211/1634/727 7212/1612/727
f 7213/1612/727 7214/1634/727 7215/1614/727
f 7216/1634/727 7217/1635/727 7218/1614/727
f 7219/1614/727 7220/1635/727 7221/1636/727
f 7222/1601/727 7223/1603/727 7224/1637/727
f 7225/1637/727 7226/1603/727 7227/1638/727
f 7228/1603/727 7229/1605/727 7230/1638/727
f 7231/1638/727 7232/1605/727 7233/1639/727
f 7234/1605/727 7235/1607/727 7236/1639/727
f 7237/1639/727 7238/1607/727 7239/1640/727
f 7240/1607/727 7241/1609/727 7242/1640/727
f 7243/1640/727 7244/1609/727 7245/1641/727
f 7246/1609/727 7247/1611/727 7248/1641/727
f 7249/1641/727 7250/1611/727 7251/1642/727
f 7252/1587/727 7253/1589/727 7254/1643/727
f 7255/1643/727 7256/1589/727 7257/1644/727
f 7258/1589/727 7259/1591/727 7260/1644/727
f 7261/1644/727 7262/1591/727 7263/1645/727
f 7264/1591/727 7265/1593/727 7266/1645/727
f 7267/1645/727 7268/1593/727 7269/1646/727
f 7270/1593/727 7271/1595/727 7272/1646/727
f 7273/1646/727 7274/1595/727 7275/1647/727
f 7276/1595/727 7277/1597/727 7278/1647/727
f 7279/1647/727 7280/1597/727 7281/1648/727
f 7282/1597/727 7283/1599/727 7284/1648/727
f 7285/1648/727 7286/1599/727 7287/1649/727
g Atomic11.005_meshId20_name
v 1398.558594 -523.491150 11.849974
v 1417.117310 -542.049438 11.849975
v 1398.558594 -364.693542 11.849962
v 1417.117310 -542.049438 11.849975
v 1417.117310 -346.135223 11.849959
v 1398.558594 -364.693542 11.849962
v 1398.558594 -364.693542 11.849962
v 1417.117310 -346.135223 11.849959
v 1192.518433 -364.693542 11.849962
v 1417.117310 -346.135223 11.849959
v 1173.960327 -346.135223 11.849959
v 1192.518433 -364.693542 11.849962
v 1398.558594 -364.693542 11.849962
v 1398.558594 -364.693542 4.983724
v 1398.558594 -523.491150 11.849974
v 1398.558594 -364.693542 4.983724
v 1398.558594 -523.491150 4.983737
v 1398.558594 -523.491150 11.849974
v 1417.117310 -542.049438 11.849975
v 1398.558594 -523.491150 11.849974
v 1173.960327 -542.049438 11.849975
v 1398.558594 -523.491150 11.849974
v 1192.518433 -523.491150 11.849974
v 1173.960327 -542.049438 11.849975
v 1173.960327 -542.049438 11.849975
v 1192.518433 -523.491150 11.849974
v 1173.960327 -346.135223 11.849959
v 1192.518433 -523.491150 11.849974
v 1192.518433 -364.693542 11.849962
v 1173.960327 -346.135223 11.849959
v 1398.558594 -523.491150 11.849974
v 1398.558594 -523.491150 4.983737
v 1192.518433 -523.491150 11.849974
v 1398.558594 -523.491150 4.983737
v 1192.518433 -523.491150 4.983737
v 1192.518433 -523.491150 11.849974
v 1398.558594 -364.693542 4.983724
v 1398.558594 -364.693542 11.849962
v 1192.518433 -364.693542 4.983724
v 1398.558594 -364.693542 11.849962
v 1192.518433 -364.693542 11.849962
v 1192.518433 -364.693542 4.983724
v 1192.518433 -523.491150 11.849974
v 1192.518433 -523.491150 4.983737
v 1192.518433 -364.693542 11.849962
v 1192.518433 -523.491150 4.983737
v 1192.518433 -364.693542 4.983724
v 1192.518433 -364.693542 11.849962
v -528.138550 -542.049438 11.849974
v -509.580383 -523.491150 11.849974
v -528.138550 -346.135223 11.849958
v -509.580383 -523.491150 11.849974
v -509.580383 -364.693542 11.849962
v -528.138550 -346.135223 11.849958
v -303.540161 -523.491150 11.849974
v -284.981506 -542.049438 11.849974
v -303.540161 -364.693542 11.849962
v -284.981506 -542.049438 11.849974
v -284.981506 -346.135223 11.849958
v -303.540161 -364.693542 11.849962
v -303.540161 -364.693542 11.849962
v -284.981506 -346.135223 11.849958
v -509.580383 -364.693542 11.849962
v -284.981506 -346.135223 11.849958
v -528.138550 -346.135223 11.849958
v -509.580383 -364.693542 11.849962
v -303.540161 -364.693542 11.849962
v -303.540161 -364.693542 4.983724
v -303.540161 -523.491150 11.849974
v -303.540161 -364.693542 4.983724
v -303.540161 -523.491150 4.983737
v -303.540161 -523.491150 11.849974
v -284.981506 -542.049438 11.849974
v -303.540161 -523.491150 11.849974
v -528.138550 -542.049438 11.849974
v -303.540161 -523.491150 11.849974
v -509.580383 -523.491150 11.849974
v -528.138550 -542.049438 11.849974
v -303.540161 -523.491150 11.849974
v -303.540161 -523.491150 4.983737
v -509.580383 -523.491150 11.849974
v -303.540161 -523.491150 4.983737
v -509.580383 -523.491150 4.983737
v -509.580383 -523.491150 11.849974
v -303.540161 -364.693542 4.983724
v -303.540161 -364.693542 11.849962
v -509.580383 -364.693542 4.983724
v -303.540161 -364.693542 11.849962
v -509.580383 -364.693542 11.849962
v -509.580383 -364.693542 4.983724
v -509.580383 -523.491150 11.849974
v -509.580383 -523.491150 4.983737
v -509.580383 -364.693542 11.849962
v -509.580383 -523.491150 4.983737
v -509.580383 -364.693542 4.983724
v -509.580383 -364.693542 11.849962
vn -0.0000 -0.0000 1.0000
vn -0.0000 0.0001 1.0000
vn 0.0001 -0.0000 1.0000
vn -0.0001 -0.0000 1.0000
vn -0.0000 -0.0001 1.0000
vt 0.065033 -2.923808
vt 0.020191 -2.982115
vt 0.540793 -2.923808
vt 0.585636 -2.982115
vt 0.020191 -2.982115
vt 0.020191 -2.893303
vt 0.020191 -2.919819
vt 0.585636 -2.893303
vt 0.585636 -2.919819
vt 0.020191 -2.893303
vt 0.020191 -2.919819
vt 0.585636 -2.893303
vt 0.585636 -2.919819
vt 0.020191 -2.893303
vt 0.020191 -2.919819
vt 0.585636 -2.893303
vt 0.585636 -2.919819
s 0
usemtl Material__65.002
f 7288/1650/728 7289/1651/728 7290/1652/728
f 7291/1651/728 7292/1653/728 7293/1652/728
f 7294/1652/728 7295/1653/728 7296/1650/728
f 7297/1653/728 7298/1654/728 7299/1650/728
f 7300/1655/728 7301/1656/728 7302/1657/729
f 7303/1656/729 7304/1658/728 7305/1657/728
f 7306/1653/728 7307/1652/728 7308/1654/728
f 7309/1652/728 7310/1650/728 7311/1654/728
f 7312/1651/728 7313/1650/728 7314/1653/728
f 7315/1650/728 7316/1652/728 7317/1653/728
f 7318/1659/728 7319/1660/728 7320/1661/730
f 7321/1660/728 7322/1662/728 7323/1661/728
f 7324/1662/728 7325/1661/728 7326/1660/728
f 7327/1661/731 7328/1659/728 7329/1660/728
f 7330/1663/728 7331/1664/728 7332/1665/732
f 7333/1664/732 7334/1666/728 7335/1665/728
f 7336/1651/728 7337/1650/728 7338/1653/728
f 7339/1650/728 7340/1652/728 7341/1653/728
f 7342/1650/728 7343/1651/728 7344/1652/728
f 7345/1651/728 7346/1653/728 7347/1652/728
f 7348/1652/728 7349/1653/728 7350/1650/728
f 7351/1653/728 7352/1654/728 7353/1650/728
f 7354/1655/728 7355/1656/728 7356/1657/729
f 7357/1656/729 7358/1658/728 7359/1657/728
f 7360/1653/728 7361/1652/728 7362/1654/728
f 7363/1652/728 7364/1650/728 7365/1654/728
f 7366/1659/728 7367/1660/728 7368/1661/730
f 7369/1660/728 7370/1662/728 7371/1661/728
f 7372/1662/728 7373/1661/728 7374/1660/728
f 7375/1661/731 7376/1659/728 7377/1660/728
f 7378/1663/728 7379/1664/728 7380/1665/732
f 7381/1664/732 7382/1666/728 7383/1665/728
g Atomic12_meshId21_name
v -118.266609 -650.689819 377.322327
v -118.266609 -650.689819 279.366516
v -118.266609 -579.718872 377.322327
v -118.266609 -650.689819 279.366516
v -118.266609 -579.718872 279.366516
v -118.266609 -579.718872 377.322327
vn 1.0000 -0.0000 -0.0000
vt 0.671381 1.999875
vt 0.285623 1.999875
vt 0.671381 1.719052
vt 0.285623 1.719052
s 0
usemtl Material__378.007
f 7384/1667/733 7385/1668/733 7386/1669/733
f 7387/1668/733 7388/1670/733 7389/1669/733
g Atomic12.001_meshId22_name
v 798.807129 -120.354904 424.250366
v 797.562500 -103.914230 424.250336
v 795.312500 -120.354904 429.012329
v 797.562500 -103.914230 424.250336
v 794.432129 -103.914230 428.514984
v 795.312500 -120.354904 429.012329
v 797.562500 -103.914230 424.250336
v 798.807129 -120.354904 424.250366
v 794.432129 -103.914230 419.985870
v 798.807129 -120.354904 424.250366
v 795.312500 -120.354904 419.488586
v 794.432129 -103.914230 419.985870
v 794.432129 -103.914230 419.985870
v 795.312500 -120.354904 419.488586
v 786.872070 -103.914230 418.219391
v 795.312500 -120.354904 419.488586
v 786.872070 -120.354904 417.516235
v 786.872070 -103.914230 418.219391
v 786.872070 -103.914230 418.219391
v 786.872070 -120.354904 417.516235
v 779.315430 -103.914230 419.985870
v 779.315430 -103.914230 419.985870
v 786.872070 -120.354904 417.516235
v 778.432617 -120.354904 419.488586
v 786.872070 -120.354904 417.516235
v 786.872070 -136.952072 419.488586
v 778.432617 -120.354904 419.488586
v 778.432617 -120.354904 419.488586
v 786.872070 -136.952072 419.488586
v 780.904297 -136.952072 420.883301
v 786.872070 -136.952072 419.488586
v 786.872070 -140.573654 424.250427
v 780.904297 -136.952072 420.883301
v 786.872070 -140.573654 424.250427
v 786.872070 -136.952072 419.488586
v 792.839355 -136.952072 420.883301
v 786.872070 -136.952072 419.488586
v 786.872070 -120.354904 417.516235
v 792.839355 -136.952072 420.883301
v 792.839355 -136.952072 420.883301
v 786.872070 -120.354904 417.516235
v 795.312500 -120.354904 419.488586
v 798.807129 -120.354904 424.250366
v 795.312500 -136.952072 424.250427
v 795.312500 -120.354904 419.488586
v 795.312500 -120.354904 419.488586
v 795.312500 -136.952072 424.250427
v 792.839355 -136.952072 420.883301
v 795.312500 -136.952072 424.250427
v 786.872070 -140.573654 424.250427
v 792.839355 -136.952072 420.883301
v 786.872070 -140.573654 424.250427
v 778.432617 -136.952072 424.250427
v 780.904297 -136.952072 420.883301
v 778.432617 -136.952072 424.250427
v 774.936523 -120.354904 424.250366
v 780.904297 -136.952072 420.883301
v 780.904297 -136.952072 420.883301
v 774.936523 -120.354904 424.250366
v 778.432617 -120.354904 419.488586
v 774.936523 -120.354904 424.250366
v 776.184570 -103.914230 424.250336
v 778.432617 -120.354904 419.488586
v 778.432617 -120.354904 419.488586
v 776.184570 -103.914230 424.250336
v 779.315430 -103.914230 419.985870
v -701.913086 -103.914230 430.281372
v -701.913086 -120.354904 430.984619
v -694.352539 -103.914230 428.514984
v -694.352539 -103.914230 428.514984
v -701.913086 -120.354904 430.984619
v -693.472595 -120.354904 429.012329
v -701.913086 -120.354904 430.984619
v -701.913086 -136.952072 429.012329
v -693.472595 -120.354904 429.012329
v -693.472595 -120.354904 429.012329
v -701.913086 -136.952072 429.012329
v -695.946289 -136.952072 427.617615
v -695.946289 -136.952072 427.617615
v -701.913086 -136.952072 429.012329
v -701.913086 -140.573654 424.250427
v -701.913086 -136.952072 429.012329
v -707.880859 -136.952072 427.617615
v -701.913086 -140.573654 424.250427
v 795.312500 -120.354904 429.012329
v 792.839355 -136.952072 427.617615
v 798.807129 -120.354904 424.250366
v 792.839355 -136.952072 427.617615
v 795.312500 -136.952072 424.250427
v 798.807129 -120.354904 424.250366
v 786.872070 -140.573654 424.250427
v 795.312500 -136.952072 424.250427
v 792.839355 -136.952072 427.617615
v -697.966797 72.146301 398.454773
v -699.843750 69.452942 395.640594
v -697.965881 114.696045 374.054352
v -697.965881 114.696045 374.054352
v -699.843750 69.452942 395.640594
v -699.841736 111.235107 371.565033
v -699.843750 69.452942 395.640594
v -703.595642 69.452942 395.640594
v -699.841736 111.235107 371.565033
v -699.841736 111.235107 371.565033
v -703.595642 69.452942 395.640594
v -703.594727 111.235107 371.565033
v -703.595642 69.452942 395.640594
v -705.471680 72.146301 398.454773
v -703.594727 111.235107 371.565033
v -703.594727 111.235107 371.565033
v -705.471680 72.146301 398.454773
v -705.470703 114.696045 374.054352
v -697.966797 -31.597351 424.250336
v -699.843750 -31.597351 421.000763
v -697.966797 22.989807 415.151215
v -697.966797 22.989807 415.151215
v -699.843750 -31.597351 421.000763
v -699.843750 21.596741 412.012360
v -699.843750 -31.597351 421.000763
v -703.595642 -31.597351 421.000763
v -699.843750 21.596741 412.012360
v -699.843750 21.596741 412.012360
v -703.595642 -31.597351 421.000763
v -703.595642 21.596741 412.012360
v -703.595642 -31.597351 421.000763
v -705.471680 -31.597351 424.250336
v -703.595642 21.596741 412.012360
v -703.595642 21.596741 412.012360
v -705.471680 -31.597351 424.250336
v -705.471680 22.989807 415.151215
v -705.471680 72.146301 398.454773
v -703.595642 69.452942 395.640594
v -705.471680 22.989807 415.151215
v -705.471680 22.989807 415.151215
v -703.595642 69.452942 395.640594
v -703.595642 21.596741 412.012360
v -703.595642 69.452942 395.640594
v -699.843750 69.452942 395.640594
v -703.595642 21.596741 412.012360
v -703.595642 21.596741 412.012360
v -699.843750 69.452942 395.640594
v -699.843750 21.596741 412.012360
v -699.843750 69.452942 395.640594
v -697.966797 72.146301 398.454773
v -699.843750 21.596741 412.012360
v -699.843750 21.596741 412.012360
v -697.966797 72.146301 398.454773
v -697.966797 22.989807 415.151215
v -693.472595 -120.354904 419.488586
v -695.946289 -136.952072 420.883301
v -701.913086 -120.354904 417.516235
v -701.913086 -120.354904 417.516235
v -695.946289 -136.952072 420.883301
v -701.913086 -136.952072 419.488586
v -695.946289 -136.952072 420.883301
v -701.913086 -140.573654 424.250427
v -701.913086 -136.952072 419.488586
v -701.913086 -136.952072 419.488586
v -701.913086 -140.573654 424.250427
v -707.880859 -136.952072 420.883301
v -707.880859 -136.952072 420.883301
v -710.352539 -120.354904 419.488586
v -701.913086 -136.952072 419.488586
v -701.913086 -136.952072 419.488586
v -710.352539 -120.354904 419.488586
v -701.913086 -120.354904 417.516235
v -710.352539 -120.354904 419.488586
v -709.469727 -103.914230 419.985870
v -701.913086 -120.354904 417.516235
v -709.469727 -103.914230 419.985870
v -701.913086 -103.914230 418.219391
v -701.913086 -120.354904 417.516235
v -701.913086 -120.354904 417.516235
v -701.913086 -103.914230 418.219391
v -693.472595 -120.354904 419.488586
v -701.913086 -103.914230 418.219391
v -694.352539 -103.914230 419.985870
v -693.472595 -120.354904 419.488586
v -693.472595 -120.354904 419.488586
v -694.352539 -103.914230 419.985870
v -689.977539 -120.354904 424.250366
v -694.352539 -103.914230 419.985870
v -691.222717 -103.914230 424.250336
v -689.977539 -120.354904 424.250366
v 793.767090 114.062805 384.986237
v 793.767090 108.668762 384.986237
v 793.767090 114.062805 367.845367
v 793.767090 108.668762 384.986237
v 793.767090 108.668762 367.845367
v 793.767090 114.062805 367.845367
v 790.820312 114.696045 374.054352
v 788.944336 118.158997 376.543732
v 790.819336 72.146301 398.454773
v 788.944336 118.158997 376.543732
v 788.942383 74.839661 401.269135
v 790.819336 72.146301 398.454773
v 790.819336 72.146301 398.454773
v 788.942383 74.839661 401.269135
v 790.819336 22.989807 415.151215
v 788.942383 74.839661 401.269135
v 788.942383 24.383606 418.290192
v 790.819336 22.989807 415.151215
v 790.819336 22.989807 415.151215
v 788.942383 24.383606 418.290192
v 790.819336 -31.597351 424.250336
v 788.942383 24.383606 418.290192
v 788.942383 -31.597351 427.499908
v 790.819336 -31.597351 424.250336
v 788.942383 -31.597351 427.499908
v 785.190430 -31.597351 427.499908
v 788.942383 -103.914230 427.499908
v 785.190430 -31.597351 427.499908
v 785.189392 -103.914230 427.499908
v 788.942383 -103.914230 427.499908
v 790.819336 -31.597351 424.250336
v 788.942383 -31.597351 427.499908
v 790.819336 -103.914230 424.250336
v 788.942383 -31.597351 427.499908
v 788.942383 -103.914230 427.499908
v 790.819336 -103.914230 424.250336
v 793.767090 108.668762 384.986237
v 793.767090 114.062805 384.986237
v 779.862305 108.668762 384.986237
v 793.767090 114.062805 384.986237
v 779.862305 114.062805 384.986237
v 779.862305 108.668762 384.986237
v 793.767090 108.668762 367.845367
v 793.767090 108.668762 384.986237
v 779.862305 108.668762 367.845367
v 793.767090 108.668762 384.986237
v 779.862305 108.668762 384.986237
v 779.862305 108.668762 367.845367
v 788.944336 118.158997 376.543732
v 785.191406 118.158997 376.543732
v 788.942383 74.839661 401.269135
v 785.191406 118.158997 376.543732
v 785.190430 74.839661 401.269135
v 788.942383 74.839661 401.269135
v 785.190430 74.839661 401.269135
v 783.314453 72.146301 398.454773
v 785.190430 24.383606 418.290192
v 783.314453 72.146301 398.454773
v 783.314453 22.989807 415.151215
v 785.190430 24.383606 418.290192
v 788.942383 24.383606 418.290192
v 785.190430 24.383606 418.290192
v 788.942383 -31.597351 427.499908
v 785.190430 24.383606 418.290192
v 785.190430 -31.597351 427.499908
v 788.942383 -31.597351 427.499908
v 788.942383 74.839661 401.269135
v 785.190430 74.839661 401.269135
v 788.942383 24.383606 418.290192
v 785.190430 74.839661 401.269135
v 785.190430 24.383606 418.290192
v 788.942383 24.383606 418.290192
v 785.190430 24.383606 418.290192
v 783.314453 22.989807 415.151215
v 785.190430 -31.597351 427.499908
v 783.314453 22.989807 415.151215
v 783.314453 -31.597351 424.250336
v 785.190430 -31.597351 427.499908
v 780.904297 -136.952072 427.617615
v 786.872070 -140.573654 424.250427
v 786.872070 -136.952072 429.012329
v 786.872070 -140.573654 424.250427
v 792.839355 -136.952072 427.617615
v 786.872070 -136.952072 429.012329
v 792.839355 -136.952072 427.617615
v 795.312500 -120.354904 429.012329
v 786.872070 -136.952072 429.012329
v 786.872070 -136.952072 429.012329
v 795.312500 -120.354904 429.012329
v 786.872070 -120.354904 430.984619
v 795.312500 -120.354904 429.012329
v 794.432129 -103.914230 428.514984
v 786.872070 -120.354904 430.984619
v 786.872070 -120.354904 430.984619
v 794.432129 -103.914230 428.514984
v 786.872070 -103.914230 430.281372
v 779.315430 -103.914230 428.514984
v 778.432617 -120.354904 429.012329
v 786.872070 -103.914230 430.281372
v 786.872070 -103.914230 430.281372
v 778.432617 -120.354904 429.012329
v 786.872070 -120.354904 430.984619
v 778.432617 -120.354904 429.012329
v 780.904297 -136.952072 427.617615
v 786.872070 -120.354904 430.984619
v 786.872070 -120.354904 430.984619
v 780.904297 -136.952072 427.617615
v 786.872070 -136.952072 429.012329
v -118.506836 -732.783386 479.549591
v -118.506836 -756.039490 480.769897
v -105.387695 -732.783386 476.484344
v -105.387695 -732.783386 476.484344
v -118.506836 -756.039490 480.769897
v -103.860352 -756.039246 477.347290
v -118.506836 -756.039490 480.769897
v -118.506836 -779.516785 477.347290
v -103.860352 -756.039246 477.347290
v -103.860352 -756.039246 477.347290
v -118.506836 -779.516785 477.347290
v -108.151367 -779.516785 474.927094
v -108.151367 -779.516785 474.927094
v -118.506836 -779.516785 477.347290
v -118.506836 -784.639832 469.083954
v -118.506836 -779.516785 477.347290
v -128.862305 -779.516785 474.927094
v -118.506836 -784.639832 469.083954
v 785.191406 118.158997 376.543732
v 783.315430 114.696045 374.054352
v 785.190430 74.839661 401.269135
v 783.315430 114.696045 374.054352
v 783.314453 72.146301 398.454773
v 785.190430 74.839661 401.269135
v 785.190430 -31.597351 427.499908
v 783.314453 -31.597351 424.250336
v 785.189392 -103.914230 427.499908
v 783.314453 -31.597351 424.250336
v 783.314453 -103.914230 424.250336
v 785.189392 -103.914230 427.499908
v 786.872070 -140.573654 424.250427
v 780.904297 -136.952072 427.617615
v 778.432617 -136.952072 424.250427
v 780.904297 -136.952072 427.617615
v 778.432617 -120.354904 429.012329
v 778.432617 -136.952072 424.250427
v 778.432617 -136.952072 424.250427
v 778.432617 -120.354904 429.012329
v 774.936523 -120.354904 424.250366
v 778.432617 -120.354904 429.012329
v 779.315430 -103.914230 428.514984
v 774.936523 -120.354904 424.250366
v 774.936523 -120.354904 424.250366
v 779.315430 -103.914230 428.514984
v 776.184570 -103.914230 424.250336
v -118.506836 -491.646393 439.467316
v -118.506836 -499.594879 442.988678
v -111.623039 -495.620758 439.467316
v -111.623039 -495.620758 439.467316
v -118.506836 -499.594879 442.988678
v -111.623039 -503.569244 439.467407
v -118.506836 -499.594879 442.988678
v -118.506836 -507.543365 439.467407
v -111.623039 -503.569244 439.467407
v -118.506836 -507.543365 439.467407
v -118.506836 -499.594879 442.988678
v -125.389648 -503.569244 439.467407
v -125.389648 -503.569244 439.467407
v -118.506836 -499.594879 442.988678
v -125.389648 -495.620758 439.467316
v -118.506836 -499.594879 442.988678
v -118.506836 -491.646393 439.467316
v -125.389648 -495.620758 439.467316
v -125.389648 -495.620758 439.467316
v -118.506836 -491.646393 439.467316
v -127.047852 -494.662262 434.850159
v -127.047852 -494.662262 434.850159
v -118.506836 -491.646393 439.467316
v -118.506836 -489.729889 434.850159
v -118.506836 -491.646393 439.467316
v -111.623039 -495.620758 439.467316
v -118.506836 -489.729889 434.850159
v -118.506836 -489.729889 434.850159
v -111.623039 -495.620758 439.467316
v -109.961914 -494.662262 434.850159
v -111.623039 -495.620758 439.467316
v -111.623039 -503.569244 439.467407
v -109.961914 -494.662262 434.850159
v -109.961914 -494.662262 434.850159
v -111.623039 -503.569244 439.467407
v -109.961914 -504.527008 434.850159
v -111.623039 -503.569244 439.467407
v -118.506836 -507.543365 439.467407
v -109.961914 -504.527008 434.850159
v -109.961914 -504.527008 434.850159
v -118.506836 -507.543365 439.467407
v -118.506836 -509.459625 434.850159
v -118.506836 -507.543365 439.467407
v -125.389648 -503.569244 439.467407
v -118.506836 -509.459625 434.850159
v -118.506836 -509.459625 434.850159
v -125.389648 -503.569244 439.467407
v -127.047852 -504.527008 434.850159
v -125.389648 -503.569244 439.467407
v -125.389648 -495.620758 439.467316
v -127.047852 -504.527008 434.850159
v -127.047852 -504.527008 434.850159
v -125.389648 -495.620758 439.467316
v -127.047852 -494.662262 434.850159
v -120.226562 -501.607819 407.533875
v -120.227539 -519.883423 427.130554
v -116.106453 -501.607819 407.533875
v -116.106453 -501.607819 407.533875
v -120.227539 -519.883423 427.130554
v -116.107414 -519.883423 427.130554
v -120.227539 -519.883423 427.130554
v -120.227539 -541.050415 443.341492
v -116.107414 -519.883423 427.130554
v -116.107414 -519.883423 427.130554
v -120.227539 -541.050415 443.341492
v -116.108406 -541.050415 443.341492
v -120.227539 -541.050415 443.341492
v -120.228508 -562.338013 455.951416
v -116.108406 -541.050415 443.341492
v -116.108406 -541.050415 443.341492
v -120.228508 -562.338013 455.951416
v -116.108406 -562.338013 455.951416
v -120.228508 -562.338013 455.951416
v -120.229492 -583.625610 464.533203
v -116.108406 -562.338013 455.951416
v -116.108406 -562.338013 455.951416
v -120.229492 -583.625610 464.533203
v -116.109375 -583.625610 464.533203
v -120.229492 -583.625610 464.533203
v -120.229492 -607.113403 469.984009
v -116.109375 -583.625610 464.533203
v -116.109375 -583.625610 464.533203
v -120.229492 -607.113403 469.984009
v -116.109375 -607.113403 469.984009
v -116.109375 -607.113403 469.984009
v -120.229492 -607.113403 469.984009
v -116.109375 -630.600952 472.143799
v -120.229492 -607.113403 469.984009
v -120.229492 -630.600952 472.143799
v -116.109375 -630.600952 472.143799
v -120.229492 -630.600952 472.143799
v -122.289062 -630.600952 467.876190
v -120.230469 -732.783630 472.143799
v -122.289062 -630.600952 467.876190
v -122.289062 -732.783630 467.876190
v -120.230469 -732.783630 472.143799
v 779.862305 108.668762 384.986237
v 779.862305 114.062805 384.986237
v 779.862305 108.668762 367.845367
v 779.862305 114.062805 384.986237
v 779.862305 114.062805 367.845367
v 779.862305 108.668762 367.845367
v -97.795898 -756.039490 469.083893
v -99.956062 -732.783386 469.083893
v -103.860352 -756.039246 477.347290
v -99.956062 -732.783386 469.083893
v -105.387695 -732.783386 476.484344
v -103.860352 -756.039246 477.347290
v -99.956062 -732.783386 469.083893
v -97.795898 -756.039490 469.083893
v -105.387695 -732.783386 461.683777
v -97.795898 -756.039490 469.083893
v -103.860352 -756.039246 460.820709
v -105.387695 -732.783386 461.683777
v -105.387695 -732.783386 461.683777
v -103.860352 -756.039246 460.820709
v -118.506836 -732.783386 458.618439
v -103.860352 -756.039246 460.820709
v -118.506836 -756.039490 457.398163
v -118.506836 -732.783386 458.618439
v -118.506836 -732.783386 458.618439
v -118.506836 -756.039490 457.398163
v -131.620117 -732.783630 461.683777
v -131.620117 -732.783630 461.683777
v -118.506836 -756.039490 457.398163
v -133.151367 -756.039246 460.820709
v -118.506836 -756.039490 457.398163
v -118.506836 -779.516785 460.820740
v -133.151367 -756.039246 460.820709
v -133.151367 -756.039246 460.820709
v -118.506836 -779.516785 460.820740
v -128.862305 -779.516785 463.240997
v -118.506836 -779.516785 460.820740
v -118.506836 -784.639832 469.083954
v -128.862305 -779.516785 463.240997
v -118.506836 -784.639832 469.083954
v -118.506836 -779.516785 460.820740
v -108.151367 -779.516785 463.240997
v -118.506836 -779.516785 460.820740
v -118.506836 -756.039490 457.398163
v -108.151367 -779.516785 463.240997
v -108.151367 -779.516785 463.240997
v -118.506836 -756.039490 457.398163
v -103.860352 -756.039246 460.820709
v -97.795898 -756.039490 469.083893
v -103.860352 -779.516785 469.083954
v -103.860352 -756.039246 460.820709
v -103.860352 -756.039246 460.820709
v -103.860352 -779.516785 469.083954
v -108.151367 -779.516785 463.240997
v -103.860352 -779.516785 469.083954
v -118.506836 -784.639832 469.083954
v -108.151367 -779.516785 463.240997
v -118.506836 -784.639832 469.083954
v -133.151367 -779.516541 469.083954
v -128.862305 -779.516785 463.240997
v -133.151367 -779.516541 469.083954
v -139.217773 -756.039246 469.083893
v -128.862305 -779.516785 463.240997
v -128.862305 -779.516785 463.240997
v -139.217773 -756.039246 469.083893
v -133.151367 -756.039246 460.820709
v -139.217773 -756.039246 469.083893
v -137.051758 -732.783630 469.083893
v -133.151367 -756.039246 460.820709
v -133.151367 -756.039246 460.820709
v -137.051758 -732.783630 469.083893
v -131.620117 -732.783630 461.683777
v 790.819336 72.146301 398.454773
v 788.942383 69.452942 395.640594
v 790.820312 114.696045 374.054352
v 790.820312 114.696045 374.054352
v 788.942383 69.452942 395.640594
v 788.944336 111.235107 371.565033
v 788.942383 69.452942 395.640594
v 785.190430 69.452942 395.640594
v 788.944336 111.235107 371.565033
v 788.944336 111.235107 371.565033
v 785.190430 69.452942 395.640594
v 785.191406 111.235107 371.565033
v 785.190430 69.452942 395.640594
v 783.314453 72.146301 398.454773
v 785.191406 111.235107 371.565033
v 785.191406 111.235107 371.565033
v 783.314453 72.146301 398.454773
v 783.315430 114.696045 374.054352
v 790.819336 -31.597351 424.250336
v 788.942383 -31.597351 421.000763
v 790.819336 22.989807 415.151215
v 790.819336 22.989807 415.151215
v 788.942383 -31.597351 421.000763
v 788.942383 21.596741 412.012360
v 788.942383 -31.597351 421.000763
v 785.190430 -31.597351 421.000763
v 788.942383 21.596741 412.012360
v 788.942383 21.596741 412.012360
v 785.190430 -31.597351 421.000763
v 785.190430 21.596741 412.012360
v 785.190430 -31.597351 421.000763
v 783.314453 -31.597351 424.250336
v 785.190430 21.596741 412.012360
v 785.190430 21.596741 412.012360
v 783.314453 -31.597351 424.250336
v 783.314453 22.989807 415.151215
v 783.314453 72.146301 398.454773
v 785.190430 69.452942 395.640594
v 783.314453 22.989807 415.151215
v 783.314453 22.989807 415.151215
v 785.190430 69.452942 395.640594
v 785.190430 21.596741 412.012360
v 785.190430 69.452942 395.640594
v 788.942383 69.452942 395.640594
v 785.190430 21.596741 412.012360
v 785.190430 21.596741 412.012360
v 788.942383 69.452942 395.640594
v 788.942383 21.596741 412.012360
v 788.942383 69.452942 395.640594
v 790.819336 72.146301 398.454773
v 788.942383 21.596741 412.012360
v 788.942383 21.596741 412.012360
v 790.819336 72.146301 398.454773
v 790.819336 22.989807 415.151215
v -105.387695 -732.783386 476.484344
v -131.620117 -732.783630 476.484344
v -131.620117 -732.783630 476.484344
v -105.387695 -732.783386 476.484344
v -137.051758 -732.783630 469.083893
v -105.387695 -732.783386 476.484344
v -99.956062 -732.783386 469.083893
v -137.051758 -732.783630 469.083893
v -137.051758 -732.783630 469.083893
v -99.956062 -732.783386 469.083893
v -131.620117 -732.783630 461.683777
v -99.956062 -732.783386 469.083893
v -105.387695 -732.783386 461.683777
v -131.620117 -732.783630 461.683777
v -131.620117 -732.783630 461.683777
v -105.387695 -732.783386 461.683777
v 790.819336 -103.914230 424.250336
v 788.942383 -103.914230 421.000763
v 790.819336 -31.597351 424.250336
v 790.819336 -31.597351 424.250336
v 788.942383 -103.914230 421.000763
v 788.942383 -31.597351 421.000763
v 788.942383 -103.914230 421.000763
v 785.189392 -103.914230 421.000763
v 788.942383 -31.597351 421.000763
v 788.942383 -31.597351 421.000763
v 785.189392 -103.914230 421.000763
v 785.190430 -31.597351 421.000763
v 785.189392 -103.914230 421.000763
v 783.314453 -103.914230 424.250336
v 785.190430 -31.597351 421.000763
v 785.190430 -31.597351 421.000763
v 783.314453 -103.914230 424.250336
v 783.314453 -31.597351 424.250336
v 794.432129 -103.914230 428.514984
v 779.315430 -103.914230 428.514984
v 779.315430 -103.914230 428.514984
v 794.432129 -103.914230 428.514984
v 776.184570 -103.914230 424.250336
v 794.432129 -103.914230 428.514984
v 797.562500 -103.914230 424.250336
v 776.184570 -103.914230 424.250336
v 776.184570 -103.914230 424.250336
v 797.562500 -103.914230 424.250336
v 779.315430 -103.914230 419.985870
v 797.562500 -103.914230 424.250336
v 794.432129 -103.914230 419.985870
v 779.315430 -103.914230 419.985870
v 779.315430 -103.914230 419.985870
v 794.432129 -103.914230 419.985870
v -105.749023 -492.228699 22.589600
v -105.749023 -506.961121 22.589417
v -105.749023 -492.228699 11.850098
v -105.749023 -492.228699 11.850098
v -105.749023 -506.961121 22.589417
v -105.749023 -506.961121 11.849976
v -105.749023 -506.961121 22.589417
v -118.506836 -514.327332 22.589417
v -105.749023 -506.961121 11.849976
v -105.749023 -506.961121 11.849976
v -118.506836 -514.327332 22.589417
v -118.506836 -514.327332 11.849976
v -118.506836 -514.327332 22.589417
v -131.264648 -506.961121 22.589417
v -118.506836 -514.327332 11.849976
v -118.506836 -514.327332 11.849976
v -131.264648 -506.961121 22.589417
v -131.264648 -506.961121 11.849976
v -131.264648 -506.961121 22.589417
v -131.264648 -492.228699 22.589600
v -131.264648 -506.961121 11.849976
v -131.264648 -506.961121 11.849976
v -131.264648 -492.228699 22.589600
v -131.264648 -492.228699 11.850098
v -109.961914 -494.662262 434.850159
v -109.961914 -504.527008 434.850159
v -109.959961 -494.662292 231.248962
v -109.959961 -494.662292 231.248962
v -109.961914 -504.527008 434.850159
v -109.959961 -504.527283 231.248856
v -109.961914 -504.527008 434.850159
v -118.506836 -509.459625 434.850159
v -109.959961 -504.527283 231.248856
v -109.959961 -504.527283 231.248856
v -118.506836 -509.459625 434.850159
v -118.504883 -509.459656 231.248856
v -105.749023 -492.228699 11.850098
v -118.506836 -484.862488 11.850098
v -105.749023 -492.228699 22.589600
v -105.749023 -492.228699 22.589600
v -118.506836 -484.862488 11.850098
v -118.506836 -484.862488 22.589600
v -118.506836 -484.862488 11.850098
v -131.264648 -492.228699 11.850098
v -118.506836 -484.862488 22.589600
v -118.506836 -484.862488 22.589600
v -131.264648 -492.228699 11.850098
v -131.264648 -492.228699 22.589600
v -105.749023 -492.228699 22.589600
v -118.506836 -484.862488 22.589600
v -109.961914 -494.662292 22.589600
v -109.961914 -494.662292 22.589600
v -118.506836 -484.862488 22.589600
v -118.506836 -489.729919 22.589600
v -118.506836 -484.862488 22.589600
v -131.264648 -492.228699 22.589600
v -118.506836 -489.729919 22.589600
v -118.506836 -489.729919 22.589600
v -131.264648 -492.228699 22.589600
v -127.047852 -494.662292 22.589600
v -131.264648 -492.228699 22.589600
v -131.264648 -506.961121 22.589417
v -127.047852 -494.662292 22.589600
v -127.047852 -494.662292 22.589600
v -131.264648 -506.961121 22.589417
v -127.047852 -504.527283 22.589417
v -131.264648 -506.961121 22.589417
v -118.506836 -514.327332 22.589417
v -127.047852 -504.527283 22.589417
v -127.047852 -504.527283 22.589417
v -118.506836 -514.327332 22.589417
v -118.506836 -509.459656 22.589417
v -118.506836 -514.327332 22.589417
v -105.749023 -506.961121 22.589417
v -118.506836 -509.459656 22.589417
v -118.506836 -509.459656 22.589417
v -105.749023 -506.961121 22.589417
v -109.961914 -504.527283 22.589417
v -114.048820 -732.783630 467.876190
v -116.110359 -732.783630 463.082428
v -114.048820 -630.600952 467.876190
v -114.048820 -630.600952 467.876190
v -116.110359 -732.783630 463.082428
v -116.109375 -630.600952 463.082428
v -116.110359 -732.783630 463.082428
v -120.230469 -732.783630 463.082428
v -116.109375 -630.600952 463.082428
v -120.230469 -732.783630 463.082428
v -120.229492 -630.600952 463.082428
v -116.109375 -630.600952 463.082428
v -116.109375 -630.600952 463.082428
v -120.229492 -630.600952 463.082428
v -116.109375 -607.686646 461.372101
v -120.229492 -630.600952 463.082428
v -120.229492 -607.686646 461.372101
v -116.109375 -607.686646 461.372101
v -120.229492 -607.686646 461.372101
v -120.229492 -584.772095 456.370636
v -116.109375 -607.686646 461.372101
v -116.109375 -607.686646 461.372101
v -120.229492 -584.772095 456.370636
v -116.109375 -584.772095 456.370636
v -120.229492 -584.772095 456.370636
v -120.228508 -564.057739 448.238281
v -116.109375 -584.772095 456.370636
v -116.109375 -584.772095 456.370636
v -120.228508 -564.057739 448.238281
v -116.108406 -564.057739 448.238281
v -120.228508 -564.057739 448.238281
v -120.227539 -543.343628 436.077698
v -116.108406 -564.057739 448.238281
v -116.108406 -564.057739 448.238281
v -120.227539 -543.343628 436.077698
v -116.108406 -543.343628 436.077698
v -120.227539 -543.343628 436.077698
v -120.227539 -523.323364 420.765503
v -116.108406 -543.343628 436.077698
v -116.108406 -543.343628 436.077698
v -120.227539 -523.323364 420.765503
v -116.107414 -523.323364 420.765503
v -120.227539 -523.323364 420.765503
v -120.226562 -506.194489 402.067566
v -116.107414 -523.323364 420.765503
v -116.107414 -523.323364 420.765503
v -120.226562 -506.194489 402.067566
v -116.106453 -506.194489 402.067566
v -116.106453 -506.194489 402.067566
v -114.046875 -503.901276 404.800720
v -116.107414 -523.323364 420.765503
v -114.046875 -503.901276 404.800720
v -114.047859 -521.603394 424.013794
v -116.107414 -523.323364 420.765503
v -116.107414 -523.323364 420.765503
v -114.047859 -521.603394 424.013794
v -116.108406 -543.343628 436.077698
v -114.047859 -521.603394 424.013794
v -114.047859 -542.197144 439.841125
v -116.108406 -543.343628 436.077698
v -116.108406 -543.343628 436.077698
v -114.047859 -542.197144 439.841125
v -116.108406 -564.057739 448.238281
v -114.047859 -542.197144 439.841125
v -114.047859 -563.197876 452.259277
v -116.108406 -564.057739 448.238281
v -116.108406 -564.057739 448.238281
v -114.047859 -563.197876 452.259277
v -116.109375 -584.772095 456.370636
v -114.047859 -563.197876 452.259277
v -114.048820 -584.198853 460.649170
v -116.109375 -584.772095 456.370636
v -116.109375 -584.772095 456.370636
v -114.048820 -584.198853 460.649170
v -116.109375 -607.686646 461.372101
v -114.048820 -584.198853 460.649170
v -114.048820 -607.400024 465.908264
v -116.109375 -607.686646 461.372101
v -116.109375 -607.686646 461.372101
v -114.048820 -607.400024 465.908264
v -116.109375 -630.600952 463.082428
v -114.048820 -607.400024 465.908264
v -114.048820 -630.600952 467.876190
v -116.109375 -630.600952 463.082428
v -103.860352 -756.039246 477.347290
v -108.151367 -779.516785 474.927094
v -97.795898 -756.039490 469.083893
v -108.151367 -779.516785 474.927094
v -103.860352 -779.516785 469.083954
v -97.795898 -756.039490 469.083893
v -118.506836 -784.639832 469.083954
v -103.860352 -779.516785 469.083954
v -108.151367 -779.516785 474.927094
v -115.168945 -650.689819 380.069916
v -116.669922 -650.689819 377.293427
v -115.168945 -502.219391 380.070007
v -115.168945 -502.219391 380.070007
v -116.669922 -650.689819 377.293427
v -116.668945 -502.219391 377.293457
v -116.669922 -650.689819 377.293427
v -119.669922 -650.689819 377.293427
v -116.668945 -502.219391 377.293457
v -116.668945 -502.219391 377.293457
v -119.669922 -650.689819 377.293427
v -119.668945 -502.219391 377.293457
v -119.669922 -650.689819 377.293427
v -121.168945 -650.689819 380.069916
v -119.668945 -502.219391 377.293457
v -119.668945 -502.219391 377.293457
v -121.168945 -650.689819 380.069916
v -121.168945 -502.219879 380.070007
v -115.168945 -650.689819 276.951569
v -116.669922 -650.689819 274.175079
v -115.168945 -502.219421 276.951721
v -115.168945 -502.219421 276.951721
v -116.669922 -650.689819 274.175079
v -116.668945 -502.219421 274.175171
v -116.669922 -650.689819 274.175079
v -119.669922 -650.690063 274.175079
v -116.668945 -502.219421 274.175171
v -116.668945 -502.219421 274.175171
v -119.669922 -650.690063 274.175079
v -119.668945 -502.219666 274.175171
v -119.669922 -650.690063 274.175079
v -121.168945 -650.690063 276.951569
v -119.668945 -502.219666 274.175171
v -119.668945 -502.219666 274.175171
v -121.168945 -650.690063 276.951569
v -121.168945 -502.220154 276.951721
v -115.168945 -650.689819 276.951569
v -116.669922 -650.690063 279.627228
v -116.669922 -650.689819 274.175079
v -116.669922 -650.689819 274.175079
v -116.669922 -650.690063 279.627228
v -121.168945 -650.690063 276.951569
v -116.669922 -650.690063 279.627228
v -119.669922 -650.690063 279.627228
v -121.168945 -650.690063 276.951569
v -105.749023 -506.961121 22.589417
v -105.749023 -492.228699 22.589600
v -109.961914 -504.527283 22.589417
v -105.749023 -492.228699 22.589600
v -109.961914 -494.662292 22.589600
v -109.961914 -504.527283 22.589417
v -109.961914 -494.662292 22.589600
v -109.959961 -494.662292 231.248962
v -109.961914 -504.527283 22.589417
v -109.959961 -494.662292 231.248962
v -109.959961 -504.527283 231.248856
v -109.961914 -504.527283 22.589417
v -109.961914 -504.527283 22.589417
v -109.959961 -504.527283 231.248856
v -118.506836 -509.459656 22.589417
v -109.959961 -504.527283 231.248856
v -118.504883 -509.459656 231.248856
v -118.506836 -509.459656 22.589417
v -109.959961 -494.662292 231.248962
v -118.504883 -489.729919 231.248917
v -109.961914 -494.662262 434.850159
v -118.504883 -489.729919 231.248917
v -118.506836 -489.729889 434.850159
v -109.961914 -494.662262 434.850159
v -109.959961 -494.662292 231.248962
v -109.961914 -494.662292 22.589600
v -118.504883 -489.729919 231.248917
v -109.961914 -494.662292 22.589600
v -118.506836 -489.729919 22.589600
v -118.504883 -489.729919 231.248917
v -114.046875 -503.901276 404.800720
v -116.106453 -501.607819 407.533875
v -114.047859 -521.603394 424.013794
v -116.106453 -501.607819 407.533875
v -116.107414 -519.883423 427.130554
v -114.047859 -521.603394 424.013794
v -114.047859 -521.603394 424.013794
v -116.107414 -519.883423 427.130554
v -114.047859 -542.197144 439.841125
v -116.107414 -519.883423 427.130554
v -116.108406 -541.050415 443.341492
v -114.047859 -542.197144 439.841125
v -114.047859 -542.197144 439.841125
v -116.108406 -541.050415 443.341492
v -114.047859 -563.197876 452.259277
v -116.108406 -541.050415 443.341492
v -116.108406 -562.338013 455.951416
v -114.047859 -563.197876 452.259277
v -114.047859 -563.197876 452.259277
v -116.108406 -562.338013 455.951416
v -114.048820 -584.198853 460.649170
v -116.108406 -562.338013 455.951416
v -116.109375 -583.625610 464.533203
v -114.048820 -584.198853 460.649170
v -114.048820 -584.198853 460.649170
v -116.109375 -583.625610 464.533203
v -114.048820 -607.400024 465.908264
v -116.109375 -583.625610 464.533203
v -116.109375 -607.113403 469.984009
v -114.048820 -607.400024 465.908264
v -114.048820 -607.400024 465.908264
v -116.109375 -607.113403 469.984009
v -114.048820 -630.600952 467.876190
v -116.109375 -607.113403 469.984009
v -116.109375 -630.600952 472.143799
v -114.048820 -630.600952 467.876190
v -114.048820 -630.600952 467.876190
v -116.109375 -630.600952 472.143799
v -114.048820 -732.783630 467.876190
v -116.109375 -630.600952 472.143799
v -116.110359 -732.783630 472.143799
v -114.048820 -732.783630 467.876190
v -115.168945 -502.219391 380.070007
v -116.668945 -502.219879 382.745575
v -115.168945 -650.689819 380.069916
v -116.668945 -502.219879 382.745575
v -116.669922 -650.689819 382.745575
v -115.168945 -650.689819 380.069916
v -115.168945 -502.219421 276.951721
v -116.668945 -502.220154 279.627319
v -115.168945 -650.689819 276.951569
v -116.668945 -502.220154 279.627319
v -116.669922 -650.690063 279.627228
v -115.168945 -650.689819 276.951569
v -115.168945 -650.689819 380.069916
v -116.669922 -650.689819 382.745575
v -116.669922 -650.689819 377.293427
v -116.669922 -650.689819 382.745575
v -121.168945 -650.689819 380.069916
v -116.669922 -650.689819 377.293427
v -116.669922 -650.689819 377.293427
v -121.168945 -650.689819 380.069916
v -119.669922 -650.689819 377.293427
v -712.600647 -103.914230 424.250336
v -713.848633 -120.354904 424.250366
v -709.469727 -103.914230 428.514984
v -709.469727 -103.914230 428.514984
v -713.848633 -120.354904 424.250366
v -710.352539 -120.354904 429.012329
v -713.848633 -120.354904 424.250366
v -710.352539 -136.952072 424.250427
v -710.352539 -120.354904 429.012329
v -710.352539 -120.354904 429.012329
v -710.352539 -136.952072 424.250427
v -707.880859 -136.952072 427.617615
v -701.913086 -140.573654 424.250427
v -707.880859 -136.952072 427.617615
v -710.352539 -136.952072 424.250427
v -120.226562 -506.194489 402.067566
v -120.227539 -523.323364 420.765503
v -122.287109 -503.901276 404.800720
v -122.287109 -503.901276 404.800720
v -120.227539 -523.323364 420.765503
v -122.288094 -521.603394 424.013794
v -120.227539 -523.323364 420.765503
v -120.227539 -543.343628 436.077698
v -122.288094 -521.603394 424.013794
v -122.288094 -521.603394 424.013794
v -120.227539 -543.343628 436.077698
v -122.288094 -542.197144 439.841125
v -120.227539 -543.343628 436.077698
v -120.228508 -564.057739 448.238281
v -122.288094 -542.197144 439.841125
v -122.288094 -542.197144 439.841125
v -120.228508 -564.057739 448.238281
v -122.288094 -563.197876 452.259277
v -120.228508 -564.057739 448.238281
v -120.229492 -584.772095 456.370636
v -122.288094 -563.197876 452.259277
v -122.288094 -563.197876 452.259277
v -120.229492 -584.772095 456.370636
v -122.289062 -584.198853 460.649170
v -120.229492 -584.772095 456.370636
v -120.229492 -607.686646 461.372101
v -122.289062 -584.198853 460.649170
v -122.289062 -584.198853 460.649170
v -120.229492 -607.686646 461.372101
v -122.289062 -607.400024 465.908264
v -120.229492 -607.686646 461.372101
v -120.229492 -630.600952 463.082428
v -122.289062 -607.400024 465.908264
v -122.289062 -607.400024 465.908264
v -120.229492 -630.600952 463.082428
v -122.289062 -630.600952 467.876190
v -122.289062 -630.600952 467.876190
v -120.229492 -630.600952 463.082428
v -122.289062 -732.783630 467.876190
v -120.229492 -630.600952 463.082428
v -120.230469 -732.783630 463.082428
v -122.289062 -732.783630 467.876190
v -116.109375 -630.600952 472.143799
v -120.229492 -630.600952 472.143799
v -116.110359 -732.783630 472.143799
v -120.229492 -630.600952 472.143799
v -120.230469 -732.783630 472.143799
v -116.110359 -732.783630 472.143799
v -116.668945 -502.219879 382.745575
v -119.668945 -502.219879 382.745575
v -116.669922 -650.689819 382.745575
v -119.668945 -502.219879 382.745575
v -119.669922 -650.689819 382.745575
v -116.669922 -650.689819 382.745575
v -116.668945 -502.220154 279.627319
v -119.668945 -502.220154 279.627319
v -116.669922 -650.690063 279.627228
v -119.668945 -502.220154 279.627319
v -119.669922 -650.690063 279.627228
v -116.669922 -650.690063 279.627228
v -116.669922 -650.689819 382.745575
v -119.669922 -650.689819 382.745575
v -121.168945 -650.689819 380.069916
v -120.229492 -630.600952 472.143799
v -120.229492 -607.113403 469.984009
v -122.289062 -630.600952 467.876190
v -122.289062 -630.600952 467.876190
v -120.229492 -607.113403 469.984009
v -122.289062 -607.400024 465.908264
v -120.229492 -607.113403 469.984009
v -120.229492 -583.625610 464.533203
v -122.289062 -607.400024 465.908264
v -122.289062 -607.400024 465.908264
v -120.229492 -583.625610 464.533203
v -122.289062 -584.198853 460.649170
v -120.229492 -583.625610 464.533203
v -120.228508 -562.338013 455.951416
v -122.289062 -584.198853 460.649170
v -122.289062 -584.198853 460.649170
v -120.228508 -562.338013 455.951416
v -122.288094 -563.197876 452.259277
v -120.228508 -562.338013 455.951416
v -120.227539 -541.050415 443.341492
v -122.288094 -563.197876 452.259277
v -122.288094 -563.197876 452.259277
v -120.227539 -541.050415 443.341492
v -122.288094 -542.197144 439.841125
v -120.227539 -541.050415 443.341492
v -120.227539 -519.883423 427.130554
v -122.288094 -542.197144 439.841125
v -122.288094 -542.197144 439.841125
v -120.227539 -519.883423 427.130554
v -122.288094 -521.603394 424.013794
v -120.227539 -519.883423 427.130554
v -120.226562 -501.607819 407.533875
v -122.288094 -521.603394 424.013794
v -122.288094 -521.603394 424.013794
v -120.226562 -501.607819 407.533875
v -122.287109 -503.901276 404.800720
v -118.506836 -509.459625 434.850159
v -127.047852 -504.527008 434.850159
v -118.504883 -509.459656 231.248856
v -118.504883 -509.459656 231.248856
v -127.047852 -504.527008 434.850159
v -127.045906 -504.527283 231.248856
v -127.047852 -504.527008 434.850159
v -127.047852 -494.662262 434.850159
v -127.045906 -504.527283 231.248856
v -127.045906 -504.527283 231.248856
v -127.047852 -494.662262 434.850159
v -127.045906 -494.662292 231.248962
v -127.045906 -494.662292 231.248962
v -127.047852 -494.662292 22.589600
v -127.045906 -504.527283 231.248856
v -127.047852 -494.662292 22.589600
v -127.047852 -504.527283 22.589417
v -127.045906 -504.527283 231.248856
v -127.045906 -504.527283 231.248856
v -127.047852 -504.527283 22.589417
v -118.504883 -509.459656 231.248856
v -127.047852 -504.527283 22.589417
v -118.506836 -509.459656 22.589417
v -118.504883 -509.459656 231.248856
v -119.669922 -650.690063 274.175079
v -116.669922 -650.689819 274.175079
v -121.168945 -650.690063 276.951569
v -118.506836 -779.516785 477.347290
v -118.506836 -756.039490 480.769897
v -128.862305 -779.516785 474.927094
v -128.862305 -779.516785 474.927094
v -118.506836 -756.039490 480.769897
v -133.151367 -756.039490 477.347290
v -118.506836 -756.039490 480.769897
v -118.506836 -732.783386 479.549591
v -133.151367 -756.039490 477.347290
v -133.151367 -756.039490 477.347290
v -118.506836 -732.783386 479.549591
v -131.620117 -732.783630 476.484344
v -128.862305 -779.516785 474.927094
v -133.151367 -756.039490 477.347290
v -133.151367 -779.516541 469.083954
v -133.151367 -779.516541 469.083954
v -133.151367 -756.039490 477.347290
v -139.217773 -756.039246 469.083893
v -133.151367 -756.039490 477.347290
v -131.620117 -732.783630 476.484344
v -139.217773 -756.039246 469.083893
v -139.217773 -756.039246 469.083893
v -131.620117 -732.783630 476.484344
v -137.051758 -732.783630 469.083893
v -689.977539 -120.354904 424.250366
v -693.472595 -136.952072 424.250427
v -693.472595 -120.354904 419.488586
v -693.472595 -120.354904 419.488586
v -693.472595 -136.952072 424.250427
v -695.946289 -136.952072 420.883301
v -693.472595 -136.952072 424.250427
v -701.913086 -140.573654 424.250427
v -695.946289 -136.952072 420.883301
v -701.913086 -140.573654 424.250427
v -710.352539 -136.952072 424.250427
v -707.880859 -136.952072 420.883301
v -710.352539 -136.952072 424.250427
v -713.848633 -120.354904 424.250366
v -707.880859 -136.952072 420.883301
v -707.880859 -136.952072 420.883301
v -713.848633 -120.354904 424.250366
v -710.352539 -120.354904 419.488586
v -713.848633 -120.354904 424.250366
v -712.600647 -103.914230 424.250336
v -710.352539 -120.354904 419.488586
v -710.352539 -120.354904 419.488586
v -712.600647 -103.914230 424.250336
v -709.469727 -103.914230 419.985870
v -697.966797 -103.914230 424.250336
v -699.843750 -103.914230 421.000763
v -697.966797 -31.597351 424.250336
v -697.966797 -31.597351 424.250336
v -699.843750 -103.914230 421.000763
v -699.843750 -31.597351 421.000763
v -699.843750 -103.914230 421.000763
v -703.596680 -103.914230 421.000763
v -699.843750 -31.597351 421.000763
v -699.843750 -31.597351 421.000763
v -703.596680 -103.914230 421.000763
v -703.595642 -31.597351 421.000763
v -703.596680 -103.914230 421.000763
v -705.471680 -103.914230 424.250336
v -703.595642 -31.597351 421.000763
v -703.595642 -31.597351 421.000763
v -705.471680 -103.914230 424.250336
v -705.471680 -31.597351 424.250336
v -694.352539 -103.914230 428.514984
v -709.469727 -103.914230 428.514984
v -709.469727 -103.914230 428.514984
v -694.352539 -103.914230 428.514984
v -712.600647 -103.914230 424.250336
v -694.352539 -103.914230 428.514984
v -691.222717 -103.914230 424.250336
v -712.600647 -103.914230 424.250336
v -712.600647 -103.914230 424.250336
v -691.222717 -103.914230 424.250336
v -709.469727 -103.914230 419.985870
v -691.222717 -103.914230 424.250336
v -694.352539 -103.914230 419.985870
v -709.469727 -103.914230 419.985870
v -709.469727 -103.914230 419.985870
v -694.352539 -103.914230 419.985870
v -701.913086 -136.952072 429.012329
v -701.913086 -120.354904 430.984619
v -707.880859 -136.952072 427.617615
v -707.880859 -136.952072 427.617615
v -701.913086 -120.354904 430.984619
v -710.352539 -120.354904 429.012329
v -701.913086 -120.354904 430.984619
v -701.913086 -103.914230 430.281372
v -710.352539 -120.354904 429.012329
v -710.352539 -120.354904 429.012329
v -701.913086 -103.914230 430.281372
v -709.469727 -103.914230 428.514984
v -119.668945 -502.219879 382.745575
v -121.168945 -502.219879 380.070007
v -119.669922 -650.689819 382.745575
v -121.168945 -502.219879 380.070007
v -121.168945 -650.689819 380.069916
v -119.669922 -650.689819 382.745575
v -119.668945 -502.220154 279.627319
v -121.168945 -502.220154 276.951721
v -119.669922 -650.690063 279.627228
v -121.168945 -502.220154 276.951721
v -121.168945 -650.690063 276.951569
v -119.669922 -650.690063 279.627228
v -118.504883 -489.729919 231.248917
v -127.045906 -494.662292 231.248962
v -118.506836 -489.729889 434.850159
v -127.045906 -494.662292 231.248962
v -127.047852 -494.662262 434.850159
v -118.506836 -489.729889 434.850159
v -118.504883 -489.729919 231.248917
v -118.506836 -489.729919 22.589600
v -127.045906 -494.662292 231.248962
v -118.506836 -489.729919 22.589600
v -127.047852 -494.662292 22.589600
v -127.045906 -494.662292 231.248962
v -118.506836 -784.639832 469.083954
v -128.862305 -779.516785 474.927094
v -133.151367 -779.516541 469.083954
v -689.977539 -120.354904 424.250366
v -691.222717 -103.914230 424.250336
v -693.472595 -120.354904 429.012329
v -691.222717 -103.914230 424.250336
v -694.352539 -103.914230 428.514984
v -693.472595 -120.354904 429.012329
v -693.472595 -120.354904 429.012329
v -695.946289 -136.952072 427.617615
v -689.977539 -120.354904 424.250366
v -695.946289 -136.952072 427.617615
v -693.472595 -136.952072 424.250427
v -689.977539 -120.354904 424.250366
v -701.913086 -140.573654 424.250427
v -693.472595 -136.952072 424.250427
v -695.946289 -136.952072 427.617615
v -695.019531 114.062805 384.986237
v -695.019531 108.668762 384.986237
v -695.019531 114.062805 367.845367
v -695.019531 108.668762 384.986237
v -695.019531 108.668762 367.845367
v -695.019531 114.062805 367.845367
v -697.965881 114.696045 374.054352
v -699.841736 118.158997 376.543732
v -697.966797 72.146301 398.454773
v -699.841736 118.158997 376.543732
v -699.843750 74.839661 401.269135
v -697.966797 72.146301 398.454773
v -697.966797 72.146301 398.454773
v -699.843750 74.839661 401.269135
v -697.966797 22.989807 415.151215
v -699.843750 74.839661 401.269135
v -699.843750 24.383606 418.290192
v -697.966797 22.989807 415.151215
v -697.966797 22.989807 415.151215
v -699.843750 24.383606 418.290192
v -697.966797 -31.597351 424.250336
v -699.843750 24.383606 418.290192
v -699.843750 -31.597351 427.499908
v -697.966797 -31.597351 424.250336
v -699.843750 -31.597351 427.499908
v -703.595642 -31.597351 427.499908
v -699.843750 -103.914230 427.499908
v -703.595642 -31.597351 427.499908
v -703.596680 -103.914230 427.499908
v -699.843750 -103.914230 427.499908
v -697.966797 -31.597351 424.250336
v -699.843750 -31.597351 427.499908
v -697.966797 -103.914230 424.250336
v -699.843750 -31.597351 427.499908
v -699.843750 -103.914230 427.499908
v -697.966797 -103.914230 424.250336
v -695.019531 108.668762 384.986237
v -695.019531 114.062805 384.986237
v -708.923828 108.668762 384.986237
v -695.019531 114.062805 384.986237
v -708.923828 114.062805 384.986237
v -708.923828 108.668762 384.986237
v -695.019531 108.668762 367.845367
v -695.019531 108.668762 384.986237
v -708.923828 108.668762 367.845367
v -695.019531 108.668762 384.986237
v -708.923828 108.668762 384.986237
v -708.923828 108.668762 367.845367
v -699.841736 118.158997 376.543732
v -703.594727 118.158997 376.543732
v -699.843750 74.839661 401.269135
v -703.594727 118.158997 376.543732
v -703.595642 74.839661 401.269135
v -699.843750 74.839661 401.269135
v -703.595642 74.839661 401.269135
v -705.471680 72.146301 398.454773
v -703.595642 24.383606 418.290192
v -705.471680 72.146301 398.454773
v -705.471680 22.989807 415.151215
v -703.595642 24.383606 418.290192
v -699.843750 24.383606 418.290192
v -703.595642 24.383606 418.290192
v -699.843750 -31.597351 427.499908
v -703.595642 24.383606 418.290192
v -703.595642 -31.597351 427.499908
v -699.843750 -31.597351 427.499908
v -699.843750 74.839661 401.269135
v -703.595642 74.839661 401.269135
v -699.843750 24.383606 418.290192
v -703.595642 74.839661 401.269135
v -703.595642 24.383606 418.290192
v -699.843750 24.383606 418.290192
v -703.595642 24.383606 418.290192
v -705.471680 22.989807 415.151215
v -703.595642 -31.597351 427.499908
v -705.471680 22.989807 415.151215
v -705.471680 -31.597351 424.250336
v -703.595642 -31.597351 427.499908
v -703.594727 118.158997 376.543732
v -705.470703 114.696045 374.054352
v -703.595642 74.839661 401.269135
v -705.470703 114.696045 374.054352
v -705.471680 72.146301 398.454773
v -703.595642 74.839661 401.269135
v -703.595642 -31.597351 427.499908
v -705.471680 -31.597351 424.250336
v -703.596680 -103.914230 427.499908
v -705.471680 -31.597351 424.250336
v -705.471680 -103.914230 424.250336
v -703.596680 -103.914230 427.499908
v -708.923828 108.668762 384.986237
v -708.923828 114.062805 384.986237
v -708.923828 108.668762 367.845367
v -708.923828 114.062805 384.986237
v -708.923828 114.062805 367.845367
v -708.923828 108.668762 367.845367
vn 0.9980 -0.0627 -0.0000
vn 0.9972 0.0754 -0.0001
vn 0.5596 -0.0476 0.8274
vn 0.9971 0.0754 -0.0000
vn 0.5449 0.0545 0.8367
vn 0.9971 0.0755 -0.0000
vn 0.5450 0.0545 -0.8367
vn 0.5596 -0.0476 -0.8274
vn 0.5449 0.0545 -0.8367
vn -0.0000 0.0427 -0.9991
vn -0.0000 -0.0373 -0.9993
vn -0.0001 0.0427 -0.9991
vn -0.5449 0.0545 -0.8367
vn -0.5595 -0.0475 -0.8274
vn -0.0000 -0.4735 -0.8808
vn -0.5595 -0.0476 -0.8274
vn -0.4753 -0.5238 -0.7069
vn -0.0000 -0.4734 -0.8808
vn -0.0000 -1.0000 -0.0000
vn -0.4752 -0.5238 -0.7070
vn -0.0001 -1.0000 -0.0000
vn 0.4752 -0.5238 -0.7070
vn 0.4751 -0.5238 -0.7070
vn 0.8290 -0.5593 0.0001
vn 0.8290 -0.5593 -0.0000
vn -0.8289 -0.5593 -0.0000
vn -0.8289 -0.5594 -0.0000
vn -0.9980 -0.0626 -0.0000
vn -0.5596 -0.0476 -0.8274
vn -0.9971 0.0756 -0.0000
vn -0.5596 -0.0475 -0.8274
vn -0.9971 0.0757 -0.0000
vn -0.5449 0.0546 -0.8367
vn -0.0001 0.0427 0.9991
vn -0.0000 -0.0373 0.9993
vn 0.5450 0.0545 0.8367
vn -0.0000 -0.4735 0.8808
vn -0.0000 -0.4734 0.8808
vn 0.4751 -0.5238 0.7070
vn 0.4752 -0.5238 0.7070
vn -0.4753 -0.5238 0.7069
vn 0.8289 -0.5593 -0.0000
vn 0.9995 0.0033 0.0320
vn 0.5357 -0.3438 -0.7713
vn 0.9930 0.0587 0.1030
vn 0.9929 0.0586 0.1030
vn 0.5358 -0.3438 -0.7712
vn 0.5885 -0.4037 -0.7005
vn -0.5355 -0.3437 -0.7714
vn -0.5880 -0.4033 -0.7011
vn -0.5355 -0.3437 -0.7715
vn -0.9995 0.0034 0.0326
vn -0.5881 -0.4034 -0.7011
vn -0.9929 0.0588 0.1037
vn 0.9997 0.0040 0.0261
vn 0.5112 -0.0728 -0.8564
vn 0.9997 0.0015 0.0257
vn 0.9997 0.0015 0.0258
vn 0.5112 -0.0727 -0.8564
vn 0.5191 -0.2076 -0.8291
vn -0.5112 -0.0731 -0.8564
vn 0.5191 -0.2077 -0.8291
vn -0.5111 -0.0731 -0.8564
vn -0.5189 -0.2076 -0.8292
vn -0.9996 0.0041 0.0264
vn -0.9996 0.0041 0.0263
vn -0.9997 0.0015 0.0264
vn -0.9995 0.0035 0.0325
vn -0.9997 0.0016 0.0264
vn -0.9996 0.0015 0.0265
vn 0.5357 -0.3438 -0.7712
vn 0.9995 0.0033 0.0319
vn 0.5595 -0.0476 -0.8274
vn 0.9980 -0.0626 -0.0000
vn 1.0000 -0.0000 -0.0000
vn -0.0000 -1.0000 0.0001
vn 0.9930 0.0586 0.1030
vn 0.4539 0.4421 0.7736
vn 0.4540 0.4421 0.7736
vn 0.5090 0.3568 0.7833
vn 0.9995 0.0034 0.0319
vn 0.5090 0.3569 0.7833
vn 0.4964 0.2121 0.8418
vn 0.9997 0.0040 0.0260
vn 0.4963 0.2121 0.8418
vn 0.4884 0.0701 0.8698
vn 0.4885 0.0701 0.8698
vn -0.4887 0.0703 0.8696
vn 0.4999 -0.0000 0.8661
vn -0.4887 0.0704 0.8696
vn -0.5001 -0.0000 0.8660
vn 0.0001 -1.0000 -0.0000
vn 1.0000 -0.0001 -0.0000
vn -0.0000 -0.0000 1.0000
vn 0.4540 0.4420 0.7736
vn -0.4541 0.4416 0.7738
vn -0.4541 0.4417 0.7738
vn -0.5094 0.3568 0.7831
vn -0.4967 0.2121 0.8416
vn -0.9996 0.0015 0.0264
vn -0.4752 -0.5238 0.7069
vn 0.5596 -0.0477 0.8274
vn -0.5449 0.0546 0.8367
vn -0.5595 -0.0475 0.8274
vn -0.0000 0.0427 0.9991
vn -0.5595 -0.0476 0.8274
vn -0.5596 -0.0476 0.8274
vn -0.0001 0.0524 0.9986
vn -0.0000 -0.0455 0.9990
vn 0.5433 0.0667 0.8369
vn 0.5434 0.0668 0.8368
vn 0.5612 -0.0579 0.8256
vn -0.0000 -0.5219 0.8530
vn 0.5612 -0.0579 0.8257
vn 0.4557 -0.5670 0.6862
vn -0.4558 -0.5670 0.6861
vn -0.9929 0.0588 0.1036
vn -0.5001 -0.0000 0.8659
vn -1.0000 -0.0000 -0.0000
vn -0.8289 -0.5594 0.0001
vn -0.5449 0.0545 0.8367
vn -0.0000 0.7653 0.6436
vn 0.6627 0.3826 0.6437
vn 0.6627 0.3827 0.6437
vn 0.6627 -0.3827 0.6437
vn -0.0001 -0.0000 1.0000
vn -0.0001 -0.7653 0.6436
vn -0.0001 -0.7654 0.6436
vn -0.6629 -0.3827 0.6435
vn -0.6629 -0.3826 0.6435
vn -0.6629 0.3827 0.6435
vn -0.0000 0.7654 0.6436
vn -0.7999 0.4618 0.3832
vn -0.0001 0.9236 0.3834
vn 0.6627 0.3827 0.6438
vn -0.0000 0.9236 0.3834
vn 0.7998 0.4618 0.3836
vn 0.7998 0.4617 0.3836
vn 0.7998 -0.4617 0.3835
vn -0.0000 -0.7653 0.6436
vn 0.7998 -0.4618 0.3835
vn -0.0000 -0.7653 0.6437
vn -0.0001 -0.9236 0.3833
vn -0.0000 -0.7654 0.6436
vn -0.0000 -0.9236 0.3833
vn -0.8000 -0.4618 0.3831
vn -0.6629 0.3827 0.6436
vn -0.7999 0.4619 0.3831
vn -0.5137 0.6286 0.5839
vn -0.4837 0.5862 0.6499
vn 0.5138 0.6285 0.5839
vn 0.4838 0.5862 0.6499
vn -0.4911 0.4855 0.7232
vn 0.4838 0.5861 0.6499
vn 0.4911 0.4855 0.7232
vn -0.4966 0.3820 0.7794
vn 0.4911 0.4855 0.7233
vn -0.4966 0.3819 0.7794
vn 0.4965 0.3819 0.7795
vn -0.5048 0.2575 0.8239
vn -0.5048 0.2574 0.8239
vn 0.5047 0.2575 0.8240
vn -0.5143 0.1349 0.8470
vn 0.5142 0.1349 0.8470
vn -0.5143 0.1349 0.8469
vn 0.5246 0.0387 0.8505
vn -0.5246 0.0388 0.8504
vn 0.5246 0.0388 0.8505
vn -0.5247 0.0387 0.8504
vn -0.9994 0.0027 0.0335
vn -0.5318 -0.0000 0.8469
vn -0.9998 -0.0000 0.0219
vn -0.5317 -0.0000 0.8469
vn -0.0000 -1.0000 -0.0001
vn 0.9972 -0.0753 -0.0000
vn 0.9957 0.0925 -0.0000
vn 0.5433 0.0667 -0.8369
vn 0.5612 -0.0579 -0.8257
vn 0.5434 0.0667 -0.8369
vn -0.0001 0.0524 -0.9986
vn -0.0000 -0.0455 -0.9990
vn -0.0000 0.0524 -0.9986
vn -0.5433 0.0668 -0.8369
vn -0.5612 -0.0579 -0.8257
vn -0.0000 -0.5219 -0.8530
vn -0.5612 -0.0578 -0.8257
vn -0.4558 -0.5670 -0.6861
vn 0.4557 -0.5670 -0.6862
vn 0.8012 -0.5984 -0.0000
vn 0.8012 -0.5984 0.0001
vn -0.8012 -0.5984 -0.0000
vn -0.9972 -0.0752 -0.0000
vn -0.9957 0.0927 -0.0000
vn -0.5611 -0.0578 -0.8257
vn 0.5884 -0.4037 -0.7006
vn 0.5357 -0.3439 -0.7712
vn 0.5884 -0.4037 -0.7005
vn -0.9995 0.0035 0.0326
vn -0.5880 -0.4034 -0.7011
vn -0.5112 -0.0730 -0.8564
vn -0.9996 0.0016 0.0264
vn -0.5433 0.0669 0.8369
vn 0.5432 0.0667 0.8369
vn -0.9957 0.0927 -0.0001
vn 0.9957 0.0925 -0.0001
vn -0.5434 0.0668 -0.8368
vn -0.5432 0.0668 -0.8369
vn 0.4999 -0.0000 -0.8661
vn -0.5001 -0.0000 -0.8660
vn -0.5002 -0.0000 -0.8659
vn -1.0000 -0.0000 0.0001
vn -0.5112 -0.0730 -0.8563
vn -0.5450 0.0546 -0.8367
vn 0.9971 0.0755 -0.0001
vn 0.8660 0.5000 -0.0000
vn 0.8660 -0.5000 -0.0000
vn -0.8660 -0.5000 -0.0000
vn -0.8660 0.5000 -0.0000
vn -0.0000 1.0000 -0.0000
vn 0.8659 0.5002 -0.0000
vn -0.0001 1.0000 -0.0000
vn -0.8661 0.4999 -0.0000
vn -0.8661 0.4998 -0.0000
vn -0.8661 -0.4999 -0.0000
vn 0.9998 -0.0000 0.0220
vn 0.5500 -0.0000 -0.8352
vn 0.9994 0.0027 0.0336
vn 0.5554 -0.0323 -0.8309
vn -0.5502 -0.0000 -0.8350
vn -0.5555 -0.0323 -0.8309
vn 0.5554 -0.0322 -0.8309
vn -0.5555 -0.0322 -0.8309
vn 0.5520 -0.1221 -0.8248
vn -0.5521 -0.1221 -0.8248
vn -0.5432 -0.2465 -0.8026
vn 0.5520 -0.1221 -0.8249
vn -0.5432 -0.2464 -0.8026
vn 0.5431 -0.2465 -0.8027
vn -0.5314 -0.3737 -0.7603
vn 0.5431 -0.2464 -0.8027
vn -0.5314 -0.3736 -0.7603
vn 0.5313 -0.3737 -0.7603
vn -0.5178 -0.4802 -0.7081
vn 0.5178 -0.4801 -0.7081
vn -0.5178 -0.4801 -0.7081
vn -0.5115 -0.5827 -0.6315
vn 0.5178 -0.4802 -0.7081
vn -0.5115 -0.5826 -0.6316
vn 0.5116 -0.5826 -0.6315
vn -0.4795 -0.6471 -0.5927
vn 0.5116 -0.5826 -0.6316
vn -0.4795 -0.6471 -0.5928
vn 0.4796 -0.6470 -0.5927
vn 0.9991 -0.0312 -0.0276
vn 0.9994 0.0277 0.0213
vn 0.9994 0.0276 0.0213
vn 0.9994 0.0232 0.0242
vn 0.5178 -0.4802 -0.7080
vn 0.9994 0.0232 0.0243
vn 0.5313 -0.3736 -0.7603
vn 0.9991 0.0237 0.0339
vn 0.9991 0.0174 0.0393
vn 0.9992 0.0095 0.0400
vn 0.5555 -0.0323 -0.8309
vn 0.4558 -0.5670 0.6862
vn 1.0000 -0.0000 0.0078
vn 0.5121 -0.0000 -0.8589
vn 0.5122 -0.0000 -0.8589
vn 0.5121 -0.0000 -0.8590
vn -0.5123 -0.0000 -0.8588
vn -0.5122 -0.0000 -0.8589
vn -1.0000 -0.0000 0.0078
vn 0.5120 -0.0000 -0.8590
vn -0.5121 -0.0000 -0.8589
vn 1.0000 -0.0000 0.0079
vn 0.5053 -0.0000 0.8629
vn 0.5053 -0.0000 0.8630
vn -0.5057 -0.0000 0.8627
vn -1.0000 -0.0000 0.0079
vn 0.8659 -0.5002 -0.0000
vn 0.8660 -0.5001 -0.0000
vn 0.8660 0.5001 -0.0000
vn -0.0001 1.0000 -0.0002
vn 0.9991 0.0174 0.0394
vn 0.4965 0.3820 0.7795
vn 0.5047 0.2574 0.8240
vn 0.9992 0.0095 0.0399
vn 0.5245 0.0387 0.8505
vn 0.9998 -0.0000 0.0219
vn 0.5315 -0.0000 0.8471
vn 1.0000 0.0001 0.0078
vn 0.5055 -0.0000 0.8628
vn 0.5054 -0.0000 0.8629
vn 0.5053 -0.0001 0.8629
vn -0.5124 -0.0000 -0.8588
vn -0.4795 -0.6470 -0.5928
vn -0.9991 -0.0312 -0.0277
vn -0.9991 -0.0312 -0.0276
vn -0.9994 0.0277 0.0213
vn -0.9994 0.0278 0.0213
vn -0.9994 0.0233 0.0243
vn -0.9994 0.0232 0.0243
vn -0.9991 0.0238 0.0339
vn -0.9991 0.0237 0.0339
vn -0.9991 0.0175 0.0393
vn -0.5521 -0.1220 -0.8248
vn -0.9991 0.0174 0.0393
vn -0.9992 0.0095 0.0400
vn -0.9992 0.0095 0.0399
vn -0.9994 0.0027 0.0336
vn -0.5246 0.0387 0.8504
vn 0.5315 -0.0000 0.8470
vn -0.5055 -0.0000 0.8629
vn -0.5056 -0.0000 0.8628
vn -0.5246 0.0387 0.8505
vn -0.9991 0.0238 0.0338
vn -0.4912 0.4855 0.7232
vn -0.4837 0.5863 0.6499
vn -0.9994 0.0277 0.0212
vn -0.5124 0.0001 -0.8588
vn -1.0000 0.0001 0.0079
vn -0.5612 -0.0579 0.8257
vn -0.0000 0.0524 0.9986
vn -0.5611 -0.0579 0.8257
vn -0.5612 -0.0578 0.8257
vn -0.5611 -0.0578 0.8257
vn -0.5433 0.0668 0.8368
vn -0.5433 0.0668 0.8369
vn 0.9980 -0.0628 -0.0000
vn 0.8289 -0.5593 0.0001
vn -0.5111 -0.0730 -0.8564
vn -0.5055 -0.0000 0.8628
vn -0.9995 0.0035 0.0327
vn -0.5094 0.3569 0.7831
vn -0.4886 0.0704 0.8696
vt 0.653950 1.917367
vt 0.546705 1.917367
vt 0.653949 1.881480
vt 0.546705 1.885228
vt 0.546705 1.949503
vt 0.653949 1.953252
vt 0.546705 1.977814
vt 0.653950 1.984862
vt 0.546705 1.949503
vt 0.653950 1.953252
vt 0.762216 1.965094
vt 0.762216 1.942741
vt 0.785841 1.917367
vt 0.762216 1.917367
vt 0.762216 1.917367
vt 0.546705 1.917367
vt 0.546705 1.856918
vt 0.653950 1.849869
vt 0.762216 1.869638
vt 0.762216 1.891991
vt 0.857820 1.216422
vt 0.838652 1.216422
vt 0.857787 1.007463
vt 0.838636 1.007463
vt 0.820207 1.216422
vt 0.820186 1.007463
vt 0.801000 1.216422
vt 0.800968 1.007463
vt 0.857916 1.689392
vt 0.838713 1.689392
vt 0.857865 1.445414
vt 0.838681 1.445414
vt 0.820267 1.689392
vt 0.820235 1.445414
vt 0.801097 1.689392
vt 0.801046 1.445414
vt 0.801760 1.688949
vt 0.855248 1.688949
vt 0.801760 1.867227
vt 0.855248 1.867227
vt 0.801397 1.007463
vt 0.820316 1.007463
vt 0.801447 1.216422
vt 0.820354 1.216422
vt 0.801497 1.445414
vt 0.820387 1.445414
vt 0.801552 1.689392
vt 0.820424 1.689392
vt 0.838582 1.689392
vt 0.820472 1.999580
vt 0.838634 1.999580
vt 0.801626 1.999580
vt 0.857726 1.688949
vt 0.857726 1.867227
vt 0.992707 1.688949
vt 0.992707 1.867227
vt 0.838479 1.007463
vt 0.838512 1.216422
vt 0.857380 1.216422
vt 0.838545 1.445414
vt 0.857430 1.445414
vt 0.857485 1.689392
vt 0.546705 1.885228
vt 0.653950 1.881480
vt 0.857329 1.007463
vt 0.857558 1.999580
vt 0.981182 1.032582
vt 0.929590 1.052663
vt 0.952140 1.032582
vt 0.907040 1.032582
vt 0.877998 1.032582
vt 0.951680 1.002590
vt 0.996300 1.002590
vt 0.907501 1.002590
vt 0.862880 1.002590
vt 0.838752 1.007170
vt 0.838752 1.107971
vt 0.820574 1.007170
vt 0.820574 1.107971
vt 0.838752 1.208772
vt 0.820574 1.208772
vt 0.838752 1.259173
vt 0.820574 1.259173
vt 0.838752 1.309574
vt 0.820574 1.309574
vt 0.838752 1.359975
vt 0.820574 1.359975
vt 0.820574 1.410375
vt 0.838752 1.410375
vt 0.858128 1.410375
vt 0.838752 1.997635
vt 0.858128 1.997635
vt 0.800898 1.216422
vt 0.820066 1.216422
vt 0.800931 1.007463
vt 0.820082 1.007463
vt 0.838532 1.007463
vt 0.857718 1.216422
vt 0.857750 1.007463
vt 0.800802 1.689392
vt 0.820005 1.689392
vt 0.800853 1.445414
vt 0.820037 1.445414
vt 0.838451 1.689392
vt 0.838483 1.445414
vt 0.857622 1.689392
vt 0.857672 1.445414
vt 0.777836 1.838177
vt 0.777836 1.723895
vt 0.747090 1.861839
vt 0.747090 1.700238
vt 0.716346 1.838177
vt 0.716346 1.723895
vt 0.800735 1.999580
vt 0.819961 1.999580
vt 0.838412 1.999580
vt 0.857554 1.999580
vt 0.669881 1.730446
vt 0.669881 1.678856
vt 0.625518 1.730446
vt 0.625518 1.678856
vt 0.669881 1.629846
vt 0.625518 1.629846
vt 0.951922 1.002639
vt 0.907145 1.002639
vt 0.951922 1.997492
vt 0.907145 1.997492
vt 0.862815 1.002638
vt 0.862815 1.997492
vt 0.625518 1.779456
vt 0.669881 1.779456
vt 0.675057 1.781807
vt 0.675057 1.727011
vt 0.690759 1.772745
vt 0.690759 1.736055
vt 0.800590 1.997635
vt 0.819966 1.997635
vt 0.800590 1.410375
vt 0.819966 1.410375
vt 0.838144 1.997635
vt 0.838144 1.410375
vt 0.819966 1.359975
vt 0.838144 1.359975
vt 0.838144 1.309574
vt 0.819966 1.309574
vt 0.838144 1.259173
vt 0.819966 1.259173
vt 0.838144 1.208772
vt 0.819966 1.208772
vt 0.838144 1.107971
vt 0.819966 1.107971
vt 0.838144 1.007170
vt 0.819966 1.007170
vt 0.800590 1.007170
vt 0.800590 1.107971
vt 0.800590 1.208772
vt 0.800590 1.259173
vt 0.800590 1.309574
vt 0.800590 1.359975
vt 0.801533 0.999999
vt 0.820138 0.999999
vt 0.801533 1.999999
vt 0.820132 1.999999
vt 0.839312 0.999999
vt 0.839306 1.999999
vt 0.857905 0.999999
vt 0.857905 1.999995
vt 0.769408 1.678211
vt 0.749047 1.714507
vt 0.749047 1.640547
vt 0.688016 1.678211
vt 0.708351 1.714507
vt 0.675057 1.727002
vt 0.675057 1.781799
vt 0.690759 1.736064
vt 0.690759 1.772754
vt 0.862815 1.997492
vt 0.996252 1.997492
vt 0.996252 1.002638
vt 0.996252 1.997492
vt 0.801210 1.007170
vt 0.801210 1.107971
vt 0.801210 1.208772
vt 0.801210 1.259173
vt 0.801210 1.309574
vt 0.801210 1.359975
vt 0.801210 1.410375
vt 0.801210 1.997635
vt 0.820574 1.997635
vt 0.857185 1.999999
vt 0.838586 1.999995
vt 0.857185 0.999999
vt 0.838580 0.999999
vt 0.708351 1.640547
vt 0.857508 1.007170
vt 0.857508 1.107971
vt 0.857508 1.208772
vt 0.857508 1.259173
vt 0.857508 1.309574
vt 0.857508 1.359975
vt 0.857508 1.410375
vt 0.857508 1.997635
vt 0.819412 1.999995
vt 0.819406 0.999999
vt 0.858128 1.359975
vt 0.858128 1.309574
vt 0.858128 1.259173
vt 0.858128 1.208772
vt 0.858128 1.107971
vt 0.858128 1.007170
vt 0.862815 1.002639
vt 0.907145 1.002639
vt 0.862815 1.997492
vt 0.907145 1.997492
vt 0.951922 1.002639
vt 0.951922 1.997492
vt 0.951922 1.002638
vt 0.907145 1.002638
vt 0.862815 1.002639
vt 0.857983 1.999580
vt 0.838757 1.999580
vt 0.820306 1.999580
vt 0.801164 1.999580
vt 0.800813 1.999995
vt 0.800813 0.999999
vt 0.996252 1.997492
vt 0.996252 1.002639
vt 0.996252 1.002639
s 1
usemtl Material__372.003
f 7390/1671/734 7391/1672/735 7392/1673/736
f 7393/1672/737 7394/1674/738 7395/1673/736
f 7396/1672/739 7397/1671/734 7398/1675/740
f 7399/1671/734 7400/1676/741 7401/1675/740
f 7402/1675/742 7403/1676/741 7404/1677/743
f 7405/1676/741 7406/1678/744 7407/1677/743
f 7408/1677/745 7409/1678/744 7410/1679/746
f 7411/1679/746 7412/1678/744 7413/1680/747
f 7414/1678/744 7415/1681/748 7416/1680/749
f 7417/1680/749 7418/1681/748 7419/1682/750
f 7420/1681/751 7421/1683/752 7422/1682/753
f 7423/1683/754 7424/1681/748 7425/1682/755
f 7426/1681/751 7427/1678/744 7428/1682/756
f 7429/1682/755 7430/1678/744 7431/1676/741
f 7432/1671/734 7433/1684/757 7434/1676/741
f 7435/1676/741 7436/1684/757 7437/1682/755
f 7438/1684/758 7439/1683/752 7440/1682/756
f 7441/1683/752 7442/1685/759 7443/1682/750
f 7444/1685/760 7445/1671/761 7446/1682/753
f 7447/1682/753 7448/1671/761 7449/1680/762
f 7450/1671/761 7451/1686/763 7452/1680/747
f 7453/1680/764 7454/1686/765 7455/1679/766
f 7456/1687/767 7457/1688/768 7458/1674/769
f 7459/1674/769 7460/1688/768 7461/1673/736
f 7462/1688/768 7463/1689/770 7464/1673/736
f 7465/1673/736 7466/1689/771 7467/1690/772
f 7468/1690/773 7469/1689/771 7470/1683/752
f 7471/1689/771 7472/1690/774 7473/1683/752
f 7474/1673/736 7475/1690/773 7476/1671/734
f 7477/1690/773 7478/1684/775 7479/1671/734
f 7480/1683/752 7481/1684/757 7482/1690/773
f 7483/1691/776 7484/1692/777 7485/1693/778
f 7486/1693/779 7487/1692/780 7488/1694/781
f 7489/1692/777 7490/1695/782 7491/1694/781
f 7492/1694/781 7493/1695/782 7494/1696/783
f 7495/1695/784 7496/1697/785 7497/1696/783
f 7498/1696/786 7499/1697/785 7500/1698/787
f 7501/1699/788 7502/1700/789 7503/1701/790
f 7504/1701/791 7505/1700/792 7506/1702/793
f 7507/1700/792 7508/1703/794 7509/1702/795
f 7510/1702/795 7511/1703/796 7512/1704/797
f 7513/1703/796 7514/1705/798 7515/1704/797
f 7516/1704/797 7517/1705/799 7518/1706/800
f 7519/1697/801 7520/1695/784 7521/1706/802
f 7522/1706/803 7523/1695/782 7524/1704/797
f 7525/1695/782 7526/1692/804 7527/1704/797
f 7528/1704/797 7529/1692/777 7530/1702/795
f 7531/1692/804 7532/1691/805 7533/1702/795
f 7534/1702/795 7535/1691/805 7536/1701/791
f 7537/1676/806 7538/1682/755 7539/1678/744
f 7540/1678/744 7541/1682/755 7542/1681/751
f 7543/1682/755 7544/1683/752 7545/1681/751
f 7546/1681/751 7547/1683/752 7548/1682/753
f 7549/1682/750 7550/1680/749 7551/1681/751
f 7552/1681/751 7553/1680/749 7554/1678/744
f 7555/1680/747 7556/1679/746 7557/1678/744
f 7558/1679/746 7559/1677/745 7560/1678/744
f 7561/1678/744 7562/1677/745 7563/1676/741
f 7564/1677/745 7565/1675/740 7566/1676/741
f 7567/1676/741 7568/1675/740 7569/1671/734
f 7570/1675/740 7571/1672/739 7572/1671/807
f 7573/1707/808 7574/1708/809 7575/1709/808
f 7576/1708/809 7577/1710/752 7578/1709/808
f 7579/1711/810 7580/1712/811 7581/1713/776
f 7582/1712/812 7583/1714/813 7584/1713/805
f 7585/1713/814 7586/1714/815 7587/1715/791
f 7588/1714/815 7589/1716/816 7590/1715/791
f 7591/1715/790 7592/1716/816 7593/1717/817
f 7594/1716/818 7595/1718/819 7596/1717/788
f 7597/1718/820 7598/1719/821 7599/1720/822
f 7600/1719/823 7601/1721/824 7602/1720/822
f 7603/1717/817 7604/1718/820 7605/1722/808
f 7606/1718/820 7607/1720/822 7608/1722/808
f 7609/1710/752 7610/1709/808 7611/1708/825
f 7612/1709/826 7613/1707/827 7614/1708/752
s 0
f 7615/1723/752 7616/1724/752 7617/1725/752
f 7618/1724/752 7619/1726/752 7620/1725/752
s 1
f 7621/1712/828 7622/1727/829 7623/1714/813
f 7624/1727/830 7625/1728/831 7626/1714/813
f 7627/1728/831 7628/1729/785 7629/1730/832
f 7630/1729/785 7631/1731/833 7632/1730/832
f 7633/1716/816 7634/1730/832 7635/1718/820
f 7636/1730/832 7637/1719/823 7638/1718/820
f 7639/1714/813 7640/1728/831 7641/1716/818
f 7642/1728/831 7643/1730/832 7644/1716/818
f 7645/1730/832 7646/1731/833 7647/1719/821
f 7648/1731/833 7649/1732/798 7650/1719/823
f 7651/1690/834 7652/1683/752 7653/1689/771
f 7654/1683/752 7655/1690/773 7656/1689/771
f 7657/1690/773 7658/1673/835 7659/1689/770
f 7660/1689/770 7661/1673/835 7662/1688/768
f 7663/1673/736 7664/1674/738 7665/1688/768
f 7666/1688/768 7667/1674/769 7668/1687/767
f 7669/1733/836 7670/1734/837 7671/1687/838
f 7672/1687/838 7673/1734/839 7674/1688/768
f 7675/1734/840 7676/1690/834 7677/1688/768
f 7678/1688/768 7679/1690/774 7680/1689/771
f 7681/1687/841 7682/1688/842 7683/1674/843
f 7684/1674/844 7685/1688/842 7686/1673/845
f 7687/1688/842 7688/1689/846 7689/1673/847
f 7690/1673/845 7691/1689/846 7692/1690/848
f 7693/1690/848 7694/1689/846 7695/1683/752
f 7696/1689/846 7697/1690/849 7698/1683/752
f 7699/1727/829 7700/1735/850 7701/1728/831
f 7702/1735/787 7703/1729/785 7704/1728/831
f 7705/1719/823 7706/1732/798 7707/1721/851
f 7708/1732/799 7709/1736/852 7710/1721/851
f 7711/1683/752 7712/1690/774 7713/1685/759
f 7714/1690/774 7715/1734/839 7716/1685/853
f 7717/1685/760 7718/1734/840 7719/1671/761
f 7720/1734/839 7721/1733/836 7722/1671/761
f 7723/1671/761 7724/1733/854 7725/1686/765
f 7726/1737/855 7727/1738/827 7728/1739/856
f 7729/1739/857 7730/1738/827 7731/1740/858
f 7732/1738/859 7733/1741/860 7734/1740/858
f 7735/1741/861 7736/1738/827 7737/1740/862
f 7738/1740/863 7739/1738/827 7740/1739/864
f 7741/1738/827 7742/1737/855 7743/1739/864
f 7744/1739/864 7745/1737/865 7746/1742/866
f 7747/1742/866 7748/1737/855 7749/1743/867
f 7750/1737/855 7751/1739/868 7752/1743/869
f 7753/1743/867 7754/1739/857 7755/1742/870
f 7756/1739/857 7757/1740/858 7758/1742/870
f 7759/1742/871 7760/1740/858 7761/1744/872
f 7762/1740/858 7763/1741/873 7764/1744/872
f 7765/1744/874 7766/1741/875 7767/1745/876
f 7768/1741/877 7769/1740/862 7770/1745/878
f 7771/1745/876 7772/1740/862 7773/1744/879
f 7774/1740/862 7775/1739/864 7776/1744/879
f 7777/1744/879 7778/1739/880 7779/1742/881
f 7780/1746/882 7781/1747/883 7782/1748/884
f 7783/1748/884 7784/1747/883 7785/1749/885
f 7786/1747/883 7787/1750/886 7788/1749/885
f 7789/1749/887 7790/1750/886 7791/1751/888
f 7792/1750/886 7793/1752/889 7794/1751/888
f 7795/1751/890 7796/1752/891 7797/1753/892
f 7798/1752/891 7799/1754/893 7800/1753/892
f 7801/1753/892 7802/1754/894 7803/1755/895
f 7804/1754/893 7805/1756/896 7806/1755/895
f 7807/1755/895 7808/1756/896 7809/1757/897
f 7810/1757/897 7811/1756/898 7812/1758/899
f 7813/1756/898 7814/1759/900 7815/1758/901
f 7816/1759/902 7817/1760/903 7818/1761/904
f 7819/1760/903 7820/1762/905 7821/1761/906
f 7822/1710/752 7823/1709/827 7824/1708/907
f 7825/1709/827 7826/1707/852 7827/1708/907
f 7828/1671/908 7829/1672/909 7830/1673/847
f 7831/1672/909 7832/1674/844 7833/1673/845
f 7834/1672/909 7835/1671/908 7836/1675/910
f 7837/1671/908 7838/1676/911 7839/1675/912
f 7840/1675/910 7841/1676/911 7842/1677/913
f 7843/1676/911 7844/1678/914 7845/1677/915
f 7846/1677/915 7847/1678/914 7848/1679/916
f 7849/1679/916 7850/1678/914 7851/1680/917
f 7852/1678/914 7853/1681/918 7854/1680/919
f 7855/1680/919 7856/1681/918 7857/1682/920
f 7858/1681/918 7859/1683/752 7860/1682/920
f 7861/1683/752 7862/1681/918 7863/1682/921
f 7864/1681/918 7865/1678/914 7866/1682/921
f 7867/1682/921 7868/1678/914 7869/1676/911
f 7870/1671/908 7871/1684/922 7872/1676/911
f 7873/1676/911 7874/1684/923 7875/1682/921
f 7876/1684/922 7877/1683/752 7878/1682/921
f 7879/1683/752 7880/1685/924 7881/1682/920
f 7882/1685/924 7883/1671/925 7884/1682/920
f 7885/1682/920 7886/1671/925 7887/1680/919
f 7888/1671/925 7889/1686/926 7890/1680/927
f 7891/1680/927 7892/1686/926 7893/1679/916
f 7894/1763/805 7895/1764/777 7896/1765/810
f 7897/1765/810 7898/1764/804 7899/1766/928
f 7900/1764/929 7901/1728/782 7902/1766/930
f 7903/1766/781 7904/1728/782 7905/1767/783
f 7906/1728/782 7907/1768/931 7908/1767/783
f 7909/1767/932 7910/1768/785 7911/1769/850
f 7912/1770/817 7913/1771/789 7914/1772/790
f 7915/1772/791 7916/1771/792 7917/1773/793
f 7918/1771/792 7919/1774/794 7920/1773/795
f 7921/1773/795 7922/1774/796 7923/1775/797
f 7924/1774/933 7925/1776/798 7926/1775/797
f 7927/1775/797 7928/1776/798 7929/1777/800
f 7930/1768/785 7931/1728/784 7932/1777/934
f 7933/1777/833 7934/1728/782 7935/1775/797
f 7936/1728/782 7937/1764/777 7938/1775/797
f 7939/1775/797 7940/1764/777 7941/1773/795
f 7942/1764/777 7943/1763/805 7944/1773/795
f 7945/1773/795 7946/1763/805 7947/1772/791
f 7950/1778/935 7951/1779/936 7952/1780/937
f 7953/1779/843 7954/1781/938 7955/1780/926
f 7956/1780/926 7957/1781/909 7958/1782/939
f 7959/1781/938 7960/1783/910 7961/1782/940
f 7964/1784/808 7965/1785/941 7966/1770/788
f 7967/1770/788 7968/1785/941 7969/1771/792
f 7970/1785/941 7971/1786/942 7972/1771/792
f 7973/1771/792 7974/1786/942 7975/1774/796
f 7976/1786/943 7977/1787/944 7978/1774/945
f 7979/1774/796 7980/1787/852 7981/1776/799
f 7984/1778/836 7985/1779/738 7986/1780/765
f 7987/1779/738 7988/1781/739 7989/1780/765
f 7990/1780/765 7991/1781/739 7992/1782/946
f 7993/1781/947 7994/1783/742 7995/1782/766
f 7998/1788/948 7999/1789/949 8000/1790/948
f 8001/1790/948 8002/1789/949 8003/1791/949
f 8004/1789/949 8005/1792/752 8006/1791/949
f 8007/1791/949 8008/1792/752 8009/1793/752
f 8010/1792/752 8011/1789/950 8012/1793/752
f 8013/1793/752 8014/1789/950 8015/1791/950
f 8016/1789/950 8017/1788/951 8018/1791/950
f 8019/1791/950 8020/1788/951 8021/1790/951
f 8022/1794/948 8023/1795/949 8024/1796/948
f 8025/1796/948 8026/1795/949 8027/1797/949
f 8028/1795/949 8029/1798/754 8030/1797/949
f 8031/1797/949 8032/1798/754 8033/1799/754
f 8034/1790/948 8035/1800/952 8036/1788/948
f 8037/1788/948 8038/1800/952 8039/1801/952
f 8040/1800/952 8041/1790/951 8042/1801/952
f 8043/1801/952 8044/1790/951 8045/1788/951
f 8046/1802/827 8047/1803/827 8048/1804/953
f 8049/1804/948 8050/1803/827 8051/1805/954
f 8052/1803/827 8053/1802/827 8054/1805/952
f 8055/1805/954 8056/1802/827 8057/1804/955
f 8058/1802/827 8059/1803/827 8060/1804/956
f 8061/1804/951 8062/1803/827 8063/1805/950
f 8064/1803/827 8065/1802/827 8066/1805/957
f 8067/1805/950 8068/1802/827 8069/1804/754
f 8070/1802/827 8071/1803/827 8072/1804/752
f 8073/1804/754 8074/1803/827 8075/1805/949
f 8076/1806/958 8077/1807/959 8078/1808/960
f 8079/1808/960 8080/1807/959 8081/1809/961
f 8082/1807/959 8083/1810/962 8084/1809/961
f 8085/1810/962 8086/1811/963 8087/1809/961
f 8088/1809/964 8089/1811/965 8090/1812/966
f 8091/1811/965 8092/1813/967 8093/1812/966
f 8094/1813/967 8095/1814/968 8096/1812/969
f 8097/1812/966 8098/1814/970 8099/1815/971
f 8100/1814/970 8101/1816/972 8102/1815/971
f 8103/1815/973 8104/1816/974 8105/1817/975
f 8106/1816/974 8107/1818/976 8108/1817/975
f 8109/1817/975 8110/1818/976 8111/1819/977
f 8112/1818/978 8113/1820/979 8114/1819/980
f 8115/1819/980 8116/1820/981 8117/1821/982
f 8118/1820/981 8119/1822/983 8120/1821/984
f 8121/1821/984 8122/1822/985 8123/1823/986
f 8124/1823/986 8125/1824/987 8126/1821/984
f 8127/1824/987 8128/1825/988 8129/1821/982
f 8130/1821/982 8131/1825/989 8132/1819/977
f 8133/1825/988 8134/1826/990 8135/1819/991
f 8136/1819/980 8137/1826/992 8138/1817/993
f 8139/1826/992 8140/1827/994 8141/1817/975
f 8142/1817/993 8143/1827/994 8144/1815/971
f 8145/1827/994 8146/1828/995 8147/1815/971
f 8148/1815/971 8149/1828/995 8150/1812/969
f 8151/1828/995 8152/1829/996 8153/1812/966
f 8154/1812/969 8155/1829/996 8156/1809/961
f 8157/1829/996 8158/1808/960 8159/1809/997
f 8160/1673/845 8161/1690/998 8162/1671/908
f 8163/1690/848 8164/1684/922 8165/1671/908
f 8166/1683/752 8167/1684/923 8168/1690/998
f 8169/1830/999 8170/1831/1000 8171/1832/999
f 8172/1832/999 8173/1831/1000 8174/1833/1001
f 8175/1831/1002 8176/1834/1003 8177/1833/1001
f 8178/1833/1001 8179/1834/1003 8180/1835/1004
f 8181/1834/1003 8182/1836/1005 8183/1835/1004
f 8184/1835/1004 8185/1836/1005 8186/1837/1005
f 8187/1830/999 8188/1831/1006 8189/1832/999
f 8190/1832/999 8191/1831/1006 8192/1833/1001
f 8193/1831/1002 8194/1834/1003 8195/1833/1001
f 8196/1833/1001 8197/1834/1003 8198/1835/1007
f 8199/1834/1003 8200/1836/1005 8201/1835/1007
f 8202/1835/1004 8203/1836/1005 8204/1837/1005
f 8205/1838/1008 8206/1839/1009 8207/1840/1002
f 8208/1840/1000 8209/1839/1010 8210/1841/1005
f 8211/1839/1009 8212/1842/1011 8213/1841/1012
f 8214/1843/827 8215/1844/827 8216/1845/1013
f 8217/1844/827 8218/1846/948 8219/1845/1014
f 8220/1794/948 8221/1796/948 8222/1795/949
f 8223/1796/948 8224/1797/949 8225/1795/949
f 8226/1795/1014 8227/1797/1014 8228/1798/754
f 8229/1797/1014 8230/1847/754 8231/1798/754
f 8232/1796/1015 8233/1848/954 8234/1794/1015
f 8235/1848/954 8236/1849/1016 8237/1794/1015
f 8238/1796/1015 8239/1794/1015 8240/1850/954
f 8241/1794/1015 8242/1849/954 8243/1850/954
f 8244/1851/987 8245/1748/884 8246/1852/988
f 8247/1748/884 8248/1749/885 8249/1852/988
f 8250/1852/988 8251/1749/885 8252/1853/992
f 8253/1749/887 8254/1751/888 8255/1853/992
f 8256/1853/992 8257/1751/888 8258/1854/994
f 8259/1751/890 8260/1753/892 8261/1854/994
f 8262/1854/994 8263/1753/892 8264/1855/1017
f 8265/1753/1018 8266/1755/895 8267/1855/1017
f 8268/1855/995 8269/1755/1019 8270/1856/996
f 8271/1755/895 8272/1757/897 8273/1856/996
f 8274/1856/1020 8275/1757/897 8276/1857/960
f 8277/1757/897 8278/1758/1021 8279/1857/960
f 8280/1857/960 8281/1758/899 8282/1858/1022
f 8283/1758/1021 8284/1859/1023 8285/1858/1022
f 8286/1860/1024 8287/1861/1025 8288/1862/999
f 8289/1861/1025 8290/1863/1026 8291/1862/999
f 8292/1860/1024 8293/1861/1025 8294/1862/999
f 8295/1861/1025 8296/1863/1027 8297/1862/999
f 8298/1838/999 8299/1839/1009 8300/1840/1002
f 8301/1839/1010 8302/1841/1005 8303/1840/1000
f 8304/1840/1006 8305/1841/1012 8306/1864/1028
f 8307/1686/765 8308/1671/761 8309/1733/854
f 8310/1733/836 8311/1671/761 8312/1734/839
f 8313/1671/761 8314/1685/760 8315/1734/840
f 8316/1734/839 8317/1685/760 8318/1690/774
f 8319/1683/752 8320/1690/774 8321/1685/759
f 8322/1822/1029 8323/1820/981 8324/1865/1030
f 8325/1865/1031 8326/1820/981 8327/1866/1032
f 8328/1820/981 8329/1818/978 8330/1866/1033
f 8331/1866/1032 8332/1818/978 8333/1867/1034
f 8334/1818/976 8335/1816/974 8336/1867/1034
f 8337/1867/1035 8338/1816/974 8339/1868/1036
f 8340/1816/974 8341/1814/970 8342/1868/1036
f 8343/1868/1037 8344/1814/970 8345/1869/1038
f 8346/1814/968 8347/1813/1039 8348/1869/1038
f 8349/1869/1040 8350/1813/967 8351/1870/1041
f 8352/1813/967 8353/1811/963 8354/1870/1041
f 8355/1870/1042 8356/1811/963 8357/1871/903
f 8358/1871/1043 8359/1811/963 8360/1872/905
f 8361/1811/963 8362/1810/962 8363/1872/905
f 8364/1758/899 8365/1759/1044 8366/1859/1045
f 8367/1759/1044 8368/1761/904 8369/1859/1045
f 8370/1861/1025 8371/1873/1046 8372/1863/1009
f 8373/1873/1046 8374/1874/1047 8375/1863/1009
f 8376/1861/1025 8377/1873/1046 8378/1863/1009
f 8379/1873/1046 8380/1874/1047 8381/1863/1009
f 8382/1839/1009 8383/1842/1011 8384/1841/1012
f 8385/1759/1048 8386/1756/898 8387/1760/903
f 8388/1760/1043 8389/1756/898 8390/1875/1042
f 8391/1756/898 8392/1754/894 8393/1875/1041
f 8394/1875/1041 8395/1754/893 8396/1876/1040
f 8397/1754/893 8398/1752/889 8399/1876/1040
f 8400/1876/1038 8401/1752/891 8402/1877/1037
f 8403/1752/891 8404/1750/886 8405/1877/1049
f 8406/1877/1049 8407/1750/1050 8408/1878/1034
f 8409/1750/886 8410/1747/883 8411/1878/1035
f 8412/1878/1034 8413/1747/1051 8414/1879/1032
f 8415/1747/883 8416/1746/882 8417/1879/1033
f 8418/1879/1052 8419/1746/882 8420/1880/1030
f 8421/1881/754 8422/1882/957 8423/1883/754
f 8424/1883/754 8425/1882/950 8426/1884/950
f 8427/1882/957 8428/1885/955 8429/1884/957
f 8430/1884/957 8431/1885/955 8432/1886/955
f 8433/1886/955 8434/1887/955 8435/1884/957
f 8436/1887/955 8437/1888/957 8438/1884/957
f 8439/1884/950 8440/1888/950 8441/1883/754
f 8442/1888/950 8443/1889/754 8444/1883/754
f 8445/1864/1053 8446/1840/1006 8447/1841/1054
f 8448/1689/846 8449/1688/842 8450/1690/849
f 8451/1690/849 8452/1688/842 8453/1734/1055
f 8454/1688/842 8455/1687/1056 8456/1734/1055
f 8457/1734/1057 8458/1687/1056 8459/1733/935
f 8460/1690/849 8461/1734/1058 8462/1685/924
f 8463/1685/924 8464/1734/1055 8465/1671/925
f 8466/1734/1059 8467/1733/1060 8468/1671/925
f 8469/1671/925 8470/1733/1061 8471/1686/926
f 8472/1671/1062 8473/1684/758 8474/1676/806
f 8475/1676/741 8476/1684/1063 8477/1682/755
f 8478/1684/1063 8479/1683/752 8480/1682/756
f 8481/1683/752 8482/1685/759 8483/1682/750
f 8484/1685/759 8485/1671/761 8486/1682/750
f 8487/1682/753 8488/1671/761 8489/1680/762
f 8490/1671/761 8491/1686/763 8492/1680/747
f 8493/1680/747 8494/1686/765 8495/1679/766
f 8496/1890/808 8497/1891/941 8498/1699/788
f 8499/1699/788 8500/1891/941 8501/1700/792
f 8502/1891/941 8503/1892/942 8504/1700/792
f 8505/1700/792 8506/1892/942 8507/1703/796
f 8508/1892/942 8509/1893/852 8510/1703/1064
f 8511/1703/796 8512/1893/852 8513/1705/799
f 8516/1778/836 8517/1779/738 8518/1780/765
f 8519/1779/738 8520/1781/947 8521/1780/765
f 8522/1780/765 8523/1781/739 8524/1782/946
f 8525/1781/947 8526/1783/740 8527/1782/766
f 8530/1689/771 8531/1688/768 8532/1690/774
f 8533/1690/834 8534/1688/768 8535/1734/840
f 8536/1688/768 8537/1687/838 8538/1734/839
f 8539/1734/837 8540/1687/838 8541/1733/836
f 8542/1873/1065 8543/1894/1005 8544/1874/1047
f 8545/1894/1005 8546/1895/1005 8547/1874/1047
f 8548/1873/1065 8549/1894/1005 8550/1874/1047
f 8551/1894/1005 8552/1895/1005 8553/1874/1047
f 8554/1896/954 8555/1886/951 8556/1897/954
f 8557/1886/951 8558/1885/951 8559/1897/954
f 8560/1896/954 8561/1898/954 8562/1886/951
f 8563/1898/954 8564/1887/951 8565/1886/951
f 8566/1683/752 8567/1690/849 8568/1685/924
f 8569/1671/734 8570/1672/947 8571/1673/736
f 8572/1672/739 8573/1674/769 8574/1673/736
f 8575/1673/835 8576/1690/773 8577/1671/734
f 8578/1690/773 8579/1684/757 8580/1671/734
f 8581/1683/752 8582/1684/775 8583/1690/773
f 8584/1707/808 8585/1708/809 8586/1709/808
f 8587/1708/809 8588/1710/752 8589/1709/808
f 8590/1711/810 8591/1712/812 8592/1713/814
f 8593/1712/828 8594/1714/813 8595/1713/805
f 8596/1713/814 8597/1714/815 8598/1715/790
f 8599/1714/813 8600/1716/816 8601/1715/791
f 8602/1715/791 8603/1716/818 8604/1717/788
f 8605/1716/818 8606/1718/820 8607/1717/788
f 8608/1718/820 8609/1719/821 8610/1720/822
f 8611/1719/823 8612/1721/824 8613/1720/822
f 8614/1717/817 8615/1718/820 8616/1722/808
f 8617/1718/820 8618/1720/822 8619/1722/808
f 8620/1710/752 8621/1709/808 8622/1708/825
f 8623/1709/808 8624/1707/827 8625/1708/752
s 0
f 8626/1723/752 8627/1724/752 8628/1725/752
f 8629/1724/752 8630/1726/752 8631/1725/752
s 1
f 8632/1712/828 8633/1727/829 8634/1714/813
f 8635/1727/830 8636/1728/831 8637/1714/815
f 8638/1728/831 8639/1729/931 8640/1730/832
f 8641/1729/1066 8642/1731/803 8643/1730/832
f 8644/1716/816 8645/1730/832 8646/1718/820
f 8647/1730/832 8648/1719/823 8649/1718/820
f 8650/1714/813 8651/1728/831 8652/1716/816
f 8653/1728/1067 8654/1730/832 8655/1716/816
f 8656/1730/832 8657/1731/800 8658/1719/821
f 8659/1731/833 8660/1732/798 8661/1719/823
f 8662/1727/829 8663/1735/850 8664/1728/831
f 8665/1735/787 8666/1729/785 8667/1728/831
f 8668/1719/1068 8669/1732/798 8670/1721/824
f 8671/1732/798 8672/1736/852 8673/1721/824
f 8674/1710/752 8675/1709/827 8676/1708/907
f 8677/1709/827 8678/1707/852 8679/1708/907
l 7982 7983
l 7996 7997
l 7948 7949
l 8514 8515
l 8529 8528
l 7962 7963
g Atomic12.002_meshId23_name
v -110.750977 -746.587769 455.706940
v -107.594727 -756.592163 455.706940
v -118.368164 -756.592163 453.685333
v -107.594727 -756.592163 455.706940
v -110.750977 -766.596313 455.707001
v -118.368164 -756.592163 453.685333
v -118.368164 -756.592163 453.685333
v -110.750977 -766.596313 455.707001
v -118.368164 -770.740112 455.707001
v -118.368164 -770.740112 455.707001
v -125.985359 -766.596069 455.707001
v -118.368164 -756.592163 453.685333
v -125.985359 -766.596069 455.707001
v -129.137695 -756.591919 455.706940
v -118.368164 -756.592163 453.685333
v -118.368164 -756.592163 453.685333
v -129.137695 -756.591919 455.706940
v -125.985359 -746.587769 455.706940
v -125.985359 -746.587769 455.706940
v -118.368164 -742.443726 455.706940
v -118.368164 -756.592163 453.685333
v -118.368164 -756.592163 453.685333
v -118.368164 -742.443726 455.706940
v -110.750977 -746.587769 455.706940
v -118.368164 -742.443726 455.706940
v -118.368164 -736.583374 460.587585
v -110.750977 -746.587769 455.706940
v -118.368164 -736.583374 460.587585
v -107.594727 -742.443726 460.587585
v -110.750977 -746.587769 455.706940
v -110.750977 -746.587769 455.706940
v -107.594727 -742.443726 460.587585
v -107.594727 -756.592163 455.706940
v -107.594727 -742.443726 460.587585
v -103.133789 -756.592163 460.587585
v -107.594727 -756.592163 455.706940
v -107.594727 -756.592163 455.706940
v -103.133789 -756.592163 460.587585
v -110.750977 -766.596313 455.707001
v -103.133789 -756.592163 460.587585
v -107.594727 -770.740112 460.587677
v -110.750977 -766.596313 455.707001
v -110.750977 -766.596313 455.707001
v -107.594727 -770.740112 460.587677
v -118.368164 -770.740112 455.707001
v -107.594727 -770.740112 460.587677
v -118.368164 -776.600464 460.587677
v -118.368164 -770.740112 455.707001
v -118.368164 -770.740112 455.707001
v -118.368164 -776.600464 460.587677
v -125.985359 -766.596069 455.707001
v -118.368164 -776.600464 460.587677
v -129.137695 -770.740112 460.587677
v -125.985359 -766.596069 455.707001
v -125.985359 -766.596069 455.707001
v -129.137695 -770.740112 460.587677
v -129.137695 -756.591919 455.706940
v -129.137695 -770.740112 460.587677
v -133.600586 -756.591919 460.587585
v -129.137695 -756.591919 455.706940
v -129.137695 -756.591919 455.706940
v -133.600586 -756.591919 460.587585
v -125.985359 -746.587769 455.706940
v -133.600586 -756.591919 460.587585
v -129.137695 -742.443726 460.587585
v -125.985359 -746.587769 455.706940
v -125.985359 -746.587769 455.706940
v -129.137695 -742.443726 460.587585
v -118.368164 -742.443726 455.706940
v -118.368164 -742.443726 455.706940
v -129.137695 -742.443726 460.587585
v -118.368164 -736.583374 460.587585
v -129.137695 -742.443726 460.587585
v -125.985359 -746.587769 465.468384
v -118.368164 -736.583374 460.587585
v -125.985359 -746.587769 465.468384
v -118.368164 -742.443726 465.468384
v -118.368164 -736.583374 460.587585
v -118.368164 -736.583374 460.587585
v -118.368164 -742.443726 465.468384
v -107.594727 -742.443726 460.587585
v -118.368164 -742.443726 465.468384
v -110.750977 -746.587769 465.468384
v -107.594727 -742.443726 460.587585
v -107.594727 -742.443726 460.587585
v -110.750977 -746.587769 465.468384
v -103.133789 -756.592163 460.587585
v -110.750977 -746.587769 465.468384
v -107.594727 -756.591919 465.468231
v -103.133789 -756.592163 460.587585
v -103.133789 -756.592163 460.587585
v -107.594727 -756.591919 465.468231
v -107.594727 -770.740112 460.587677
v -107.594727 -756.591919 465.468231
v -110.750977 -766.596313 465.468445
v -107.594727 -770.740112 460.587677
v -107.594727 -770.740112 460.587677
v -110.750977 -766.596313 465.468445
v -118.368164 -776.600464 460.587677
v -110.750977 -766.596313 465.468445
v -118.368164 -770.740112 465.468445
v -118.368164 -776.600464 460.587677
v -118.368164 -776.600464 460.587677
v -118.368164 -770.740112 465.468445
v -129.137695 -770.740112 460.587677
v -118.368164 -770.740112 465.468445
v -125.985359 -766.596069 465.468445
v -129.137695 -770.740112 460.587677
v -129.137695 -770.740112 460.587677
v -125.985359 -766.596069 465.468445
v -133.600586 -756.591919 460.587585
v -125.985359 -766.596069 465.468445
v -129.137695 -756.591919 465.468384
v -133.600586 -756.591919 460.587585
v -133.600586 -756.591919 460.587585
v -129.137695 -756.591919 465.468384
v -129.137695 -742.443726 460.587585
v -129.137695 -756.591919 465.468384
v -125.985359 -746.587769 465.468384
v -129.137695 -742.443726 460.587585
v 786.952148 -110.743561 416.541656
v 791.340820 -113.673248 416.541656
v 786.952148 -120.745758 415.376648
v 791.340820 -113.673248 416.541656
v 793.159668 -120.745758 416.541656
v 786.952148 -120.745758 415.376648
v 786.952148 -120.745758 415.376648
v 793.159668 -120.745758 416.541656
v 791.340820 -127.818024 416.541687
v 791.340820 -127.818024 416.541687
v 786.952148 -130.747467 416.541687
v 786.952148 -120.745758 415.376648
v 786.952148 -130.747467 416.541687
v 782.561584 -127.817810 416.541687
v 786.952148 -120.745758 415.376648
v 786.952148 -120.745758 415.376648
v 782.561584 -127.817810 416.541687
v 780.745117 -120.745270 416.541656
v 780.745117 -120.745270 416.541656
v 782.561584 -113.673248 416.541656
v 786.952148 -120.745758 415.376648
v 786.952148 -120.745758 415.376648
v 782.561584 -113.673248 416.541656
v 786.952148 -110.743561 416.541656
v 782.561584 -113.673248 416.541656
v 780.745117 -110.743561 419.354187
v 786.952148 -110.743561 416.541656
v 780.745117 -110.743561 419.354187
v 786.952148 -106.600739 419.354187
v 786.952148 -110.743561 416.541656
v 786.952148 -110.743561 416.541656
v 786.952148 -106.600739 419.354187
v 791.340820 -113.673248 416.541656
v 786.952148 -106.600739 419.354187
v 793.159668 -110.743561 419.354187
v 791.340820 -113.673248 416.541656
v 791.340820 -113.673248 416.541656
v 793.159668 -110.743561 419.354187
v 793.159668 -120.745758 416.541656
v 793.159668 -110.743561 419.354187
v 795.730469 -120.745758 419.354187
v 793.159668 -120.745758 416.541656
v 793.159668 -120.745758 416.541656
v 795.730469 -120.745758 419.354187
v 791.340820 -127.818024 416.541687
v 795.730469 -120.745758 419.354187
v 793.159668 -130.747467 419.354248
v 791.340820 -127.818024 416.541687
v 791.340820 -127.818024 416.541687
v 793.159668 -130.747467 419.354248
v 786.952148 -130.747467 416.541687
v 793.159668 -130.747467 419.354248
v 786.952148 -134.890533 419.354248
v 786.952148 -130.747467 416.541687
v 786.952148 -130.747467 416.541687
v 786.952148 -134.890533 419.354248
v 782.561584 -127.817810 416.541687
v 786.952148 -134.890533 419.354248
v 780.745117 -130.747467 419.354248
v 782.561584 -127.817810 416.541687
v 782.561584 -127.817810 416.541687
v 780.745117 -130.747467 419.354248
v 780.745117 -120.745270 416.541656
v 780.745117 -130.747467 419.354248
v 778.172852 -120.745270 419.354187
v 780.745117 -120.745270 416.541656
v 780.745117 -120.745270 416.541656
v 778.172852 -120.745270 419.354187
v 782.561584 -113.673248 416.541656
v 782.561584 -113.673248 416.541656
v 778.172852 -120.745270 419.354187
v 780.745117 -110.743561 419.354187
v 778.172852 -120.745270 419.354187
v 780.745117 -120.745270 422.166901
v 780.745117 -110.743561 419.354187
v 780.745117 -120.745270 422.166901
v 782.561584 -113.673248 422.166901
v 780.745117 -110.743561 419.354187
v 780.745117 -110.743561 419.354187
v 782.561584 -113.673248 422.166901
v 786.952148 -106.600739 419.354187
v 782.561584 -113.673248 422.166901
v 786.952148 -110.743561 422.166901
v 786.952148 -106.600739 419.354187
v 786.952148 -106.600739 419.354187
v 786.952148 -110.743561 422.166901
v 793.159668 -110.743561 419.354187
v 786.952148 -110.743561 422.166901
v 791.340820 -113.673248 422.166901
v 793.159668 -110.743561 419.354187
v 793.159668 -110.743561 419.354187
v 791.340820 -113.673248 422.166901
v 795.730469 -120.745758 419.354187
v 791.340820 -113.673248 422.166901
v 793.159668 -120.745270 422.166779
v 795.730469 -120.745758 419.354187
v 795.730469 -120.745758 419.354187
v 793.159668 -120.745270 422.166779
v 793.159668 -130.747467 419.354248
v 793.159668 -120.745270 422.166779
v 791.340820 -127.818024 422.166931
v 793.159668 -130.747467 419.354248
v 793.159668 -130.747467 419.354248
v 791.340820 -127.818024 422.166931
v 786.952148 -134.890533 419.354248
v 791.340820 -127.818024 422.166931
v 786.952148 -130.747467 422.166931
v 786.952148 -134.890533 419.354248
v 786.952148 -134.890533 419.354248
v 786.952148 -130.747467 422.166931
v 780.745117 -130.747467 419.354248
v 786.952148 -130.747467 422.166931
v 782.561584 -127.817810 422.166931
v 780.745117 -130.747467 419.354248
v 780.745117 -130.747467 419.354248
v 782.561584 -127.817810 422.166931
v 778.172852 -120.745270 419.354187
v 782.561584 -127.817810 422.166931
v 780.745117 -120.745270 422.166901
v 778.172852 -120.745270 419.354187
v -701.833984 -110.743561 416.541656
v -697.445312 -113.673248 416.541656
v -701.833984 -120.745758 415.376648
v -697.445312 -113.673248 416.541656
v -695.626953 -120.745758 416.541656
v -701.833984 -120.745758 415.376648
v -701.833984 -120.745758 415.376648
v -695.626953 -120.745758 416.541656
v -697.445312 -127.818024 416.541687
v -697.445312 -127.818024 416.541687
v -701.833984 -130.747467 416.541687
v -701.833984 -120.745758 415.376648
v -701.833984 -130.747467 416.541687
v -706.224548 -127.817810 416.541687
v -701.833984 -120.745758 415.376648
v -701.833984 -120.745758 415.376648
v -706.224548 -127.817810 416.541687
v -708.041016 -120.745270 416.541656
v -708.041016 -120.745270 416.541656
v -706.224548 -113.673248 416.541656
v -701.833984 -120.745758 415.376648
v -701.833984 -120.745758 415.376648
v -706.224548 -113.673248 416.541656
v -701.833984 -110.743561 416.541656
v -706.224548 -113.673248 416.541656
v -708.041016 -110.743561 419.354187
v -701.833984 -110.743561 416.541656
v -708.041016 -110.743561 419.354187
v -701.833984 -106.600739 419.354187
v -701.833984 -110.743561 416.541656
v -701.833984 -110.743561 416.541656
v -701.833984 -106.600739 419.354187
v -697.445312 -113.673248 416.541656
v -701.833984 -106.600739 419.354187
v -695.626953 -110.743561 419.354187
v -697.445312 -113.673248 416.541656
v -697.445312 -113.673248 416.541656
v -695.626953 -110.743561 419.354187
v -695.626953 -120.745758 416.541656
v -695.626953 -110.743561 419.354187
v -693.055664 -120.745758 419.354187
v -695.626953 -120.745758 416.541656
v -695.626953 -120.745758 416.541656
v -693.055664 -120.745758 419.354187
v -697.445312 -127.818024 416.541687
v -693.055664 -120.745758 419.354187
v -695.626953 -130.747467 419.354248
v -697.445312 -127.818024 416.541687
v -697.445312 -127.818024 416.541687
v -695.626953 -130.747467 419.354248
v -701.833984 -130.747467 416.541687
v -695.626953 -130.747467 419.354248
v -701.833984 -134.890533 419.354248
v -701.833984 -130.747467 416.541687
v -701.833984 -130.747467 416.541687
v -701.833984 -134.890533 419.354248
v -706.224548 -127.817810 416.541687
v -701.833984 -134.890533 419.354248
v -708.041016 -130.747467 419.354248
v -706.224548 -127.817810 416.541687
v -706.224548 -127.817810 416.541687
v -708.041016 -130.747467 419.354248
v -708.041016 -120.745270 416.541656
v -708.041016 -130.747467 419.354248
v -710.613342 -120.745270 419.354187
v -708.041016 -120.745270 416.541656
v -708.041016 -120.745270 416.541656
v -710.613342 -120.745270 419.354187
v -706.224548 -113.673248 416.541656
v -706.224548 -113.673248 416.541656
v -710.613342 -120.745270 419.354187
v -708.041016 -110.743561 419.354187
v -710.613342 -120.745270 419.354187
v -708.041016 -120.745270 422.166901
v -708.041016 -110.743561 419.354187
v -708.041016 -120.745270 422.166901
v -706.224548 -113.673248 422.166901
v -708.041016 -110.743561 419.354187
v -708.041016 -110.743561 419.354187
v -706.224548 -113.673248 422.166901
v -701.833984 -106.600739 419.354187
v -706.224548 -113.673248 422.166901
v -701.833984 -110.743561 422.166901
v -701.833984 -106.600739 419.354187
v -701.833984 -106.600739 419.354187
v -701.833984 -110.743561 422.166901
v -695.626953 -110.743561 419.354187
v -701.833984 -110.743561 422.166901
v -697.445312 -113.673248 422.166901
v -695.626953 -110.743561 419.354187
v -695.626953 -110.743561 419.354187
v -697.445312 -113.673248 422.166901
v -693.055664 -120.745758 419.354187
v -697.445312 -113.673248 422.166901
v -695.626953 -120.745270 422.166779
v -693.055664 -120.745758 419.354187
v -693.055664 -120.745758 419.354187
v -695.626953 -120.745270 422.166779
v -695.626953 -130.747467 419.354248
v -695.626953 -120.745270 422.166779
v -697.445312 -127.818024 422.166931
v -695.626953 -130.747467 419.354248
v -695.626953 -130.747467 419.354248
v -697.445312 -127.818024 422.166931
v -701.833984 -134.890533 419.354248
v -697.445312 -127.818024 422.166931
v -701.833984 -130.747467 422.166931
v -701.833984 -134.890533 419.354248
v -701.833984 -134.890533 419.354248
v -701.833984 -130.747467 422.166931
v -708.041016 -130.747467 419.354248
v -701.833984 -130.747467 422.166931
v -706.224548 -127.817810 422.166931
v -708.041016 -130.747467 419.354248
v -708.041016 -130.747467 419.354248
v -706.224548 -127.817810 422.166931
v -710.613342 -120.745270 419.354187
v -706.224548 -127.817810 422.166931
v -708.041016 -120.745270 422.166901
v -710.613342 -120.745270 419.354187
vn 0.4027 0.3050 -0.8630
vn 0.5305 -0.0000 -0.8477
vn -0.0000 -0.0000 -1.0000
vn 0.5305 -0.0001 -0.8477
vn 0.4027 -0.3050 -0.8630
vn -0.0000 -0.4727 -0.8812
vn -0.4030 -0.3050 -0.8629
vn -0.5304 -0.0001 -0.8478
vn -0.4029 0.3050 -0.8629
vn -0.0000 0.4727 -0.8812
vn -0.0001 1.0000 -0.0000
vn 0.4027 0.3051 -0.8630
vn 0.7512 0.6601 -0.0000
vn 1.0000 -0.0000 -0.0000
vn 0.4028 -0.3050 -0.8630
vn 0.7512 -0.6601 -0.0000
vn 0.7511 -0.6602 -0.0000
vn -0.0000 -1.0000 -0.0000
vn -0.0001 -1.0000 -0.0000
vn -0.7511 -0.6602 -0.0000
vn -1.0000 -0.0000 -0.0000
vn -0.5304 -0.0001 -0.8477
vn -0.4029 0.3051 -0.8629
vn -1.0000 -0.0001 -0.0000
vn -0.7511 0.6601 -0.0000
vn -0.7511 0.6602 -0.0000
vn -0.5625 0.4146 0.7153
vn -0.0000 0.6400 0.7684
vn -0.0000 1.0000 -0.0000
vn 0.7511 0.6602 -0.0000
vn 0.5622 0.4147 0.7155
vn 0.5622 0.4147 0.7156
vn 0.5622 0.4146 0.7156
vn 0.7381 0.0001 0.6747
vn 1.0000 -0.0001 -0.0000
vn 0.7511 -0.6601 -0.0000
vn 0.5621 -0.4147 0.7156
vn 0.7512 -0.6601 -0.0001
vn -0.0000 -0.6400 0.7684
vn -0.5623 -0.4147 0.7154
vn -0.7511 -0.6601 -0.0000
vn -0.7380 0.0001 0.6748
vn -0.7380 0.0001 0.6747
vn -0.5625 0.4146 0.7154
vn -0.0000 0.4213 -0.9069
vn 0.4137 0.2509 -0.8752
vn 0.4137 0.2509 -0.8751
vn 0.5231 -0.0000 -0.8523
vn 0.5231 -0.0000 -0.8522
vn 0.4137 -0.2509 -0.8751
vn -0.0000 -0.4213 -0.9069
vn 0.0001 -0.4213 -0.9069
vn -0.4140 -0.2509 -0.8750
vn -0.5230 -0.0001 -0.8523
vn -0.4139 0.2510 -0.8751
vn -0.4138 0.2510 -0.8751
vn -0.7821 0.6232 -0.0000
vn 0.0001 0.4213 -0.9069
vn -0.7822 0.6231 -0.0000
vn 0.4137 0.2510 -0.8751
vn 0.0001 1.0000 -0.0000
vn 0.7822 0.6230 -0.0000
vn 0.7822 0.6231 -0.0000
vn 0.7822 -0.6230 -0.0000
vn 0.4138 -0.2509 -0.8751
vn -0.0000 -0.4212 -0.9069
vn 0.7822 -0.6231 -0.0000
vn -0.7821 -0.6232 -0.0000
vn -0.7821 -0.6231 -0.0000
vn -0.7821 -0.6231 -0.0001
vn -0.5230 -0.0000 -0.8523
vn -0.7821 0.6231 -0.0000
vn -0.5878 0.3402 0.7340
vn -0.5879 0.3401 0.7340
vn -0.5879 0.3402 0.7340
vn -0.0000 0.5617 0.8273
vn -0.0000 1.0000 -0.0001
vn 0.0001 0.5617 0.8274
vn 0.5876 0.3401 0.7342
vn 0.5876 0.3402 0.7342
vn 0.7381 -0.0000 0.6747
vn 0.5875 -0.3402 0.7343
vn 0.5875 -0.3402 0.7342
vn -0.0000 -0.5617 0.8274
vn -0.0000 -0.5617 0.8273
vn -0.7822 -0.6231 -0.0000
vn -0.5877 -0.3403 0.7341
vn -0.7821 -0.6231 0.0001
vn -0.5877 -0.3402 0.7341
vn -1.0000 -0.0000 0.0001
vn -0.5877 -0.3402 0.7340
vn 0.4138 0.2510 -0.8751
vn 0.4138 0.2509 -0.8751
vn 0.4138 -0.2510 -0.8751
vn -0.4139 -0.2509 -0.8750
vn -0.5230 -0.0001 -0.8524
vn -1.0000 -0.0000 -0.0001
vn -0.7380 0.0001 0.6749
vn -0.7822 0.6231 0.0001
vn -0.5878 0.3401 0.7340
vn 0.0001 0.5617 0.8273
vn 0.7380 -0.0000 0.6748
vn 0.5876 -0.3402 0.7342
vt 0.691826 1.549778
vt 0.724362 1.539511
vt 0.724363 1.574548
vt 0.756898 1.549778
vt 0.770375 1.574548
vt 0.756898 1.599322
vt 0.724363 1.609578
vt 0.691827 1.599322
vt 0.678350 1.574548
vt 0.659291 1.574548
vt 0.678349 1.539511
vt 0.724362 1.525008
vt 0.770375 1.539511
vt 0.789434 1.574548
vt 0.770375 1.609578
vt 0.724363 1.624092
vt 0.678350 1.609578
vt 0.724362 1.539511
vt 0.724362 1.609578
s 1
usemtl Material__374
f 8680/1899/1069 8681/1900/1070 8682/1901/1071
f 8683/1900/1072 8684/1902/1073 8685/1901/1071
f 8686/1901/1071 8687/1902/1073 8688/1903/1074
f 8689/1903/1074 8690/1904/1075 8691/1901/1071
f 8692/1904/1075 8693/1905/1076 8694/1901/1071
f 8695/1901/1071 8696/1905/1076 8697/1906/1077
f 8698/1906/1077 8699/1907/1078 8700/1901/1071
f 8701/1901/1071 8702/1907/1078 8703/1899/1069
f 8704/1907/1078 8705/1908/1079 8706/1899/1080
f 8707/1908/1079 8708/1909/1081 8709/1899/1069
f 8710/1899/1080 8711/1909/1081 8712/1900/1070
f 8713/1909/1081 8714/1910/1082 8715/1900/1070
f 8716/1900/1070 8717/1910/1082 8718/1902/1083
f 8719/1910/1082 8720/1911/1084 8721/1902/1083
f 8722/1902/1073 8723/1911/1085 8724/1903/1074
f 8725/1911/1085 8726/1912/1086 8727/1903/1074
f 8728/1903/1074 8729/1912/1087 8730/1904/1075
f 8731/1912/1087 8732/1913/1088 8733/1904/1075
f 8734/1904/1075 8735/1913/1088 8736/1905/1076
f 8737/1913/1088 8738/1914/1089 8739/1905/1076
f 8740/1905/1090 8741/1914/1089 8742/1906/1091
f 8743/1914/1092 8744/1915/1093 8745/1906/1077
f 8746/1906/1091 8747/1915/1094 8748/1907/1078
f 8749/1907/1078 8750/1915/1094 8751/1908/1079
f 8752/1915/1094 8753/1906/1095 8754/1908/1079
f 8755/1906/1095 8756/1907/1096 8757/1908/1079
f 8758/1908/1097 8759/1907/1096 8760/1909/1098
f 8761/1907/1096 8762/1899/1099 8763/1909/1098
f 8764/1909/1081 8765/1899/1100 8766/1910/1082
f 8767/1899/1101 8768/1916/1102 8769/1910/1103
f 8770/1910/1082 8771/1916/1102 8772/1911/1104
f 8773/1916/1102 8774/1902/1105 8775/1911/1106
f 8776/1911/1084 8777/1902/1105 8778/1912/1087
f 8779/1902/1105 8780/1903/1107 8781/1912/1087
f 8782/1912/1087 8783/1903/1107 8784/1913/1088
f 8785/1903/1107 8786/1904/1108 8787/1913/1088
f 8788/1913/1109 8789/1904/1108 8790/1914/1089
f 8791/1904/1108 8792/1917/1110 8793/1914/1089
f 8794/1914/1089 8795/1917/1110 8796/1915/1094
f 8797/1917/1111 8798/1906/1112 8799/1915/1094
f 8800/1907/1113 8801/1899/1114 8802/1901/1071
f 8803/1899/1115 8804/1900/1116 8805/1901/1071
f 8806/1901/1071 8807/1900/1117 8808/1902/1118
f 8809/1902/1118 8810/1903/1119 8811/1901/1071
f 8812/1903/1120 8813/1904/1121 8814/1901/1071
f 8815/1901/1071 8816/1904/1121 8817/1905/1122
f 8818/1905/1122 8819/1906/1123 8820/1901/1071
f 8821/1901/1071 8822/1906/1123 8823/1907/1113
f 8824/1906/1124 8825/1915/1125 8826/1907/1126
f 8827/1915/1127 8828/1908/1097 8829/1907/1113
f 8830/1907/1113 8831/1908/1097 8832/1899/1128
f 8833/1908/1129 8834/1909/1130 8835/1899/1115
f 8836/1899/1128 8837/1909/1130 8838/1900/1116
f 8839/1909/1131 8840/1910/1082 8841/1900/1116
f 8842/1900/1116 8843/1910/1082 8844/1902/1118
f 8845/1910/1082 8846/1911/1132 8847/1902/1133
f 8848/1902/1133 8849/1911/1132 8850/1903/1134
f 8851/1911/1135 8852/1912/1086 8853/1903/1119
f 8854/1903/1119 8855/1912/1086 8856/1904/1121
f 8857/1912/1086 8858/1913/1136 8859/1904/1121
f 8860/1904/1121 8861/1913/1137 8862/1905/1122
f 8863/1913/1138 8864/1914/1089 8865/1905/1122
f 8866/1905/1139 8867/1914/1089 8868/1906/1123
f 8869/1906/1123 8870/1914/1089 8871/1915/1127
f 8872/1914/1089 8873/1917/1110 8874/1915/1140
f 8875/1917/1110 8876/1906/1141 8877/1915/1127
f 8878/1915/1127 8879/1906/1142 8880/1908/1129
f 8881/1906/1143 8882/1907/1144 8883/1908/1145
f 8884/1908/1097 8885/1907/1144 8886/1909/1130
f 8887/1907/1146 8888/1899/1147 8889/1909/1130
f 8890/1909/1130 8891/1899/1148 8892/1910/1082
f 8893/1899/1147 8894/1916/1102 8895/1910/1082
f 8896/1910/1082 8897/1916/1149 8898/1911/1132
f 8899/1916/1102 8900/1902/1150 8901/1911/1132
f 8902/1911/1132 8903/1902/1151 8904/1912/1087
f 8905/1902/1151 8906/1903/1152 8907/1912/1086
f 8908/1912/1087 8909/1903/1153 8910/1913/1154
f 8911/1903/1153 8912/1904/1155 8913/1913/1136
f 8914/1913/1156 8915/1904/1157 8916/1914/1158
f 8917/1904/1159 8918/1917/1110 8919/1914/1089
f 8920/1907/1113 8921/1899/1160 8922/1901/1071
f 8923/1899/1161 8924/1900/1116 8925/1901/1071
f 8926/1901/1071 8927/1900/1116 8928/1902/1162
f 8929/1902/1162 8930/1903/1119 8931/1901/1071
f 8932/1903/1120 8933/1904/1121 8934/1901/1071
f 8935/1901/1071 8936/1904/1121 8937/1905/1139
f 8938/1905/1122 8939/1906/1123 8940/1901/1071
f 8941/1901/1071 8942/1906/1123 8943/1907/1113
f 8944/1906/1124 8945/1915/1125 8946/1907/1126
f 8947/1915/1127 8948/1908/1079 8949/1907/1126
f 8950/1907/1113 8951/1908/1097 8952/1899/1161
f 8953/1908/1145 8954/1909/1131 8955/1899/1115
f 8956/1899/1161 8957/1909/1131 8958/1900/1117
f 8959/1909/1130 8960/1910/1082 8961/1900/1116
f 8962/1900/1116 8963/1910/1103 8964/1902/1118
f 8965/1910/1103 8966/1911/1132 8967/1902/1133
f 8968/1902/1133 8969/1911/1135 8970/1903/1120
f 8971/1911/1135 8972/1912/1086 8973/1903/1119
f 8974/1903/1119 8975/1912/1086 8976/1904/1121
f 8977/1912/1086 8978/1913/1136 8979/1904/1121
f 8980/1904/1163 8981/1913/1137 8982/1905/1164
f 8983/1913/1137 8984/1914/1089 8985/1905/1122
f 8986/1905/1122 8987/1914/1089 8988/1906/1123
f 8989/1906/1124 8990/1914/1165 8991/1915/1127
f 8992/1914/1089 8993/1917/1110 8994/1915/1125
f 8995/1917/1166 8996/1906/1141 8997/1915/1167
f 8998/1915/1127 8999/1906/1142 9000/1908/1129
f 9001/1906/1168 9002/1907/1169 9003/1908/1079
f 9004/1908/1145 9005/1907/1169 9006/1909/1131
f 9007/1907/1169 9008/1899/1148 9009/1909/1131
f 9010/1909/1130 9011/1899/1148 9012/1910/1103
f 9013/1899/1148 9014/1916/1170 9015/1910/1082
f 9016/1910/1082 9017/1916/1149 9018/1911/1132
f 9019/1916/1149 9020/1902/1171 9021/1911/1132
f 9022/1911/1132 9023/1902/1171 9024/1912/1086
f 9025/1902/1171 9026/1903/1153 9027/1912/1086
f 9028/1912/1087 9029/1903/1152 9030/1913/1154
f 9031/1903/1153 9032/1904/1155 9033/1913/1136
f 9034/1913/1154 9035/1904/1157 9036/1914/1089
f 9037/1904/1157 9038/1917/1110 9039/1914/1089
g Atomic16_meshId29_name
v 1093.207520 114.267944 16.554735
v 1093.207520 154.898926 16.554733
v 1052.290527 114.267944 16.554735
v 1093.207520 154.898926 16.554733
v 1052.290527 154.898926 16.554733
v 1052.290527 114.267944 16.554735
v 856.462524 -513.961609 16.554783
v 856.462524 -434.408905 16.554777
v 776.349609 -513.961609 16.554783
v 856.462524 -434.408905 16.554777
v 776.349609 -434.408905 16.554777
v 776.349609 -513.961609 16.554783
v 824.038391 97.090820 16.554737
v 824.038391 174.276672 16.554731
v 746.308899 97.090820 16.554737
v 824.038391 174.276672 16.554731
v 746.308899 174.276672 16.554731
v 746.308899 97.090820 16.554737
v 638.809143 -310.124268 16.554768
v 638.809143 -199.784668 16.554760
v 527.692566 -310.124268 16.554768
v 638.809143 -199.784668 16.554760
v 527.692566 -199.784668 16.554760
v 527.692566 -310.124268 16.554768
v 236.709198 -513.961609 16.554783
v 236.709198 -434.408905 16.554777
v 156.596222 -513.961609 16.554783
v 236.709198 -434.408905 16.554777
v 156.596222 -434.408905 16.554777
v 156.596222 -513.961609 16.554783
v -984.478394 -199.784668 16.554760
v -984.478394 -310.124268 16.554768
v -873.361694 -199.784668 16.554760
v -984.478394 -310.124268 16.554768
v -873.361694 -310.124268 16.554768
v -873.361694 -199.784668 16.554760
v 48.282410 -515.552002 16.554783
v 48.282410 -483.378510 16.554781
v 15.882385 -515.552002 16.554783
v 48.282410 -483.378510 16.554781
v 15.882385 -483.378510 16.554781
v 15.882385 -515.552002 16.554783
v -392.955017 113.210938 16.554737
v -392.955017 153.841919 16.554733
v -433.872070 113.210938 16.554737
v -392.955017 153.841919 16.554733
v -433.872070 153.841919 16.554733
v -433.872070 113.210938 16.554737
v -662.124207 96.033752 16.554737
v -662.124207 173.219543 16.554731
v -739.853760 96.033752 16.554737
v -662.124207 173.219543 16.554731
v -739.853760 173.219543 16.554731
v -739.853760 96.033752 16.554737
v -678.184814 -513.961609 16.554783
v -678.184814 -434.408905 16.554777
v -758.297852 -513.961609 16.554783
v -678.184814 -434.408905 16.554777
v -758.297852 -434.408905 16.554777
v -758.297852 -513.961609 16.554783
vn -0.0000 -0.0000 1.0000
vt 0.282342 0.717566
vt 0.282342 0.997889
vt 0.000045 0.717566
vt 0.000045 0.997889
s 0
usemtl Material__378.007
f 9040/1918/1172 9041/1919/1172 9042/1920/1172
f 9043/1919/1172 9044/1921/1172 9045/1920/1172
f 9046/1918/1172 9047/1919/1172 9048/1920/1172
f 9049/1919/1172 9050/1921/1172 9051/1920/1172
f 9052/1918/1172 9053/1919/1172 9054/1920/1172
f 9055/1919/1172 9056/1921/1172 9057/1920/1172
f 9058/1918/1172 9059/1919/1172 9060/1920/1172
f 9061/1919/1172 9062/1921/1172 9063/1920/1172
f 9064/1918/1172 9065/1919/1172 9066/1920/1172
f 9067/1919/1172 9068/1921/1172 9069/1920/1172
f 9070/1921/1172 9071/1920/1172 9072/1919/1172
f 9073/1920/1172 9074/1918/1172 9075/1919/1172
f 9076/1918/1172 9077/1919/1172 9078/1920/1172
f 9079/1919/1172 9080/1921/1172 9081/1920/1172
f 9082/1918/1172 9083/1919/1172 9084/1920/1172
f 9085/1919/1172 9086/1921/1172 9087/1920/1172
f 9088/1918/1172 9089/1919/1172 9090/1920/1172
f 9091/1919/1172 9092/1921/1172 9093/1920/1172
f 9094/1918/1172 9095/1919/1172 9096/1920/1172
f 9097/1919/1172 9098/1921/1172 9099/1920/1172
g Atomic21_meshId34_name
v -1000.701904 -573.605469 0.452858
v -1000.701904 -627.225220 0.452862
v -932.113892 -573.605469 0.452858
v -1000.701904 -627.225220 0.452862
v -932.113892 -627.225220 0.452862
v -932.113892 -573.605469 0.452858
v 1154.073486 -627.225220 0.452862
v 1154.073486 -573.605469 0.452858
v 1085.485718 -627.225220 0.452862
v 1154.073486 -573.605469 0.452858
v 1085.485718 -573.605469 0.452858
v 1085.485718 -627.225220 0.452862
v 440.778809 -627.225220 0.452862
v 440.778809 -573.605469 0.452858
v 372.191010 -627.225220 0.452862
v 440.778809 -573.605469 0.452858
v 372.191010 -573.605469 0.452858
v 372.191010 -627.225220 0.452862
v -219.109314 -627.225220 0.452862
v -219.109314 -573.605469 0.452858
v -287.697266 -627.225220 0.452862
v -219.109314 -573.605469 0.452858
v -287.697266 -573.605469 0.452858
v -287.697266 -627.225220 0.452862
vn -0.0000 -0.0000 1.0000
vt 0.051156 0.432736
vt 0.051156 0.133647
vt 0.330796 0.432736
vt 0.330796 0.133647
s 0
usemtl Material__65.002
f 9100/1922/1173 9101/1923/1173 9102/1924/1173
f 9103/1923/1173 9104/1925/1173 9105/1924/1173
f 9106/1925/1173 9107/1924/1173 9108/1923/1173
f 9109/1924/1173 9110/1922/1173 9111/1923/1173
f 9112/1925/1173 9113/1924/1173 9114/1923/1173
f 9115/1924/1173 9116/1922/1173 9117/1923/1173
f 9118/1925/1173 9119/1924/1173 9120/1923/1173
f 9121/1924/1173 9122/1922/1173 9123/1923/1173
g Atomic22_meshId35_name
v -509.580444 -364.693542 11.849962
v -509.580444 -523.491150 11.849974
v -303.540161 -364.693542 11.849962
v -509.580444 -523.491150 11.849974
v -303.540161 -523.491150 11.849974
v -303.540161 -364.693542 11.849962
v 1398.558594 -523.491150 11.849974
v 1398.558594 -364.693542 11.849962
v 1192.518433 -523.491150 11.849974
v 1398.558594 -364.693542 11.849962
v 1192.518433 -364.693542 11.849962
v 1192.518433 -523.491150 11.849974
vn -0.0000 -0.0000 1.0000
vt 0.000000 0.996442
vt 0.000000 0.006010
vt 1.000000 0.996442
vt 1.000000 0.006010
s 0
usemtl Material__370
f 9124/1926/1174 9125/1927/1174 9126/1928/1174
f 9127/1927/1174 9128/1929/1174 9129/1928/1174
f 9130/1929/1174 9131/1928/1174 9132/1927/1174
f 9133/1928/1174 9134/1926/1174 9135/1927/1174
g Atomic25_meshId38_name
v 432.320099 268.208984 204.674591
v 432.320129 315.097595 204.674591
v 384.061951 268.208984 204.674591
v 432.320129 315.097595 204.674591
v 384.061981 315.097595 204.674606
v 384.061951 268.208984 204.674591
v 432.320129 292.117004 169.184601
v 432.320129 292.117004 182.272644
v 384.061981 292.117065 169.184601
v 432.320129 292.117004 182.272644
v 384.061981 292.117004 182.272644
v 384.061981 292.117065 169.184601
v 432.320129 220.722839 142.366989
v 432.320129 237.992249 156.786804
v 384.061981 220.722839 142.366989
v 432.320129 237.992249 156.786804
v 384.061981 237.992249 156.786804
v 384.061981 220.722839 142.366989
v 432.320129 135.920593 12.389389
v 432.320129 135.920593 59.750618
v 384.061981 135.920593 12.389389
v 432.320129 135.920593 59.750618
v 384.061981 135.920593 59.750603
v 384.061981 135.920593 12.389389
v 432.320099 264.546082 204.227524
v 432.320099 268.208984 204.674591
v 384.061951 264.546082 204.227509
v 432.320099 268.208984 204.674591
v 384.061951 268.208984 204.674591
v 384.061951 264.546082 204.227509
v 432.320099 261.141479 202.790039
v 432.320099 264.546082 204.227524
v 384.061951 261.141479 202.790009
v 432.320099 264.546082 204.227524
v 384.061951 264.546082 204.227509
v 384.061951 261.141479 202.790009
v 384.061951 261.141479 202.790009
v 384.061951 257.663940 199.775299
v 432.320099 261.141479 202.790039
v 384.061951 257.663940 199.775299
v 432.320099 257.663940 199.775314
v 432.320099 261.141479 202.790039
v 432.320099 255.570557 195.702667
v 432.320099 257.663940 199.775314
v 384.061951 255.570557 195.702637
v 432.320099 257.663940 199.775314
v 384.061951 257.663940 199.775299
v 384.061951 255.570557 195.702637
v 432.320099 255.570557 191.244583
v 432.320099 255.570557 195.702667
v 384.061951 255.570557 191.244583
v 432.320099 255.570557 195.702667
v 384.061951 255.570557 195.702637
v 384.061951 255.570557 191.244583
v 384.061981 315.097595 12.389389
v 384.061981 292.117065 12.389374
v 384.061981 315.097595 169.184616
v 384.061981 292.117065 12.389374
v 384.061981 292.117065 169.184601
v 384.061981 315.097595 169.184616
v 384.061981 292.117065 169.184601
v 384.061981 292.117004 182.272644
v 384.061981 315.097595 169.184616
v 384.061981 315.097595 169.184616
v 384.061981 292.117004 182.272644
v 384.061981 315.097595 204.674606
v 384.061981 292.117004 182.272644
v 384.061981 268.208984 182.272644
v 384.061981 315.097595 204.674606
v 384.061981 315.097595 204.674606
v 384.061981 268.208984 182.272644
v 384.061951 268.208984 204.674591
v 384.061981 268.208984 182.272644
v 384.061981 264.546082 182.719696
v 384.061951 268.208984 204.674591
v 384.061951 268.208984 204.674591
v 384.061981 264.546082 182.719696
v 384.061951 264.546082 204.227509
v 384.061981 264.546082 182.719696
v 384.061981 261.141479 184.157242
v 384.061951 264.546082 204.227509
v 384.061951 264.546082 204.227509
v 384.061981 261.141479 184.157242
v 384.061951 261.141479 202.790009
v 384.061981 261.141479 184.157242
v 384.061981 257.663940 187.171921
v 384.061951 261.141479 202.790009
v 384.061951 261.141479 202.790009
v 384.061981 257.663940 187.171921
v 384.061951 257.663940 199.775299
v 384.061981 257.663940 187.171921
v 384.061951 255.570557 191.244583
v 384.061951 257.663940 199.775299
v 384.061951 257.663940 199.775299
v 384.061951 255.570557 191.244583
v 384.061951 255.570557 195.702637
v 432.320099 255.570557 191.244583
v 432.320129 257.663940 187.171921
v 432.320099 255.570557 195.702667
v 432.320099 255.570557 195.702667
v 432.320129 257.663940 187.171921
v 432.320099 257.663940 199.775314
v 432.320129 257.663940 187.171921
v 432.320129 261.141479 184.157227
v 432.320099 257.663940 199.775314
v 432.320099 257.663940 199.775314
v 432.320129 261.141479 184.157227
v 432.320099 261.141479 202.790039
v 432.320129 261.141479 184.157227
v 432.320129 264.546082 182.719696
v 432.320099 261.141479 202.790039
v 432.320099 261.141479 202.790039
v 432.320129 264.546082 182.719696
v 432.320099 264.546082 204.227524
v 432.320129 264.546082 182.719696
v 432.320129 268.208984 182.272644
v 432.320099 264.546082 204.227524
v 432.320099 264.546082 204.227524
v 432.320129 268.208984 182.272644
v 432.320099 268.208984 204.674591
v 432.320129 268.208984 182.272644
v 432.320129 292.117004 182.272644
v 432.320099 268.208984 204.674591
v 432.320099 268.208984 204.674591
v 432.320129 292.117004 182.272644
v 432.320129 315.097595 204.674591
v 432.320129 292.117004 182.272644
v 432.320129 292.117004 169.184601
v 432.320129 315.097595 204.674591
v 432.320129 315.097595 204.674591
v 432.320129 292.117004 169.184601
v 432.320099 315.097595 169.184601
v 432.320129 292.117004 169.184601
v 432.320099 315.097595 12.389374
v 432.320099 315.097595 169.184601
v 432.320099 315.097595 12.389374
v 432.320129 292.117004 169.184601
v 432.320099 292.117004 12.389374
v 432.320129 292.117004 169.184601
v 432.320129 274.691711 167.928574
v 432.320099 292.117004 12.389374
v 432.320099 292.117004 12.389374
v 432.320129 274.691711 167.928574
v 432.320129 256.804199 164.515091
v 432.320129 256.804199 164.515091
v 432.320129 237.992249 156.786804
v 432.320099 292.117004 12.389374
v 432.320129 237.992249 156.786804
v 432.320129 220.722839 142.366989
v 432.320099 292.117004 12.389374
v 432.320099 292.117004 12.389374
v 432.320129 220.722839 142.366989
v 432.320129 210.219727 118.051285
v 432.320129 210.219727 118.051285
v 432.320129 200.992676 92.560272
v 432.320099 292.117004 12.389374
v 432.320129 200.992676 92.560272
v 432.320129 193.224731 79.543777
v 432.320099 292.117004 12.389374
v 432.320129 193.224731 79.543777
v 432.320129 180.519348 67.951935
v 432.320099 292.117004 12.389374
v 432.320099 292.117004 12.389374
v 432.320129 180.519348 67.951935
v 432.320129 135.920593 12.389389
v 432.320129 180.519348 67.951935
v 432.320129 158.219971 62.722763
v 432.320129 135.920593 12.389389
v 432.320129 135.920593 12.389389
v 432.320129 158.219971 62.722763
v 432.320129 135.920593 59.750618
v 432.320129 268.208984 182.272644
v 432.320129 264.546082 182.719696
v 384.061981 268.208984 182.272644
v 384.061981 268.208984 182.272644
v 432.320129 264.546082 182.719696
v 384.061981 264.546082 182.719696
v 432.320129 264.546082 182.719696
v 432.320129 261.141479 184.157227
v 384.061981 264.546082 182.719696
v 384.061981 264.546082 182.719696
v 432.320129 261.141479 184.157227
v 384.061981 261.141479 184.157242
v 432.320129 261.141479 184.157227
v 432.320129 257.663940 187.171921
v 384.061981 261.141479 184.157242
v 384.061981 261.141479 184.157242
v 432.320129 257.663940 187.171921
v 384.061981 257.663940 187.171921
v 432.320129 257.663940 187.171921
v 432.320099 255.570557 191.244583
v 384.061981 257.663940 187.171921
v 384.061981 257.663940 187.171921
v 432.320099 255.570557 191.244583
v 384.061951 255.570557 191.244583
v 432.320129 237.992249 156.786804
v 432.320129 256.804199 164.515091
v 384.061981 237.992249 156.786804
v 384.061981 237.992249 156.786804
v 432.320129 256.804199 164.515091
v 384.061981 256.804199 164.515106
v 432.320129 256.804199 164.515091
v 432.320129 274.691711 167.928574
v 384.061981 256.804199 164.515106
v 384.061981 256.804199 164.515106
v 432.320129 274.691711 167.928574
v 384.061981 274.691711 167.928574
v 432.320129 274.691711 167.928574
v 432.320129 292.117004 169.184601
v 384.061981 274.691711 167.928574
v 384.061981 274.691711 167.928574
v 432.320129 292.117004 169.184601
v 384.061981 292.117065 169.184601
v 432.320129 200.992676 92.560272
v 432.320129 210.219727 118.051285
v 384.061981 200.992676 92.560272
v 384.061981 200.992676 92.560272
v 432.320129 210.219727 118.051285
v 384.061981 210.219727 118.051285
v 432.320129 210.219727 118.051285
v 432.320129 220.722839 142.366989
v 384.061981 210.219727 118.051285
v 384.061981 210.219727 118.051285
v 432.320129 220.722839 142.366989
v 384.061981 220.722839 142.366989
v 432.320129 180.519348 67.951935
v 432.320129 193.224731 79.543777
v 384.061981 180.519348 67.951935
v 384.061981 180.519348 67.951935
v 432.320129 193.224731 79.543777
v 384.061981 193.224792 79.543777
v 432.320129 193.224731 79.543777
v 432.320129 200.992676 92.560272
v 384.061981 193.224792 79.543777
v 384.061981 193.224792 79.543777
v 432.320129 200.992676 92.560272
v 384.061981 200.992676 92.560272
v 432.320129 135.920593 59.750618
v 432.320129 158.219971 62.722763
v 384.061981 135.920593 59.750603
v 384.061981 135.920593 59.750603
v 432.320129 158.219971 62.722763
v 384.061981 158.219971 62.722771
v 432.320129 158.219971 62.722763
v 432.320129 180.519348 67.951935
v 384.061981 158.219971 62.722771
v 384.061981 158.219971 62.722771
v 432.320129 180.519348 67.951935
v 384.061981 180.519348 67.951935
v 384.061981 292.117065 169.184601
v 384.061981 292.117065 12.389374
v 384.061981 274.691711 167.928574
v 384.061981 274.691711 167.928574
v 384.061981 292.117065 12.389374
v 384.061981 256.804199 164.515106
v 384.061981 292.117065 12.389374
v 384.061981 237.992249 156.786804
v 384.061981 256.804199 164.515106
v 384.061981 237.992249 156.786804
v 384.061981 292.117065 12.389374
v 384.061981 220.722839 142.366989
v 384.061981 220.722839 142.366989
v 384.061981 292.117065 12.389374
v 384.061981 210.219727 118.051285
v 384.061981 292.117065 12.389374
v 384.061981 200.992676 92.560272
v 384.061981 210.219727 118.051285
v 384.061981 200.992676 92.560272
v 384.061981 292.117065 12.389374
v 384.061981 193.224792 79.543777
v 384.061981 193.224792 79.543777
v 384.061981 292.117065 12.389374
v 384.061981 180.519348 67.951935
v 384.061981 292.117065 12.389374
v 384.061981 135.920593 12.389389
v 384.061981 180.519348 67.951935
v 384.061981 180.519348 67.951935
v 384.061981 135.920593 12.389389
v 384.061981 158.219971 62.722771
v 384.061981 135.920593 12.389389
v 384.061981 135.920593 59.750603
v 384.061981 158.219971 62.722771
v -9.206329 255.570557 195.702637
v -9.206329 255.570557 191.244583
v -9.206329 257.663940 199.775299
v -9.206329 255.570557 191.244583
v -9.206360 257.663940 187.171921
v -9.206329 257.663940 199.775299
v -9.206329 257.663940 199.775299
v -9.206360 257.663940 187.171921
v -9.206329 261.141479 202.790009
v -9.206360 257.663940 187.171921
v -9.206360 261.141479 184.157242
v -9.206329 261.141479 202.790009
v -9.206329 261.141479 202.790009
v -9.206360 261.141479 184.157242
v -9.206329 264.546082 204.227509
v -9.206360 261.141479 184.157242
v -9.206360 264.546082 182.719696
v -9.206329 264.546082 204.227509
v -9.206329 264.546082 204.227509
v -9.206360 264.546082 182.719696
v -9.206329 268.208984 204.674591
v -9.206360 264.546082 182.719696
v -9.206360 268.208984 182.272644
v -9.206329 268.208984 204.674591
v -9.206329 268.208984 204.674591
v -9.206360 268.208984 182.272644
v -9.206360 315.097595 204.674606
v -9.206360 268.208984 182.272644
v -9.206360 292.117004 182.272644
v -9.206360 315.097595 204.674606
v -9.206360 315.097595 204.674606
v -9.206360 292.117004 182.272644
v -9.206360 315.097595 169.184616
v -9.206360 292.117004 182.272644
v -9.206360 292.117065 169.184601
v -9.206360 315.097595 169.184616
v -9.206360 292.117065 169.184601
v -9.206360 292.117065 12.389374
v -9.206360 315.097595 169.184616
v -9.206360 315.097595 169.184616
v -9.206360 292.117065 12.389374
v -9.206360 315.097595 12.389389
v -9.206360 135.920593 59.750603
v -9.206360 135.920593 12.389389
v -9.206360 158.219971 62.722771
v -9.206360 158.219971 62.722771
v -9.206360 135.920593 12.389389
v -9.206360 180.519348 67.951935
v -9.206360 135.920593 12.389389
v -9.206360 292.117065 12.389374
v -9.206360 180.519348 67.951935
v -9.206360 180.519348 67.951935
v -9.206360 292.117065 12.389374
v -9.206360 193.224792 79.543777
v -9.206360 292.117065 12.389374
v -9.206360 200.992676 92.560272
v -9.206360 193.224792 79.543777
v -9.206360 200.992676 92.560272
v -9.206360 292.117065 12.389374
v -9.206360 210.219727 118.051285
v -9.206360 210.219727 118.051285
v -9.206360 292.117065 12.389374
v -9.206360 220.722839 142.366989
v -9.206360 292.117065 12.389374
v -9.206360 237.992249 156.786804
v -9.206360 220.722839 142.366989
v -9.206360 237.992249 156.786804
v -9.206360 292.117065 12.389374
v -9.206360 256.804199 164.515106
v -9.206360 256.804199 164.515106
v -9.206360 292.117065 12.389374
v -9.206360 274.691711 167.928574
v -9.206360 292.117065 12.389374
v -9.206360 292.117065 169.184601
v -9.206360 274.691711 167.928574
v -9.206329 268.208984 204.674591
v -57.464478 268.208984 204.674591
v -9.206329 264.546082 204.227509
v -57.464478 268.208984 204.674591
v -57.464478 264.546082 204.227524
v -9.206329 264.546082 204.227509
v -9.206329 264.546082 204.227509
v -57.464478 264.546082 204.227524
v -9.206329 261.141479 202.790009
v -57.464478 264.546082 204.227524
v -57.464478 261.141479 202.790039
v -9.206329 261.141479 202.790009
v -9.206329 261.141479 202.790009
v -57.464478 261.141479 202.790039
v -9.206329 257.663940 199.775299
v -57.464478 261.141479 202.790039
v -57.464478 257.663940 199.775314
v -9.206329 257.663940 199.775299
v -9.206329 257.663940 199.775299
v -57.464478 257.663940 199.775314
v -9.206329 255.570557 195.702637
v -57.464478 257.663940 199.775314
v -57.464478 255.570557 195.702667
v -9.206329 255.570557 195.702637
v -9.206329 255.570557 195.702637
v -57.464478 255.570557 195.702667
v -9.206329 255.570557 191.244583
v -57.464478 255.570557 195.702667
v -57.464478 255.570557 191.244583
v -9.206329 255.570557 191.244583
v -9.206329 255.570557 191.244583
v -57.464478 255.570557 191.244583
v -9.206360 257.663940 187.171921
v -57.464478 255.570557 191.244583
v -57.464508 257.663940 187.171921
v -9.206360 257.663940 187.171921
v -9.206360 257.663940 187.171921
v -57.464508 257.663940 187.171921
v -9.206360 261.141479 184.157242
v -57.464508 257.663940 187.171921
v -57.464508 261.141479 184.157227
v -9.206360 261.141479 184.157242
v -9.206360 261.141479 184.157242
v -57.464508 261.141479 184.157227
v -9.206360 264.546082 182.719696
v -57.464508 261.141479 184.157227
v -57.464508 264.546082 182.719696
v -9.206360 264.546082 182.719696
v -9.206360 264.546082 182.719696
v -57.464508 264.546082 182.719696
v -9.206360 268.208984 182.272644
v -57.464508 264.546082 182.719696
v -57.464508 268.208984 182.272644
v -9.206360 268.208984 182.272644
v -9.206360 315.097595 204.674606
v -57.464508 315.097595 204.674591
v -9.206329 268.208984 204.674591
v -57.464508 315.097595 204.674591
v -57.464478 268.208984 204.674591
v -9.206329 268.208984 204.674591
v -9.206360 292.117004 182.272644
v -57.464508 292.117004 182.272644
v -9.206360 292.117065 169.184601
v -57.464508 292.117004 182.272644
v -57.464508 292.117004 169.184601
v -9.206360 292.117065 169.184601
v -9.206360 292.117065 169.184601
v -57.464508 292.117004 169.184601
v -9.206360 274.691711 167.928574
v -57.464508 292.117004 169.184601
v -57.464508 274.691711 167.928574
v -9.206360 274.691711 167.928574
v -9.206360 274.691711 167.928574
v -57.464508 274.691711 167.928574
v -9.206360 256.804199 164.515106
v -57.464508 274.691711 167.928574
v -57.464508 256.804199 164.515091
v -9.206360 256.804199 164.515106
v -9.206360 256.804199 164.515106
v -57.464508 256.804199 164.515091
v -9.206360 237.992249 156.786804
v -57.464508 256.804199 164.515091
v -57.464508 237.992249 156.786804
v -9.206360 237.992249 156.786804
v -9.206360 237.992249 156.786804
v -57.464508 237.992249 156.786804
v -9.206360 220.722839 142.366989
v -57.464508 237.992249 156.786804
v -57.464508 220.722839 142.366989
v -9.206360 220.722839 142.366989
v -9.206360 220.722839 142.366989
v -57.464508 220.722839 142.366989
v -9.206360 210.219727 118.051285
v -57.464508 220.722839 142.366989
v -57.464508 210.219727 118.051285
v -9.206360 210.219727 118.051285
v -9.206360 210.219727 118.051285
v -57.464508 210.219727 118.051285
v -9.206360 200.992676 92.560272
v -57.464508 210.219727 118.051285
v -57.464508 200.992676 92.560272
v -9.206360 200.992676 92.560272
v -9.206360 200.992676 92.560272
v -57.464508 200.992676 92.560272
v -9.206360 193.224792 79.543777
v -57.464508 200.992676 92.560272
v -57.464508 193.224731 79.543777
v -9.206360 193.224792 79.543777
v -9.206360 193.224792 79.543777
v -57.464508 193.224731 79.543777
v -9.206360 180.519348 67.951935
v -57.464508 193.224731 79.543777
v -57.464508 180.519348 67.951935
v -9.206360 180.519348 67.951935
v -9.206360 180.519348 67.951935
v -57.464508 180.519348 67.951935
v -9.206360 158.219971 62.722771
v -57.464508 180.519348 67.951935
v -57.464508 158.219971 62.722763
v -9.206360 158.219971 62.722771
v -9.206360 158.219971 62.722771
v -57.464508 158.219971 62.722763
v -9.206360 135.920593 59.750603
v -57.464508 158.219971 62.722763
v -57.464508 135.920593 59.750618
v -9.206360 135.920593 59.750603
v -9.206360 135.920593 59.750603
v -57.464508 135.920593 59.750618
v -9.206360 135.920593 12.389389
v -57.464508 135.920593 59.750618
v -57.464508 135.920593 12.389389
v -9.206360 135.920593 12.389389
v -57.464478 255.570557 191.244583
v -57.464478 255.570557 195.702667
v -57.464508 257.663940 187.171921
v -57.464478 255.570557 195.702667
v -57.464478 257.663940 199.775314
v -57.464508 257.663940 187.171921
v -57.464508 257.663940 187.171921
v -57.464478 257.663940 199.775314
v -57.464508 261.141479 184.157227
v -57.464478 257.663940 199.775314
v -57.464478 261.141479 202.790039
v -57.464508 261.141479 184.157227
v -57.464508 261.141479 184.157227
v -57.464478 261.141479 202.790039
v -57.464508 264.546082 182.719696
v -57.464478 261.141479 202.790039
v -57.464478 264.546082 204.227524
v -57.464508 264.546082 182.719696
v -57.464508 264.546082 182.719696
v -57.464478 264.546082 204.227524
v -57.464508 268.208984 182.272644
v -57.464478 264.546082 204.227524
v -57.464478 268.208984 204.674591
v -57.464508 268.208984 182.272644
v -57.464508 268.208984 182.272644
v -57.464478 268.208984 204.674591
v -57.464508 292.117004 182.272644
v -57.464478 268.208984 204.674591
v -57.464508 315.097595 204.674591
v -57.464508 292.117004 182.272644
v -57.464508 292.117004 182.272644
v -57.464508 315.097595 204.674591
v -57.464508 292.117004 169.184601
v -57.464508 315.097595 204.674591
v -57.464478 315.097595 169.184601
v -57.464508 292.117004 169.184601
v -57.464508 292.117004 169.184601
v -57.464478 315.097595 169.184601
v -57.464478 315.097595 12.389374
v -57.464478 315.097595 12.389374
v -57.464478 292.117004 12.389374
v -57.464508 292.117004 169.184601
v -57.464508 292.117004 169.184601
v -57.464478 292.117004 12.389374
v -57.464508 274.691711 167.928574
v -57.464478 292.117004 12.389374
v -57.464508 256.804199 164.515091
v -57.464508 274.691711 167.928574
v -57.464508 256.804199 164.515091
v -57.464478 292.117004 12.389374
v -57.464508 237.992249 156.786804
v -57.464508 237.992249 156.786804
v -57.464478 292.117004 12.389374
v -57.464508 220.722839 142.366989
v -57.464478 292.117004 12.389374
v -57.464508 210.219727 118.051285
v -57.464508 220.722839 142.366989
v -57.464508 210.219727 118.051285
v -57.464478 292.117004 12.389374
v -57.464508 200.992676 92.560272
v -57.464508 200.992676 92.560272
v -57.464478 292.117004 12.389374
v -57.464508 193.224731 79.543777
v -57.464508 193.224731 79.543777
v -57.464478 292.117004 12.389374
v -57.464508 180.519348 67.951935
v -57.464478 292.117004 12.389374
v -57.464508 135.920593 12.389389
v -57.464508 180.519348 67.951935
v -57.464508 180.519348 67.951935
v -57.464508 135.920593 12.389389
v -57.464508 158.219971 62.722763
v -57.464508 135.920593 12.389389
v -57.464508 135.920593 59.750618
v -57.464508 158.219971 62.722763
vn -0.0000 -0.0607 0.9982
vn -0.0000 -0.0000 1.0000
vn -0.0000 -1.0000 -0.0000
vn -0.0000 -0.8012 0.5983
vn -0.0000 -0.5165 0.8563
vn 0.0001 -0.2575 0.9663
vn -0.0000 -0.2575 0.9663
vn -0.0000 -0.5286 0.8489
vn -0.0000 -0.2576 0.9663
vn -0.0000 -0.5285 0.8489
vn -0.0000 -0.7865 0.6176
vn -0.0001 -0.9720 0.2352
vn -0.0000 -0.9720 0.2352
vn -0.0001 -0.9720 -0.2352
vn -0.0000 -0.9720 -0.2352
vn -1.0000 -0.0000 -0.0000
vn 1.0000 -0.0000 -0.0000
vn -0.0000 -0.1212 -0.9926
vn -0.0000 -0.2576 -0.9663
vn -0.0000 -0.1211 -0.9926
vn -0.0000 -0.2575 -0.9663
vn -0.0000 -0.5285 -0.8489
vn -0.0000 -0.5286 -0.8489
vn -0.0000 -0.7865 -0.6176
vn 0.0001 -0.9720 -0.2352
vn -0.0000 -0.2852 0.9585
vn -0.0000 -0.1299 0.9915
vn -0.0000 -0.0719 0.9974
vn -0.0000 -0.9036 0.4283
vn -0.0000 -0.9296 0.3686
vn -0.0000 -0.8013 0.5983
vn 0.0001 -0.8013 0.5983
vn -0.0000 -0.4662 0.8847
vn -0.0000 -0.7747 0.6324
vn -0.0000 -0.7746 0.6324
vn -0.0000 -0.9036 0.4284
vn -0.0000 -0.1321 0.9912
vn -0.0000 -0.1804 0.9836
vn 0.0001 -0.9720 0.2352
vn 0.0001 -0.7865 -0.6176
vn -0.0001 -0.8013 0.5983
vt 0.409451 -0.194738
vt 0.409451 -0.020113
vt 0.251285 -0.194738
vt 0.251285 -0.020113
vt 0.511280 -0.346261
vt 0.511280 -0.278288
vt 0.260654 -0.346261
vt 0.260654 -0.278288
vt 0.220250 -0.381512
vt 0.220250 -0.264246
vt 0.009322 -0.381512
vt 0.009322 -0.264246
vt 0.673725 -0.246637
vt 0.673725 -0.027022
vt 0.449951 -0.246637
vt 0.449951 -0.027022
vt 0.511603 -0.397226
vt 0.511603 -0.355264
vt 0.242503 -0.397226
vt 0.242503 -0.355264
vt 0.511603 -0.421550
vt 0.242503 -0.421550
vt 0.242503 -0.444595
vt 0.511603 -0.444595
vt 0.511603 -0.467305
vt 0.242503 -0.467306
vt 0.511603 -0.492165
vt 0.242503 -0.492165
vt 0.983416 -0.990926
vt 0.887937 -0.990926
vt 0.983416 -0.339477
vt 0.887937 -0.339477
vt 0.887937 -0.285099
vt 0.983416 -0.192024
vt 0.788605 -0.285099
vt 0.788605 -0.192024
vt 0.773386 -0.283242
vt 0.773386 -0.193882
vt 0.759241 -0.277269
vt 0.759241 -0.199854
vt 0.744792 -0.264744
vt 0.744792 -0.212379
vt 0.736095 -0.247823
vt 0.736095 -0.229300
vt 0.736094 -0.247823
vt 0.744792 -0.264744
vt 0.736094 -0.229300
vt 0.744792 -0.212379
vt 0.759240 -0.277269
vt 0.759240 -0.199854
vt 0.773385 -0.283242
vt 0.773385 -0.193882
vt 0.788604 -0.285099
vt 0.788604 -0.192024
vt 0.887937 -0.285099
vt 0.983416 -0.192024
vt 0.887937 -0.339477
vt 0.983416 -0.339477
vt 0.983416 -0.990926
vt 0.887937 -0.990926
vt 0.815538 -0.344696
vt 0.741219 -0.358878
vt 0.663060 -0.390987
vt 0.591310 -0.450898
vt 0.547672 -0.551924
vt 0.509335 -0.657834
vt 0.477061 -0.711915
vt 0.424273 -0.760076
vt 0.238975 -0.990926
vt 0.331624 -0.781802
vt 0.238975 -0.794151
vt 0.511603 -0.580695
vt 0.511603 -0.562244
vt 0.242504 -0.580695
vt 0.242504 -0.562244
vt 0.511603 -0.537920
vt 0.242504 -0.537920
vt 0.511603 -0.514875
vt 0.242504 -0.514875
vt 0.220250 -0.159558
vt 0.009322 -0.159558
vt 0.220250 -0.071383
vt 0.009322 -0.071383
vt 0.220250 0.008536
vt 0.009322 0.008536
vt 0.220250 -0.611785
vt 0.220250 -0.497744
vt 0.009322 -0.611785
vt 0.009322 -0.497744
vt 0.220250 -0.772513
vt 0.220250 -0.683399
vt 0.009322 -0.772513
vt 0.009322 -0.683399
vt 0.220250 -0.991465
vt 0.220250 -0.885249
vt 0.009322 -0.991465
vt 0.009322 -0.885249
vt 0.815539 -0.344696
vt 0.741220 -0.358878
vt 0.663061 -0.390987
vt 0.591310 -0.450898
vt 0.547672 -0.551924
vt 0.509336 -0.657834
vt 0.477062 -0.711915
vt 0.424273 -0.760076
vt 0.238976 -0.990926
vt 0.331625 -0.781802
vt 0.238976 -0.794151
s 1
usemtl Material__72
f 9136/1930/1175 9137/1931/1176 9138/1932/1175
f 9139/1931/1176 9140/1933/1176 9141/1932/1175
s 0
f 9142/1934/1177 9143/1935/1177 9144/1936/1177
f 9145/1935/1177 9146/1937/1177 9147/1936/1177
s 1
f 9148/1938/1178 9149/1939/1179 9150/1940/1178
f 9151/1939/1179 9152/1941/1179 9153/1940/1178
s 0
f 9154/1942/1177 9155/1943/1177 9156/1944/1177
f 9157/1943/1177 9158/1945/1177 9159/1944/1177
s 1
f 9160/1946/1180 9161/1947/1175 9162/1948/1181
f 9163/1947/1175 9164/1949/1175 9165/1948/1181
f 9166/1950/1182 9167/1946/1183 9168/1951/1182
f 9169/1946/1183 9170/1948/1183 9171/1951/1184
f 9172/1951/1182 9173/1952/1185 9174/1950/1184
f 9175/1952/1185 9176/1953/1185 9177/1950/1184
f 9178/1954/1186 9179/1953/1185 9180/1955/1187
f 9181/1953/1185 9182/1952/1185 9183/1955/1187
f 9184/1956/1188 9185/1954/1187 9186/1957/1189
f 9187/1954/1187 9188/1955/1186 9189/1957/1189
s 0
f 9190/1958/1190 9191/1959/1190 9192/1960/1190
f 9193/1959/1190 9194/1961/1190 9195/1960/1190
f 9196/1961/1190 9197/1962/1190 9198/1960/1190
f 9199/1960/1190 9200/1962/1190 9201/1963/1190
f 9202/1962/1190 9203/1964/1190 9204/1963/1190
f 9205/1963/1190 9206/1964/1190 9207/1965/1190
f 9208/1964/1190 9209/1966/1190 9210/1965/1190
f 9211/1965/1190 9212/1966/1190 9213/1967/1190
f 9214/1966/1190 9215/1968/1190 9216/1967/1190
f 9217/1967/1190 9218/1968/1190 9219/1969/1190
f 9220/1968/1190 9221/1970/1190 9222/1969/1190
f 9223/1969/1190 9224/1970/1190 9225/1971/1190
f 9226/1970/1190 9227/1972/1190 9228/1971/1190
f 9229/1971/1190 9230/1972/1190 9231/1973/1190
f 9232/1974/1191 9233/1975/1191 9234/1976/1191
f 9235/1976/1191 9236/1975/1191 9237/1977/1191
f 9238/1975/1191 9239/1978/1191 9240/1977/1191
f 9241/1977/1191 9242/1978/1191 9243/1979/1191
f 9244/1978/1191 9245/1980/1191 9246/1979/1191
f 9247/1979/1191 9248/1980/1191 9249/1981/1191
f 9250/1980/1191 9251/1982/1191 9252/1981/1191
f 9253/1981/1191 9254/1982/1191 9255/1983/1191
f 9256/1982/1191 9257/1984/1191 9258/1983/1191
f 9259/1983/1191 9260/1984/1191 9261/1985/1191
f 9262/1984/1191 9263/1986/1191 9264/1985/1191
f 9265/1985/1191 9266/1986/1191 9267/1987/1191
f 9268/1986/1191 9269/1988/1191 9270/1987/1191
f 9271/1988/1191 9272/1986/1191 9273/1989/1191
f 9274/1986/1191 9275/1990/1191 9276/1989/1191
f 9277/1989/1191 9278/1990/1191 9279/1991/1191
f 9280/1991/1191 9281/1992/1191 9282/1989/1191
f 9283/1992/1191 9284/1993/1191 9285/1989/1191
f 9286/1989/1191 9287/1993/1191 9288/1994/1191
f 9289/1994/1191 9290/1995/1191 9291/1989/1191
f 9292/1995/1191 9293/1996/1191 9294/1989/1191
f 9295/1996/1191 9296/1997/1191 9297/1989/1191
f 9298/1989/1191 9299/1997/1191 9300/1998/1191
f 9301/1997/1191 9302/1999/1191 9303/1998/1191
f 9304/1998/1191 9305/1999/1191 9306/2000/1191
s 1
f 9307/2001/1192 9308/2002/1193 9309/2003/1192
f 9310/2003/1194 9311/2002/1195 9312/2004/1195
f 9313/2002/1193 9314/2005/1196 9315/2004/1193
f 9316/2004/1193 9317/2005/1196 9318/2006/1196
f 9319/2005/1197 9320/2007/1198 9321/2006/1197
f 9322/2006/1196 9323/2007/1198 9324/2008/1198
f 9325/2007/1198 9326/1956/1189 9327/2008/1198
f 9328/2008/1198 9329/1956/1189 9330/1957/1199
f 9331/1939/1179 9332/2009/1200 9333/1941/1179
f 9334/1941/1179 9335/2009/1200 9336/2010/1200
f 9337/2009/1200 9338/2011/1201 9339/2010/1200
f 9340/2010/1200 9341/2011/1201 9342/2012/1201
f 9343/2011/1201 9344/2013/1202 9345/2012/1201
f 9346/2012/1201 9347/2013/1202 9348/2014/1202
f 9349/2015/1203 9350/2016/1204 9351/2017/1203
f 9352/2017/1203 9353/2016/1204 9354/2018/1204
f 9355/2016/1204 9356/1938/1205 9357/2018/1204
f 9358/2018/1204 9359/1938/1205 9360/1940/1206
f 9361/2019/1207 9362/2020/1208 9363/2021/1207
f 9364/2021/1207 9365/2020/1208 9366/2022/1208
f 9367/2020/1209 9368/2015/1210 9369/2022/1209
f 9370/2022/1209 9371/2015/1210 9372/2017/1210
f 9373/2023/1211 9374/2024/1212 9375/2025/1211
f 9376/2025/1211 9377/2024/1212 9378/2026/1212
f 9379/2024/1212 9380/2019/1207 9381/2026/1212
f 9382/2026/1212 9383/2019/1207 9384/2021/1207
s 0
f 9385/1961/1190 9386/1959/1190 9387/2027/1190
f 9388/2027/1190 9389/1959/1190 9390/2028/1190
f 9391/1959/1190 9392/2029/1190 9393/2028/1190
f 9394/2029/1190 9395/1959/1190 9396/2030/1190
f 9397/2030/1190 9398/1959/1190 9399/2031/1190
f 9400/1959/1190 9401/2032/1190 9402/2031/1190
f 9403/2032/1190 9404/1959/1190 9405/2033/1190
f 9406/2033/1190 9407/1959/1190 9408/2034/1190
f 9409/1959/1190 9410/2035/1190 9411/2034/1190
f 9412/2034/1190 9413/2035/1190 9414/2036/1190
f 9415/2035/1190 9416/2037/1190 9417/2036/1190
f 9418/1973/1191 9419/1972/1191 9420/1971/1191
f 9421/1972/1191 9422/1970/1191 9423/1971/1191
f 9424/1971/1191 9425/1970/1191 9426/1969/1191
f 9427/1970/1191 9428/1968/1191 9429/1969/1191
f 9430/1969/1191 9431/1968/1191 9432/1967/1191
f 9433/1968/1191 9434/1966/1191 9435/1967/1191
f 9436/1967/1191 9437/1966/1191 9438/1965/1191
f 9439/1966/1191 9440/1964/1191 9441/1965/1191
f 9442/1965/1191 9443/1964/1191 9444/1963/1191
f 9445/1964/1191 9446/1962/1191 9447/1963/1191
f 9448/1963/1191 9449/1962/1191 9450/1960/1191
f 9451/1962/1191 9452/1961/1191 9453/1960/1191
f 9454/1961/1191 9455/1959/1191 9456/1960/1191
f 9457/1960/1191 9458/1959/1191 9459/1958/1191
f 9460/2037/1191 9461/2035/1191 9462/2036/1191
f 9463/2036/1191 9464/2035/1191 9465/2034/1191
f 9466/2035/1191 9467/1959/1191 9468/2034/1191
f 9469/2034/1191 9470/1959/1191 9471/2033/1191
f 9472/1959/1191 9473/2032/1191 9474/2033/1191
f 9475/2032/1191 9476/1959/1191 9477/2031/1191
f 9478/2031/1191 9479/1959/1191 9480/2030/1191
f 9481/1959/1191 9482/2029/1191 9483/2030/1191
f 9484/2029/1191 9485/1959/1191 9486/2028/1191
f 9487/2028/1191 9488/1959/1191 9489/2027/1191
f 9490/1959/1191 9491/1961/1191 9492/2027/1191
s 1
f 9493/1949/1175 9494/1947/1175 9495/1948/1181
f 9496/1947/1175 9497/1946/1181 9498/1948/1181
f 9499/1948/1183 9500/1946/1183 9501/1951/1184
f 9502/1946/1183 9503/1950/1182 9504/1951/1182
f 9505/1951/1182 9506/1950/1184 9507/1952/1185
f 9508/1950/1184 9509/1953/1185 9510/1952/1185
f 9511/1952/1185 9512/1953/1185 9513/1955/1213
f 9514/1953/1185 9515/1954/1187 9516/1955/1187
f 9517/1955/1187 9518/1954/1187 9519/1957/1189
f 9520/1954/1187 9521/1956/1189 9522/1957/1189
f 9523/1957/1189 9524/1956/1189 9525/2008/1214
f 9526/1956/1189 9527/2007/1198 9528/2008/1198
f 9529/2008/1198 9530/2007/1198 9531/2006/1196
f 9532/2007/1198 9533/2005/1197 9534/2006/1197
f 9535/2006/1196 9536/2005/1196 9537/2004/1193
f 9538/2005/1196 9539/2002/1193 9540/2004/1193
f 9541/2004/1195 9542/2002/1195 9543/2003/1194
f 9544/2002/1193 9545/2001/1194 9546/2003/1194
f 9547/1933/1176 9548/1931/1176 9549/1932/1175
f 9550/1931/1176 9551/1930/1175 9552/1932/1175
s 0
f 9553/1937/1177 9554/1935/1177 9555/1936/1177
f 9556/1935/1177 9557/1934/1177 9558/1936/1177
s 1
f 9559/2014/1202 9560/2013/1202 9561/2012/1201
f 9562/2013/1202 9563/2011/1201 9564/2012/1201
f 9565/2012/1201 9566/2011/1201 9567/2010/1200
f 9568/2011/1201 9569/2009/1200 9570/2010/1200
f 9571/2010/1200 9572/2009/1200 9573/1941/1179
f 9574/2009/1200 9575/1939/1179 9576/1941/1179
f 9577/1941/1179 9578/1939/1179 9579/1940/1178
f 9580/1939/1179 9581/1938/1178 9582/1940/1178
f 9583/1940/1205 9584/1938/1205 9585/2018/1204
f 9586/1938/1215 9587/2016/1204 9588/2018/1204
f 9589/2018/1204 9590/2016/1204 9591/2017/1203
f 9592/2016/1204 9593/2015/1203 9594/2017/1203
f 9595/2017/1210 9596/2015/1210 9597/2022/1209
f 9598/2015/1210 9599/2020/1209 9600/2022/1209
f 9601/2022/1208 9602/2020/1208 9603/2021/1207
f 9604/2020/1208 9605/2019/1207 9606/2021/1207
f 9607/2021/1207 9608/2019/1207 9609/2026/1212
f 9610/2019/1207 9611/2024/1212 9612/2026/1212
f 9613/2026/1212 9614/2024/1212 9615/2025/1211
f 9616/2024/1212 9617/2023/1211 9618/2025/1211
s 0
f 9619/1945/1177 9620/1943/1177 9621/1944/1177
f 9622/1943/1177 9623/1942/1177 9624/1944/1177
f 9625/1974/1190 9626/1976/1190 9627/1975/1190
f 9628/1976/1190 9629/1977/1190 9630/1975/1190
f 9631/1975/1190 9632/1977/1190 9633/1978/1190
f 9634/1977/1190 9635/1979/1190 9636/1978/1190
f 9637/1978/1190 9638/1979/1190 9639/1980/1190
f 9640/1979/1190 9641/1981/1190 9642/1980/1190
f 9643/1980/1190 9644/1981/1190 9645/1982/1190
f 9646/1981/1190 9647/1983/1190 9648/1982/1190
f 9649/1982/1190 9650/1983/1190 9651/1984/1190
f 9652/1983/1190 9653/1985/1190 9654/1984/1190
f 9655/1984/1190 9656/1985/1190 9657/1986/1190
f 9658/1985/1190 9659/1987/1190 9660/1986/1190
f 9661/1986/1190 9662/1987/1190 9663/1988/1190
f 9664/1988/1190 9665/1989/1190 9666/1986/1190
f 9667/1986/1190 9668/1989/1190 9669/1990/1190
f 9670/1989/1190 9671/1991/1190 9672/1990/1190
f 9673/1991/1190 9674/1989/1190 9675/1992/1190
f 9676/1992/1190 9677/1989/1190 9678/1993/1190
f 9679/1989/1190 9680/1994/1190 9681/1993/1190
f 9682/1994/1190 9683/1989/1190 9684/1995/1190
f 9685/1995/1190 9686/1989/1190 9687/1996/1190
f 9688/1996/1190 9689/1989/1190 9690/1997/1190
f 9691/1989/1190 9692/1998/1190 9693/1997/1190
f 9694/1997/1190 9695/1998/1190 9696/1999/1190
f 9697/1998/1190 9698/2000/1190 9699/1999/1190
g Atomic26_meshId39_name
v 1085.038940 135.874802 10.366211
v 1080.606934 145.489044 8.753052
v 999.592834 135.874817 245.127563
v 1080.606934 145.489044 8.753052
v 995.160767 145.489014 243.514435
v 999.592834 135.874817 245.127563
v 1085.038940 135.874802 10.366211
v 999.592834 135.874817 245.127563
v 1080.606934 145.489044 8.753052
v 999.592834 135.874817 245.127563
v 995.160767 145.489014 243.514435
v 1080.606934 145.489044 8.753052
v 1080.606934 145.489044 8.753052
v 995.160767 145.489014 243.514435
v 1071.742920 145.489044 5.526855
v 995.160767 145.489014 243.514435
v 986.296692 145.489014 240.288208
v 1071.742920 145.489044 5.526855
v 1071.742920 145.489044 5.526855
v 986.296692 145.489014 240.288208
v 1067.310791 135.874786 3.913696
v 986.296692 145.489014 240.288208
v 981.864624 135.874817 238.675140
v 1067.310791 135.874786 3.913696
v 1067.310791 135.874786 3.913696
v 981.864624 135.874817 238.675140
v 1071.742920 126.260536 5.526855
v 981.864624 135.874817 238.675140
v 986.296692 126.260551 240.288132
v 1071.742920 126.260536 5.526855
v 1071.742920 126.260536 5.526855
v 986.296692 126.260551 240.288132
v 1080.606934 126.260536 8.753082
v 986.296692 126.260551 240.288132
v 995.160645 126.260551 243.514374
v 1080.606934 126.260536 8.753082
v 1080.606934 126.260536 8.753082
v 995.160645 126.260551 243.514374
v 1085.038940 135.874802 10.366211
v 995.160645 126.260551 243.514374
v 999.592834 135.874817 245.127563
v 1085.038940 135.874802 10.366211
v 1002.785767 138.716675 214.496353
v 1004.779114 140.838013 215.221893
v 940.979858 138.716675 389.857697
v 1004.779114 140.838013 215.221893
v 942.973267 140.838013 390.583313
v 940.979858 138.716675 389.857697
v 1000.792358 140.838013 213.770844
v 1002.785767 138.716675 214.496353
v 938.986450 140.838013 389.132172
v 1002.785767 138.716675 214.496353
v 940.979858 138.716675 389.857697
v 938.986450 140.838013 389.132172
v 995.353149 131.317322 214.496353
v 997.346497 133.438660 215.221893
v 933.547180 131.317322 389.857697
v 997.346497 133.438660 215.221893
v 935.540588 133.438660 390.583313
v 933.547180 131.317322 389.857697
v 993.359802 133.438660 213.770844
v 995.353149 131.317322 214.496353
v 931.553894 133.438660 389.132172
v 995.353149 131.317322 214.496353
v 933.547180 131.317322 389.857697
v 931.553894 133.438660 389.132172
v 942.973267 140.838013 390.583313
v 881.167419 140.838028 565.944702
v 940.979858 138.716675 389.857697
v 881.167419 140.838028 565.944702
v 879.174072 138.716690 565.219116
v 940.979858 138.716675 389.857697
v 940.979858 138.716675 389.857697
v 879.174072 138.716690 565.219116
v 938.986450 140.838013 389.132172
v 879.174072 138.716690 565.219116
v 877.180664 140.838028 564.493591
v 938.986450 140.838013 389.132172
v 938.986450 140.838013 389.132172
v 877.180664 140.838028 564.493591
v 940.979858 142.959351 389.857697
v 877.180664 140.838028 564.493591
v 879.174072 142.959366 565.219116
v 940.979858 142.959351 389.857697
v 940.979858 142.959351 389.857697
v 879.174072 142.959366 565.219116
v 942.973267 140.838013 390.583313
v 879.174072 142.959366 565.219116
v 881.167419 140.838028 565.944702
v 942.973267 140.838013 390.583313
v 935.540588 133.438660 390.583313
v 873.734802 133.438675 565.944702
v 933.547180 131.317322 389.857697
v 873.734802 133.438675 565.944702
v 871.741394 131.317337 565.219116
v 933.547180 131.317322 389.857697
v 933.547180 131.317322 389.857697
v 871.741394 131.317337 565.219116
v 931.553894 133.438660 389.132172
v 871.741394 131.317337 565.219116
v 869.748047 133.438675 564.493591
v 931.553894 133.438660 389.132172
v 931.553894 133.438660 389.132172
v 869.748047 133.438675 564.493591
v 933.547180 135.559937 389.857697
v 869.748047 133.438675 564.493591
v 871.741394 135.559952 565.219116
v 933.547180 135.559937 389.857697
v 933.547180 135.559937 389.857697
v 871.741394 135.559952 565.219116
v 935.540588 133.438660 390.583313
v 871.741394 135.559952 565.219116
v 873.734802 133.438675 565.944702
v 935.540588 133.438660 390.583313
v 812.655945 135.874817 388.599152
v 812.655945 135.874847 765.632385
v 800.059509 114.057014 388.599213
v 812.655945 135.874847 765.632385
v 800.059509 114.057037 765.632507
v 800.059509 114.057014 388.599213
v 812.655945 135.874817 388.599152
v 800.059509 114.057014 388.599213
v 812.655945 135.874802 11.565887
v 800.059509 114.057014 388.599213
v 800.059509 114.056984 11.565887
v 812.655945 135.874802 11.565887
v 812.655945 135.874847 765.632385
v 812.655945 135.874817 388.599152
v 800.059509 157.692535 765.632385
v 812.655945 135.874817 388.599152
v 800.059509 157.692505 388.599152
v 800.059509 157.692535 765.632385
v 800.059509 157.692535 765.632385
v 800.059509 157.692505 388.599152
v 774.866516 157.692535 765.632385
v 800.059509 157.692505 388.599152
v 774.866516 157.692505 388.599152
v 774.866516 157.692535 765.632385
v 774.866516 157.692535 765.632385
v 774.866516 157.692505 388.599152
v 762.270081 135.874847 765.632507
v 774.866516 157.692505 388.599152
v 762.270081 135.874817 388.599213
v 762.270081 135.874847 765.632507
v 800.059509 114.057014 388.599213
v 800.059509 114.057037 765.632507
v 774.866516 114.057014 388.599213
v 800.059509 114.057037 765.632507
v 774.866516 114.057037 765.632507
v 774.866516 114.057014 388.599213
v 800.059509 114.057014 388.599213
v 774.866516 114.057014 388.599213
v 800.059509 114.056984 11.565887
v 774.866516 114.057014 388.599213
v 774.866516 114.056984 11.565887
v 800.059509 114.056984 11.565887
v 774.866516 114.057014 388.599213
v 774.866516 114.057037 765.632507
v 762.270081 135.874817 388.599213
v 774.866516 114.057037 765.632507
v 762.270081 135.874847 765.632507
v 762.270081 135.874817 388.599213
v 774.866516 114.057014 388.599213
v 762.270081 135.874817 388.599213
v 774.866516 114.056984 11.565887
v 762.270081 135.874817 388.599213
v 762.270081 135.874802 11.565887
v 774.866516 114.056984 11.565887
v 1080.606934 145.489044 8.753052
v 1071.742920 145.489044 5.526855
v 995.160767 145.489014 243.514435
v 995.160767 145.489014 243.514435
v 1071.742920 145.489044 5.526855
v 986.296692 145.489014 240.288208
v 1071.742920 145.489044 5.526855
v 1067.310791 135.874786 3.913696
v 986.296692 145.489014 240.288208
v 986.296692 145.489014 240.288208
v 1067.310791 135.874786 3.913696
v 981.864624 135.874817 238.675140
v 1067.310791 135.874786 3.913696
v 1071.742920 126.260536 5.526855
v 981.864624 135.874817 238.675140
v 981.864624 135.874817 238.675140
v 1071.742920 126.260536 5.526855
v 986.296692 126.260551 240.288132
v 1071.742920 126.260536 5.526855
v 1080.606934 126.260536 8.753082
v 986.296692 126.260551 240.288132
v 986.296692 126.260551 240.288132
v 1080.606934 126.260536 8.753082
v 995.160645 126.260551 243.514374
v 1080.606934 126.260536 8.753082
v 1085.038940 135.874802 10.366211
v 995.160645 126.260551 243.514374
v 995.160645 126.260551 243.514374
v 1085.038940 135.874802 10.366211
v 999.592834 135.874817 245.127563
v 1004.779114 140.838013 215.221893
v 1002.785767 142.959351 214.496353
v 942.973267 140.838013 390.583313
v 942.973267 140.838013 390.583313
v 1002.785767 142.959351 214.496353
v 940.979858 142.959351 389.857697
v 1002.785767 142.959351 214.496353
v 1000.792358 140.838013 213.770844
v 940.979858 142.959351 389.857697
v 940.979858 142.959351 389.857697
v 1000.792358 140.838013 213.770844
v 938.986450 140.838013 389.132172
v 997.346497 133.438660 215.221893
v 995.353149 135.559998 214.496353
v 935.540588 133.438660 390.583313
v 935.540588 133.438660 390.583313
v 995.353149 135.559998 214.496353
v 933.547180 135.559937 389.857697
v 995.353149 135.559998 214.496353
v 993.359802 133.438660 213.770844
v 933.547180 135.559937 389.857697
v 933.547180 135.559937 389.857697
v 993.359802 133.438660 213.770844
v 931.553894 133.438660 389.132172
v 762.270081 135.874817 388.599213
v 774.866516 157.692505 388.599152
v 762.270081 135.874802 11.565887
v 762.270081 135.874802 11.565887
v 774.866516 157.692505 388.599152
v 774.866516 157.692535 11.565887
v 774.866516 157.692505 388.599152
v 800.059509 157.692505 388.599152
v 774.866516 157.692535 11.565887
v 774.866516 157.692535 11.565887
v 800.059509 157.692505 388.599152
v 800.059509 157.692535 11.565887
v 800.059509 157.692505 388.599152
v 812.655945 135.874817 388.599152
v 800.059509 157.692535 11.565887
v 800.059509 157.692535 11.565887
v 812.655945 135.874817 388.599152
v 812.655945 135.874802 11.565887
vn 0.9397 -0.0000 0.3420
vn 0.4970 0.8487 0.1809
vn 0.4971 0.8486 0.1809
vn -0.9397 -0.0000 -0.3420
vn -0.4970 -0.8487 -0.1809
vn -0.4971 -0.8486 -0.1809
vn 0.4971 -0.8486 0.1809
vn 0.4970 -0.8487 0.1809
vn -0.4971 0.8486 -0.1809
vn -0.4970 0.8487 -0.1809
vn -0.0043 -1.0000 -0.0016
vn 0.9431 -0.0000 0.3324
vn -0.0000 -1.0000 -0.0000
vn 0.9431 -0.0000 0.3325
vn -0.9431 -0.0000 -0.3324
vn -0.0043 -1.0000 -0.0015
vn 0.0044 -1.0000 0.0015
vn 0.0043 -1.0000 0.0015
vn -0.0000 1.0000 -0.0000
vn 0.0043 1.0000 0.0016
vn 0.0043 1.0000 0.0015
vn 0.0044 -1.0000 0.0016
vn 0.0044 1.0000 0.0016
vn 1.0000 -0.0000 -0.0000
vn 0.5000 -0.8660 -0.0000
vn 0.5000 0.8660 -0.0000
vn -0.5000 0.8660 -0.0000
vn -1.0000 -0.0000 -0.0000
vn -0.5000 -0.8660 -0.0000
vn 0.9396 -0.0000 0.3422
vn -0.0043 1.0000 -0.0015
vn -0.0043 1.0000 -0.0016
vn -0.0044 1.0000 -0.0015
vt 0.995863 0.002062
vt 0.957148 0.002062
vt 0.995863 0.997938
vt 0.957148 0.997938
vt 0.918042 0.002062
vt 0.918042 0.997938
vt 0.879327 0.002062
vt 0.879327 0.997938
vt 0.995863 0.997938
vt 0.957148 0.002062
vt 0.957148 0.997938
vt 0.918042 0.002062
vt 0.918042 0.997938
vt 0.879327 0.002062
vt 0.879327 0.997938
vt 0.259753 0.001550
vt 0.282908 0.001550
vt 0.259753 0.713018
vt 0.282908 0.713018
vt 0.236597 0.001550
vt 0.236597 0.713018
vt 0.282908 0.001550
vt 0.282908 0.713018
vt 0.259753 0.001550
vt 0.259753 0.713017
vt 0.236597 0.001550
vt 0.236597 0.713018
vt 0.282908 0.001550
vt 0.282908 0.713018
vt 0.259753 0.713018
vt 0.236597 0.001550
vt 0.236597 0.713018
vt 0.259753 0.001550
vt 0.236597 0.001550
vt 0.282908 0.713018
vt 0.236597 0.713018
vt 0.873501 0.995049
vt 0.873501 0.004951
vt 0.806682 0.995049
vt 0.806682 0.004950
vt 0.806682 0.995049
vt 0.873501 0.004951
vt 0.806682 0.004951
vt 0.673045 0.004951
vt 0.673045 0.995049
vt 0.739864 0.004951
vt 0.739864 0.995049
vt 0.806682 0.004951
vt 0.806682 0.995049
vt 0.873501 0.004950
vt 0.873501 0.995049
vt 0.739864 0.995049
vt 0.739864 0.004950
vt 0.739864 0.995049
vt 0.739864 0.004951
vt 0.673045 0.995049
vt 0.673045 0.004950
vt 0.673045 0.995049
vt 0.673045 0.004951
vt 0.236597 0.001550
vt 0.259753 0.001550
vt 0.236597 0.713018
vt 0.282908 0.001550
vt 0.282908 0.713018
vt 0.236597 0.001550
vt 0.873501 0.995049
s 1
usemtl Material__378.007
f 9700/2038/1216 9701/2039/1217 9702/2040/1216
f 9703/2039/1218 9704/2041/1218 9705/2040/1216
f 9706/2038/1219 9707/2040/1219 9708/2039/1220
f 9709/2040/1219 9710/2041/1221 9711/2039/1221
f 9712/2039/1220 9713/2041/1220 9714/2042/1222
f 9715/2041/1221 9716/2043/1223 9717/2042/1223
f 9718/2042/1222 9719/2043/1222 9720/2044/1216
f 9721/2043/1222 9722/2045/1216 9723/2044/1216
f 9724/2038/1216 9725/2046/1216 9726/2047/1218
f 9727/2046/1216 9728/2048/1217 9729/2047/1217
f 9730/2047/1218 9731/2048/1218 9732/2049/1224
f 9733/2048/1217 9734/2050/1224 9735/2049/1224
f 9736/2049/1225 9737/2050/1225 9738/2051/1219
f 9739/2050/1224 9740/2052/1219 9741/2051/1219
f 9742/2053/1226 9743/2054/1227 9744/2055/1228
f 9745/2054/1227 9746/2056/1229 9747/2055/1228
f 9748/2057/1230 9749/2053/1226 9750/2058/1230
f 9751/2053/1226 9752/2055/1228 9753/2058/1230
f 9754/2053/1226 9755/2054/1227 9756/2055/1228
f 9757/2054/1227 9758/2056/1229 9759/2055/1228
f 9760/2057/1230 9761/2053/1231 9762/2058/1230
f 9763/2053/1231 9764/2055/1228 9765/2058/1230
f 9766/2059/1227 9767/2060/1227 9768/2061/1228
f 9769/2060/1227 9770/2062/1232 9771/2061/1228
f 9772/2061/1228 9773/2062/1233 9774/2063/1230
f 9775/2062/1233 9776/2064/1230 9777/2063/1230
f 9778/2065/1230 9779/2066/1230 9780/2053/1234
f 9781/2066/1230 9782/2067/1235 9783/2053/1234
f 9784/2053/1234 9785/2067/1236 9786/2068/1227
f 9787/2067/1236 9788/2069/1227 9789/2068/1227
f 9790/2059/1227 9791/2060/1227 9792/2070/1228
f 9793/2060/1227 9794/2062/1233 9795/2070/1228
f 9796/2070/1228 9797/2062/1237 9798/2071/1230
f 9799/2062/1233 9800/2064/1230 9801/2071/1230
f 9802/2065/1230 9803/2072/1230 9804/2053/1234
f 9805/2072/1230 9806/2067/1235 9807/2053/1234
f 9808/2053/1234 9809/2067/1236 9810/2068/1227
f 9811/2067/1238 9812/2073/1227 9813/2068/1227
f 9814/2074/1239 9815/2075/1239 9816/2076/1240
f 9817/2075/1239 9818/2077/1240 9819/2076/1240
f 9820/2074/1239 9821/2078/1240 9822/2079/1239
f 9823/2078/1240 9824/2080/1240 9825/2079/1239
f 9826/2081/1239 9827/2082/1239 9828/2083/1241
f 9829/2082/1239 9830/2084/1241 9831/2083/1241
f 9832/2083/1241 9833/2084/1241 9834/2085/1242
f 9835/2084/1241 9836/2086/1242 9837/2085/1242
f 9838/2085/1242 9839/2086/1242 9840/2087/1243
f 9841/2086/1242 9842/2088/1243 9843/2087/1243
f 9844/2076/1240 9845/2077/1240 9846/2089/1244
f 9847/2077/1240 9848/2090/1244 9849/2089/1244
f 9850/2078/1240 9851/2091/1244 9852/2080/1240
f 9853/2091/1244 9854/2092/1244 9855/2080/1240
f 9856/2089/1244 9857/2090/1244 9858/2093/1243
f 9859/2090/1244 9860/2094/1243 9861/2093/1243
f 9862/2091/1244 9863/2095/1243 9864/2092/1244
f 9865/2095/1243 9866/2096/1243 9867/2092/1244
f 9868/2039/1217 9869/2042/1224 9870/2041/1217
f 9871/2041/1218 9872/2042/1225 9873/2043/1225
f 9874/2042/1224 9875/2044/1219 9876/2043/1224
f 9877/2043/1224 9878/2044/1219 9879/2045/1219
f 9880/2038/1219 9881/2047/1221 9882/2046/1219
f 9883/2046/1219 9884/2047/1220 9885/2048/1220
f 9886/2047/1221 9887/2049/1222 9888/2048/1221
f 9889/2048/1220 9890/2049/1222 9891/2050/1222
f 9892/2049/1223 9893/2051/1216 9894/2050/1223
f 9895/2050/1222 9896/2051/1216 9897/2052/1245
f 9898/2097/1227 9899/2098/1246 9900/2099/1227
f 9901/2099/1227 9902/2098/1247 9903/2055/1234
f 9904/2098/1246 9905/2100/1230 9906/2055/1234
f 9907/2055/1234 9908/2100/1230 9909/2101/1230
f 9910/2102/1227 9911/2098/1246 9912/2099/1227
f 9913/2099/1227 9914/2098/1246 9915/2055/1234
f 9916/2098/1248 9917/2100/1230 9918/2055/1234
f 9919/2055/1234 9920/2100/1230 9921/2101/1230
f 9922/2103/1243 9923/2086/1242 9924/2079/1243
f 9925/2079/1243 9926/2086/1242 9927/2080/1242
f 9928/2086/1242 9929/2084/1241 9930/2080/1242
f 9931/2080/1242 9932/2084/1241 9933/2092/1241
f 9934/2084/1241 9935/2082/1239 9936/2092/1241
f 9937/2092/1241 9938/2082/1239 9939/2096/1239
g Atomic28_meshId41_name
v -404.010529 135.874802 10.366211
v -408.442566 145.489044 8.753052
v -489.456665 135.874817 245.127563
v -408.442566 145.489044 8.753052
v -493.888702 145.489014 243.514435
v -489.456665 135.874817 245.127563
v -404.010529 135.874802 10.366211
v -489.456665 135.874817 245.127563
v -408.442566 145.489044 8.753052
v -489.456665 135.874817 245.127563
v -493.888702 145.489014 243.514435
v -408.442566 145.489044 8.753052
v -408.442566 145.489044 8.753052
v -493.888702 145.489014 243.514435
v -417.306580 145.489044 5.526855
v -493.888702 145.489014 243.514435
v -502.752747 145.489014 240.288208
v -417.306580 145.489044 5.526855
v -417.306580 145.489044 5.526855
v -502.752747 145.489014 240.288208
v -421.738617 135.874786 3.913696
v -502.752747 145.489014 240.288208
v -507.184723 135.874817 238.675140
v -421.738617 135.874786 3.913696
v -421.738617 135.874786 3.913696
v -507.184723 135.874817 238.675140
v -417.306519 126.260536 5.526855
v -507.184723 135.874817 238.675140
v -502.752747 126.260551 240.288132
v -417.306519 126.260536 5.526855
v -417.306519 126.260536 5.526855
v -502.752747 126.260551 240.288132
v -408.442566 126.260536 8.753082
v -502.752747 126.260551 240.288132
v -493.888763 126.260551 243.514374
v -408.442566 126.260536 8.753082
v -408.442566 126.260536 8.753082
v -493.888763 126.260551 243.514374
v -404.010529 135.874802 10.366211
v -493.888763 126.260551 243.514374
v -489.456665 135.874817 245.127563
v -404.010529 135.874802 10.366211
v -486.263672 138.716675 214.496353
v -484.270325 140.838013 215.221893
v -548.069580 138.716675 389.857697
v -484.270325 140.838013 215.221893
v -546.076172 140.838013 390.583313
v -548.069580 138.716675 389.857697
v -488.257080 140.838013 213.770844
v -486.263672 138.716675 214.496353
v -550.062866 140.838013 389.132172
v -486.263672 138.716675 214.496353
v -548.069580 138.716675 389.857697
v -550.062866 140.838013 389.132172
v -493.696350 131.317322 214.496353
v -491.702942 133.438660 215.221893
v -555.502197 131.317322 389.857697
v -491.702942 133.438660 215.221893
v -553.508789 133.438660 390.583313
v -555.502197 131.317322 389.857697
v -495.689697 133.438660 213.770844
v -493.696350 131.317322 214.496353
v -557.495544 133.438660 389.132172
v -493.696350 131.317322 214.496353
v -555.502197 131.317322 389.857697
v -557.495544 133.438660 389.132172
v -546.076172 140.838013 390.583313
v -607.882019 140.838028 565.944702
v -548.069580 138.716675 389.857697
v -607.882019 140.838028 565.944702
v -609.875366 138.716690 565.219116
v -548.069580 138.716675 389.857697
v -548.069580 138.716675 389.857697
v -609.875366 138.716690 565.219116
v -550.062866 140.838013 389.132172
v -609.875366 138.716690 565.219116
v -611.868774 140.838028 564.493591
v -550.062866 140.838013 389.132172
v -550.062866 140.838013 389.132172
v -611.868774 140.838028 564.493591
v -548.069580 142.959351 389.857697
v -611.868774 140.838028 564.493591
v -609.875366 142.959366 565.219116
v -548.069580 142.959351 389.857697
v -548.069580 142.959351 389.857697
v -609.875366 142.959366 565.219116
v -546.076172 140.838013 390.583313
v -609.875366 142.959366 565.219116
v -607.882019 140.838028 565.944702
v -546.076172 140.838013 390.583313
v -553.508789 133.438660 390.583313
v -615.314636 133.438675 565.944702
v -555.502197 131.317322 389.857697
v -615.314636 133.438675 565.944702
v -617.308044 131.317337 565.219116
v -555.502197 131.317322 389.857697
v -555.502197 131.317322 389.857697
v -617.308044 131.317337 565.219116
v -557.495544 133.438660 389.132172
v -617.308044 131.317337 565.219116
v -619.301392 133.438675 564.493591
v -557.495544 133.438660 389.132172
v -557.495544 133.438660 389.132172
v -619.301392 133.438675 564.493591
v -555.502197 135.559937 389.857697
v -619.301392 133.438675 564.493591
v -617.308044 135.559952 565.219116
v -555.502197 135.559937 389.857697
v -555.502197 135.559937 389.857697
v -617.308044 135.559952 565.219116
v -553.508789 133.438660 390.583313
v -617.308044 135.559952 565.219116
v -615.314636 133.438675 565.944702
v -553.508789 133.438660 390.583313
v -676.393494 135.874817 388.599152
v -676.393494 135.874847 765.632385
v -688.989868 114.057014 388.599213
v -676.393494 135.874847 765.632385
v -688.989868 114.057037 765.632507
v -688.989868 114.057014 388.599213
v -676.393494 135.874817 388.599152
v -688.989868 114.057014 388.599213
v -676.393494 135.874802 11.565887
v -688.989868 114.057014 388.599213
v -688.989868 114.056984 11.565887
v -676.393494 135.874802 11.565887
v -676.393494 135.874847 765.632385
v -676.393494 135.874817 388.599152
v -688.989868 157.692535 765.632385
v -676.393494 135.874817 388.599152
v -688.989868 157.692505 388.599152
v -688.989868 157.692535 765.632385
v -688.989868 157.692535 765.632385
v -688.989868 157.692505 388.599152
v -714.182922 157.692535 765.632385
v -688.989868 157.692505 388.599152
v -714.182922 157.692505 388.599152
v -714.182922 157.692535 765.632385
v -714.182922 157.692535 765.632385
v -714.182922 157.692505 388.599152
v -726.779297 135.874847 765.632507
v -714.182922 157.692505 388.599152
v -726.779297 135.874817 388.599213
v -726.779297 135.874847 765.632507
v -688.989868 114.057014 388.599213
v -688.989868 114.057037 765.632507
v -714.182922 114.057014 388.599213
v -688.989868 114.057037 765.632507
v -714.182922 114.057037 765.632507
v -714.182922 114.057014 388.599213
v -688.989868 114.057014 388.599213
v -714.182922 114.057014 388.599213
v -688.989868 114.056984 11.565887
v -714.182922 114.057014 388.599213
v -714.182922 114.056984 11.565887
v -688.989868 114.056984 11.565887
v -714.182922 114.057014 388.599213
v -714.182922 114.057037 765.632507
v -726.779297 135.874817 388.599213
v -714.182922 114.057037 765.632507
v -726.779297 135.874847 765.632507
v -726.779297 135.874817 388.599213
v -714.182922 114.057014 388.599213
v -726.779297 135.874817 388.599213
v -714.182922 114.056984 11.565887
v -726.779297 135.874817 388.599213
v -726.779297 135.874802 11.565887
v -714.182922 114.056984 11.565887
v -408.442566 145.489044 8.753052
v -417.306580 145.489044 5.526855
v -493.888702 145.489014 243.514435
v -493.888702 145.489014 243.514435
v -417.306580 145.489044 5.526855
v -502.752747 145.489014 240.288208
v -417.306580 145.489044 5.526855
v -421.738617 135.874786 3.913696
v -502.752747 145.489014 240.288208
v -502.752747 145.489014 240.288208
v -421.738617 135.874786 3.913696
v -507.184723 135.874817 238.675140
v -421.738617 135.874786 3.913696
v -417.306519 126.260536 5.526855
v -507.184723 135.874817 238.675140
v -507.184723 135.874817 238.675140
v -417.306519 126.260536 5.526855
v -502.752747 126.260551 240.288132
v -417.306519 126.260536 5.526855
v -408.442566 126.260536 8.753082
v -502.752747 126.260551 240.288132
v -502.752747 126.260551 240.288132
v -408.442566 126.260536 8.753082
v -493.888763 126.260551 243.514374
v -408.442566 126.260536 8.753082
v -404.010529 135.874802 10.366211
v -493.888763 126.260551 243.514374
v -493.888763 126.260551 243.514374
v -404.010529 135.874802 10.366211
v -489.456665 135.874817 245.127563
v -484.270325 140.838013 215.221893
v -486.263672 142.959351 214.496353
v -546.076172 140.838013 390.583313
v -546.076172 140.838013 390.583313
v -486.263672 142.959351 214.496353
v -548.069580 142.959351 389.857697
v -486.263672 142.959351 214.496353
v -488.257080 140.838013 213.770844
v -548.069580 142.959351 389.857697
v -548.069580 142.959351 389.857697
v -488.257080 140.838013 213.770844
v -550.062866 140.838013 389.132172
v -491.702942 133.438660 215.221893
v -493.696350 135.559998 214.496353
v -553.508789 133.438660 390.583313
v -553.508789 133.438660 390.583313
v -493.696350 135.559998 214.496353
v -555.502197 135.559937 389.857697
v -493.696350 135.559998 214.496353
v -495.689697 133.438660 213.770844
v -555.502197 135.559937 389.857697
v -555.502197 135.559937 389.857697
v -495.689697 133.438660 213.770844
v -557.495544 133.438660 389.132172
v -726.779297 135.874817 388.599213
v -714.182922 157.692505 388.599152
v -726.779297 135.874802 11.565887
v -726.779297 135.874802 11.565887
v -714.182922 157.692505 388.599152
v -714.182922 157.692535 11.565887
v -714.182922 157.692505 388.599152
v -688.989868 157.692505 388.599152
v -714.182922 157.692535 11.565887
v -714.182922 157.692535 11.565887
v -688.989868 157.692505 388.599152
v -688.989868 157.692535 11.565887
v -688.989868 157.692505 388.599152
v -676.393494 135.874817 388.599152
v -688.989868 157.692535 11.565887
v -688.989868 157.692535 11.565887
v -676.393494 135.874817 388.599152
v -676.393494 135.874802 11.565887
vn 0.9397 -0.0000 0.3420
vn 0.4970 0.8487 0.1809
vn 0.4971 0.8486 0.1809
vn -0.9397 -0.0000 -0.3420
vn -0.4970 -0.8487 -0.1809
vn 0.4971 -0.8486 0.1809
vn -0.4971 -0.8486 -0.1809
vn 0.4970 -0.8487 0.1809
vn -0.4971 0.8486 -0.1809
vn -0.4970 0.8487 -0.1809
vn -0.0043 -1.0000 -0.0016
vn 0.9431 -0.0000 0.3324
vn -0.0000 -1.0000 -0.0000
vn 0.9431 -0.0000 0.3325
vn -0.9431 -0.0000 -0.3324
vn -0.0043 -1.0000 -0.0015
vn 0.0044 -1.0000 0.0015
vn 0.0043 -1.0000 0.0015
vn -0.0000 1.0000 -0.0000
vn 0.0043 1.0000 0.0016
vn 0.0043 1.0000 0.0015
vn 0.0044 1.0000 0.0016
vn 1.0000 -0.0000 -0.0000
vn 0.5000 -0.8660 -0.0000
vn 0.5000 0.8660 -0.0000
vn -0.5000 0.8660 -0.0000
vn -1.0000 -0.0000 -0.0000
vn -0.5000 -0.8660 -0.0000
vn -0.4970 0.8487 -0.1811
vn -0.0043 1.0000 -0.0015
vn -0.0043 1.0000 -0.0016
vn -0.0044 1.0000 -0.0015
vt 0.995863 0.002062
vt 0.957148 0.002062
vt 0.995863 0.997938
vt 0.957148 0.997938
vt 0.918042 0.002062
vt 0.918042 0.997938
vt 0.879327 0.002062
vt 0.879327 0.997938
vt 0.995863 0.997938
vt 0.957148 0.002062
vt 0.957148 0.997938
vt 0.918042 0.002062
vt 0.918042 0.997938
vt 0.879327 0.002062
vt 0.879327 0.997938
vt 0.259753 0.001550
vt 0.282908 0.001550
vt 0.259753 0.713018
vt 0.282908 0.713018
vt 0.236597 0.001550
vt 0.236597 0.713018
vt 0.282908 0.001550
vt 0.282908 0.713018
vt 0.259753 0.001550
vt 0.259753 0.713017
vt 0.236597 0.001550
vt 0.236597 0.713018
vt 0.282908 0.001550
vt 0.282908 0.713018
vt 0.259753 0.713018
vt 0.236597 0.001550
vt 0.236597 0.713018
vt 0.259753 0.001550
vt 0.236597 0.001550
vt 0.282908 0.713018
vt 0.236597 0.713018
vt 0.873501 0.995049
vt 0.873501 0.004951
vt 0.806682 0.995049
vt 0.806682 0.004950
vt 0.806682 0.995049
vt 0.873501 0.004951
vt 0.806682 0.004951
vt 0.673045 0.004951
vt 0.673045 0.995049
vt 0.739864 0.004951
vt 0.739864 0.995049
vt 0.806682 0.004951
vt 0.806682 0.995049
vt 0.873501 0.004950
vt 0.873501 0.995049
vt 0.739864 0.995049
vt 0.739864 0.004950
vt 0.739864 0.995049
vt 0.739864 0.004951
vt 0.673045 0.995049
vt 0.673045 0.004950
vt 0.673045 0.995049
vt 0.673045 0.004951
vt 0.236597 0.001550
vt 0.259753 0.001550
vt 0.236597 0.713018
vt 0.282908 0.001550
vt 0.282908 0.713018
vt 0.236597 0.001550
vt 0.873501 0.995049
s 1
usemtl Material__378.007
f 9940/2104/1249 9941/2105/1250 9942/2106/1249
f 9943/2105/1251 9944/2107/1251 9945/2106/1249
f 9946/2104/1252 9947/2106/1252 9948/2105/1253
f 9949/2106/1252 9950/2107/1253 9951/2105/1253
f 9952/2105/1253 9953/2107/1253 9954/2108/1254
f 9955/2107/1255 9956/2109/1256 9957/2108/1256
f 9958/2108/1256 9959/2109/1256 9960/2110/1249
f 9961/2109/1256 9962/2111/1249 9963/2110/1249
f 9964/2104/1249 9965/2112/1249 9966/2113/1251
f 9967/2112/1249 9968/2114/1250 9969/2113/1250
f 9970/2113/1251 9971/2114/1251 9972/2115/1257
f 9973/2114/1250 9974/2116/1257 9975/2115/1257
f 9976/2115/1258 9977/2116/1258 9978/2117/1252
f 9979/2116/1257 9980/2118/1252 9981/2117/1252
f 9982/2119/1259 9983/2120/1260 9984/2121/1261
f 9985/2120/1260 9986/2122/1262 9987/2121/1261
f 9988/2123/1263 9989/2119/1259 9990/2124/1263
f 9991/2119/1264 9992/2121/1261 9993/2124/1263
f 9994/2119/1259 9995/2120/1260 9996/2121/1261
f 9997/2120/1260 9998/2122/1262 9999/2121/1261
f 10000/2123/1263 10001/2119/1264 10002/2124/1263
f 10003/2119/1259 10004/2121/1261 10005/2124/1263
f 10006/2125/1260 10007/2126/1260 10008/2127/1261
f 10009/2126/1260 10010/2128/1265 10011/2127/1261
f 10012/2127/1261 10013/2128/1266 10014/2129/1263
f 10015/2128/1266 10016/2130/1263 10017/2129/1263
f 10018/2131/1263 10019/2132/1263 10020/2119/1267
f 10021/2132/1263 10022/2133/1268 10023/2119/1267
f 10024/2119/1267 10025/2133/1269 10026/2134/1260
f 10027/2133/1269 10028/2135/1260 10029/2134/1260
f 10030/2125/1260 10031/2126/1260 10032/2136/1261
f 10033/2126/1260 10034/2128/1266 10035/2136/1261
f 10036/2136/1261 10037/2128/1266 10038/2137/1263
f 10039/2128/1266 10040/2130/1263 10041/2137/1263
f 10042/2131/1263 10043/2138/1263 10044/2119/1267
f 10045/2138/1263 10046/2133/1268 10047/2119/1267
f 10048/2119/1267 10049/2133/1269 10050/2134/1260
f 10051/2133/1270 10052/2139/1260 10053/2134/1260
f 10054/2140/1271 10055/2141/1271 10056/2142/1272
f 10057/2141/1271 10058/2143/1272 10059/2142/1272
f 10060/2140/1271 10061/2144/1272 10062/2145/1271
f 10063/2144/1272 10064/2146/1272 10065/2145/1271
f 10066/2147/1271 10067/2148/1271 10068/2149/1273
f 10069/2148/1271 10070/2150/1273 10071/2149/1273
f 10072/2149/1273 10073/2150/1273 10074/2151/1274
f 10075/2150/1273 10076/2152/1274 10077/2151/1274
f 10078/2151/1274 10079/2152/1274 10080/2153/1275
f 10081/2152/1274 10082/2154/1275 10083/2153/1275
f 10084/2142/1272 10085/2143/1272 10086/2155/1276
f 10087/2143/1272 10088/2156/1276 10089/2155/1276
f 10090/2144/1272 10091/2157/1276 10092/2146/1272
f 10093/2157/1276 10094/2158/1276 10095/2146/1272
f 10096/2155/1276 10097/2156/1276 10098/2159/1275
f 10099/2156/1276 10100/2160/1275 10101/2159/1275
f 10102/2157/1276 10103/2161/1275 10104/2158/1276
f 10105/2161/1275 10106/2162/1275 10107/2158/1276
f 10108/2105/1250 10109/2108/1257 10110/2107/1250
f 10111/2107/1251 10112/2108/1258 10113/2109/1277
f 10114/2108/1258 10115/2110/1252 10116/2109/1258
f 10117/2109/1258 10118/2110/1252 10119/2111/1252
f 10120/2104/1252 10121/2113/1255 10122/2112/1252
f 10123/2112/1252 10124/2113/1253 10125/2114/1253
f 10126/2113/1255 10127/2115/1254 10128/2114/1255
f 10129/2114/1253 10130/2115/1254 10131/2116/1254
f 10132/2115/1256 10133/2117/1249 10134/2116/1256
f 10135/2116/1254 10136/2117/1249 10137/2118/1249
f 10138/2163/1260 10139/2164/1278 10140/2165/1260
f 10141/2165/1260 10142/2164/1279 10143/2121/1267
f 10144/2164/1278 10145/2166/1263 10146/2121/1267
f 10147/2121/1267 10148/2166/1263 10149/2167/1263
f 10150/2168/1260 10151/2164/1278 10152/2165/1260
f 10153/2165/1260 10154/2164/1278 10155/2121/1267
f 10156/2164/1280 10157/2166/1263 10158/2121/1267
f 10159/2121/1267 10160/2166/1263 10161/2167/1263
f 10162/2169/1275 10163/2152/1274 10164/2145/1275
f 10165/2145/1275 10166/2152/1274 10167/2146/1274
f 10168/2152/1274 10169/2150/1273 10170/2146/1274
f 10171/2146/1274 10172/2150/1273 10173/2158/1273
f 10174/2150/1273 10175/2148/1271 10176/2158/1273
f 10177/2158/1273 10178/2148/1271 10179/2162/1271
g Atomic30_meshId43_name
v 384.262115 313.050049 222.394394
v 384.262115 308.195068 222.394394
v 384.262115 313.050049 435.882538
v 384.262115 308.195068 222.394394
v 384.262115 308.195068 435.882538
v 384.262115 313.050049 435.882538
v 431.861877 308.195068 222.394394
v 431.861877 313.050049 222.394394
v 431.861877 308.195068 435.882538
v 431.861877 313.050049 222.394394
v 431.861877 313.050049 435.882538
v 431.861877 308.195068 435.882538
v 431.861877 308.195068 222.394394
v 431.861877 308.195068 435.882538
v 384.262115 308.195068 222.394394
v 431.861877 308.195068 435.882538
v 384.262115 308.195068 435.882538
v 384.262115 308.195068 222.394394
v 431.861877 308.195068 435.882538
v 431.861877 313.050049 435.882538
v 384.262115 308.195068 435.882538
v 431.861877 313.050049 435.882538
v 384.262115 313.050049 435.882538
v 384.262115 308.195068 435.882538
vn -1.0000 -0.0000 -0.0000
vn 1.0000 -0.0000 -0.0000
vn -0.0000 -1.0000 -0.0000
vn -0.0000 -0.0000 1.0000
vt 0.199435 0.001198
vt 0.233302 0.001198
vt 0.199435 0.713532
vt 0.233302 0.713532
vt 0.198512 0.001286
vt 0.198512 0.713676
vt 0.001009 0.001286
vt 0.001009 0.713676
vt 0.233362 0.713532
vt 0.199374 0.713532
vt 0.233362 0.001198
vt 0.199374 0.001198
s 0
usemtl Material__378.007
f 10180/2170/1281 10181/2171/1281 10182/2172/1281
f 10183/2171/1281 10184/2173/1281 10185/2172/1281
f 10186/2173/1282 10187/2172/1282 10188/2171/1282
f 10189/2172/1282 10190/2170/1282 10191/2171/1282
f 10192/2174/1283 10193/2175/1283 10194/2176/1283
f 10195/2175/1283 10196/2177/1283 10197/2176/1283
f 10198/2178/1284 10199/2179/1284 10200/2180/1284
f 10201/2179/1284 10202/2181/1284 10203/2180/1284
g Atomic31_meshId44_name
v 900.738037 434.923645 136.765808
v 900.738037 438.865112 141.514938
v 907.442383 431.052917 136.765808
v 900.738037 438.865112 141.514938
v 910.855713 433.023621 141.514938
v 907.442383 431.052917 136.765808
v 907.442383 431.052917 136.765808
v 910.855713 433.023621 141.514938
v 907.442383 423.311523 136.765808
v 910.855713 433.023621 141.514938
v 910.855713 421.340820 141.514938
v 907.442383 423.311523 136.765808
v 907.442383 423.311523 136.765808
v 910.855713 421.340820 141.514938
v 900.738037 419.440796 136.765808
v 910.855713 421.340820 141.514938
v 900.738037 415.499390 141.514938
v 900.738037 419.440796 136.765808
v 900.738037 419.440796 136.765808
v 900.738037 415.499390 141.514938
v 894.033813 423.311523 136.765808
v 900.738037 415.499390 141.514938
v 890.620483 421.340820 141.514938
v 894.033813 423.311523 136.765808
v 894.033813 423.311523 136.765808
v 890.620483 421.340820 141.514938
v 894.033813 431.052979 136.765808
v 890.620483 421.340820 141.514938
v 890.620483 433.023621 141.514938
v 894.033813 431.052979 136.765808
v 894.033813 431.052979 136.765808
v 890.620483 433.023621 141.514938
v 900.738037 434.923645 136.765808
v 900.738037 434.923645 136.765808
v 890.620483 433.023621 141.514938
v 900.738037 438.865112 141.514938
v 890.620483 433.023621 141.514938
v 890.035156 433.361633 147.773788
v 900.738037 438.865112 141.514938
v 890.035156 433.361633 147.773788
v 900.738037 439.541016 147.773788
v 900.738037 438.865112 141.514938
v 900.738037 438.865112 141.514938
v 900.738037 439.541016 147.773788
v 910.855713 433.023621 141.514938
v 900.738037 439.541016 147.773788
v 911.441162 433.361633 147.773788
v 910.855713 433.023621 141.514938
v 910.855713 433.023621 141.514938
v 911.441162 433.361633 147.773788
v 910.855713 421.340820 141.514938
v 911.441162 433.361633 147.773788
v 911.441162 421.002808 147.773788
v 910.855713 421.340820 141.514938
v 910.855713 421.340820 141.514938
v 911.441162 421.002808 147.773788
v 900.738037 415.499390 141.514938
v 911.441162 421.002808 147.773788
v 900.738037 414.823486 147.773788
v 900.738037 415.499390 141.514938
v 900.738037 415.499390 141.514938
v 900.738037 414.823486 147.773788
v 890.620483 421.340820 141.514938
v 900.738037 414.823486 147.773788
v 890.035156 421.002808 147.773788
v 890.620483 421.340820 141.514938
v 890.620483 421.340820 141.514938
v 890.035156 421.002808 147.773788
v 890.620483 433.023621 141.514938
v 890.035156 421.002808 147.773788
v 890.035156 433.361633 147.773788
v 890.620483 433.023621 141.514938
v 890.035156 433.361633 147.773788
v 892.261841 432.076050 153.192551
v 900.738037 439.541016 147.773788
v 900.738037 439.541016 147.773788
v 892.261841 432.076050 153.192551
v 900.738037 436.969849 153.192551
v 892.261841 432.076050 153.192551
v 900.738037 427.182190 158.838730
v 900.738037 436.969849 153.192551
v 900.738037 436.969849 153.192551
v 900.738037 427.182190 158.838730
v 909.214478 432.076050 153.192551
v 900.738037 427.182190 158.838730
v 909.214478 422.288391 153.192551
v 909.214478 432.076050 153.192551
v 909.214478 422.288391 153.192551
v 900.738037 427.182190 158.838730
v 900.738037 417.394592 153.192520
v 900.738037 417.394592 153.192520
v 900.738037 427.182190 158.838730
v 892.261841 422.288391 153.192520
v 900.738037 427.182190 158.838730
v 892.261841 432.076050 153.192551
v 892.261841 422.288391 153.192520
v 900.738037 414.823486 147.773788
v 900.738037 417.394592 153.192520
v 890.035156 421.002808 147.773788
v 900.738037 417.394592 153.192520
v 892.261841 422.288391 153.192520
v 890.035156 421.002808 147.773788
v 890.035156 421.002808 147.773788
v 892.261841 422.288391 153.192520
v 890.035156 433.361633 147.773788
v 892.261841 422.288391 153.192520
v 892.261841 432.076050 153.192551
v 890.035156 433.361633 147.773788
v 894.033936 885.568359 136.765747
v 890.620483 887.539062 141.514893
v 900.738159 889.438965 136.765747
v 890.620483 887.539062 141.514893
v 900.738159 893.380493 141.514862
v 900.738159 889.438965 136.765747
v 900.738159 889.438965 136.765747
v 900.738159 893.380493 141.514862
v 907.442383 885.568359 136.765747
v 900.738159 893.380493 141.514862
v 910.855835 887.539062 141.514893
v 907.442383 885.568359 136.765747
v 907.442383 885.568359 136.765747
v 910.855835 887.539062 141.514893
v 907.442383 877.827026 136.765747
v 910.855835 887.539062 141.514893
v 910.855835 875.856201 141.514862
v 907.442383 877.827026 136.765747
v 907.442383 877.827026 136.765747
v 910.855835 875.856201 141.514862
v 900.738159 873.956299 136.765747
v 910.855835 875.856201 141.514862
v 900.738159 870.014771 141.514893
v 900.738159 873.956299 136.765747
v 900.738159 873.956299 136.765747
v 900.738159 870.014771 141.514893
v 894.033936 877.827026 136.765747
v 900.738159 870.014771 141.514893
v 890.620483 875.856201 141.514893
v 894.033936 877.827026 136.765747
v 894.033936 877.827026 136.765747
v 890.620483 875.856201 141.514893
v 894.033936 885.568359 136.765747
v 894.033936 885.568359 136.765747
v 890.620483 875.856201 141.514893
v 890.620483 887.539062 141.514893
v 890.620483 875.856201 141.514893
v 890.035156 875.518311 147.773743
v 890.620483 887.539062 141.514893
v 890.035156 875.518311 147.773743
v 890.035156 887.876953 147.773743
v 890.620483 887.539062 141.514893
v 890.620483 887.539062 141.514893
v 890.035156 887.876953 147.773743
v 900.738159 893.380493 141.514862
v 890.035156 887.876953 147.773743
v 900.738159 894.056396 147.773743
v 900.738159 893.380493 141.514862
v 900.738159 893.380493 141.514862
v 900.738159 894.056396 147.773743
v 910.855835 887.539062 141.514893
v 900.738159 894.056396 147.773743
v 911.441162 887.876953 147.773743
v 910.855835 887.539062 141.514893
v 910.855835 887.539062 141.514893
v 911.441162 887.876953 147.773743
v 910.855835 875.856201 141.514862
v 911.441162 887.876953 147.773743
v 911.441162 875.518311 147.773743
v 910.855835 875.856201 141.514862
v 910.855835 875.856201 141.514862
v 911.441162 875.518311 147.773743
v 900.738159 870.014771 141.514893
v 911.441162 875.518311 147.773743
v 900.738159 869.338867 147.773758
v 900.738159 870.014771 141.514893
v 900.738159 870.014771 141.514893
v 900.738159 869.338867 147.773758
v 890.620483 875.856201 141.514893
v 900.738159 869.338867 147.773758
v 890.035156 875.518311 147.773743
v 890.620483 875.856201 141.514893
v 894.033936 651.647949 136.765793
v 890.620483 653.618652 141.514923
v 900.738159 655.518555 136.765793
v 890.620483 653.618652 141.514923
v 900.738159 659.459961 141.514923
v 900.738159 655.518555 136.765793
v 900.738159 655.518555 136.765793
v 900.738159 659.459961 141.514923
v 907.442383 651.647827 136.765793
v 900.738159 659.459961 141.514923
v 910.855835 653.618652 141.514923
v 907.442383 651.647827 136.765793
v 907.442383 651.647827 136.765793
v 910.855835 653.618652 141.514923
v 907.442383 643.906494 136.765793
v 910.855835 653.618652 141.514923
v 910.855835 641.935791 141.514923
v 907.442383 643.906494 136.765793
v 907.442383 643.906494 136.765793
v 910.855835 641.935791 141.514923
v 900.738159 640.035767 136.765793
v 910.855835 641.935791 141.514923
v 900.738159 636.094238 141.514923
v 900.738159 640.035767 136.765793
v 900.738159 640.035767 136.765793
v 900.738159 636.094238 141.514923
v 894.033936 643.906494 136.765793
v 900.738159 636.094238 141.514923
v 890.620483 641.935791 141.514923
v 894.033936 643.906494 136.765793
v 894.033936 643.906494 136.765793
v 890.620483 641.935791 141.514923
v 894.033936 651.647949 136.765793
v 894.033936 651.647949 136.765793
v 890.620483 641.935791 141.514923
v 890.620483 653.618652 141.514923
v 890.620483 641.935791 141.514923
v 890.035156 641.597778 147.773773
v 890.620483 653.618652 141.514923
v 890.620483 653.618652 141.514923
v 890.035156 641.597778 147.773773
v 890.035156 653.956543 147.773773
v 890.035156 641.597778 147.773773
v 890.620483 641.935791 141.514923
v 900.738159 635.418457 147.773773
v 890.620483 641.935791 141.514923
v 900.738159 636.094238 141.514923
v 900.738159 635.418457 147.773773
v 900.738159 635.418457 147.773773
v 900.738159 636.094238 141.514923
v 911.441162 641.597778 147.773773
v 900.738159 636.094238 141.514923
v 910.855835 641.935791 141.514923
v 911.441162 641.597778 147.773773
v 911.441162 641.597778 147.773773
v 910.855835 641.935791 141.514923
v 911.441162 653.956543 147.773773
v 910.855835 641.935791 141.514923
v 910.855835 653.618652 141.514923
v 911.441162 653.956543 147.773773
v 911.441162 653.956543 147.773773
v 910.855835 653.618652 141.514923
v 900.738159 660.135986 147.773773
v 910.855835 653.618652 141.514923
v 900.738159 659.459961 141.514923
v 900.738159 660.135986 147.773773
v 900.738159 660.135986 147.773773
v 900.738159 659.459961 141.514923
v 890.035156 653.956543 147.773773
v 900.738159 659.459961 141.514923
v 890.620483 653.618652 141.514923
v 890.035156 653.956543 147.773773
v 890.035156 653.956543 147.773773
v 892.261841 652.671021 153.192535
v 900.738159 660.135986 147.773773
v 892.261841 652.671021 153.192535
v 900.738159 657.564819 153.192535
v 900.738159 660.135986 147.773773
v 900.738159 660.135986 147.773773
v 900.738159 657.564819 153.192535
v 911.441162 653.956543 147.773773
v 900.738159 657.564819 153.192535
v 909.214478 652.671021 153.192535
v 911.441162 653.956543 147.773773
v 900.738037 439.541016 147.773788
v 900.738037 436.969849 153.192551
v 911.441162 433.361633 147.773788
v 900.738037 436.969849 153.192551
v 909.214478 432.076050 153.192551
v 911.441162 433.361633 147.773788
v 911.441162 433.361633 147.773788
v 909.214478 432.076050 153.192551
v 911.441162 421.002808 147.773788
v 909.214478 432.076050 153.192551
v 909.214478 422.288391 153.192551
v 911.441162 421.002808 147.773788
v 911.441162 421.002808 147.773788
v 909.214478 422.288391 153.192551
v 900.738037 414.823486 147.773788
v 909.214478 422.288391 153.192551
v 900.738037 417.394592 153.192520
v 900.738037 414.823486 147.773788
v 892.261841 1331.939697 153.192383
v 900.738159 1327.045898 153.192383
v 900.738159 1336.833496 158.838562
v 900.738159 1327.045898 153.192383
v 909.214478 1331.939697 153.192398
v 900.738159 1336.833496 158.838562
v 900.738159 1336.833496 158.838562
v 909.214478 1331.939697 153.192398
v 909.214478 1341.727295 153.192383
v 909.214478 1341.727295 153.192383
v 900.738159 1346.621094 153.192383
v 900.738159 1336.833496 158.838562
v 900.738159 1346.621094 153.192383
v 892.261841 1341.727295 153.192383
v 900.738159 1336.833496 158.838562
v 900.738159 1336.833496 158.838562
v 892.261841 1341.727295 153.192383
v 892.261841 1331.939697 153.192383
v 892.261841 1341.727295 153.192383
v 890.035156 1343.012695 147.773651
v 892.261841 1331.939697 153.192383
v 890.035156 1343.012695 147.773651
v 890.035156 1330.654053 147.773651
v 892.261841 1331.939697 153.192383
v 892.261841 1331.939697 153.192383
v 890.035156 1330.654053 147.773651
v 900.738159 1327.045898 153.192383
v 890.035156 1330.654053 147.773651
v 900.738159 1324.474609 147.773651
v 900.738159 1327.045898 153.192383
v 900.738159 1327.045898 153.192383
v 900.738159 1324.474609 147.773651
v 909.214478 1331.939697 153.192398
v 900.738159 1324.474609 147.773651
v 911.441162 1330.654053 147.773651
v 909.214478 1331.939697 153.192398
v 909.214478 1331.939697 153.192398
v 911.441162 1330.654053 147.773651
v 909.214478 1341.727295 153.192383
v 911.441162 1330.654053 147.773651
v 911.441162 1343.012695 147.773651
v 909.214478 1341.727295 153.192383
v 909.214478 1341.727295 153.192383
v 911.441162 1343.012695 147.773651
v 900.738159 1346.621094 153.192383
v 911.441162 1343.012695 147.773651
v 900.738159 1349.192139 147.773651
v 900.738159 1346.621094 153.192383
v 900.738159 1346.621094 153.192383
v 900.738159 1349.192139 147.773651
v 892.261841 1341.727295 153.192383
v 900.738159 1349.192139 147.773651
v 890.035156 1343.012695 147.773651
v 892.261841 1341.727295 153.192383
v 1124.687500 217.066956 75.716751
v 1013.759888 217.066956 75.716751
v 1124.687500 217.066956 23.485832
v 1013.759888 217.066956 75.716751
v 1013.759888 217.066956 23.485832
v 1124.687500 217.066956 23.485832
v 1124.687500 217.066956 75.716751
v 1124.687500 217.066956 127.947670
v 1013.759888 217.066956 75.716751
v 1124.687500 217.066956 127.947670
v 1013.759888 217.066956 127.947670
v 1013.759888 217.066956 75.716751
v 1013.759888 217.066956 75.716751
v 1013.759888 217.066956 127.947670
v 902.832275 217.066956 75.716751
v 1013.759888 217.066956 127.947670
v 902.832275 217.066956 127.947670
v 902.832275 217.066956 75.716751
v 1013.759888 217.066956 23.485832
v 1013.759888 217.066956 75.716751
v 902.832275 217.066956 23.485832
v 1013.759888 217.066956 75.716751
v 902.832275 217.066956 75.716751
v 902.832275 217.066956 23.485832
v 911.441162 653.956543 147.773773
v 909.214478 652.671021 153.192535
v 911.441162 641.597778 147.773773
v 909.214478 652.671021 153.192535
v 909.214478 642.883301 153.192535
v 911.441162 641.597778 147.773773
v 911.441162 641.597778 147.773773
v 909.214478 642.883301 153.192535
v 900.738159 635.418457 147.773773
v 909.214478 642.883301 153.192535
v 900.738159 637.989502 153.192505
v 900.738159 635.418457 147.773773
v 900.738159 635.418457 147.773773
v 900.738159 637.989502 153.192505
v 890.035156 641.597778 147.773773
v 900.738159 637.989502 153.192505
v 892.261841 642.883301 153.192505
v 890.035156 641.597778 147.773773
v 890.035156 641.597778 147.773773
v 892.261841 642.883301 153.192505
v 890.035156 653.956543 147.773773
v 892.261841 642.883301 153.192505
v 892.261841 652.671021 153.192535
v 890.035156 653.956543 147.773773
v 911.441162 887.876953 147.773743
v 909.214478 886.591431 153.192474
v 911.441162 875.518311 147.773743
v 909.214478 886.591431 153.192474
v 909.214478 876.803711 153.192474
v 911.441162 875.518311 147.773743
v 911.441162 875.518311 147.773743
v 909.214478 876.803711 153.192474
v 900.738159 869.338867 147.773758
v 909.214478 876.803711 153.192474
v 900.738159 871.909912 153.192474
v 900.738159 869.338867 147.773758
v 900.738159 869.338867 147.773758
v 900.738159 871.909912 153.192474
v 890.035156 875.518311 147.773743
v 900.738159 871.909912 153.192474
v 892.261841 876.803711 153.192474
v 890.035156 875.518311 147.773743
v 890.035156 875.518311 147.773743
v 892.261841 876.803711 153.192474
v 890.035156 887.876953 147.773743
v 892.261841 876.803711 153.192474
v 892.261841 886.591431 153.192474
v 890.035156 887.876953 147.773743
v 890.035156 887.876953 147.773743
v 892.261841 886.591431 153.192474
v 900.738159 894.056396 147.773743
v 892.261841 886.591431 153.192474
v 900.738159 891.485352 153.192474
v 900.738159 894.056396 147.773743
v 900.738159 894.056396 147.773743
v 900.738159 891.485352 153.192474
v 911.441162 887.876953 147.773743
v 900.738159 891.485352 153.192474
v 909.214478 886.591431 153.192474
v 911.441162 887.876953 147.773743
v 909.214478 886.591431 153.192474
v 900.738159 891.485352 153.192474
v 900.738159 881.697632 158.838684
v 890.620483 1110.396973 141.514847
v 890.620483 1122.079956 141.514847
v 894.033936 1120.109253 136.765717
v 894.033936 1120.109253 136.765717
v 890.620483 1122.079956 141.514847
v 900.738159 1123.979980 136.765701
v 890.620483 1122.079956 141.514847
v 900.738159 1127.921387 141.514832
v 900.738159 1123.979980 136.765701
v 900.738159 1123.979980 136.765701
v 900.738159 1127.921387 141.514832
v 907.442383 1120.109253 136.765701
v 900.738159 1127.921387 141.514832
v 910.855835 1122.079956 141.514847
v 907.442383 1120.109253 136.765701
v 907.442383 1120.109253 136.765701
v 910.855835 1122.079956 141.514847
v 907.442383 1112.367920 136.765717
v 910.855835 1122.079956 141.514847
v 910.855835 1110.396973 141.514832
v 907.442383 1112.367920 136.765717
v 907.442383 1112.367920 136.765717
v 910.855835 1110.396973 141.514832
v 900.738159 1108.497192 136.765717
v 910.855835 1110.396973 141.514832
v 900.738159 1104.555664 141.514847
v 900.738159 1108.497192 136.765717
v 900.738159 1108.497192 136.765717
v 900.738159 1104.555664 141.514847
v 894.033936 1112.367920 136.765717
v 900.738159 1104.555664 141.514847
v 890.620483 1110.396973 141.514847
v 894.033936 1112.367920 136.765717
v 894.033936 1112.367920 136.765717
v 890.620483 1110.396973 141.514847
v 894.033936 1120.109253 136.765717
v 911.537598 207.006836 12.389397
v 911.537598 445.316162 12.389359
v 911.537598 207.006836 24.823257
v 911.537598 207.006836 24.823257
v 911.537598 445.316162 12.389359
v 911.537598 445.316162 24.823227
v 911.537598 445.316162 24.823227
v 911.537598 445.316162 12.389359
v 911.537598 623.459351 24.823212
v 911.537598 445.316162 12.389359
v 911.537598 623.459351 12.389351
v 911.537598 623.459351 24.823212
v 911.537598 623.459351 12.389351
v 911.537598 801.602539 12.389320
v 911.537598 623.459351 24.823212
v 911.537598 623.459351 24.823212
v 911.537598 801.602539 12.389320
v 911.537598 801.602539 24.823189
v 911.537598 801.602539 12.389320
v 911.537598 979.745605 12.389297
v 911.537598 801.602539 24.823189
v 911.537598 801.602539 24.823189
v 911.537598 979.745605 12.389297
v 911.537598 979.745605 24.823166
v 911.537598 979.745605 12.389297
v 911.537598 1157.888794 12.389275
v 911.537598 979.745605 24.823166
v 911.537598 979.745605 24.823166
v 911.537598 1157.888794 12.389275
v 911.537598 1157.888794 24.823143
v 911.537598 1157.888794 12.389275
v 911.537476 1336.031982 12.389259
v 911.537598 1157.888794 24.823143
v 911.537598 1157.888794 24.823143
v 911.537476 1336.031982 12.389259
v 911.537476 1336.031982 24.823128
v 911.537476 1336.031982 12.389259
v 911.537598 1514.174561 12.389236
v 911.537476 1336.031982 24.823128
v 911.537476 1336.031982 24.823128
v 911.537598 1514.174561 12.389236
v 911.537598 1514.174805 24.823105
v 909.214478 652.671021 153.192535
v 900.738159 647.777100 158.838715
v 909.214478 642.883301 153.192535
v 909.214478 642.883301 153.192535
v 900.738159 647.777100 158.838715
v 900.738159 637.989502 153.192505
v 900.738159 637.989502 153.192505
v 900.738159 647.777100 158.838715
v 892.261841 642.883301 153.192505
v 900.738159 647.777100 158.838715
v 892.261841 652.671021 153.192535
v 892.261841 642.883301 153.192505
v 892.261841 652.671021 153.192535
v 900.738159 647.777100 158.838715
v 900.738159 657.564819 153.192535
v 900.738159 647.777100 158.838715
v 909.214478 652.671021 153.192535
v 900.738159 657.564819 153.192535
v 911.441162 1122.417969 147.773712
v 909.214478 1121.132324 153.192444
v 911.441162 1110.059204 147.773712
v 909.214478 1121.132324 153.192444
v 909.214478 1111.344727 153.192474
v 911.441162 1110.059204 147.773712
v 911.441162 1110.059204 147.773712
v 909.214478 1111.344727 153.192474
v 900.738159 1103.879761 147.773712
v 909.214478 1111.344727 153.192474
v 900.738159 1106.450928 153.192444
v 900.738159 1103.879761 147.773712
v 900.738159 1103.879761 147.773712
v 900.738159 1106.450928 153.192444
v 890.035156 1110.059204 147.773712
v 900.738159 1106.450928 153.192444
v 892.261841 1111.344727 153.192444
v 890.035156 1110.059204 147.773712
v 890.035156 1110.059204 147.773712
v 892.261841 1111.344727 153.192444
v 890.035156 1122.417969 147.773712
v 892.261841 1111.344727 153.192444
v 892.261841 1121.132324 153.192444
v 890.035156 1122.417969 147.773712
v 890.035156 1122.417969 147.773712
v 892.261841 1121.132324 153.192444
v 900.738159 1128.597168 147.773712
v 892.261841 1121.132324 153.192444
v 900.738159 1126.026123 153.192444
v 900.738159 1128.597168 147.773712
v 900.738159 1128.597168 147.773712
v 900.738159 1126.026123 153.192444
v 911.441162 1122.417969 147.773712
v 900.738159 1126.026123 153.192444
v 909.214478 1121.132324 153.192444
v 911.441162 1122.417969 147.773712
v 907.442383 643.906494 136.765793
v 907.442383 643.906494 24.435165
v 907.442383 651.647827 136.765793
v 907.442383 643.906494 24.435165
v 907.442383 651.647827 24.435165
v 907.442383 651.647827 136.765793
v 907.442383 651.647827 136.765793
v 907.442383 651.647827 24.435165
v 900.738159 655.518555 136.765793
v 907.442383 651.647827 24.435165
v 900.738159 655.518555 24.435165
v 900.738159 655.518555 136.765793
v 900.738159 655.518555 136.765793
v 900.738159 655.518555 24.435165
v 894.033936 651.647949 136.765793
v 900.738159 655.518555 24.435165
v 894.033936 651.647827 24.435165
v 894.033936 651.647949 136.765793
v 907.442383 877.827026 136.765747
v 907.442383 877.827026 24.435120
v 907.442383 885.568359 136.765747
v 907.442383 877.827026 24.435120
v 907.442383 885.568237 24.435120
v 907.442383 885.568359 136.765747
v 907.442383 885.568359 136.765747
v 907.442383 885.568237 24.435120
v 900.738159 889.438965 136.765747
v 907.442383 885.568237 24.435120
v 900.738159 889.438965 24.435120
v 900.738159 889.438965 136.765747
v 900.738159 889.438965 136.765747
v 900.738159 889.438965 24.435120
v 894.033936 885.568359 136.765747
v 900.738159 889.438965 24.435120
v 894.033936 885.568237 24.435120
v 894.033936 885.568359 136.765747
v 907.442383 1112.367920 136.765717
v 907.442383 1112.367798 24.435104
v 907.442383 1120.109253 136.765701
v 907.442383 1112.367798 24.435104
v 907.442383 1120.109131 24.435104
v 907.442383 1120.109253 136.765701
v 907.442383 1120.109253 136.765701
v 907.442383 1120.109131 24.435104
v 900.738159 1123.979980 136.765701
v 907.442383 1120.109131 24.435104
v 900.738159 1123.979980 24.435104
v 900.738159 1123.979980 136.765701
v 900.738159 1123.979980 136.765701
v 900.738159 1123.979980 24.435104
v 894.033936 1120.109253 136.765717
v 900.738159 1123.979980 24.435104
v 894.033936 1120.109131 24.435104
v 894.033936 1120.109253 136.765717
v 907.442383 1332.962646 136.765671
v 907.442383 1332.962646 24.435059
v 907.442383 1340.704102 136.765656
v 907.442383 1332.962646 24.435059
v 907.442383 1340.704102 24.435051
v 907.442383 1340.704102 136.765656
v 907.442383 1340.704102 136.765656
v 907.442383 1340.704102 24.435051
v 900.738159 1344.574707 136.765656
v 907.442383 1340.704102 24.435051
v 900.738159 1344.574707 24.435051
v 900.738159 1344.574707 136.765656
v 900.738159 1344.574707 136.765656
v 900.738159 1344.574707 24.435051
v 894.033936 1340.704102 136.765671
v 900.738159 1344.574707 24.435051
v 894.033936 1340.704102 24.435051
v 894.033936 1340.704102 136.765671
v 907.442383 423.311523 136.765808
v 907.442383 423.311523 24.435181
v 907.442383 431.052917 136.765808
v 907.442383 423.311523 24.435181
v 907.442383 431.052979 24.435173
v 907.442383 431.052917 136.765808
v 907.442383 431.052917 136.765808
v 907.442383 431.052979 24.435173
v 900.738037 434.923645 136.765808
v 907.442383 431.052979 24.435173
v 900.738037 434.923645 24.435173
v 900.738037 434.923645 136.765808
v 900.738037 434.923645 136.765808
v 900.738037 434.923645 24.435173
v 894.033813 431.052979 136.765808
v 900.738037 434.923645 24.435173
v 894.033813 431.052979 24.435173
v 894.033813 431.052979 136.765808
v 909.257446 217.437378 147.773819
v 906.686401 217.437378 153.192551
v 903.078125 206.734375 147.773819
v 906.686401 217.437378 153.192551
v 901.792603 208.961060 153.192551
v 903.078125 206.734375 147.773819
v 906.686401 217.437378 153.192551
v 909.257446 217.437378 147.773819
v 901.792603 225.913635 153.192551
v 909.257446 217.437378 147.773819
v 903.078125 228.140381 147.773819
v 901.792603 225.913635 153.192551
v 901.792603 225.913635 153.192551
v 892.004883 225.913635 153.192551
v 896.898682 217.437378 158.838760
v 896.898682 217.437378 158.838760
v 892.004883 225.913635 153.192551
v 887.111084 217.437378 153.192551
v 887.111084 217.437378 153.192551
v 892.004883 208.961060 153.192551
v 896.898682 217.437378 158.838760
v 892.004883 208.961060 153.192551
v 901.792603 208.961060 153.192551
v 896.898682 217.437378 158.838760
v 896.898682 217.437378 158.838760
v 901.792603 208.961060 153.192551
v 906.686401 217.437378 153.192551
v 909.214478 886.591431 153.192474
v 900.738159 881.697632 158.838684
v 909.214478 876.803711 153.192474
v 909.214478 876.803711 153.192474
v 900.738159 881.697632 158.838684
v 900.738159 871.909912 153.192474
v 900.738159 881.697632 158.838684
v 892.261841 876.803711 153.192474
v 900.738159 871.909912 153.192474
v 892.261841 876.803711 153.192474
v 900.738159 881.697632 158.838684
v 892.261841 886.591431 153.192474
v 900.738159 881.697632 158.838684
v 900.738159 891.485352 153.192474
v 892.261841 886.591431 153.192474
v 907.442383 643.906494 24.435165
v 907.442383 643.906494 136.765793
v 900.738159 640.035767 24.435165
v 907.442383 643.906494 136.765793
v 900.738159 640.035767 136.765793
v 900.738159 640.035767 24.435165
v 900.738159 640.035767 24.435165
v 900.738159 640.035767 136.765793
v 894.033936 643.906494 24.435165
v 900.738159 640.035767 136.765793
v 894.033936 643.906494 136.765793
v 894.033936 643.906494 24.435165
v 894.033936 643.906494 24.435165
v 894.033936 643.906494 136.765793
v 894.033936 651.647827 24.435165
v 894.033936 643.906494 136.765793
v 894.033936 651.647949 136.765793
v 894.033936 651.647827 24.435165
v 907.442383 877.827026 24.435120
v 907.442383 877.827026 136.765747
v 900.738159 873.956177 24.435120
v 907.442383 877.827026 136.765747
v 900.738159 873.956299 136.765747
v 900.738159 873.956177 24.435120
v 900.738159 873.956177 24.435120
v 900.738159 873.956299 136.765747
v 894.033936 877.827026 24.435120
v 900.738159 873.956299 136.765747
v 894.033936 877.827026 136.765747
v 894.033936 877.827026 24.435120
v 894.033936 877.827026 24.435120
v 894.033936 877.827026 136.765747
v 894.033936 885.568237 24.435120
v 894.033936 877.827026 136.765747
v 894.033936 885.568359 136.765747
v 894.033936 885.568237 24.435120
v 907.442383 1112.367798 24.435104
v 907.442383 1112.367920 136.765717
v 900.738159 1108.497070 24.435104
v 907.442383 1112.367920 136.765717
v 900.738159 1108.497192 136.765717
v 900.738159 1108.497070 24.435104
v 900.738159 1108.497070 24.435104
v 900.738159 1108.497192 136.765717
v 894.033936 1112.367798 24.435104
v 900.738159 1108.497192 136.765717
v 894.033936 1112.367920 136.765717
v 894.033936 1112.367798 24.435104
v 894.033936 1112.367798 24.435104
v 894.033936 1112.367920 136.765717
v 894.033936 1120.109131 24.435104
v 894.033936 1112.367920 136.765717
v 894.033936 1120.109253 136.765717
v 894.033936 1120.109131 24.435104
v 907.442383 1332.962646 24.435059
v 907.442383 1332.962646 136.765671
v 900.738159 1329.091797 24.435059
v 907.442383 1332.962646 136.765671
v 900.738159 1329.092041 136.765671
v 900.738159 1329.091797 24.435059
v 900.738159 1329.091797 24.435059
v 900.738159 1329.092041 136.765671
v 894.033936 1332.962646 24.435059
v 900.738159 1329.092041 136.765671
v 894.033936 1332.962646 136.765671
v 894.033936 1332.962646 24.435059
v 894.033936 1332.962646 24.435059
v 894.033936 1332.962646 136.765671
v 894.033936 1340.704102 24.435051
v 894.033936 1332.962646 136.765671
v 894.033936 1340.704102 136.765671
v 894.033936 1340.704102 24.435051
v 907.442383 423.311523 24.435181
v 907.442383 423.311523 136.765808
v 900.738037 419.440796 24.435181
v 907.442383 423.311523 136.765808
v 900.738037 419.440796 136.765808
v 900.738037 419.440796 24.435181
v 900.738037 419.440796 24.435181
v 900.738037 419.440796 136.765808
v 894.033813 423.311523 24.435181
v 900.738037 419.440796 136.765808
v 894.033813 423.311523 136.765808
v 894.033813 423.311523 24.435181
v 894.033813 423.311523 24.435181
v 894.033813 423.311523 136.765808
v 894.033813 431.052979 24.435173
v 894.033813 423.311523 136.765808
v 894.033813 431.052979 136.765808
v 894.033813 431.052979 24.435173
v 903.078125 206.734375 147.773819
v 902.740112 207.319702 141.514938
v 909.257446 217.437378 147.773819
v 902.740112 207.319702 141.514938
v 908.581543 217.437378 141.514938
v 909.257446 217.437378 147.773819
v 909.257446 217.437378 147.773819
v 908.581543 217.437378 141.514938
v 903.078125 228.140381 147.773819
v 908.581543 217.437378 141.514938
v 902.740112 227.555054 141.514938
v 903.078125 228.140381 147.773819
v 903.078125 228.140381 147.773819
v 902.740112 227.555054 141.514938
v 890.719360 228.140381 147.773819
v 902.740112 227.555054 141.514938
v 891.057251 227.555054 141.514938
v 890.719360 228.140381 147.773819
v 890.719360 228.140381 147.773819
v 891.057251 227.555054 141.514938
v 884.539917 217.437378 147.773819
v 891.057251 227.555054 141.514938
v 885.215820 217.437378 141.514938
v 884.539917 217.437378 147.773819
v 902.740112 207.319702 141.514938
v 900.769409 210.733093 136.765808
v 908.581543 217.437378 141.514938
v 900.769409 210.733093 136.765808
v 904.640137 217.437378 136.765808
v 908.581543 217.437378 141.514938
v 908.581543 217.437378 141.514938
v 904.640137 217.437378 136.765808
v 902.740112 227.555054 141.514938
v 904.640137 217.437378 136.765808
v 900.769409 224.141663 136.765808
v 902.740112 227.555054 141.514938
v 902.740112 227.555054 141.514938
v 900.769409 224.141663 136.765808
v 891.057251 227.555054 141.514938
v 900.769409 224.141663 136.765808
v 893.028076 224.141663 136.765808
v 891.057251 227.555054 141.514938
v 891.057251 227.555054 141.514938
v 893.028076 224.141663 136.765808
v 885.215820 217.437378 141.514938
v 893.028076 224.141663 136.765808
v 889.157349 217.437378 136.765808
v 885.215820 217.437378 141.514938
v 885.215820 217.437378 141.514938
v 889.157349 217.437378 136.765808
v 891.057251 207.319702 141.514938
v 889.157349 217.437378 136.765808
v 893.028076 210.733093 136.765808
v 891.057251 207.319702 141.514938
v 891.057251 207.319702 141.514938
v 893.028076 210.733093 136.765808
v 902.740112 207.319702 141.514938
v 893.028076 210.733093 136.765808
v 900.769409 210.733093 136.765808
v 902.740112 207.319702 141.514938
v 904.640137 217.437378 24.435181
v 904.640137 217.437378 136.765808
v 900.769409 210.733093 24.435181
v 904.640137 217.437378 136.765808
v 900.769409 210.733093 136.765808
v 900.769409 210.733093 24.435181
v 904.640137 217.437378 136.765808
v 904.640137 217.437378 24.435181
v 900.769409 224.141663 136.765808
v 904.640137 217.437378 24.435181
v 900.769409 224.141663 24.435181
v 900.769409 224.141663 136.765808
v 900.769409 224.141663 136.765808
v 900.769409 224.141663 24.435181
v 893.028076 224.141663 136.765808
v 900.769409 224.141663 24.435181
v 893.028076 224.141663 24.435181
v 893.028076 224.141663 136.765808
v 893.028076 224.141663 136.765808
v 893.028076 224.141663 24.435181
v 889.157349 217.437378 136.765808
v 893.028076 224.141663 24.435181
v 889.157349 217.437378 24.435181
v 889.157349 217.437378 136.765808
v 906.686401 217.437378 153.192551
v 901.792603 225.913635 153.192551
v 896.898682 217.437378 158.838760
v 909.214478 1121.132324 153.192444
v 900.738159 1116.238525 158.838623
v 909.214478 1111.344727 153.192474
v 909.214478 1111.344727 153.192474
v 900.738159 1116.238525 158.838623
v 900.738159 1106.450928 153.192444
v 900.738159 1106.450928 153.192444
v 900.738159 1116.238525 158.838623
v 892.261841 1111.344727 153.192444
v 900.738159 1116.238525 158.838623
v 892.261841 1121.132324 153.192444
v 892.261841 1111.344727 153.192444
v 892.261841 1121.132324 153.192444
v 900.738159 1116.238525 158.838623
v 900.738159 1126.026123 153.192444
v 900.738159 1116.238525 158.838623
v 909.214478 1121.132324 153.192444
v 900.738159 1126.026123 153.192444
v 899.185425 219.841248 127.947670
v 899.185425 219.841248 23.485832
v 899.185425 321.618530 127.947655
v 899.185425 219.841248 23.485832
v 899.185425 321.618530 23.485825
v 899.185425 321.618530 127.947655
v 899.185425 321.618530 23.485825
v 899.185425 423.395874 23.485817
v 899.185425 321.618530 127.947655
v 899.185425 321.618530 127.947655
v 899.185425 423.395874 23.485817
v 899.185425 423.395874 127.947647
v 911.537598 207.006836 24.823257
v 911.537598 445.316162 24.823227
v 890.061035 228.483398 24.823257
v 890.061035 228.483398 24.823257
v 911.537598 445.316162 24.823227
v 890.061035 445.316162 24.823227
v 911.537598 445.316162 24.823227
v 911.537598 623.459351 24.823212
v 890.061035 445.316162 24.823227
v 890.061035 445.316162 24.823227
v 911.537598 623.459351 24.823212
v 890.061035 623.459351 24.823219
v 911.537598 623.459351 24.823212
v 911.537598 801.602539 24.823189
v 890.061035 623.459351 24.823219
v 890.061035 623.459351 24.823219
v 911.537598 801.602539 24.823189
v 890.061035 801.602539 24.823189
v 911.537598 801.602539 24.823189
v 911.537598 979.745605 24.823166
v 890.061035 801.602539 24.823189
v 890.061035 801.602539 24.823189
v 911.537598 979.745605 24.823166
v 890.061035 979.745605 24.823174
v 911.537598 979.745605 24.823166
v 911.537598 1157.888794 24.823143
v 890.061035 979.745605 24.823174
v 890.061035 979.745605 24.823174
v 911.537598 1157.888794 24.823143
v 890.061035 1157.888794 24.823143
v 911.537598 1157.888794 24.823143
v 911.537476 1336.031982 24.823128
v 890.061035 1157.888794 24.823143
v 890.061035 1157.888794 24.823143
v 911.537476 1336.031982 24.823128
v 890.061035 1336.031982 24.823128
v 911.537476 1336.031982 24.823128
v 911.537598 1514.174805 24.823105
v 890.061035 1336.031982 24.823128
v 890.061035 1336.031982 24.823128
v 911.537598 1514.174805 24.823105
v 890.061035 1514.174805 24.823105
v 899.185425 1115.570190 23.485733
v 899.185425 1000.190186 23.485741
v 899.185425 1115.570190 127.947548
v 899.185425 1115.570190 127.947548
v 899.185425 1000.190186 23.485741
v 899.185425 1000.190186 127.947571
v 899.185425 1000.190186 23.485741
v 899.185425 884.810181 23.485756
v 899.185425 1000.190186 127.947571
v 899.185425 1000.190186 127.947571
v 899.185425 884.810181 23.485756
v 899.185425 884.810181 127.947578
v 899.185425 1115.570190 127.947548
v 899.185425 1000.190186 127.947571
v 899.185425 1115.570190 23.485733
v 899.185425 1115.570190 23.485733
v 899.185425 1000.190186 127.947571
v 899.185425 1000.190186 23.485741
v 899.185425 1000.190186 23.485741
v 899.185425 1000.190186 127.947571
v 899.185425 884.810181 23.485756
v 899.185425 1000.190186 127.947571
v 899.185425 884.810181 127.947578
v 899.185425 884.810181 23.485756
v 899.185425 650.468018 127.947609
v 899.185425 650.468018 23.485779
v 899.185425 764.908447 127.947586
v 899.185425 650.468018 23.485779
v 899.185425 764.908447 23.485771
v 899.185425 764.908447 127.947586
v 899.185425 764.908447 23.485771
v 899.185425 879.348755 23.485756
v 899.185425 764.908447 127.947586
v 899.185425 764.908447 127.947586
v 899.185425 879.348755 23.485756
v 899.185425 879.348755 127.947578
v 899.185425 1585.864746 127.947495
v 899.185425 1463.025146 127.947502
v 899.185425 1585.864746 23.485672
v 899.185425 1585.864746 23.485672
v 899.185425 1463.025146 127.947502
v 899.185425 1463.025391 23.485687
v 899.185425 1463.025391 23.485687
v 899.185425 1463.025146 127.947502
v 899.185425 1340.185913 23.485695
v 899.185425 1463.025146 127.947502
v 899.185425 1340.185547 127.947525
v 899.185425 1340.185913 23.485695
v 899.185425 1120.762451 127.947548
v 899.185425 1120.762451 23.485733
v 899.185425 1227.743408 127.947540
v 899.185425 1120.762451 23.485733
v 899.185425 1227.743408 23.485718
v 899.185425 1227.743408 127.947540
v 899.185425 1227.743408 23.485718
v 899.185425 1334.724121 23.485703
v 899.185425 1227.743408 127.947540
v 899.185425 1227.743408 127.947540
v 899.185425 1334.724121 23.485703
v 899.185425 1334.724121 127.947525
v 899.185425 1585.864746 23.485672
v 899.185425 1463.025391 23.485687
v 899.185425 1585.864746 127.947495
v 899.185425 1585.864746 127.947495
v 899.185425 1463.025391 23.485687
v 899.185425 1463.025146 127.947502
v 899.185425 1463.025391 23.485687
v 899.185425 1340.185913 23.485695
v 899.185425 1463.025146 127.947502
v 899.185425 1463.025146 127.947502
v 899.185425 1340.185913 23.485695
v 899.185425 1340.185547 127.947525
v 899.185425 219.841248 127.947670
v 899.185425 321.618530 127.947655
v 899.185425 219.841248 23.485832
v 899.185425 219.841248 23.485832
v 899.185425 321.618530 127.947655
v 899.185425 321.618530 23.485825
v 899.185425 321.618530 127.947655
v 899.185425 423.395874 127.947647
v 899.185425 321.618530 23.485825
v 899.185425 321.618530 23.485825
v 899.185425 423.395874 127.947647
v 899.185425 423.395874 23.485817
v 899.185425 645.018188 23.485779
v 899.185303 537.648132 23.485794
v 899.185425 645.018188 127.947609
v 899.185425 645.018188 127.947609
v 899.185303 537.648132 23.485794
v 899.185303 537.648132 127.947632
v 899.185303 537.648132 23.485794
v 899.185303 430.278076 23.485809
v 899.185303 537.648132 127.947632
v 899.185303 537.648132 127.947632
v 899.185303 430.278076 23.485809
v 899.185303 430.278076 127.947647
v 899.185425 645.018188 127.947609
v 899.185303 537.648132 127.947632
v 899.185425 645.018188 23.485779
v 899.185425 645.018188 23.485779
v 899.185303 537.648132 127.947632
v 899.185303 537.648132 23.485794
v 899.185303 537.648132 23.485794
v 899.185303 537.648132 127.947632
v 899.185303 430.278076 23.485809
v 899.185303 537.648132 127.947632
v 899.185303 430.278076 127.947647
v 899.185303 430.278076 23.485809
v 902.740112 207.319702 141.514938
v 903.078125 206.734375 147.773819
v 891.057251 207.319702 141.514938
v 903.078125 206.734375 147.773819
v 890.719360 206.734375 147.773819
v 891.057251 207.319702 141.514938
v 891.057251 207.319702 141.514938
v 890.719360 206.734375 147.773819
v 885.215820 217.437378 141.514938
v 890.719360 206.734375 147.773819
v 884.539917 217.437378 147.773819
v 885.215820 217.437378 141.514938
v 884.539917 217.437378 147.773819
v 887.111084 217.437378 153.192551
v 890.719360 228.140381 147.773819
v 887.111084 217.437378 153.192551
v 892.004883 225.913635 153.192551
v 890.719360 228.140381 147.773819
v 901.792603 225.913635 153.192551
v 903.078125 228.140381 147.773819
v 892.004883 225.913635 153.192551
v 903.078125 228.140381 147.773819
v 890.719360 228.140381 147.773819
v 892.004883 225.913635 153.192551
v 903.078125 206.734375 147.773819
v 901.792603 208.961060 153.192551
v 890.719360 206.734375 147.773819
v 901.792603 208.961060 153.192551
v 892.004883 208.961060 153.192551
v 890.719360 206.734375 147.773819
v 900.769409 210.733093 24.435181
v 900.769409 210.733093 136.765808
v 893.028076 210.733093 24.435181
v 900.769409 210.733093 136.765808
v 893.028076 210.733093 136.765808
v 893.028076 210.733093 24.435181
v 890.620483 1122.079956 141.514847
v 890.035156 1122.417969 147.773712
v 900.738159 1127.921387 141.514832
v 890.035156 1122.417969 147.773712
v 900.738159 1128.597168 147.773712
v 900.738159 1127.921387 141.514832
v 900.738159 1127.921387 141.514832
v 900.738159 1128.597168 147.773712
v 910.855835 1122.079956 141.514847
v 900.738159 1128.597168 147.773712
v 911.441162 1122.417969 147.773712
v 910.855835 1122.079956 141.514847
v 910.855835 1122.079956 141.514847
v 911.441162 1122.417969 147.773712
v 910.855835 1110.396973 141.514832
v 911.441162 1122.417969 147.773712
v 911.441162 1110.059204 147.773712
v 910.855835 1110.396973 141.514832
v 910.855835 1110.396973 141.514832
v 911.441162 1110.059204 147.773712
v 900.738159 1104.555664 141.514847
v 911.441162 1110.059204 147.773712
v 900.738159 1103.879761 147.773712
v 900.738159 1104.555664 141.514847
v 900.738159 1104.555664 141.514847
v 900.738159 1103.879761 147.773712
v 890.620483 1110.396973 141.514847
v 900.738159 1103.879761 147.773712
v 890.035156 1110.059204 147.773712
v 890.620483 1110.396973 141.514847
v 890.620483 1110.396973 141.514847
v 890.035156 1110.059204 147.773712
v 890.620483 1122.079956 141.514847
v 890.035156 1110.059204 147.773712
v 890.035156 1122.417969 147.773712
v 890.620483 1122.079956 141.514847
v 893.028076 210.733093 24.435181
v 893.028076 210.733093 136.765808
v 889.157349 217.437378 24.435181
v 893.028076 210.733093 136.765808
v 889.157349 217.437378 136.765808
v 889.157349 217.437378 24.435181
v 890.719360 206.734375 147.773819
v 892.004883 208.961060 153.192551
v 884.539917 217.437378 147.773819
v 892.004883 208.961060 153.192551
v 887.111084 217.437378 153.192551
v 884.539917 217.437378 147.773819
v 911.537598 207.006836 24.823257
v 890.061035 228.483398 24.823250
v 734.686829 207.006836 24.823257
v 890.061035 228.483398 24.823250
v 734.686829 228.483398 24.823250
v 734.686829 207.006836 24.823257
v 734.686829 207.006836 24.823257
v 734.686829 228.483398 24.823250
v 612.234802 207.006836 24.823257
v 734.686829 228.483398 24.823250
v 612.234802 228.483398 24.823250
v 612.234802 207.006836 24.823257
v 612.234802 207.006836 24.823257
v 612.234802 228.483398 24.823250
v 489.782654 207.006836 24.823257
v 612.234802 228.483398 24.823250
v 489.782654 228.483398 24.823250
v 489.782654 207.006836 24.823257
v 489.782654 207.006836 24.823257
v 489.782654 228.483398 24.823250
v 432.320160 207.006836 24.823257
v 489.782654 228.483398 24.823250
v 432.320160 228.483398 24.823250
v 432.320160 207.006836 24.823257
v 672.594543 217.066956 127.947670
v 672.594543 217.066956 23.485832
v 783.522095 217.066956 127.947670
v 672.594543 217.066956 23.485832
v 783.522095 217.066956 23.485832
v 783.522095 217.066956 127.947670
v 783.522095 217.066956 23.485832
v 894.449829 217.066956 23.485832
v 783.522095 217.066956 127.947670
v 783.522095 217.066956 127.947670
v 894.449829 217.066956 23.485832
v 894.449829 217.066956 127.947670
v 899.185425 650.468018 127.947609
v 899.185425 764.908447 127.947586
v 899.185425 650.468018 23.485779
v 899.185425 650.468018 23.485779
v 899.185425 764.908447 127.947586
v 899.185425 764.908447 23.485771
v 899.185425 764.908447 127.947586
v 899.185425 879.348755 127.947578
v 899.185425 764.908447 23.485771
v 899.185425 764.908447 23.485771
v 899.185425 879.348755 127.947578
v 899.185425 879.348755 23.485756
v 899.185425 1120.762451 127.947548
v 899.185425 1227.743408 127.947540
v 899.185425 1120.762451 23.485733
v 899.185425 1120.762451 23.485733
v 899.185425 1227.743408 127.947540
v 899.185425 1227.743408 23.485718
v 899.185425 1227.743408 127.947540
v 899.185425 1334.724121 127.947525
v 899.185425 1227.743408 23.485718
v 899.185425 1227.743408 23.485718
v 899.185425 1334.724121 127.947525
v 899.185425 1334.724121 23.485703
v 894.033936 1340.704102 136.765671
v 894.033936 1332.962646 136.765671
v 890.620483 1330.991821 141.514801
v 890.620483 1330.991821 141.514801
v 894.033936 1332.962646 136.765671
v 900.738159 1325.150635 141.514816
v 894.033936 1332.962646 136.765671
v 900.738159 1329.092041 136.765671
v 900.738159 1325.150635 141.514816
v 900.738159 1325.150635 141.514816
v 900.738159 1329.092041 136.765671
v 910.855835 1330.991821 141.514771
v 900.738159 1329.092041 136.765671
v 907.442383 1332.962646 136.765671
v 910.855835 1330.991821 141.514771
v 910.855835 1330.991821 141.514771
v 907.442383 1332.962646 136.765671
v 910.855835 1342.674805 141.514801
v 907.442383 1332.962646 136.765671
v 907.442383 1340.704102 136.765656
v 910.855835 1342.674805 141.514801
v 910.855835 1342.674805 141.514801
v 907.442383 1340.704102 136.765656
v 900.738159 1348.516357 141.514771
v 907.442383 1340.704102 136.765656
v 900.738159 1344.574707 136.765656
v 900.738159 1348.516357 141.514771
v 900.738159 1348.516357 141.514771
v 900.738159 1344.574707 136.765656
v 890.620483 1342.674805 141.514816
v 900.738159 1344.574707 136.765656
v 894.033936 1340.704102 136.765671
v 890.620483 1342.674805 141.514816
v 894.033936 1340.704102 136.765671
v 890.620483 1330.991821 141.514801
v 890.620483 1342.674805 141.514816
v 890.620483 1342.674805 141.514816
v 890.620483 1330.991821 141.514801
v 890.035156 1330.654053 147.773651
v 890.035156 1330.654053 147.773651
v 890.620483 1330.991821 141.514801
v 900.738159 1324.474609 147.773651
v 890.620483 1330.991821 141.514801
v 900.738159 1325.150635 141.514816
v 900.738159 1324.474609 147.773651
v 900.738159 1324.474609 147.773651
v 900.738159 1325.150635 141.514816
v 911.441162 1330.654053 147.773651
v 900.738159 1325.150635 141.514816
v 910.855835 1330.991821 141.514771
v 911.441162 1330.654053 147.773651
v 911.441162 1330.654053 147.773651
v 910.855835 1330.991821 141.514771
v 911.441162 1343.012695 147.773651
v 910.855835 1330.991821 141.514771
v 910.855835 1342.674805 141.514801
v 911.441162 1343.012695 147.773651
v 911.441162 1343.012695 147.773651
v 910.855835 1342.674805 141.514801
v 900.738159 1349.192139 147.773651
v 910.855835 1342.674805 141.514801
v 900.738159 1348.516357 141.514771
v 900.738159 1349.192139 147.773651
v 900.738159 1349.192139 147.773651
v 900.738159 1348.516357 141.514771
v 890.035156 1343.012695 147.773651
v 900.738159 1348.516357 141.514771
v 890.620483 1342.674805 141.514816
v 890.035156 1343.012695 147.773651
v 890.035156 1343.012695 147.773651
v 890.620483 1342.674805 141.514816
v 890.035156 1330.654053 147.773651
v 911.537598 207.006836 24.823257
v 734.686829 207.006836 24.823257
v 911.537598 207.006836 12.389397
v 911.537598 207.006836 12.389397
v 734.686829 207.006836 24.823257
v 734.686829 207.006836 12.389397
v 734.686829 207.006836 24.823257
v 612.234802 207.006836 24.823257
v 734.686829 207.006836 12.389397
v 734.686829 207.006836 12.389397
v 612.234802 207.006836 24.823257
v 612.234802 207.006836 12.389397
v 612.234802 207.006836 24.823257
v 489.782654 207.006836 24.823257
v 612.234802 207.006836 12.389397
v 612.234802 207.006836 12.389397
v 489.782654 207.006836 24.823257
v 489.782654 207.006836 12.389397
v 489.782654 207.006836 24.823257
v 432.320160 207.006836 24.823257
v 489.782654 207.006836 12.389397
v 489.782654 207.006836 12.389397
v 432.320160 207.006836 24.823257
v 432.320160 207.006836 12.389397
v 676.404724 217.437378 153.192551
v 666.617004 217.437378 158.838760
v 671.510864 208.961060 153.192551
v 671.510864 208.961060 153.192551
v 666.617004 217.437378 158.838760
v 661.723267 208.961060 153.192551
v 666.617004 217.437378 158.838760
v 656.829407 217.437378 153.192551
v 661.723267 208.961060 153.192551
v 656.829407 217.437378 153.192551
v 666.617004 217.437378 158.838760
v 661.723267 225.913757 153.192551
v 666.617004 217.437378 158.838760
v 671.510864 225.913757 153.192551
v 661.723267 225.913757 153.192551
v 672.796387 228.140381 147.773819
v 671.510864 225.913757 153.192551
v 678.975830 217.437378 147.773819
v 671.510864 225.913757 153.192551
v 676.404724 217.437378 153.192551
v 678.975830 217.437378 147.773819
v 678.975830 217.437378 147.773819
v 676.404724 217.437378 153.192551
v 672.796387 206.734375 147.773819
v 676.404724 217.437378 153.192551
v 671.510864 208.961060 153.192551
v 672.796387 206.734375 147.773819
v 672.796387 206.734375 147.773819
v 672.458496 207.319702 141.514938
v 678.975830 217.437378 147.773819
v 672.458496 207.319702 141.514938
v 678.299927 217.437378 141.514938
v 678.975830 217.437378 147.773819
v 678.975830 217.437378 147.773819
v 678.299927 217.437378 141.514938
v 672.796387 228.140381 147.773819
v 678.299927 217.437378 141.514938
v 672.458496 227.555054 141.514938
v 672.796387 228.140381 147.773819
v 672.796387 228.140381 147.773819
v 672.458496 227.555054 141.514938
v 660.437622 228.140381 147.773819
v 672.458496 227.555054 141.514938
v 660.775635 227.555054 141.514938
v 660.437622 228.140381 147.773819
v 660.437622 228.140381 147.773819
v 660.775635 227.555054 141.514938
v 654.258301 217.437378 147.773819
v 660.775635 227.555054 141.514938
v 654.934204 217.437378 141.514938
v 654.258301 217.437378 147.773819
v 672.458496 207.319702 141.514938
v 670.487793 210.733093 136.765808
v 678.299927 217.437378 141.514938
v 670.487793 210.733093 136.765808
v 674.358459 217.437378 136.765808
v 678.299927 217.437378 141.514938
v 678.299927 217.437378 141.514938
v 674.358459 217.437378 136.765808
v 672.458496 227.555054 141.514938
v 674.358459 217.437378 136.765808
v 670.487793 224.141663 136.765808
v 672.458496 227.555054 141.514938
v 672.458496 227.555054 141.514938
v 670.487793 224.141663 136.765808
v 660.775635 227.555054 141.514938
v 670.487793 224.141663 136.765808
v 662.746338 224.141663 136.765808
v 660.775635 227.555054 141.514938
v 660.775635 227.555054 141.514938
v 662.746338 224.141663 136.765808
v 654.934204 217.437378 141.514938
v 662.746338 224.141663 136.765808
v 658.875671 217.437378 136.765808
v 654.934204 217.437378 141.514938
v 654.934204 217.437378 141.514938
v 658.875671 217.437378 136.765808
v 660.775635 207.319702 141.514938
v 658.875671 217.437378 136.765808
v 662.746338 210.733093 136.765808
v 660.775635 207.319702 141.514938
v 660.775635 207.319702 141.514938
v 662.746338 210.733093 136.765808
v 672.458496 207.319702 141.514938
v 662.746338 210.733093 136.765808
v 670.487793 210.733093 136.765808
v 672.458496 207.319702 141.514938
v 674.358459 217.437378 24.435181
v 674.358459 217.437378 136.765808
v 670.487793 210.733093 24.435181
v 674.358459 217.437378 136.765808
v 670.487793 210.733093 136.765808
v 670.487793 210.733093 24.435181
v 674.358459 217.437378 136.765808
v 674.358459 217.437378 24.435181
v 670.487793 224.141663 136.765808
v 674.358459 217.437378 24.435181
v 670.487793 224.141663 24.435181
v 670.487793 224.141663 136.765808
v 670.487793 224.141663 136.765808
v 670.487793 224.141663 24.435181
v 662.746338 224.141663 136.765808
v 670.487793 224.141663 24.435181
v 662.746338 224.141663 24.435181
v 662.746338 224.141663 136.765808
v 662.746338 224.141663 136.765808
v 662.746338 224.141663 24.435181
v 658.875671 217.437378 136.765808
v 662.746338 224.141663 24.435181
v 658.875671 217.437378 24.435181
v 658.875671 217.437378 136.765808
v 676.404724 217.437378 153.192551
v 671.510864 225.913757 153.192551
v 666.617004 217.437378 158.838760
v 665.712463 217.066956 127.947670
v 554.784851 217.066956 127.947670
v 665.712463 217.066956 23.485832
v 665.712463 217.066956 23.485832
v 554.784851 217.066956 127.947670
v 554.784851 217.066956 23.485832
v 554.784851 217.066956 23.485832
v 554.784851 217.066956 127.947670
v 443.857239 217.066956 23.485832
v 554.784851 217.066956 127.947670
v 443.857239 217.066956 127.947670
v 443.857239 217.066956 23.485832
v 672.458496 207.319702 141.514938
v 672.796387 206.734375 147.773819
v 660.775635 207.319702 141.514938
v 672.796387 206.734375 147.773819
v 660.437622 206.734375 147.773819
v 660.775635 207.319702 141.514938
v 660.775635 207.319702 141.514938
v 660.437622 206.734375 147.773819
v 654.934204 217.437378 141.514938
v 660.437622 206.734375 147.773819
v 654.258301 217.437378 147.773819
v 654.934204 217.437378 141.514938
v 654.258301 217.437378 147.773819
v 656.829407 217.437378 153.192551
v 660.437622 228.140381 147.773819
v 656.829407 217.437378 153.192551
v 661.723267 225.913757 153.192551
v 660.437622 228.140381 147.773819
v 671.510864 225.913757 153.192551
v 672.796387 228.140381 147.773819
v 661.723267 225.913757 153.192551
v 672.796387 228.140381 147.773819
v 660.437622 228.140381 147.773819
v 661.723267 225.913757 153.192551
v 672.796387 206.734375 147.773819
v 671.510864 208.961060 153.192551
v 660.437622 206.734375 147.773819
v 671.510864 208.961060 153.192551
v 661.723267 208.961060 153.192551
v 660.437622 206.734375 147.773819
v 670.487793 210.733093 24.435181
v 670.487793 210.733093 136.765808
v 662.746338 210.733093 24.435181
v 670.487793 210.733093 136.765808
v 662.746338 210.733093 136.765808
v 662.746338 210.733093 24.435181
v 662.746338 210.733093 24.435181
v 662.746338 210.733093 136.765808
v 658.875671 217.437378 24.435181
v 662.746338 210.733093 136.765808
v 658.875671 217.437378 136.765808
v 658.875671 217.437378 24.435181
v 660.437622 206.734375 147.773819
v 661.723267 208.961060 153.192551
v 654.258301 217.437378 147.773819
v 661.723267 208.961060 153.192551
v 656.829407 217.437378 153.192551
v 654.258301 217.437378 147.773819
v 454.742188 217.437378 147.773819
v 452.171082 217.437378 153.192551
v 448.562805 206.734375 147.773819
v 452.171082 217.437378 153.192551
v 447.277222 208.961060 153.192551
v 448.562805 206.734375 147.773819
v 452.171082 217.437378 153.192551
v 454.742188 217.437378 147.773819
v 447.277222 225.913757 153.192551
v 454.742188 217.437378 147.773819
v 448.562805 228.140381 147.773819
v 447.277222 225.913757 153.192551
v 447.277222 225.913757 153.192551
v 437.489563 225.913757 153.192551
v 442.383423 217.437378 158.838760
v 442.383423 217.437378 158.838760
v 437.489563 225.913757 153.192551
v 432.595764 217.437378 153.192551
v 432.595764 217.437378 153.192551
v 437.489563 208.961060 153.192551
v 442.383423 217.437378 158.838760
v 437.489563 208.961060 153.192551
v 447.277222 208.961060 153.192551
v 442.383423 217.437378 158.838760
v 442.383423 217.437378 158.838760
v 447.277222 208.961060 153.192551
v 452.171082 217.437378 153.192551
v -67.694763 217.437378 153.192551
v -77.482361 217.437378 158.838760
v -72.588562 208.961060 153.192551
v -72.588562 208.961060 153.192551
v -77.482361 217.437378 158.838760
v -82.376221 208.961060 153.192551
v -77.482361 217.437378 158.838760
v -87.270020 217.437378 153.192551
v -82.376221 208.961060 153.192551
v -87.270020 217.437378 153.192551
v -77.482361 217.437378 158.838760
v -82.376221 225.913635 153.192551
v -77.482361 217.437378 158.838760
v -72.588562 225.913635 153.192551
v -82.376221 225.913635 153.192551
v -71.302979 228.140381 147.773819
v -72.588562 225.913635 153.192551
v -65.123596 217.437378 147.773819
v -72.588562 225.913635 153.192551
v -67.694763 217.437378 153.192551
v -65.123596 217.437378 147.773819
v 448.562805 206.734375 147.773819
v 448.224854 207.319702 141.514938
v 454.742188 217.437378 147.773819
v 448.224854 207.319702 141.514938
v 454.066284 217.437378 141.514938
v 454.742188 217.437378 147.773819
v 454.742188 217.437378 147.773819
v 454.066284 217.437378 141.514938
v 448.562805 228.140381 147.773819
v 454.066284 217.437378 141.514938
v 448.224854 227.555054 141.514938
v 448.562805 228.140381 147.773819
v 448.562805 228.140381 147.773819
v 448.224854 227.555054 141.514938
v 436.204041 228.140381 147.773819
v 448.224854 227.555054 141.514938
v 436.541992 227.555054 141.514938
v 436.204041 228.140381 147.773819
v 436.204041 228.140381 147.773819
v 436.541992 227.555054 141.514938
v 430.024628 217.437378 147.773819
v 436.541992 227.555054 141.514938
v 430.700562 217.437378 141.514938
v 430.024628 217.437378 147.773819
v 448.224854 207.319702 141.514938
v 446.254150 210.733093 136.765808
v 454.066284 217.437378 141.514938
v 446.254150 210.733093 136.765808
v 450.124817 217.437378 136.765808
v 454.066284 217.437378 141.514938
v 454.066284 217.437378 141.514938
v 450.124817 217.437378 136.765808
v 448.224854 227.555054 141.514938
v 450.124817 217.437378 136.765808
v 446.254150 224.141663 136.765808
v 448.224854 227.555054 141.514938
v 448.224854 227.555054 141.514938
v 446.254150 224.141663 136.765808
v 436.541992 227.555054 141.514938
v 446.254150 224.141663 136.765808
v 438.512695 224.141663 136.765808
v 436.541992 227.555054 141.514938
v 436.541992 227.555054 141.514938
v 438.512695 224.141663 136.765808
v 430.700562 217.437378 141.514938
v 438.512695 224.141663 136.765808
v 434.641998 217.437378 136.765808
v 430.700562 217.437378 141.514938
v 430.700562 217.437378 141.514938
v 434.641998 217.437378 136.765808
v 436.541992 207.319702 141.514938
v 434.641998 217.437378 136.765808
v 438.512695 210.733093 136.765808
v 436.541992 207.319702 141.514938
v 436.541992 207.319702 141.514938
v 438.512695 210.733093 136.765808
v 448.224854 207.319702 141.514938
v 438.512695 210.733093 136.765808
v 446.254150 210.733093 136.765808
v 448.224854 207.319702 141.514938
v 450.124817 217.437378 24.435188
v 450.124817 217.437378 136.765808
v 446.254150 210.733093 24.435188
v 450.124817 217.437378 136.765808
v 446.254150 210.733093 136.765808
v 446.254150 210.733093 24.435188
v 450.124817 217.437378 136.765808
v 450.124817 217.437378 24.435188
v 446.254150 224.141663 136.765808
v 450.124817 217.437378 24.435188
v 446.254150 224.141663 24.435188
v 446.254150 224.141663 136.765808
v 446.254150 224.141663 136.765808
v 446.254150 224.141663 24.435188
v 438.512695 224.141663 136.765808
v 446.254150 224.141663 24.435188
v 438.512695 224.141663 24.435188
v 438.512695 224.141663 136.765808
v 438.512695 224.141663 136.765808
v 438.512695 224.141663 24.435188
v 434.641998 217.437378 136.765808
v 438.512695 224.141663 24.435188
v 434.641998 217.437378 24.435188
v 434.641998 217.437378 136.765808
v 452.171082 217.437378 153.192551
v 447.277222 225.913757 153.192551
v 442.383423 217.437378 158.838760
v -57.464294 207.006836 24.823265
v -121.618469 207.006836 24.823265
v -57.464294 207.006836 12.389397
v -57.464294 207.006836 12.389397
v -121.618469 207.006836 24.823265
v -121.618469 207.006836 12.389397
v -121.618469 207.006836 24.823265
v -244.070465 207.006836 24.823265
v -121.618469 207.006836 12.389397
v -121.618469 207.006836 12.389397
v -244.070465 207.006836 24.823265
v -244.070465 207.006836 12.389397
v -244.070465 207.006836 24.823265
v -366.522491 207.006836 24.823265
v -244.070465 207.006836 12.389397
v -244.070465 207.006836 12.389397
v -366.522491 207.006836 24.823265
v -366.522491 207.006836 12.389397
v -366.522491 207.006836 24.823265
v -399.217682 207.006836 24.823265
v -366.522491 207.006836 12.389397
v -366.522491 207.006836 12.389397
v -399.217682 207.006836 24.823265
v -399.217682 207.006836 12.389397
v -399.217682 207.006836 24.823265
v -431.318146 207.006836 24.823265
v -399.217682 207.006836 12.389397
v -399.217682 207.006836 12.389397
v -431.318146 207.006836 24.823265
v -431.318146 207.006836 12.389397
v -431.318146 207.006836 24.823265
v -553.770142 207.006836 24.823265
v -431.318146 207.006836 12.389397
v -431.318146 207.006836 12.389397
v -553.770142 207.006836 24.823265
v -553.770142 207.006836 12.389397
v -553.770142 207.006836 24.823265
v -676.222046 207.006836 24.823265
v -553.770142 207.006836 12.389397
v -553.770142 207.006836 12.389397
v -676.222046 207.006836 24.823265
v -676.222046 207.006836 12.389397
v -676.222046 207.006836 24.823265
v -848.329590 207.006836 24.823265
v -676.222046 207.006836 12.389397
v -676.222046 207.006836 12.389397
v -848.329590 207.006836 24.823265
v -848.329590 207.006836 12.389397
v -57.464294 228.483398 24.823257
v -121.618469 228.483398 24.823257
v -57.464294 207.006836 24.823265
v -57.464294 207.006836 24.823265
v -121.618469 228.483398 24.823257
v -121.618469 207.006836 24.823265
v -121.618469 228.483398 24.823257
v -244.070465 228.483398 24.823257
v -121.618469 207.006836 24.823265
v -121.618469 207.006836 24.823265
v -244.070465 228.483398 24.823257
v -244.070465 207.006836 24.823265
v -244.070465 228.483398 24.823257
v -366.522491 228.483398 24.823257
v -244.070465 207.006836 24.823265
v -244.070465 207.006836 24.823265
v -366.522491 228.483398 24.823257
v -366.522491 207.006836 24.823265
v -366.522491 228.483398 24.823257
v -399.217682 228.483398 24.823257
v -366.522491 207.006836 24.823265
v -366.522491 207.006836 24.823265
v -399.217682 228.483398 24.823257
v -399.217682 207.006836 24.823265
v -399.217682 228.483398 24.823257
v -431.318146 228.483398 24.823257
v -399.217682 207.006836 24.823265
v -399.217682 207.006836 24.823265
v -431.318146 228.483398 24.823257
v -431.318146 207.006836 24.823265
v -431.318146 228.483398 24.823257
v -553.770142 228.483398 24.823257
v -431.318146 207.006836 24.823265
v -431.318146 207.006836 24.823265
v -553.770142 228.483398 24.823257
v -553.770142 207.006836 24.823265
v -553.770142 228.483398 24.823257
v -676.222046 228.483398 24.823257
v -553.770142 207.006836 24.823265
v -553.770142 207.006836 24.823265
v -676.222046 228.483398 24.823257
v -676.222046 207.006836 24.823265
v -676.222046 228.483398 24.823257
v -826.853027 228.483398 24.823257
v -676.222046 207.006836 24.823265
v -676.222046 207.006836 24.823265
v -826.853027 228.483398 24.823257
v -848.329590 207.006836 24.823265
v -81.842285 217.066956 127.947670
v -173.766296 217.066956 127.947670
v -81.842285 217.066956 23.485832
v -81.842285 217.066956 23.485832
v -173.766296 217.066956 127.947670
v -173.766296 217.066956 23.485832
v -173.766296 217.066956 23.485832
v -173.766296 217.066956 127.947670
v -265.690338 217.066956 23.485832
v -173.766296 217.066956 127.947670
v -265.690338 217.066956 127.947670
v -265.690338 217.066956 23.485832
v 448.224854 207.319702 141.514938
v 448.562805 206.734375 147.773819
v 436.541992 207.319702 141.514938
v 448.562805 206.734375 147.773819
v 436.204041 206.734375 147.773819
v 436.541992 207.319702 141.514938
v 436.541992 207.319702 141.514938
v 436.204041 206.734375 147.773819
v 430.700562 217.437378 141.514938
v 436.204041 206.734375 147.773819
v 430.024628 217.437378 147.773819
v 430.700562 217.437378 141.514938
v 430.024628 217.437378 147.773819
v 432.595764 217.437378 153.192551
v 436.204041 228.140381 147.773819
v 432.595764 217.437378 153.192551
v 437.489563 225.913757 153.192551
v 436.204041 228.140381 147.773819
v 447.277222 225.913757 153.192551
v 448.562805 228.140381 147.773819
v 437.489563 225.913757 153.192551
v 448.562805 228.140381 147.773819
v 436.204041 228.140381 147.773819
v 437.489563 225.913757 153.192551
v 448.562805 206.734375 147.773819
v 447.277222 208.961060 153.192551
v 436.204041 206.734375 147.773819
v 447.277222 208.961060 153.192551
v 437.489563 208.961060 153.192551
v 436.204041 206.734375 147.773819
v 446.254150 210.733093 24.435188
v 446.254150 210.733093 136.765808
v 438.512695 210.733093 24.435188
v 446.254150 210.733093 136.765808
v 438.512695 210.733093 136.765808
v 438.512695 210.733093 24.435188
v 438.512695 210.733093 24.435188
v 438.512695 210.733093 136.765808
v 434.641998 217.437378 24.435188
v 438.512695 210.733093 136.765808
v 434.641998 217.437378 136.765808
v 434.641998 217.437378 24.435188
v 436.204041 206.734375 147.773819
v 437.489563 208.961060 153.192551
v 430.024628 217.437378 147.773819
v 437.489563 208.961060 153.192551
v 432.595764 217.437378 153.192551
v 430.024628 217.437378 147.773819
v -65.123596 217.437378 147.773819
v -67.694763 217.437378 153.192551
v -71.302979 206.734375 147.773819
v -67.694763 217.437378 153.192551
v -72.588562 208.961060 153.192551
v -71.302979 206.734375 147.773819
v -71.302979 206.734375 147.773819
v -71.640930 207.319702 141.514938
v -65.123596 217.437378 147.773819
v -71.640930 207.319702 141.514938
v -65.799561 217.437378 141.514938
v -65.123596 217.437378 147.773819
v -65.123596 217.437378 147.773819
v -65.799561 217.437378 141.514938
v -71.302979 228.140381 147.773819
v -65.799561 217.437378 141.514938
v -71.640930 227.554993 141.514938
v -71.302979 228.140381 147.773819
v -71.302979 228.140381 147.773819
v -71.640930 227.554993 141.514938
v -83.661804 228.140381 147.773819
v -71.640930 227.554993 141.514938
v -83.323853 227.554993 141.514938
v -83.661804 228.140381 147.773819
v -83.661804 228.140381 147.773819
v -83.323853 227.554993 141.514938
v -89.841187 217.437378 147.773819
v -83.323853 227.554993 141.514938
v -89.165222 217.437378 141.514938
v -89.841187 217.437378 147.773819
v -71.640930 207.319702 141.514938
v -73.611633 210.733093 136.765808
v -65.799561 217.437378 141.514938
v -73.611633 210.733093 136.765808
v -69.740967 217.437378 136.765808
v -65.799561 217.437378 141.514938
v -65.799561 217.437378 141.514938
v -69.740967 217.437378 136.765808
v -71.640930 227.554993 141.514938
v -69.740967 217.437378 136.765808
v -73.611633 224.141602 136.765808
v -71.640930 227.554993 141.514938
v -71.640930 227.554993 141.514938
v -73.611633 224.141602 136.765808
v -83.323853 227.554993 141.514938
v -73.611633 224.141602 136.765808
v -81.353149 224.141602 136.765808
v -83.323853 227.554993 141.514938
v -83.323853 227.554993 141.514938
v -81.353149 224.141602 136.765808
v -89.165222 217.437378 141.514938
v -81.353149 224.141602 136.765808
v -85.223816 217.437378 136.765808
v -89.165222 217.437378 141.514938
v -89.165222 217.437378 141.514938
v -85.223816 217.437378 136.765808
v -83.323853 207.319702 141.514938
v -85.223816 217.437378 136.765808
v -81.353149 210.733093 136.765808
v -83.323853 207.319702 141.514938
v -83.323853 207.319702 141.514938
v -81.353149 210.733093 136.765808
v -71.640930 207.319702 141.514938
v -81.353149 210.733093 136.765808
v -73.611633 210.733093 136.765808
v -71.640930 207.319702 141.514938
v -69.740967 217.437378 24.435181
v -69.740967 217.437378 136.765808
v -73.611633 210.733093 24.435181
v -69.740967 217.437378 136.765808
v -73.611633 210.733093 136.765808
v -73.611633 210.733093 24.435181
v -73.611633 210.733093 24.435181
v -73.611633 210.733093 136.765808
v -81.353149 210.733093 24.435181
v -73.611633 210.733093 136.765808
v -81.353149 210.733093 136.765808
v -81.353149 210.733093 24.435181
v -81.353149 210.733093 24.435181
v -81.353149 210.733093 136.765808
v -85.223816 217.437378 24.435181
v -81.353149 210.733093 136.765808
v -85.223816 217.437378 136.765808
v -85.223816 217.437378 24.435181
v -69.740967 217.437378 136.765808
v -69.740967 217.437378 24.435181
v -73.611633 224.141602 136.765808
v -69.740967 217.437378 24.435181
v -73.611633 224.141663 24.435181
v -73.611633 224.141602 136.765808
v -73.611633 224.141602 136.765808
v -73.611633 224.141663 24.435181
v -81.353149 224.141602 136.765808
v -73.611633 224.141663 24.435181
v -81.353149 224.141663 24.435181
v -81.353149 224.141602 136.765808
v -81.353149 224.141602 136.765808
v -81.353149 224.141663 24.435181
v -85.223816 217.437378 136.765808
v -81.353149 224.141663 24.435181
v -85.223816 217.437378 24.435181
v -85.223816 217.437378 136.765808
v -67.694763 217.437378 153.192551
v -72.588562 225.913635 153.192551
v -77.482361 217.437378 158.838760
v -259.829742 217.437378 153.192551
v -269.617279 217.437378 158.838760
v -264.723541 208.961060 153.192551
v -264.723541 208.961060 153.192551
v -269.617279 217.437378 158.838760
v -274.511139 208.961060 153.192551
v -269.617279 217.437378 158.838760
v -279.404938 217.437378 153.192551
v -274.511139 208.961060 153.192551
v -279.404938 217.437378 153.192551
v -269.617279 217.437378 158.838760
v -274.511139 225.913635 153.192551
v -269.617279 217.437378 158.838760
v -264.723541 225.913635 153.192551
v -274.511139 225.913635 153.192551
v -263.437897 228.140381 147.773819
v -264.723541 225.913635 153.192551
v -257.258545 217.437378 147.773819
v -264.723541 225.913635 153.192551
v -259.829742 217.437378 153.192551
v -257.258545 217.437378 147.773819
v -71.640930 207.319702 141.514938
v -71.302979 206.734375 147.773819
v -83.323853 207.319702 141.514938
v -71.302979 206.734375 147.773819
v -83.661804 206.734375 147.773819
v -83.323853 207.319702 141.514938
v -83.323853 207.319702 141.514938
v -83.661804 206.734375 147.773819
v -89.165222 217.437378 141.514938
v -83.661804 206.734375 147.773819
v -89.841187 217.437378 147.773819
v -89.165222 217.437378 141.514938
v -89.841187 217.437378 147.773819
v -87.270020 217.437378 153.192551
v -83.661804 228.140381 147.773819
v -87.270020 217.437378 153.192551
v -82.376221 225.913635 153.192551
v -83.661804 228.140381 147.773819
v -72.588562 225.913635 153.192551
v -71.302979 228.140381 147.773819
v -82.376221 225.913635 153.192551
v -71.302979 228.140381 147.773819
v -83.661804 228.140381 147.773819
v -82.376221 225.913635 153.192551
v -71.302979 206.734375 147.773819
v -72.588562 208.961060 153.192551
v -83.661804 206.734375 147.773819
v -72.588562 208.961060 153.192551
v -82.376221 208.961060 153.192551
v -83.661804 206.734375 147.773819
v -83.661804 206.734375 147.773819
v -82.376221 208.961060 153.192551
v -89.841187 217.437378 147.773819
v -82.376221 208.961060 153.192551
v -87.270020 217.437378 153.192551
v -89.841187 217.437378 147.773819
v -257.258545 217.437378 147.773819
v -259.829742 217.437378 153.192551
v -263.437897 206.734375 147.773819
v -259.829742 217.437378 153.192551
v -264.723541 208.961060 153.192551
v -263.437897 206.734375 147.773819
v -263.437897 206.734375 147.773819
v -263.775909 207.319702 141.514938
v -257.258545 217.437378 147.773819
v -263.775909 207.319702 141.514938
v -257.934509 217.437378 141.514938
v -257.258545 217.437378 147.773819
v -257.258545 217.437378 147.773819
v -257.934509 217.437378 141.514938
v -263.437897 228.140381 147.773819
v -257.934509 217.437378 141.514938
v -263.775909 227.554993 141.514938
v -263.437897 228.140381 147.773819
v -263.437897 228.140381 147.773819
v -263.775909 227.554993 141.514938
v -275.796783 228.140381 147.773819
v -263.775909 227.554993 141.514938
v -275.458771 227.554993 141.514938
v -275.796783 228.140381 147.773819
v -275.796783 228.140381 147.773819
v -275.458771 227.554993 141.514938
v -281.976105 217.437378 147.773819
v -275.458771 227.554993 141.514938
v -281.300201 217.437378 141.514938
v -281.976105 217.437378 147.773819
v -263.775909 207.319702 141.514938
v -265.746613 210.733093 136.765808
v -257.934509 217.437378 141.514938
v -265.746613 210.733093 136.765808
v -261.875885 217.437378 136.765808
v -257.934509 217.437378 141.514938
v -257.934509 217.437378 141.514938
v -261.875885 217.437378 136.765808
v -263.775909 227.554993 141.514938
v -261.875885 217.437378 136.765808
v -265.746613 224.141602 136.765808
v -263.775909 227.554993 141.514938
v -263.775909 227.554993 141.514938
v -265.746613 224.141602 136.765808
v -275.458771 227.554993 141.514938
v -265.746613 224.141602 136.765808
v -273.488068 224.141602 136.765808
v -275.458771 227.554993 141.514938
v -275.458771 227.554993 141.514938
v -273.488068 224.141602 136.765808
v -281.300201 217.437378 141.514938
v -273.488068 224.141602 136.765808
v -277.358795 217.437378 136.765808
v -281.300201 217.437378 141.514938
v -281.300201 217.437378 141.514938
v -277.358795 217.437378 136.765808
v -275.458771 207.319702 141.514938
v -277.358795 217.437378 136.765808
v -273.488068 210.733093 136.765808
v -275.458771 207.319702 141.514938
v -275.458771 207.319702 141.514938
v -273.488068 210.733093 136.765808
v -263.775909 207.319702 141.514938
v -273.488068 210.733093 136.765808
v -265.746613 210.733093 136.765808
v -263.775909 207.319702 141.514938
v -261.875885 217.437378 24.435181
v -261.875885 217.437378 136.765808
v -265.746613 210.733093 24.435181
v -261.875885 217.437378 136.765808
v -265.746613 210.733093 136.765808
v -265.746613 210.733093 24.435181
v -265.746613 210.733093 24.435181
v -265.746613 210.733093 136.765808
v -273.488068 210.733093 24.435181
v -265.746613 210.733093 136.765808
v -273.488068 210.733093 136.765808
v -273.488068 210.733093 24.435181
v -273.488068 210.733093 24.435181
v -273.488068 210.733093 136.765808
v -277.358795 217.437378 24.435181
v -273.488068 210.733093 136.765808
v -277.358795 217.437378 136.765808
v -277.358795 217.437378 24.435181
v -261.875885 217.437378 136.765808
v -261.875885 217.437378 24.435181
v -265.746613 224.141602 136.765808
v -261.875885 217.437378 24.435181
v -265.746613 224.141663 24.435181
v -265.746613 224.141602 136.765808
v -265.746613 224.141602 136.765808
v -265.746613 224.141663 24.435181
v -273.488068 224.141602 136.765808
v -265.746613 224.141663 24.435181
v -273.488068 224.141663 24.435181
v -273.488068 224.141602 136.765808
v -273.488068 224.141602 136.765808
v -273.488068 224.141663 24.435181
v -277.358795 217.437378 136.765808
v -273.488068 224.141663 24.435181
v -277.358795 217.437378 24.435181
v -277.358795 217.437378 136.765808
v -259.829742 217.437378 153.192551
v -264.723541 225.913635 153.192551
v -269.617279 217.437378 158.838760
v -272.572418 217.066956 127.947670
v -367.876129 217.066956 127.947670
v -272.572418 217.066956 23.485832
v -272.572418 217.066956 23.485832
v -367.876129 217.066956 127.947670
v -367.876129 217.066956 23.485832
v -367.876129 217.066956 23.485832
v -367.876129 217.066956 127.947670
v -463.179840 217.066956 23.485832
v -367.876129 217.066956 127.947670
v -463.179840 217.066956 127.947670
v -463.179840 217.066956 23.485832
v -263.775909 207.319702 141.514938
v -263.437897 206.734375 147.773819
v -275.458771 207.319702 141.514938
v -263.437897 206.734375 147.773819
v -275.796783 206.734375 147.773819
v -275.458771 207.319702 141.514938
v -275.458771 207.319702 141.514938
v -275.796783 206.734375 147.773819
v -281.300201 217.437378 141.514938
v -275.796783 206.734375 147.773819
v -281.976105 217.437378 147.773819
v -281.300201 217.437378 141.514938
v -281.976105 217.437378 147.773819
v -279.404938 217.437378 153.192551
v -275.796783 228.140381 147.773819
v -279.404938 217.437378 153.192551
v -274.511139 225.913635 153.192551
v -275.796783 228.140381 147.773819
v -264.723541 225.913635 153.192551
v -263.437897 228.140381 147.773819
v -274.511139 225.913635 153.192551
v -263.437897 228.140381 147.773819
v -275.796783 228.140381 147.773819
v -274.511139 225.913635 153.192551
v -263.437897 206.734375 147.773819
v -264.723541 208.961060 153.192551
v -275.796783 206.734375 147.773819
v -264.723541 208.961060 153.192551
v -274.511139 208.961060 153.192551
v -275.796783 206.734375 147.773819
v -275.796783 206.734375 147.773819
v -274.511139 208.961060 153.192551
v -281.976105 217.437378 147.773819
v -274.511139 208.961060 153.192551
v -279.404938 217.437378 153.192551
v -281.976105 217.437378 147.773819
v -456.716095 217.437378 147.773819
v -459.287262 217.437378 153.192551
v -462.895538 206.734375 147.773819
v -459.287262 217.437378 153.192551
v -464.181061 208.961060 153.192551
v -462.895538 206.734375 147.773819
v -459.287262 217.437378 153.192551
v -456.716095 217.437378 147.773819
v -464.181061 225.913635 153.192551
v -456.716095 217.437378 147.773819
v -462.895538 228.140381 147.773819
v -464.181061 225.913635 153.192551
v -464.181061 225.913635 153.192551
v -473.968781 225.913635 153.192551
v -469.074860 217.437378 158.838760
v -469.074860 217.437378 158.838760
v -473.968781 225.913635 153.192551
v -478.862579 217.437378 153.192551
v -478.862579 217.437378 153.192551
v -473.968781 208.961060 153.192551
v -469.074860 217.437378 158.838760
v -473.968781 208.961060 153.192551
v -464.181061 208.961060 153.192551
v -469.074860 217.437378 158.838760
v -469.074860 217.437378 158.838760
v -464.181061 208.961060 153.192551
v -459.287262 217.437378 153.192551
v -468.629547 217.066956 127.947670
v -563.933228 217.066956 127.947670
v -468.629547 217.066956 23.485832
v -468.629547 217.066956 23.485832
v -563.933228 217.066956 127.947670
v -563.933228 217.066956 23.485832
v -563.933228 217.066956 23.485832
v -563.933228 217.066956 127.947670
v -659.236938 217.066956 23.485832
v -563.933228 217.066956 127.947670
v -659.236938 217.066956 127.947670
v -659.236938 217.066956 23.485832
v -462.895538 206.734375 147.773819
v -463.233490 207.319702 141.514938
v -456.716095 217.437378 147.773819
v -463.233490 207.319702 141.514938
v -457.392120 217.437378 141.514938
v -456.716095 217.437378 147.773819
v -456.716095 217.437378 147.773819
v -457.392120 217.437378 141.514938
v -462.895538 228.140381 147.773819
v -457.392120 217.437378 141.514938
v -463.233490 227.555054 141.514938
v -462.895538 228.140381 147.773819
v -462.895538 228.140381 147.773819
v -463.233490 227.555054 141.514938
v -475.254303 228.140381 147.773819
v -463.233490 227.555054 141.514938
v -474.916412 227.555054 141.514938
v -475.254303 228.140381 147.773819
v -475.254303 228.140381 147.773819
v -474.916412 227.555054 141.514938
v -481.433746 217.437378 147.773819
v -474.916412 227.555054 141.514938
v -480.757843 217.437378 141.514938
v -481.433746 217.437378 147.773819
v -463.233490 207.319702 141.514938
v -465.204132 210.733093 136.765808
v -457.392120 217.437378 141.514938
v -465.204132 210.733093 136.765808
v -461.333527 217.437378 136.765808
v -457.392120 217.437378 141.514938
v -457.392120 217.437378 141.514938
v -461.333527 217.437378 136.765808
v -463.233490 227.555054 141.514938
v -461.333527 217.437378 136.765808
v -465.204132 224.141602 136.765808
v -463.233490 227.555054 141.514938
v -463.233490 227.555054 141.514938
v -465.204132 224.141602 136.765808
v -474.916412 227.555054 141.514938
v -465.204132 224.141602 136.765808
v -472.945709 224.141602 136.765808
v -474.916412 227.555054 141.514938
v -474.916412 227.555054 141.514938
v -472.945709 224.141602 136.765808
v -480.757843 217.437378 141.514938
v -472.945709 224.141602 136.765808
v -476.816437 217.437378 136.765808
v -480.757843 217.437378 141.514938
v -480.757843 217.437378 141.514938
v -476.816437 217.437378 136.765808
v -474.916412 207.319702 141.514938
v -476.816437 217.437378 136.765808
v -472.945709 210.733093 136.765808
v -474.916412 207.319702 141.514938
v -474.916412 207.319702 141.514938
v -472.945709 210.733093 136.765808
v -463.233490 207.319702 141.514938
v -472.945709 210.733093 136.765808
v -465.204132 210.733093 136.765808
v -463.233490 207.319702 141.514938
v -461.333527 217.437378 24.435181
v -461.333527 217.437378 136.765808
v -465.204132 210.733093 24.435181
v -461.333527 217.437378 136.765808
v -465.204132 210.733093 136.765808
v -465.204132 210.733093 24.435181
v -465.204132 210.733093 24.435181
v -465.204132 210.733093 136.765808
v -472.945709 210.733093 24.435181
v -465.204132 210.733093 136.765808
v -472.945709 210.733093 136.765808
v -472.945709 210.733093 24.435181
v -472.945709 210.733093 24.435181
v -472.945709 210.733093 136.765808
v -476.816437 217.437378 24.435181
v -472.945709 210.733093 136.765808
v -476.816437 217.437378 136.765808
v -476.816437 217.437378 24.435181
v -461.333527 217.437378 136.765808
v -461.333527 217.437378 24.435181
v -465.204132 224.141602 136.765808
v -461.333527 217.437378 24.435181
v -465.204132 224.141663 24.435181
v -465.204132 224.141602 136.765808
v -465.204132 224.141602 136.765808
v -465.204132 224.141663 24.435181
v -472.945709 224.141602 136.765808
v -465.204132 224.141663 24.435181
v -472.945709 224.141663 24.435181
v -472.945709 224.141602 136.765808
v -472.945709 224.141602 136.765808
v -472.945709 224.141663 24.435181
v -476.816437 217.437378 136.765808
v -472.945709 224.141663 24.435181
v -476.816437 217.437378 24.435181
v -476.816437 217.437378 136.765808
v -459.287262 217.437378 153.192551
v -464.181061 225.913635 153.192551
v -469.074860 217.437378 158.838760
v -653.656250 217.437378 153.192551
v -663.443848 217.437378 158.838760
v -658.550049 208.961060 153.192551
v -658.550049 208.961060 153.192551
v -663.443848 217.437378 158.838760
v -668.337769 208.961060 153.192551
v -663.443848 217.437378 158.838760
v -673.231567 217.437378 153.192551
v -668.337769 208.961060 153.192551
v -673.231567 217.437378 153.192551
v -663.443848 217.437378 158.838760
v -668.337769 225.913635 153.192551
v -663.443848 217.437378 158.838760
v -658.550049 225.913635 153.192551
v -668.337769 225.913635 153.192551
v -657.264526 228.140381 147.773819
v -658.550049 225.913635 153.192551
v -651.085083 217.437378 147.773819
v -658.550049 225.913635 153.192551
v -653.656250 217.437378 153.192551
v -651.085083 217.437378 147.773819
v -463.233490 207.319702 141.514938
v -462.895538 206.734375 147.773819
v -474.916412 207.319702 141.514938
v -462.895538 206.734375 147.773819
v -475.254303 206.734375 147.773819
v -474.916412 207.319702 141.514938
v -474.916412 207.319702 141.514938
v -475.254303 206.734375 147.773819
v -480.757843 217.437378 141.514938
v -475.254303 206.734375 147.773819
v -481.433746 217.437378 147.773819
v -480.757843 217.437378 141.514938
v -481.433746 217.437378 147.773819
v -478.862579 217.437378 153.192551
v -475.254303 228.140381 147.773819
v -478.862579 217.437378 153.192551
v -473.968781 225.913635 153.192551
v -475.254303 228.140381 147.773819
v -464.181061 225.913635 153.192551
v -462.895538 228.140381 147.773819
v -473.968781 225.913635 153.192551
v -462.895538 228.140381 147.773819
v -475.254303 228.140381 147.773819
v -473.968781 225.913635 153.192551
v -462.895538 206.734375 147.773819
v -464.181061 208.961060 153.192551
v -475.254303 206.734375 147.773819
v -464.181061 208.961060 153.192551
v -473.968781 208.961060 153.192551
v -475.254303 206.734375 147.773819
v -475.254303 206.734375 147.773819
v -473.968781 208.961060 153.192551
v -481.433746 217.437378 147.773819
v -473.968781 208.961060 153.192551
v -478.862579 217.437378 153.192551
v -481.433746 217.437378 147.773819
v -651.085083 217.437378 147.773819
v -653.656250 217.437378 153.192551
v -657.264526 206.734375 147.773819
v -653.656250 217.437378 153.192551
v -658.550049 208.961060 153.192551
v -657.264526 206.734375 147.773819
v -657.264526 206.734375 147.773819
v -657.602417 207.319702 141.514938
v -651.085083 217.437378 147.773819
v -657.602417 207.319702 141.514938
v -651.760986 217.437378 141.514938
v -651.085083 217.437378 147.773819
v -651.085083 217.437378 147.773819
v -651.760986 217.437378 141.514938
v -657.264526 228.140381 147.773819
v -651.760986 217.437378 141.514938
v -657.602417 227.555054 141.514938
v -657.264526 228.140381 147.773819
v -657.264526 228.140381 147.773819
v -657.602417 227.555054 141.514938
v -669.623291 228.140381 147.773819
v -657.602417 227.555054 141.514938
v -669.285278 227.555054 141.514938
v -669.623291 228.140381 147.773819
v -669.623291 228.140381 147.773819
v -669.285278 227.555054 141.514938
v -675.802612 217.437378 147.773819
v -669.285278 227.555054 141.514938
v -675.126709 217.437378 141.514938
v -675.802612 217.437378 147.773819
v -657.602417 207.319702 141.514938
v -659.573120 210.733093 136.765808
v -651.760986 217.437378 141.514938
v -659.573120 210.733093 136.765808
v -655.702393 217.437378 136.765808
v -651.760986 217.437378 141.514938
v -651.760986 217.437378 141.514938
v -655.702393 217.437378 136.765808
v -657.602417 227.555054 141.514938
v -655.702393 217.437378 136.765808
v -659.573120 224.141663 136.765808
v -657.602417 227.555054 141.514938
v -657.602417 227.555054 141.514938
v -659.573120 224.141663 136.765808
v -669.285278 227.555054 141.514938
v -659.573120 224.141663 136.765808
v -667.314575 224.141663 136.765808
v -669.285278 227.555054 141.514938
v -669.285278 227.555054 141.514938
v -667.314575 224.141663 136.765808
v -675.126709 217.437378 141.514938
v -667.314575 224.141663 136.765808
v -671.185303 217.437378 136.765808
v -675.126709 217.437378 141.514938
v -675.126709 217.437378 141.514938
v -671.185303 217.437378 136.765808
v -669.285278 207.319702 141.514938
v -671.185303 217.437378 136.765808
v -667.314575 210.733093 136.765808
v -669.285278 207.319702 141.514938
v -669.285278 207.319702 141.514938
v -667.314575 210.733093 136.765808
v -657.602417 207.319702 141.514938
v -667.314575 210.733093 136.765808
v -659.573120 210.733093 136.765808
v -657.602417 207.319702 141.514938
v -655.702393 217.437378 24.435181
v -655.702393 217.437378 136.765808
v -659.573120 210.733093 24.435181
v -655.702393 217.437378 136.765808
v -659.573120 210.733093 136.765808
v -659.573120 210.733093 24.435181
v -659.573120 210.733093 24.435181
v -659.573120 210.733093 136.765808
v -667.314575 210.733093 24.435181
v -659.573120 210.733093 136.765808
v -667.314575 210.733093 136.765808
v -667.314575 210.733093 24.435181
v -667.314575 210.733093 24.435181
v -667.314575 210.733093 136.765808
v -671.185303 217.437378 24.435181
v -667.314575 210.733093 136.765808
v -671.185303 217.437378 136.765808
v -671.185303 217.437378 24.435181
v -655.702393 217.437378 136.765808
v -655.702393 217.437378 24.435181
v -659.573120 224.141663 136.765808
v -655.702393 217.437378 24.435181
v -659.573120 224.141663 24.435181
v -659.573120 224.141663 136.765808
v -659.573120 224.141663 136.765808
v -659.573120 224.141663 24.435181
v -667.314575 224.141663 136.765808
v -659.573120 224.141663 24.435181
v -667.314575 224.141663 24.435181
v -667.314575 224.141663 136.765808
v -667.314575 224.141663 136.765808
v -667.314575 224.141663 24.435181
v -671.185303 217.437378 136.765808
v -667.314575 224.141663 24.435181
v -671.185303 217.437378 24.435181
v -671.185303 217.437378 136.765808
v -653.656250 217.437378 153.192551
v -658.550049 225.913635 153.192551
v -663.443848 217.437378 158.838760
v -664.698608 217.066956 127.947670
v -748.074951 217.066956 127.947670
v -664.698608 217.066956 23.485832
v -664.698608 217.066956 23.485832
v -748.074951 217.066956 127.947670
v -748.074951 217.066956 23.485832
v -748.074951 217.066956 23.485832
v -748.074951 217.066956 127.947670
v -831.451294 217.066956 23.485832
v -748.074951 217.066956 127.947670
v -831.451294 217.066956 127.947670
v -831.451294 217.066956 23.485832
v -657.602417 207.319702 141.514938
v -657.264526 206.734375 147.773819
v -669.285278 207.319702 141.514938
v -657.264526 206.734375 147.773819
v -669.623291 206.734375 147.773819
v -669.285278 207.319702 141.514938
v -669.285278 207.319702 141.514938
v -669.623291 206.734375 147.773819
v -675.126709 217.437378 141.514938
v -669.623291 206.734375 147.773819
v -675.802612 217.437378 147.773819
v -675.126709 217.437378 141.514938
v -675.802612 217.437378 147.773819
v -673.231567 217.437378 153.192551
v -669.623291 228.140381 147.773819
v -673.231567 217.437378 153.192551
v -668.337769 225.913635 153.192551
v -669.623291 228.140381 147.773819
v -658.550049 225.913635 153.192551
v -657.264526 228.140381 147.773819
v -668.337769 225.913635 153.192551
v -657.264526 228.140381 147.773819
v -669.623291 228.140381 147.773819
v -668.337769 225.913635 153.192551
v -657.264526 206.734375 147.773819
v -658.550049 208.961060 153.192551
v -669.623291 206.734375 147.773819
v -658.550049 208.961060 153.192551
v -668.337769 208.961060 153.192551
v -669.623291 206.734375 147.773819
v -669.623291 206.734375 147.773819
v -668.337769 208.961060 153.192551
v -675.802612 217.437378 147.773819
v -668.337769 208.961060 153.192551
v -673.231567 217.437378 153.192551
v -675.802612 217.437378 147.773819
v -822.708130 217.437378 147.773819
v -825.279297 217.437378 153.192551
v -828.887451 206.734375 147.773819
v -825.279297 217.437378 153.192551
v -830.173096 208.961060 153.192551
v -828.887451 206.734375 147.773819
v -825.279297 217.437378 153.192551
v -822.708130 217.437378 147.773819
v -830.173096 225.913635 153.192551
v -822.708130 217.437378 147.773819
v -828.887451 228.140381 147.773819
v -830.173096 225.913635 153.192551
v -830.173096 225.913635 153.192551
v -839.960693 225.913635 153.192551
v -835.066895 217.437378 158.838760
v -835.066895 217.437378 158.838760
v -839.960693 225.913635 153.192551
v -844.854492 217.437378 153.192551
v -844.854492 217.437378 153.192551
v -839.960693 208.961060 153.192551
v -835.066895 217.437378 158.838760
v -839.960693 208.961060 153.192551
v -830.173096 208.961060 153.192551
v -835.066895 217.437378 158.838760
v -835.066895 217.437378 158.838760
v -830.173096 208.961060 153.192551
v -825.279297 217.437378 153.192551
v -829.602295 432.075867 153.192551
v -838.078613 427.182129 158.838730
v -829.602295 422.288330 153.192551
v -829.602295 422.288330 153.192551
v -838.078613 427.182129 158.838730
v -838.078613 417.394531 153.192520
v -838.078613 417.394531 153.192520
v -838.078613 427.182129 158.838730
v -846.554932 422.288330 153.192520
v -838.078613 427.182129 158.838730
v -846.554932 432.075867 153.192551
v -846.554932 422.288330 153.192520
v -828.887451 206.734375 147.773819
v -829.225464 207.319702 141.514938
v -822.708130 217.437378 147.773819
v -829.225464 207.319702 141.514938
v -823.384033 217.437378 141.514938
v -822.708130 217.437378 147.773819
v -822.708130 217.437378 147.773819
v -823.384033 217.437378 141.514938
v -828.887451 228.140381 147.773819
v -823.384033 217.437378 141.514938
v -829.225464 227.555054 141.514938
v -828.887451 228.140381 147.773819
v -828.887451 228.140381 147.773819
v -829.225464 227.555054 141.514938
v -841.246338 228.140381 147.773819
v -829.225464 227.555054 141.514938
v -840.908325 227.555054 141.514938
v -841.246338 228.140381 147.773819
v -841.246338 228.140381 147.773819
v -840.908325 227.555054 141.514938
v -847.425659 217.437378 147.773819
v -840.908325 227.555054 141.514938
v -846.749756 217.437378 141.514938
v -847.425659 217.437378 147.773819
v -829.225464 207.319702 141.514938
v -831.196167 210.733093 136.765808
v -823.384033 217.437378 141.514938
v -831.196167 210.733093 136.765808
v -827.325439 217.437378 136.765808
v -823.384033 217.437378 141.514938
v -823.384033 217.437378 141.514938
v -827.325439 217.437378 136.765808
v -829.225464 227.555054 141.514938
v -827.325439 217.437378 136.765808
v -831.196167 224.141663 136.765808
v -829.225464 227.555054 141.514938
v -829.225464 227.555054 141.514938
v -831.196167 224.141663 136.765808
v -840.908325 227.555054 141.514938
v -831.196167 224.141663 136.765808
v -838.937622 224.141663 136.765808
v -840.908325 227.555054 141.514938
v -840.908325 227.555054 141.514938
v -838.937622 224.141663 136.765808
v -846.749756 217.437378 141.514938
v -838.937622 224.141663 136.765808
v -842.808350 217.437378 136.765808
v -846.749756 217.437378 141.514938
v -846.749756 217.437378 141.514938
v -842.808350 217.437378 136.765808
v -840.908325 207.319702 141.514938
v -842.808350 217.437378 136.765808
v -838.937622 210.733093 136.765808
v -840.908325 207.319702 141.514938
v -840.908325 207.319702 141.514938
v -838.937622 210.733093 136.765808
v -829.225464 207.319702 141.514938
v -838.937622 210.733093 136.765808
v -831.196167 210.733093 136.765808
v -829.225464 207.319702 141.514938
v -827.325439 217.437378 24.435181
v -827.325439 217.437378 136.765808
v -831.196167 210.733093 24.435181
v -827.325439 217.437378 136.765808
v -831.196167 210.733093 136.765808
v -831.196167 210.733093 24.435181
v -827.325439 217.437378 136.765808
v -827.325439 217.437378 24.435181
v -831.196167 224.141663 136.765808
v -827.325439 217.437378 24.435181
v -831.196167 224.141663 24.435181
v -831.196167 224.141663 136.765808
v -831.196167 224.141663 136.765808
v -831.196167 224.141663 24.435181
v -838.937622 224.141663 136.765808
v -831.196167 224.141663 24.435181
v -838.937622 224.141663 24.435181
v -838.937622 224.141663 136.765808
v -838.937622 224.141663 136.765808
v -838.937622 224.141663 24.435181
v -842.808350 217.437378 136.765808
v -838.937622 224.141663 24.435181
v -842.808350 217.437378 24.435181
v -842.808350 217.437378 136.765808
v -829.602295 422.288330 153.192551
v -827.375610 421.002747 147.773788
v -829.602295 432.075867 153.192551
v -827.375610 421.002747 147.773788
v -827.375610 433.361572 147.773788
v -829.602295 432.075867 153.192551
v -829.602295 432.075867 153.192551
v -827.375610 433.361572 147.773788
v -838.078613 436.969727 153.192551
v -827.375610 433.361572 147.773788
v -838.078613 439.540955 147.773788
v -838.078613 436.969727 153.192551
v -838.078613 436.969727 153.192551
v -838.078613 439.540955 147.773788
v -846.554932 432.075867 153.192551
v -838.078613 439.540955 147.773788
v -848.781616 433.361572 147.773788
v -846.554932 432.075867 153.192551
v -846.554932 432.075867 153.192551
v -848.781616 433.361572 147.773788
v -846.554932 422.288330 153.192520
v -848.781616 433.361572 147.773788
v -848.781616 421.002747 147.773788
v -846.554932 422.288330 153.192520
v -848.781616 421.002747 147.773788
v -848.196289 421.340698 141.514938
v -838.078613 414.823364 147.773788
v -848.196289 421.340698 141.514938
v -838.078613 415.499268 141.514938
v -838.078613 414.823364 147.773788
v -838.078613 414.823364 147.773788
v -838.078613 415.499268 141.514938
v -827.375610 421.002747 147.773788
v -838.078613 415.499268 141.514938
v -827.960938 421.340698 141.514938
v -827.375610 421.002747 147.773788
v -827.375610 421.002747 147.773788
v -827.960938 421.340698 141.514938
v -827.375610 433.361572 147.773788
v -827.375610 433.361572 147.773788
v -827.960938 421.340698 141.514938
v -827.960938 433.023560 141.514938
v -827.960938 421.340698 141.514938
v -831.374390 423.311401 136.765808
v -827.960938 433.023560 141.514938
v -831.374390 423.311401 136.765808
v -831.374390 431.052917 136.765808
v -827.960938 433.023560 141.514938
v -827.960938 433.023560 141.514938
v -831.374390 431.052917 136.765808
v -838.078613 438.864990 141.514938
v -831.374390 431.052917 136.765808
v -838.078613 434.923584 136.765808
v -838.078613 438.864990 141.514938
v -838.078613 438.864990 141.514938
v -838.078613 434.923584 136.765808
v -848.196289 433.023560 141.514938
v -838.078613 434.923584 136.765808
v -844.782959 431.052917 136.765808
v -848.196289 433.023560 141.514938
v -848.196289 433.023560 141.514938
v -844.782959 431.052917 136.765808
v -848.196289 421.340698 141.514938
v -844.782959 431.052917 136.765808
v -844.782959 423.311401 136.765808
v -848.196289 421.340698 141.514938
v -848.196289 421.340698 141.514938
v -844.782959 423.311401 136.765808
v -838.078613 415.499268 141.514938
v -844.782959 423.311401 136.765808
v -838.078613 419.440674 136.765808
v -838.078613 415.499268 141.514938
v -838.078613 415.499268 141.514938
v -838.078613 419.440674 136.765808
v -827.960938 421.340698 141.514938
v -838.078613 419.440674 136.765808
v -831.374390 423.311401 136.765808
v -827.960938 421.340698 141.514938
v -825.279297 217.437378 153.192551
v -830.173096 225.913635 153.192551
v -835.066895 217.437378 158.838760
v -829.602295 432.075867 153.192551
v -838.078613 436.969727 153.192551
v -838.078613 427.182129 158.838730
v -838.078613 427.182129 158.838730
v -838.078613 436.969727 153.192551
v -846.554932 432.075867 153.192551
v -837.496216 219.841187 23.485832
v -837.496216 321.618530 23.485825
v -837.496216 219.841187 127.947670
v -837.496216 219.841187 127.947670
v -837.496216 321.618530 23.485825
v -837.496216 321.618530 127.947655
v -837.496216 321.618530 23.485825
v -837.496216 423.395813 23.485817
v -837.496216 321.618530 127.947655
v -837.496216 321.618530 127.947655
v -837.496216 423.395813 23.485817
v -837.496216 423.395813 127.947647
v -837.496216 219.841187 127.947670
v -837.496216 321.618530 127.947655
v -837.496216 219.841187 23.485832
v -837.496216 219.841187 23.485832
v -837.496216 321.618530 127.947655
v -837.496216 321.618530 23.485825
v -837.496216 321.618530 23.485825
v -837.496216 321.618530 127.947655
v -837.496216 423.395813 23.485817
v -837.496216 321.618530 127.947655
v -837.496216 423.395813 127.947647
v -837.496216 423.395813 23.485817
v -827.375610 433.361572 147.773788
v -827.960938 433.023560 141.514938
v -838.078613 439.540955 147.773788
v -827.960938 433.023560 141.514938
v -838.078613 438.864990 141.514938
v -838.078613 439.540955 147.773788
v -838.078613 439.540955 147.773788
v -838.078613 438.864990 141.514938
v -848.781616 433.361572 147.773788
v -838.078613 438.864990 141.514938
v -848.196289 433.023560 141.514938
v -848.781616 433.361572 147.773788
v -848.781616 433.361572 147.773788
v -848.196289 433.023560 141.514938
v -848.781616 421.002747 147.773788
v -848.196289 433.023560 141.514938
v -848.196289 421.340698 141.514938
v -848.781616 421.002747 147.773788
v -831.374390 423.311401 136.765808
v -831.374390 423.311401 24.435181
v -831.374390 431.052917 136.765808
v -831.374390 423.311401 24.435181
v -831.374390 431.052917 24.435173
v -831.374390 431.052917 136.765808
v -831.374390 431.052917 136.765808
v -831.374390 431.052917 24.435173
v -838.078613 434.923584 136.765808
v -831.374390 431.052917 24.435173
v -838.078613 434.923584 24.435173
v -838.078613 434.923584 136.765808
v -838.078613 434.923584 136.765808
v -838.078613 434.923584 24.435173
v -844.782959 431.052917 136.765808
v -838.078613 434.923584 24.435173
v -844.782959 431.052917 24.435173
v -844.782959 431.052917 136.765808
v -827.375610 421.002747 147.773788
v -829.602295 422.288330 153.192551
v -838.078613 414.823364 147.773788
v -829.602295 422.288330 153.192551
v -838.078613 417.394531 153.192520
v -838.078613 414.823364 147.773788
v -838.078613 414.823364 147.773788
v -838.078613 417.394531 153.192520
v -848.781616 421.002747 147.773788
v -838.078613 417.394531 153.192520
v -846.554932 422.288330 153.192520
v -848.781616 421.002747 147.773788
v -829.225464 207.319702 141.514938
v -828.887451 206.734375 147.773819
v -840.908325 207.319702 141.514938
v -828.887451 206.734375 147.773819
v -841.246338 206.734375 147.773819
v -840.908325 207.319702 141.514938
v -840.908325 207.319702 141.514938
v -841.246338 206.734375 147.773819
v -846.749756 217.437378 141.514938
v -841.246338 206.734375 147.773819
v -847.425659 217.437378 147.773819
v -846.749756 217.437378 141.514938
v -847.425659 217.437378 147.773819
v -844.854492 217.437378 153.192551
v -841.246338 228.140381 147.773819
v -844.854492 217.437378 153.192551
v -839.960693 225.913635 153.192551
v -841.246338 228.140381 147.773819
v -830.173096 225.913635 153.192551
v -828.887451 228.140381 147.773819
v -839.960693 225.913635 153.192551
v -828.887451 228.140381 147.773819
v -841.246338 228.140381 147.773819
v -839.960693 225.913635 153.192551
v -828.887451 206.734375 147.773819
v -830.173096 208.961060 153.192551
v -841.246338 206.734375 147.773819
v -830.173096 208.961060 153.192551
v -839.960693 208.961060 153.192551
v -841.246338 206.734375 147.773819
v -831.374390 423.311401 24.435181
v -831.374390 423.311401 136.765808
v -838.078613 419.440674 24.435181
v -831.374390 423.311401 136.765808
v -838.078613 419.440674 136.765808
v -838.078613 419.440674 24.435181
v -838.078613 419.440674 24.435181
v -838.078613 419.440674 136.765808
v -844.782959 423.311401 24.435181
v -838.078613 419.440674 136.765808
v -844.782959 423.311401 136.765808
v -844.782959 423.311401 24.435181
v -844.782959 423.311401 24.435181
v -844.782959 423.311401 136.765808
v -844.782959 431.052917 24.435173
v -844.782959 423.311401 136.765808
v -844.782959 431.052917 136.765808
v -844.782959 431.052917 24.435173
v -831.196167 210.733093 24.435181
v -831.196167 210.733093 136.765808
v -838.937622 210.733093 24.435181
v -831.196167 210.733093 136.765808
v -838.937622 210.733093 136.765808
v -838.937622 210.733093 24.435181
v -826.853149 623.459351 24.823219
v -848.329712 623.459351 24.823219
v -826.853149 445.316162 24.823227
v -848.329712 623.459351 24.823219
v -848.329590 445.316162 24.823227
v -826.853149 445.316162 24.823227
v -826.853149 445.316162 24.823227
v -848.329590 445.316162 24.823227
v -826.853149 228.483398 24.823257
v -848.329590 445.316162 24.823227
v -848.329590 207.006836 24.823265
v -826.853149 228.483398 24.823257
v -837.496216 430.277954 23.485809
v -837.496216 537.648071 23.485794
v -837.496216 430.277954 127.947647
v -837.496216 537.648071 23.485794
v -837.496216 537.648071 127.947632
v -837.496216 430.277954 127.947647
v -837.496216 430.277954 127.947647
v -837.496216 537.648071 127.947632
v -837.496216 430.277954 23.485809
v -837.496216 537.648071 127.947632
v -837.496216 537.648071 23.485794
v -837.496216 430.277954 23.485809
v -838.937622 210.733093 24.435181
v -838.937622 210.733093 136.765808
v -842.808350 217.437378 24.435181
v -838.937622 210.733093 136.765808
v -842.808350 217.437378 136.765808
v -842.808350 217.437378 24.435181
v -841.246338 206.734375 147.773819
v -839.960693 208.961060 153.192551
v -847.425659 217.437378 147.773819
v -839.960693 208.961060 153.192551
v -844.854492 217.437378 153.192551
v -847.425659 217.437378 147.773819
v -848.329590 207.006836 24.823265
v -848.329590 445.316162 24.823227
v -848.329590 207.006836 12.389397
v -848.329590 207.006836 12.389397
v -848.329590 445.316162 24.823227
v -848.329590 445.316162 12.389366
v -848.329590 445.316162 24.823227
v -848.329712 623.459351 24.823219
v -848.329590 445.316162 12.389366
v -848.329590 445.316162 12.389366
v -848.329712 623.459351 24.823219
v -848.329590 623.459351 12.389351
vn -0.0000 0.7695 -0.6386
vn -0.0000 0.9330 -0.3599
vn 0.6664 0.3848 -0.6387
vn 0.8080 0.4665 -0.3599
vn 0.6664 0.3848 -0.6386
vn 0.6664 0.3847 -0.6386
vn 0.6664 -0.3847 -0.6386
vn 0.8080 -0.4665 -0.3599
vn 0.6664 -0.3847 -0.6387
vn 0.6664 -0.3848 -0.6387
vn -0.0000 -0.7695 -0.6387
vn -0.0000 -0.9330 -0.3599
vn -0.0000 -0.7695 -0.6386
vn -0.6664 -0.3848 -0.6386
vn -0.8080 -0.4665 -0.3599
vn -0.6664 -0.3848 -0.6387
vn -0.8080 -0.4665 -0.3600
vn -0.6664 0.3848 -0.6386
vn -0.8080 0.4665 -0.3599
vn -0.6664 0.3847 -0.6387
vn -0.8556 0.4940 0.1543
vn -0.0000 0.9330 -0.3600
vn -0.8557 0.4940 0.1542
vn -0.0000 0.9880 0.1542
vn -0.0000 0.9880 0.1543
vn 0.8556 0.4940 0.1543
vn 0.8557 0.4940 0.1542
vn 0.8557 -0.4940 0.1542
vn 0.8557 -0.4940 0.1543
vn -0.0000 -0.9880 0.1542
vn -0.8557 -0.4940 0.1542
vn -0.8556 -0.4940 0.1543
vn -0.6700 0.3868 0.6336
vn -0.6700 0.3869 0.6336
vn -0.0000 0.7737 0.6336
vn -0.0000 -0.0000 1.0000
vn 0.0001 -0.0000 1.0000
vn 0.6700 0.3869 0.6336
vn 0.6700 -0.3869 0.6336
vn -0.0000 -0.7737 0.6336
vn -0.6700 -0.3869 0.6336
vn -0.0000 -0.9880 0.1543
vn -0.0000 -0.7736 0.6336
vn -0.6700 -0.3868 0.6336
vn -0.8557 -0.4940 0.1543
vn -0.8557 0.4940 0.1543
vn -0.6664 0.3848 -0.6387
vn -0.0000 0.7695 -0.6387
vn 0.6664 -0.3848 -0.6386
vn -0.0000 -0.9330 -0.3600
vn -0.6664 -0.3847 -0.6387
vn -0.8556 0.4941 0.1542
vn 0.8556 -0.4940 0.1543
vn -0.6664 0.3847 -0.6386
vn 0.6664 0.3847 -0.6387
vn -0.8080 0.4665 -0.3600
vn 0.0001 -0.9880 0.1542
vn 0.8080 0.4665 -0.3600
vn 0.6700 0.3868 0.6336
vn 0.6700 -0.3868 0.6336
vn -0.0000 -0.0001 1.0000
vn -0.0000 0.0001 1.0000
vn -0.8556 -0.4940 0.1542
vn -0.6701 -0.3868 0.6335
vn 0.6701 -0.3868 0.6335
vn -0.0000 -1.0000 -0.0000
vn 0.8556 0.4940 0.1542
vn 0.6701 0.3868 0.6335
vn 0.8557 0.4940 0.1543
vn 0.0001 0.9330 -0.3599
vn -0.6664 -0.3847 -0.6386
vn 0.7071 -0.7071 -0.0003
vn 1.0000 -0.0000 -0.0000
vn 0.7071 -0.7071 -0.0000
vn 0.7071 -0.7071 -0.0001
vn -0.0001 -0.0000 1.0000
vn 0.0001 0.7737 0.6336
vn 0.6701 -0.3868 0.6336
vn -0.0001 -0.7736 0.6336
vn 0.8660 -0.5000 -0.0000
vn 0.8660 0.5000 -0.0000
vn -0.0000 1.0000 -0.0000
vn -0.0000 1.0000 -0.0001
vn -0.8660 0.5000 -0.0000
vn -0.8660 0.5000 -0.0001
vn 0.8660 0.5000 -0.0001
vn 0.8660 -0.5000 0.0001
vn -0.8660 0.5000 -0.0003
vn 0.8660 0.5000 0.0001
vn 0.9880 -0.0000 0.1543
vn 0.7737 -0.0000 0.6336
vn 0.4940 -0.8556 0.1542
vn 0.3868 -0.6700 0.6336
vn 0.4940 -0.8556 0.1543
vn 0.9880 -0.0000 0.1542
vn 0.3868 0.6700 0.6336
vn 0.4940 0.8556 0.1543
vn 0.3869 0.6700 0.6336
vn -0.3869 0.6700 0.6336
vn -0.3868 0.6700 0.6336
vn -0.7737 -0.0000 0.6336
vn -0.3868 -0.6700 0.6336
vn -0.3869 -0.6700 0.6336
vn 0.3869 -0.6700 0.6336
vn -0.0000 -1.0000 0.0001
vn -0.8660 -0.5000 -0.0000
vn -0.0000 -1.0000 0.0002
vn -0.8660 -0.5000 0.0001
vn 0.8660 -0.5000 -0.0001
vn 0.4940 -0.8557 0.1542
vn 0.4665 -0.8080 -0.3599
vn 0.9330 -0.0000 -0.3599
vn 0.9330 -0.0000 -0.3600
vn 0.4940 0.8557 0.1542
vn 0.9330 -0.0000 -0.3598
vn 0.4665 0.8080 -0.3599
vn 0.4940 0.8557 0.1543
vn -0.4940 0.8557 0.1542
vn -0.4665 0.8080 -0.3599
vn -0.4665 0.8080 -0.3600
vn -0.9880 -0.0000 0.1542
vn -0.9330 -0.0000 -0.3599
vn -0.9880 -0.0000 0.1543
vn 0.4665 -0.8080 -0.3600
vn 0.3847 -0.6664 -0.6387
vn 0.3848 -0.6664 -0.6387
vn 0.7695 -0.0000 -0.6386
vn 0.7695 -0.0000 -0.6387
vn 0.3847 0.6664 -0.6387
vn -0.3848 0.6664 -0.6386
vn -0.3847 0.6664 -0.6387
vn -0.7695 -0.0000 -0.6387
vn -0.7695 -0.0000 -0.6386
vn -0.4665 -0.8080 -0.3599
vn -0.3847 -0.6664 -0.6387
vn -0.3848 -0.6664 -0.6386
vn 0.3848 -0.6664 -0.6386
vn 0.5000 -0.8660 -0.0000
vn 0.5000 0.8660 -0.0000
vn -0.5000 0.8660 -0.0000
vn -1.0000 -0.0000 -0.0000
vn -0.4940 -0.8557 0.1542
vn -0.4665 -0.8080 -0.3600
vn -0.4940 0.8557 0.1543
vn -0.4940 0.8556 0.1543
vn 0.4940 -0.8557 0.1543
vn -0.4940 -0.8557 0.1543
vn -0.5000 -0.8660 -0.0000
vn -0.6665 -0.3847 -0.6386
vn -0.0001 -0.7695 -0.6386
vn 0.7071 -0.7071 -0.0002
vn 0.4665 0.8080 -0.3600
vn 0.3848 0.6664 -0.6386
vn -0.3848 0.6664 -0.6387
vn 0.5000 0.8660 -0.0002
vn -0.5000 0.8660 -0.0001
vn -0.5000 -0.8660 0.0001
vn 1.0000 -0.0000 0.0002
vn -0.7071 -0.7071 -0.0000
vn -0.7071 -0.7071 0.0002
vn -0.7736 -0.0000 0.6336
vn 0.7736 -0.0000 0.6336
vn 0.5000 -0.8660 -0.0001
vn 0.5000 0.8660 0.0001
vn -0.4940 -0.8556 0.1543
vn -0.9880 -0.0001 0.1542
vn -0.9330 -0.0000 -0.3600
vn 0.3848 0.6664 -0.6387
vn -0.4940 0.8556 0.1542
vn 0.3869 0.6700 0.6335
vn 0.4665 -0.8080 -0.3598
vn 0.6701 0.3868 0.6336
vn -0.0000 0.7736 0.6336
vn -0.6700 -0.3869 0.6335
vn 0.8080 -0.4665 -0.3598
vn 0.8080 -0.4665 -0.3600
vn -0.0001 0.9880 0.1542
vn -0.8080 0.4665 -0.3598
vn -0.9330 -0.0000 -0.3598
vn -0.7737 -0.0000 0.6335
vn -0.0000 -1.0000 -0.0001
vn -0.8660 -0.5000 -0.0001
vn -0.8660 0.5000 0.0001
vn -0.7071 -0.7071 -0.0002
vn -0.7071 -0.7071 0.0001
vt 0.808871 0.863588
vt 0.843277 0.882214
vt 0.808871 0.790421
vt 0.843277 0.771794
vt 0.808871 0.726196
vt 0.843277 0.711064
vt 0.843277 0.771794
vt 0.808871 0.927479
vt 0.843277 0.942944
vt 0.888621 0.950820
vt 0.888621 0.888912
vt 0.888621 0.765096
vt 0.888621 0.703188
vt 0.927878 0.925061
vt 0.927878 0.876033
vt 0.998447 0.827004
vt 0.927878 0.777975
vt 0.927878 0.728947
vt 0.927878 0.777975
vt 0.927878 0.876033
vt 0.996008 0.403121
vt 0.029376 0.403121
vt 0.996008 0.638831
vt 0.029376 0.638831
vt 0.996008 0.403121
vt 0.996008 0.638831
vt 0.029376 0.403121
vt 0.029376 0.638831
vt 0.029376 0.638831
vt 0.029376 0.403121
vt 0.996008 0.403121
vt 5.256563 0.055532
vt 4.298585 0.055532
vt 5.256563 0.005549
vt 4.298585 0.005549
vt 3.582470 0.005549
vt 3.582470 0.055532
vt 2.866354 0.055532
vt 2.866354 0.005549
vt 2.150238 0.055532
vt 2.150238 0.005549
vt 1.434122 0.055532
vt 1.434122 0.005549
vt 0.718005 0.055532
vt 0.718005 0.005549
vt 0.003523 0.055532
vt 0.003523 0.005549
vt 0.809058 0.926453
vt 0.010272 0.926453
vt 0.809058 0.863660
vt 0.010272 0.863660
vt 0.809058 0.791843
vt 0.010272 0.791843
vt 0.809058 0.728884
vt 0.010272 0.728884
vt 0.010272 0.926536
vt 0.809058 0.926536
vt 0.010272 0.863577
vt 0.809058 0.863577
vt 0.010272 0.791760
vt 0.809058 0.791760
vt 0.010272 0.728967
vt 0.809058 0.728967
vt 0.996008 0.167411
vt 0.029376 0.167411
vt 0.001127 0.151304
vt 0.958180 0.151304
vt 0.087377 0.065054
vt 0.958180 0.065054
vt 1.673604 0.151304
vt 1.673604 0.065054
vt 2.389030 0.151304
vt 2.389030 0.065054
vt 3.104454 0.151304
vt 3.104454 0.065054
vt 3.819879 0.151304
vt 3.819879 0.065054
vt 4.535304 0.151304
vt 4.535304 0.065053
vt 5.251248 0.151304
vt 5.251248 0.065054
vt 0.002574 0.150919
vt 0.089069 0.064424
vt 0.714822 0.150919
vt 0.714822 0.064424
vt 1.207986 0.150919
vt 1.207986 0.064424
vt 1.701149 0.150919
vt 1.701149 0.064424
vt 1.932052 0.150919
vt 1.932052 0.064424
vt 2.007631 0.056559
vt 1.267483 0.056559
vt 2.007631 0.004521
vt 1.267483 0.004521
vt 0.755002 0.056559
vt 0.755002 0.004521
vt 0.242521 0.056559
vt 0.242521 0.004521
vt 0.003523 0.056559
vt 0.003523 0.004521
vt 0.996008 0.638464
vt 0.029376 0.638464
vt 0.996008 0.167608
vt 0.029376 0.167608
vt 3.274284 0.056238
vt 3.009095 0.056238
vt 3.274284 0.004842
vt 3.009095 0.004842
vt 2.502927 0.056238
vt 2.502927 0.004842
vt 1.996758 0.056238
vt 1.996758 0.004842
vt 1.861609 0.056238
vt 1.861609 0.004842
vt 1.728918 0.056238
vt 1.728918 0.004842
vt 1.222749 0.056238
vt 1.222749 0.004842
vt 0.716581 0.056238
vt 0.716581 0.004842
vt 0.003523 0.056238
vt 0.003523 0.004842
vt 3.147965 0.064957
vt 2.892772 0.064957
vt 3.147965 0.150386
vt 2.892772 0.150386
vt 2.405684 0.064957
vt 2.405684 0.150386
vt 1.918594 0.064957
vt 1.918594 0.150386
vt 1.788540 0.064957
vt 1.788540 0.150386
vt 1.660851 0.064957
vt 1.660851 0.150386
vt 1.173761 0.064957
vt 1.173761 0.150386
vt 0.686673 0.064957
vt 0.686673 0.150386
vt 0.087494 0.064957
vt 0.002065 0.150386
vt 1.673604 0.065054
vt 1.673604 0.151304
vt 0.958180 0.065054
vt 0.958180 0.151304
vt 0.087377 0.065054
vt 0.001127 0.151304
vt 5.256563 0.055532
s 1
usemtl Material__62.001
f 10204/2182/1285 10205/2183/1286 10206/2184/1287
f 10207/2183/1286 10208/2185/1288 10209/2184/1289
f 10210/2184/1290 10211/2185/1288 10212/2186/1291
f 10213/2185/1288 10214/2187/1292 10215/2186/1293
f 10216/2186/1294 10217/2187/1292 10218/2184/1295
f 10219/2187/1292 10220/2188/1296 10221/2184/1295
f 10222/2184/1297 10223/2188/1296 10224/2182/1298
f 10225/2188/1296 10226/2183/1299 10227/2182/1300
f 10228/2182/1298 10229/2183/1301 10230/2189/1302
f 10231/2183/1299 10232/2190/1303 10233/2189/1304
f 10234/2189/1302 10235/2190/1303 10236/2182/1285
f 10237/2182/1285 10238/2190/1303 10239/2183/1286
f 10240/2190/1303 10241/2191/1305 10242/2183/1306
f 10243/2191/1307 10244/2192/1308 10245/2183/1286
f 10246/2183/1286 10247/2192/1308 10248/2185/1288
f 10249/2192/1309 10250/2193/1310 10251/2185/1288
f 10252/2185/1288 10253/2193/1310 10254/2187/1292
f 10255/2193/1311 10256/2194/1312 10257/2187/1292
f 10258/2187/1292 10259/2194/1313 10260/2188/1296
f 10261/2194/1312 10262/2193/1314 10263/2188/1296
f 10264/2188/1296 10265/2193/1314 10266/2183/1299
f 10267/2193/1314 10268/2192/1315 10269/2183/1299
f 10270/2183/1299 10271/2192/1316 10272/2190/1303
f 10273/2192/1315 10274/2191/1307 10275/2190/1303
f 10276/2191/1305 10277/2195/1317 10278/2192/1309
f 10279/2192/1308 10280/2195/1318 10281/2196/1319
f 10282/2195/1318 10283/2197/1320 10284/2196/1319
f 10285/2196/1319 10286/2197/1321 10287/2198/1322
f 10288/2197/1320 10289/2199/1323 10290/2198/1322
f 10291/2199/1323 10292/2197/1320 10293/2200/1324
f 10294/2200/1324 10295/2197/1320 10296/2201/1325
f 10297/2197/1320 10298/2195/1318 10299/2201/1325
f 10300/2193/1326 10301/2200/1327 10302/2192/1316
f 10303/2200/1324 10304/2201/1328 10305/2192/1329
f 10306/2192/1329 10307/2201/1328 10308/2191/1330
f 10309/2201/1325 10310/2195/1317 10311/2191/1330
f 10312/2189/1331 10313/2190/1303 10314/2182/1332
f 10315/2190/1303 10316/2183/1286 10317/2182/1332
f 10318/2182/1285 10319/2183/1286 10320/2184/1287
f 10321/2183/1286 10322/2185/1288 10323/2184/1289
f 10324/2184/1289 10325/2185/1288 10326/2186/1333
f 10327/2185/1288 10328/2187/1292 10329/2186/1293
f 10330/2186/1333 10331/2187/1292 10332/2184/1297
f 10333/2187/1292 10334/2188/1296 10335/2184/1297
f 10336/2184/1297 10337/2188/1296 10338/2182/1300
f 10339/2188/1334 10340/2183/1299 10341/2182/1298
f 10342/2182/1335 10343/2183/1299 10344/2189/1304
f 10345/2189/1302 10346/2183/1299 10347/2190/1303
f 10348/2183/1301 10349/2192/1315 10350/2190/1303
f 10351/2192/1329 10352/2191/1336 10353/2190/1303
f 10354/2190/1303 10355/2191/1307 10356/2183/1286
f 10357/2191/1307 10358/2192/1308 10359/2183/1286
f 10360/2183/1286 10361/2192/1308 10362/2185/1288
f 10363/2192/1308 10364/2193/1311 10365/2185/1288
f 10366/2185/1288 10367/2193/1310 10368/2187/1292
f 10369/2193/1311 10370/2194/1312 10371/2187/1292
f 10372/2187/1292 10373/2194/1312 10374/2188/1296
f 10375/2194/1337 10376/2193/1314 10377/2188/1296
f 10378/2188/1296 10379/2193/1326 10380/2183/1299
f 10381/2193/1314 10382/2192/1315 10383/2183/1301
f 10384/2189/1338 10385/2190/1303 10386/2182/1332
f 10387/2190/1303 10388/2183/1286 10389/2182/1332
f 10390/2182/1332 10391/2183/1286 10392/2184/1339
f 10393/2183/1286 10394/2185/1288 10395/2184/1289
f 10396/2184/1290 10397/2185/1288 10398/2186/1293
f 10399/2185/1288 10400/2187/1292 10401/2186/1333
f 10402/2186/1333 10403/2187/1292 10404/2184/1295
f 10405/2187/1292 10406/2188/1296 10407/2184/1297
f 10408/2184/1297 10409/2188/1296 10410/2182/1300
f 10411/2188/1296 10412/2183/1299 10413/2182/1300
f 10414/2182/1335 10415/2183/1299 10416/2189/1304
f 10417/2189/1302 10418/2183/1299 10419/2190/1303
f 10420/2183/1299 10421/2192/1315 10422/2190/1303
f 10423/2190/1340 10424/2192/1315 10425/2191/1307
f 10426/2192/1315 10427/2183/1299 10428/2193/1341
f 10429/2183/1299 10430/2188/1296 10431/2193/1314
f 10432/2193/1314 10433/2188/1296 10434/2194/1312
f 10435/2188/1334 10436/2187/1292 10437/2194/1337
f 10438/2194/1312 10439/2187/1292 10440/2193/1311
f 10441/2187/1292 10442/2185/1288 10443/2193/1311
f 10444/2193/1311 10445/2185/1288 10446/2192/1308
f 10447/2185/1342 10448/2183/1286 10449/2192/1309
f 10450/2192/1308 10451/2183/1286 10452/2191/1305
f 10453/2183/1286 10454/2190/1303 10455/2191/1307
f 10456/2191/1330 10457/2195/1317 10458/2192/1308
f 10459/2195/1317 10460/2196/1319 10461/2192/1309
f 10462/2192/1309 10463/2196/1319 10464/2193/1311
f 10465/2196/1319 10466/2198/1322 10467/2193/1310
f 10468/2192/1309 10469/2196/1319 10470/2193/1311
f 10471/2196/1319 10472/2198/1343 10473/2193/1310
f 10474/2193/1310 10475/2198/1343 10476/2194/1312
f 10477/2198/1322 10478/2199/1344 10479/2194/1313
f 10480/2194/1337 10481/2199/1344 10482/2193/1314
f 10483/2199/1344 10484/2200/1324 10485/2193/1326
f 10486/2201/1328 10487/2200/1324 10488/2197/1320
f 10489/2200/1324 10490/2199/1344 10491/2197/1320
f 10492/2197/1345 10493/2199/1323 10494/2198/1322
f 10495/2198/1322 10496/2196/1319 10497/2197/1320
f 10498/2196/1319 10499/2195/1318 10500/2197/1320
f 10501/2197/1346 10502/2195/1318 10503/2201/1328
f 10504/2195/1317 10505/2191/1330 10506/2201/1325
f 10507/2191/1307 10508/2192/1347 10509/2201/1348
f 10510/2201/1325 10511/2192/1316 10512/2200/1324
f 10513/2192/1329 10514/2193/1326 10515/2200/1324
f 10516/2200/1327 10517/2193/1326 10518/2199/1323
f 10519/2193/1314 10520/2194/1312 10521/2199/1349
f 10522/2199/1344 10523/2194/1313 10524/2198/1322
f 10525/2194/1312 10526/2193/1311 10527/2198/1343
f 10528/2198/1343 10529/2193/1311 10530/2196/1319
f 10531/2193/1310 10532/2192/1309 10533/2196/1319
f 10534/2196/1319 10535/2192/1308 10536/2195/1317
f 10537/2192/1308 10538/2191/1330 10539/2195/1317
s 0
f 10540/2202/1350 10541/2203/1350 10542/2204/1350
f 10543/2203/1350 10544/2205/1350 10545/2204/1350
f 10546/2206/1350 10547/2207/1350 10548/2208/1350
f 10549/2207/1350 10550/2209/1350 10551/2208/1350
f 10552/2208/1350 10553/2209/1350 10554/2206/1350
f 10555/2209/1350 10556/2207/1350 10557/2206/1350
f 10558/2210/1350 10559/2211/1350 10560/2207/1350
f 10561/2211/1350 10562/2212/1350 10563/2207/1350
s 1
f 10564/2193/1351 10565/2198/1343 10566/2194/1312
f 10567/2198/1322 10568/2199/1344 10569/2194/1313
f 10570/2194/1312 10571/2199/1344 10572/2193/1326
f 10573/2199/1344 10574/2200/1324 10575/2193/1314
f 10576/2193/1326 10577/2200/1324 10578/2192/1316
f 10579/2200/1324 10580/2201/1328 10581/2192/1315
f 10582/2192/1316 10583/2201/1328 10584/2191/1307
f 10585/2201/1325 10586/2195/1317 10587/2191/1307
f 10588/2193/1351 10589/2198/1352 10590/2194/1312
f 10591/2198/1322 10592/2199/1344 10593/2194/1312
f 10594/2194/1313 10595/2199/1344 10596/2193/1314
f 10597/2199/1344 10598/2200/1324 10599/2193/1314
f 10600/2193/1314 10601/2200/1324 10602/2192/1329
f 10603/2200/1327 10604/2201/1328 10605/2192/1347
f 10606/2192/1315 10607/2201/1328 10608/2191/1307
f 10609/2201/1325 10610/2195/1317 10611/2191/1307
f 10612/2191/1330 10613/2195/1318 10614/2192/1308
f 10615/2195/1317 10616/2196/1319 10617/2192/1308
f 10618/2192/1309 10619/2196/1319 10620/2193/1353
f 10621/2196/1319 10622/2198/1322 10623/2193/1353
f 10624/2198/1322 10625/2196/1319 10626/2197/1320
f 10627/2183/1299 10628/2190/1303 10629/2189/1304
f 10630/2189/1304 10631/2190/1303 10632/2182/1332
f 10633/2190/1303 10634/2183/1286 10635/2182/1332
f 10636/2182/1332 10637/2183/1354 10638/2184/1339
f 10639/2183/1286 10640/2185/1288 10641/2184/1287
f 10642/2184/1290 10643/2185/1288 10644/2186/1333
f 10645/2185/1288 10646/2187/1292 10647/2186/1333
f 10648/2186/1333 10649/2187/1292 10650/2184/1297
f 10651/2187/1292 10652/2188/1296 10653/2184/1297
f 10654/2184/1297 10655/2188/1296 10656/2182/1335
f 10657/2188/1296 10658/2183/1299 10659/2182/1298
f 10660/2182/1355 10661/2183/1299 10662/2189/1302
f 10663/2213/1356 10664/2214/1357 10665/2215/1358
f 10666/2215/1359 10667/2214/1357 10668/2216/1357
s 0
f 10669/2216/1357 10670/2214/1357 10671/2217/1357
f 10672/2214/1357 10673/2218/1357 10674/2217/1357
f 10675/2218/1357 10676/2219/1357 10677/2217/1357
f 10678/2217/1357 10679/2219/1357 10680/2220/1357
f 10681/2219/1357 10682/2221/1357 10683/2220/1357
f 10684/2220/1357 10685/2221/1357 10686/2222/1357
f 10687/2221/1357 10688/2223/1357 10689/2222/1357
f 10690/2222/1357 10691/2223/1357 10692/2224/1357
f 10693/2223/1357 10694/2225/1357 10695/2224/1357
f 10696/2224/1357 10697/2225/1357 10698/2226/1357
f 10699/2225/1357 10700/2227/1357 10701/2226/1357
f 10702/2226/1357 10703/2227/1357 10704/2228/1357
s 1
f 10705/2198/1343 10706/2197/1320 10707/2199/1344
f 10708/2199/1323 10709/2197/1360 10710/2200/1324
f 10711/2200/1324 10712/2197/1320 10713/2201/1328
f 10714/2197/1320 10715/2195/1318 10716/2201/1325
f 10717/2195/1318 10718/2197/1360 10719/2196/1319
f 10720/2197/1320 10721/2198/1322 10722/2196/1361
f 10723/2193/1310 10724/2198/1322 10725/2194/1312
f 10726/2198/1322 10727/2199/1344 10728/2194/1313
f 10729/2194/1312 10730/2199/1362 10731/2193/1326
f 10732/2199/1323 10733/2200/1324 10734/2193/1314
f 10735/2193/1326 10736/2200/1324 10737/2192/1329
f 10738/2200/1363 10739/2201/1328 10740/2192/1315
f 10741/2192/1329 10742/2201/1328 10743/2191/1330
f 10744/2201/1325 10745/2195/1317 10746/2191/1330
f 10747/2191/1305 10748/2195/1318 10749/2192/1308
f 10750/2195/1317 10751/2196/1319 10752/2192/1308
f 10753/2192/1309 10754/2196/1319 10755/2193/1311
f 10756/2196/1319 10757/2198/1322 10758/2193/1310
f 10759/2229/1364 10760/2230/1364 10761/2231/1365
f 10762/2230/1364 10763/2232/1365 10764/2231/1365
f 10765/2231/1365 10766/2232/1365 10767/2233/1366
f 10768/2232/1365 10769/2234/1366 10770/2233/1367
f 10771/2233/1366 10772/2234/1366 10773/2235/1368
f 10774/2234/1366 10775/2236/1368 10776/2235/1369
f 10777/2229/1364 10778/2230/1364 10779/2231/1365
f 10780/2230/1364 10781/2232/1365 10782/2231/1370
f 10783/2231/1365 10784/2232/1365 10785/2233/1366
f 10786/2232/1365 10787/2234/1366 10788/2233/1367
f 10789/2233/1366 10790/2234/1366 10791/2235/1368
f 10792/2234/1366 10793/2236/1368 10794/2235/1369
f 10795/2229/1364 10796/2230/1364 10797/2231/1365
f 10798/2230/1364 10799/2232/1365 10800/2231/1365
f 10801/2231/1365 10802/2232/1365 10803/2233/1366
f 10804/2232/1365 10805/2234/1366 10806/2233/1367
f 10807/2233/1366 10808/2234/1366 10809/2235/1368
f 10810/2234/1366 10811/2236/1368 10812/2235/1369
f 10813/2229/1364 10814/2230/1371 10815/2231/1365
f 10816/2230/1364 10817/2232/1365 10818/2231/1370
f 10819/2231/1365 10820/2232/1365 10821/2233/1366
f 10822/2232/1365 10823/2234/1366 10824/2233/1366
f 10825/2233/1366 10826/2234/1366 10827/2235/1372
f 10828/2234/1366 10829/2236/1368 10830/2235/1368
f 10831/2229/1364 10832/2230/1364 10833/2231/1365
f 10834/2230/1364 10835/2232/1365 10836/2231/1365
f 10837/2231/1365 10838/2232/1373 10839/2233/1366
f 10840/2232/1365 10841/2234/1366 10842/2233/1367
f 10843/2233/1366 10844/2234/1366 10845/2235/1368
f 10846/2234/1366 10847/2236/1368 10848/2235/1368
f 10849/2194/1374 10850/2199/1375 10851/2193/1376
f 10852/2199/1375 10853/2200/1377 10854/2193/1378
f 10855/2199/1375 10856/2194/1379 10857/2198/1380
f 10858/2194/1379 10859/2193/1381 10860/2198/1380
f 10861/2198/1382 10862/2196/1383 10863/2197/1321
f 10864/2197/1320 10865/2196/1384 10866/2195/1385
f 10867/2195/1385 10868/2201/1386 10869/2197/1320
f 10870/2201/1387 10871/2200/1388 10872/2197/1320
f 10873/2197/1320 10874/2200/1377 10875/2199/1375
f 10876/2198/1343 10877/2197/1345 10878/2199/1344
f 10879/2199/1344 10880/2197/1360 10881/2200/1324
f 10882/2197/1320 10883/2201/1325 10884/2200/1324
f 10885/2201/1328 10886/2197/1320 10887/2195/1317
f 10888/2197/1320 10889/2196/1319 10890/2195/1318
f 10891/2237/1364 10892/2238/1364 10893/2239/1350
f 10894/2238/1364 10895/2240/1350 10896/2239/1389
f 10897/2239/1350 10898/2240/1350 10899/2241/1390
f 10900/2240/1391 10901/2242/1390 10902/2241/1390
f 10903/2241/1390 10904/2242/1390 10905/2243/1368
f 10906/2242/1390 10907/2244/1368 10908/2243/1368
f 10909/2237/1364 10910/2238/1364 10911/2239/1350
f 10912/2238/1364 10913/2240/1350 10914/2239/1389
f 10915/2239/1350 10916/2240/1350 10917/2241/1390
f 10918/2240/1350 10919/2242/1390 10920/2241/1390
f 10921/2241/1390 10922/2242/1390 10923/2243/1368
f 10924/2242/1390 10925/2244/1368 10926/2243/1368
f 10927/2237/1364 10928/2238/1364 10929/2239/1350
f 10930/2238/1364 10931/2240/1350 10932/2239/1389
f 10933/2239/1350 10934/2240/1350 10935/2241/1390
f 10936/2240/1350 10937/2242/1390 10938/2241/1392
f 10939/2241/1390 10940/2242/1390 10941/2243/1368
f 10942/2242/1390 10943/2244/1368 10944/2243/1368
f 10945/2237/1364 10946/2238/1364 10947/2239/1350
f 10948/2238/1364 10949/2240/1350 10950/2239/1389
f 10951/2239/1350 10952/2240/1350 10953/2241/1390
f 10954/2240/1350 10955/2242/1390 10956/2241/1390
f 10957/2241/1390 10958/2242/1390 10959/2243/1368
f 10960/2242/1390 10961/2244/1368 10962/2243/1368
f 10963/2237/1364 10964/2238/1393 10965/2239/1350
f 10966/2238/1364 10967/2240/1350 10968/2239/1389
f 10969/2239/1350 10970/2240/1350 10971/2241/1390
f 10972/2240/1350 10973/2242/1390 10974/2241/1390
f 10975/2241/1390 10976/2242/1390 10977/2243/1368
f 10978/2242/1390 10979/2244/1368 10980/2243/1368
f 10981/2193/1394 10982/2188/1395 10983/2194/1379
f 10984/2188/1395 10985/2187/1396 10986/2194/1374
f 10987/2194/1379 10988/2187/1397 10989/2193/1398
f 10990/2187/1399 10991/2185/1400 10992/2193/1401
f 10993/2193/1398 10994/2185/1400 10995/2192/1402
f 10996/2185/1400 10997/2183/1403 10998/2192/1402
f 10999/2192/1402 11000/2183/1404 11001/2191/1405
f 11002/2183/1403 11003/2190/1406 11004/2191/1407
f 11005/2188/1408 11006/2184/1409 11007/2187/1396
f 11008/2184/1410 11009/2186/1411 11010/2187/1396
f 11011/2187/1396 11012/2186/1412 11013/2185/1400
f 11014/2186/1412 11015/2184/1413 11016/2185/1400
f 11017/2185/1400 11018/2184/1413 11019/2183/1403
f 11020/2184/1413 11021/2182/1414 11022/2183/1403
f 11023/2183/1403 11024/2182/1414 11025/2190/1406
f 11026/2182/1415 11027/2189/1416 11028/2190/1406
f 11029/2190/1406 11030/2189/1417 11031/2183/1418
f 11032/2189/1416 11033/2182/1419 11034/2183/1418
f 11035/2183/1418 11036/2182/1420 11037/2188/1395
f 11038/2182/1419 11039/2184/1421 11040/2188/1395
f 11041/2237/1357 11042/2238/1357 11043/2239/1422
f 11044/2238/1357 11045/2240/1422 11046/2239/1422
f 11047/2229/1357 11048/2230/1357 11049/2231/1423
f 11050/2230/1357 11051/2232/1423 11052/2231/1423
f 11053/2231/1423 11054/2232/1423 11055/2233/1424
f 11056/2232/1423 11057/2234/1424 11058/2233/1424
f 11059/2233/1424 11060/2234/1424 11061/2235/1425
f 11062/2234/1424 11063/2236/1425 11064/2235/1425
f 11065/2199/1375 11066/2198/1382 11067/2197/1320
f 11068/2198/1343 11069/2197/1320 11070/2199/1344
f 11071/2199/1323 11072/2197/1320 11073/2200/1324
f 11074/2200/1324 11075/2197/1320 11076/2201/1325
f 11077/2197/1346 11078/2195/1317 11079/2201/1328
f 11080/2195/1318 11081/2197/1321 11082/2196/1319
f 11083/2197/1320 11084/2198/1322 11085/2196/1319
s 0
f 11086/2207/1357 11087/2245/1357 11088/2209/1357
f 11089/2245/1357 11090/2246/1357 11091/2209/1357
f 11092/2246/1357 11093/2245/1357 11094/2209/1357
f 11095/2209/1357 11096/2245/1357 11097/2207/1357
f 11098/2247/1320 11099/2248/1320 11100/2249/1320
f 11101/2249/1320 11102/2248/1320 11103/2250/1320
f 11104/2248/1320 11105/2251/1320 11106/2250/1320
f 11107/2250/1320 11108/2251/1320 11109/2252/1320
f 11110/2251/1320 11111/2253/1320 11112/2252/1320
f 11113/2252/1320 11114/2253/1320 11115/2254/1320
f 11116/2253/1320 11117/2255/1320 11118/2254/1320
f 11119/2254/1320 11120/2255/1320 11121/2256/1320
f 11122/2255/1320 11123/2257/1320 11124/2256/1320
f 11125/2256/1320 11126/2257/1320 11127/2258/1320
f 11128/2257/1320 11129/2259/1320 11130/2258/1320
f 11131/2258/1320 11132/2259/1320 11133/2260/1320
f 11134/2259/1320 11135/2261/1320 11136/2260/1320
f 11137/2260/1320 11138/2261/1320 11139/2262/1320
f 11140/2245/1425 11141/2246/1425 11142/2207/1425
f 11143/2207/1425 11144/2246/1425 11145/2209/1425
f 11146/2246/1425 11147/2245/1425 11148/2209/1425
f 11149/2209/1425 11150/2245/1425 11151/2207/1425
f 11152/2207/1357 11153/2209/1357 11154/2245/1357
f 11155/2245/1357 11156/2209/1357 11157/2246/1357
f 11158/2246/1357 11159/2209/1357 11160/2245/1357
f 11161/2209/1357 11162/2207/1357 11163/2245/1357
f 11164/2207/1357 11165/2245/1357 11166/2209/1357
f 11167/2245/1357 11168/2246/1357 11169/2209/1357
f 11170/2246/1357 11171/2245/1357 11172/2209/1357
f 11173/2209/1357 11174/2245/1357 11175/2207/1357
f 11176/2207/1357 11177/2209/1357 11178/2245/1357
f 11179/2245/1357 11180/2209/1357 11181/2246/1357
f 11182/2246/1357 11183/2209/1357 11184/2245/1357
f 11185/2209/1357 11186/2207/1357 11187/2245/1357
f 11188/2207/1357 11189/2245/1357 11190/2209/1357
f 11191/2245/1357 11192/2246/1357 11193/2209/1357
f 11194/2246/1357 11195/2245/1357 11196/2209/1357
f 11197/2209/1357 11198/2245/1357 11199/2207/1357
f 11200/2245/1425 11201/2246/1425 11202/2207/1425
f 11203/2207/1425 11204/2246/1425 11205/2209/1425
f 11206/2246/1425 11207/2245/1425 11208/2209/1425
f 11209/2209/1425 11210/2245/1425 11211/2207/1425
f 11212/2207/1425 11213/2209/1425 11214/2245/1425
f 11215/2245/1425 11216/2209/1425 11217/2246/1425
f 11218/2209/1425 11219/2207/1425 11220/2246/1425
f 11221/2246/1425 11222/2207/1425 11223/2245/1425
f 11224/2245/1425 11225/2246/1425 11226/2207/1425
f 11227/2207/1425 11228/2246/1425 11229/2209/1425
f 11230/2246/1425 11231/2245/1425 11232/2209/1425
f 11233/2209/1425 11234/2245/1425 11235/2207/1425
f 11236/2207/1357 11237/2209/1357 11238/2245/1357
f 11239/2245/1357 11240/2209/1357 11241/2246/1357
f 11242/2246/1357 11243/2209/1357 11244/2245/1357
f 11245/2209/1357 11246/2207/1357 11247/2245/1357
s 1
f 11248/2188/1395 11249/2193/1394 11250/2183/1418
f 11251/2193/1394 11252/2192/1426 11253/2183/1427
f 11254/2183/1418 11255/2192/1426 11256/2190/1406
f 11257/2192/1426 11258/2191/1405 11259/2190/1406
f 11260/2191/1405 11261/2195/1385 11262/2192/1428
f 11263/2195/1385 11264/2196/1384 11265/2192/1429
f 11266/2198/1380 11267/2193/1398 11268/2196/1384
f 11269/2193/1398 11270/2192/1429 11271/2196/1384
f 11272/2193/1430 11273/2200/1377 11274/2192/1431
f 11275/2200/1388 11276/2201/1386 11277/2192/1426
f 11278/2239/1422 11279/2240/1422 11280/2241/1432
f 11281/2240/1422 11282/2242/1432 11283/2241/1432
f 11284/2190/1303 11285/2191/1330 11286/2183/1286
f 11287/2191/1307 11288/2192/1308 11289/2183/1286
f 11290/2183/1286 11291/2192/1308 11292/2185/1288
f 11293/2192/1309 11294/2193/1311 11295/2185/1288
f 11296/2185/1288 11297/2193/1311 11298/2187/1292
f 11299/2193/1353 11300/2194/1312 11301/2187/1292
f 11302/2187/1292 11303/2194/1312 11304/2188/1296
f 11305/2194/1312 11306/2193/1314 11307/2188/1296
f 11308/2188/1296 11309/2193/1326 11310/2183/1299
f 11311/2193/1314 11312/2192/1315 11313/2183/1299
f 11314/2183/1299 11315/2192/1315 11316/2190/1303
f 11317/2192/1315 11318/2191/1307 11319/2190/1303
f 11320/2241/1432 11321/2242/1432 11322/2243/1425
f 11323/2242/1432 11324/2244/1425 11325/2243/1425
f 11326/2192/1431 11327/2201/1386 11328/2191/1405
f 11329/2201/1386 11330/2195/1385 11331/2191/1407
s 0
f 11332/2263/1320 11333/2264/1320 11334/2265/1320
f 11335/2264/1320 11336/2266/1320 11337/2265/1320
f 11338/2265/1320 11339/2266/1320 11340/2267/1320
f 11341/2266/1320 11342/2268/1320 11343/2267/1320
f 11344/2267/1320 11345/2268/1320 11346/2269/1320
f 11347/2268/1320 11348/2270/1320 11349/2269/1320
f 11350/2269/1320 11351/2270/1320 11352/2271/1320
f 11353/2270/1320 11354/2272/1320 11355/2271/1320
f 11356/2207/1350 11357/2245/1350 11358/2209/1350
f 11359/2245/1350 11360/2246/1350 11361/2209/1350
f 11362/2246/1350 11363/2245/1350 11364/2209/1350
f 11365/2209/1350 11366/2245/1350 11367/2207/1350
f 11368/2207/1425 11369/2209/1425 11370/2245/1425
f 11371/2245/1425 11372/2209/1425 11373/2246/1425
f 11374/2209/1425 11375/2207/1425 11376/2246/1425
f 11377/2246/1425 11378/2207/1425 11379/2245/1425
f 11380/2207/1425 11381/2209/1425 11382/2245/1425
f 11383/2245/1425 11384/2209/1425 11385/2246/1425
f 11386/2209/1425 11387/2207/1425 11388/2246/1425
f 11389/2246/1425 11390/2207/1425 11391/2245/1425
s 1
f 11392/2189/1302 11393/2182/1298 11394/2183/1299
f 11395/2183/1301 11396/2182/1300 11397/2188/1296
f 11398/2182/1433 11399/2184/1434 11400/2188/1296
f 11401/2188/1296 11402/2184/1297 11403/2187/1292
f 11404/2184/1297 11405/2186/1291 11406/2187/1292
f 11407/2187/1292 11408/2186/1333 11409/2185/1288
f 11410/2186/1293 11411/2184/1339 11412/2185/1288
f 11413/2185/1288 11414/2184/1339 11415/2183/1286
f 11416/2184/1290 11417/2182/1285 11418/2183/1286
f 11419/2183/1286 11420/2182/1285 11421/2190/1303
f 11422/2182/1332 11423/2189/1331 11424/2190/1303
f 11425/2189/1304 11426/2183/1301 11427/2190/1340
f 11428/2190/1303 11429/2183/1299 11430/2192/1315
f 11431/2192/1315 11432/2183/1299 11433/2193/1314
f 11434/2183/1301 11435/2188/1296 11436/2193/1326
f 11437/2193/1326 11438/2188/1296 11439/2194/1337
f 11440/2188/1296 11441/2187/1292 11442/2194/1312
f 11443/2194/1312 11444/2187/1292 11445/2193/1311
f 11446/2187/1292 11447/2185/1288 11448/2193/1311
f 11449/2193/1311 11450/2185/1288 11451/2192/1308
f 11452/2185/1288 11453/2183/1286 11454/2192/1308
f 11455/2192/1308 11456/2183/1286 11457/2191/1307
f 11458/2183/1286 11459/2190/1303 11460/2191/1305
f 11461/2191/1307 11462/2190/1303 11463/2192/1315
f 11464/2273/1435 11465/2274/1350 11466/2275/1358
f 11467/2275/1358 11468/2274/1350 11469/2276/1350
s 0
f 11470/2274/1350 11471/2277/1350 11472/2276/1350
f 11473/2276/1350 11474/2277/1350 11475/2278/1350
f 11476/2277/1350 11477/2279/1350 11478/2278/1350
f 11479/2278/1350 11480/2279/1350 11481/2280/1350
f 11482/2279/1350 11483/2281/1350 11484/2280/1350
f 11485/2280/1350 11486/2281/1350 11487/2282/1350
s 1
f 11488/2199/1375 11489/2197/1320 11490/2200/1377
f 11491/2200/1388 11492/2197/1320 11493/2201/1387
f 11494/2197/1320 11495/2195/1385 11496/2201/1386
f 11497/2195/1385 11498/2197/1320 11499/2196/1383
f 11500/2197/1321 11501/2198/1380 11502/2196/1384
f 11503/2193/1401 11504/2198/1380 11505/2194/1374
f 11506/2198/1382 11507/2199/1375 11508/2194/1379
f 11509/2194/1374 11510/2199/1375 11511/2193/1378
f 11512/2199/1375 11513/2200/1388 11514/2193/1430
f 11515/2193/1394 11516/2188/1395 11517/2194/1379
f 11518/2188/1395 11519/2187/1396 11520/2194/1379
f 11521/2194/1379 11522/2187/1396 11523/2193/1398
f 11524/2187/1396 11525/2185/1400 11526/2193/1398
f 11527/2193/1398 11528/2185/1436 11529/2192/1402
f 11530/2185/1400 11531/2183/1403 11532/2192/1402
f 11533/2192/1402 11534/2183/1403 11535/2191/1405
f 11536/2183/1403 11537/2190/1406 11538/2191/1405
f 11539/2188/1395 11540/2184/1410 11541/2187/1396
f 11542/2184/1421 11543/2186/1411 11544/2187/1396
f 11545/2187/1396 11546/2186/1411 11547/2185/1400
f 11548/2186/1412 11549/2184/1413 11550/2185/1400
f 11551/2185/1400 11552/2184/1437 11553/2183/1403
f 11554/2184/1413 11555/2182/1415 11556/2183/1403
f 11557/2183/1403 11558/2182/1438 11559/2190/1406
f 11560/2182/1438 11561/2189/1417 11562/2190/1406
f 11563/2190/1406 11564/2189/1417 11565/2183/1418
f 11566/2189/1416 11567/2182/1419 11568/2183/1418
f 11569/2183/1418 11570/2182/1419 11571/2188/1395
f 11572/2182/1419 11573/2184/1421 11574/2188/1395
f 11575/2237/1357 11576/2238/1357 11577/2239/1422
f 11578/2238/1357 11579/2240/1422 11580/2239/1422
f 11581/2229/1357 11582/2230/1357 11583/2231/1439
f 11584/2230/1357 11585/2232/1423 11586/2231/1423
f 11587/2231/1423 11588/2232/1423 11589/2233/1424
f 11590/2232/1423 11591/2234/1424 11592/2233/1440
f 11593/2233/1424 11594/2234/1424 11595/2235/1425
f 11596/2234/1424 11597/2236/1425 11598/2235/1425
f 11599/2199/1375 11600/2198/1380 11601/2197/1345
s 0
f 11602/2283/1350 11603/2284/1350 11604/2285/1350
f 11605/2285/1350 11606/2284/1350 11607/2286/1350
f 11608/2286/1350 11609/2284/1350 11610/2285/1350
f 11611/2284/1350 11612/2283/1350 11613/2285/1350
s 1
f 11614/2188/1395 11615/2193/1394 11616/2183/1418
f 11617/2193/1394 11618/2192/1426 11619/2183/1418
f 11620/2183/1418 11621/2192/1426 11622/2190/1406
f 11623/2192/1426 11624/2191/1405 11625/2190/1406
f 11626/2191/1405 11627/2195/1385 11628/2192/1402
f 11629/2195/1385 11630/2196/1384 11631/2192/1402
f 11632/2198/1380 11633/2193/1398 11634/2196/1383
f 11635/2193/1401 11636/2192/1428 11637/2196/1384
f 11638/2193/1430 11639/2200/1377 11640/2192/1431
f 11641/2200/1388 11642/2201/1386 11643/2192/1426
f 11644/2239/1422 11645/2240/1422 11646/2241/1432
f 11647/2240/1422 11648/2242/1432 11649/2241/1441
f 11650/2241/1432 11651/2242/1432 11652/2243/1425
f 11653/2242/1432 11654/2244/1425 11655/2243/1425
f 11656/2192/1431 11657/2201/1386 11658/2191/1407
f 11659/2201/1386 11660/2195/1385 11661/2191/1405
f 11662/2194/1374 11663/2199/1375 11664/2193/1378
f 11665/2199/1375 11666/2200/1388 11667/2193/1378
f 11668/2199/1375 11669/2194/1379 11670/2198/1382
f 11671/2194/1374 11672/2193/1398 11673/2198/1380
f 11674/2198/1380 11675/2196/1384 11676/2197/1320
f 11677/2197/1320 11678/2196/1383 11679/2195/1385
f 11680/2195/1385 11681/2201/1386 11682/2197/1320
f 11683/2201/1387 11684/2200/1388 11685/2197/1360
f 11686/2197/1320 11687/2200/1377 11688/2199/1375
f 11689/2199/1375 11690/2197/1320 11691/2200/1377
f 11692/2200/1388 11693/2197/1320 11694/2201/1387
f 11695/2197/1320 11696/2195/1385 11697/2201/1386
f 11698/2195/1385 11699/2197/1320 11700/2196/1384
f 11701/2197/1321 11702/2198/1382 11703/2196/1383
f 11704/2193/1381 11705/2198/1382 11706/2194/1379
f 11707/2198/1380 11708/2199/1375 11709/2194/1374
f 11710/2193/1394 11711/2188/1395 11712/2194/1379
f 11713/2188/1395 11714/2187/1396 11715/2194/1374
f 11716/2194/1379 11717/2187/1396 11718/2193/1398
f 11719/2187/1396 11720/2185/1400 11721/2193/1398
f 11722/2193/1398 11723/2185/1400 11724/2192/1402
f 11725/2185/1400 11726/2183/1403 11727/2192/1402
f 11728/2192/1402 11729/2183/1403 11730/2191/1405
f 11731/2183/1404 11732/2190/1406 11733/2191/1405
f 11734/2188/1395 11735/2184/1410 11736/2187/1396
f 11737/2184/1410 11738/2186/1411 11739/2187/1396
f 11740/2187/1396 11741/2186/1412 11742/2185/1400
f 11743/2186/1412 11744/2184/1437 11745/2185/1400
f 11746/2185/1400 11747/2184/1413 11748/2183/1403
f 11749/2184/1413 11750/2182/1414 11751/2183/1403
f 11752/2183/1403 11753/2182/1414 11754/2190/1406
f 11755/2182/1415 11756/2189/1416 11757/2190/1406
f 11758/2190/1406 11759/2189/1416 11760/2183/1418
f 11761/2189/1416 11762/2182/1420 11763/2183/1418
f 11764/2183/1418 11765/2182/1419 11766/2188/1395
f 11767/2182/1419 11768/2184/1421 11769/2188/1395
f 11770/2237/1357 11771/2238/1357 11772/2239/1422
f 11773/2238/1357 11774/2240/1422 11775/2239/1422
f 11776/2229/1357 11777/2230/1357 11778/2231/1423
f 11779/2230/1442 11780/2232/1423 11781/2231/1423
f 11782/2231/1423 11783/2232/1423 11784/2233/1424
f 11785/2232/1423 11786/2234/1424 11787/2233/1440
f 11788/2233/1424 11789/2234/1424 11790/2235/1425
f 11791/2234/1424 11792/2236/1425 11793/2235/1425
f 11794/2199/1375 11795/2198/1382 11796/2197/1345
s 0
f 11797/2287/1350 11798/2288/1350 11799/2289/1350
f 11800/2289/1350 11801/2288/1350 11802/2290/1350
f 11803/2288/1350 11804/2291/1350 11805/2290/1350
f 11806/2290/1350 11807/2291/1350 11808/2292/1350
f 11809/2291/1350 11810/2293/1350 11811/2292/1350
f 11812/2292/1350 11813/2293/1350 11814/2294/1350
f 11815/2293/1350 11816/2295/1350 11817/2294/1350
f 11818/2294/1350 11819/2295/1350 11820/2296/1350
f 11821/2295/1350 11822/2297/1350 11823/2296/1350
f 11824/2296/1350 11825/2297/1350 11826/2298/1350
f 11827/2297/1350 11828/2299/1350 11829/2298/1350
f 11830/2298/1350 11831/2299/1350 11832/2300/1350
f 11833/2299/1350 11834/2301/1350 11835/2300/1350
f 11836/2300/1350 11837/2301/1350 11838/2302/1350
s 1
f 11839/2301/1350 11840/2303/1443 11841/2302/1350
f 11842/2302/1350 11843/2303/1443 11844/2304/1444
s 0
f 11845/2305/1320 11846/2306/1320 11847/2307/1320
f 11848/2307/1320 11849/2306/1320 11850/2308/1320
f 11851/2306/1320 11852/2309/1320 11853/2308/1320
f 11854/2308/1320 11855/2309/1320 11856/2310/1320
f 11857/2309/1320 11858/2311/1320 11859/2310/1320
f 11860/2310/1320 11861/2311/1320 11862/2312/1320
f 11863/2311/1320 11864/2313/1320 11865/2312/1320
f 11866/2312/1320 11867/2313/1320 11868/2314/1320
f 11869/2313/1320 11870/2315/1320 11871/2314/1320
f 11872/2314/1320 11873/2315/1320 11874/2316/1320
f 11875/2315/1320 11876/2317/1320 11877/2316/1320
f 11878/2316/1320 11879/2317/1320 11880/2318/1320
f 11881/2317/1320 11882/2319/1320 11883/2318/1320
f 11884/2318/1320 11885/2319/1320 11886/2320/1320
f 11887/2319/1320 11888/2321/1320 11889/2320/1320
f 11890/2320/1320 11891/2321/1320 11892/2322/1320
f 11893/2207/1350 11894/2209/1350 11895/2245/1350
f 11896/2245/1350 11897/2209/1350 11898/2246/1350
f 11899/2246/1350 11900/2209/1350 11901/2245/1350
f 11902/2209/1350 11903/2207/1350 11904/2245/1350
s 1
f 11905/2188/1395 11906/2193/1394 11907/2183/1418
f 11908/2193/1394 11909/2192/1426 11910/2183/1418
f 11911/2183/1418 11912/2192/1426 11913/2190/1406
f 11914/2192/1426 11915/2191/1405 11916/2190/1406
f 11917/2191/1407 11918/2195/1445 11919/2192/1429
f 11920/2195/1385 11921/2196/1384 11922/2192/1402
f 11923/2198/1380 11924/2193/1401 11925/2196/1383
f 11926/2193/1401 11927/2192/1428 11928/2196/1384
f 11929/2193/1430 11930/2200/1377 11931/2192/1431
f 11932/2200/1388 11933/2201/1386 11934/2192/1426
f 11935/2239/1422 11936/2240/1422 11937/2241/1432
f 11938/2240/1422 11939/2242/1432 11940/2241/1441
f 11941/2241/1432 11942/2242/1432 11943/2243/1425
f 11944/2242/1432 11945/2244/1425 11946/2243/1425
f 11947/2192/1431 11948/2201/1386 11949/2191/1407
f 11950/2201/1386 11951/2195/1385 11952/2191/1407
f 11953/2194/1374 11954/2199/1446 11955/2193/1378
f 11956/2199/1375 11957/2200/1377 11958/2193/1378
f 11959/2193/1394 11960/2188/1395 11961/2194/1379
f 11962/2188/1408 11963/2187/1396 11964/2194/1374
f 11965/2194/1379 11966/2187/1396 11967/2193/1398
f 11968/2187/1396 11969/2185/1400 11970/2193/1381
f 11971/2193/1398 11972/2185/1400 11973/2192/1402
f 11974/2185/1436 11975/2183/1403 11976/2192/1428
f 11977/2192/1402 11978/2183/1403 11979/2191/1405
f 11980/2183/1404 11981/2190/1406 11982/2191/1407
f 11983/2188/1395 11984/2184/1410 11985/2187/1396
f 11986/2184/1410 11987/2186/1412 11988/2187/1396
f 11989/2187/1396 11990/2186/1412 11991/2185/1400
f 11992/2186/1411 11993/2184/1437 11994/2185/1400
f 11995/2185/1400 11996/2184/1413 11997/2183/1403
f 11998/2184/1413 11999/2182/1414 12000/2183/1403
f 12001/2183/1403 12002/2182/1414 12003/2190/1406
f 12004/2182/1438 12005/2189/1416 12006/2190/1406
f 12007/2190/1406 12008/2189/1416 12009/2183/1418
f 12010/2189/1416 12011/2182/1420 12012/2183/1418
f 12013/2183/1418 12014/2182/1419 12015/2188/1395
f 12016/2182/1419 12017/2184/1421 12018/2188/1395
f 12019/2237/1357 12020/2238/1357 12021/2239/1422
f 12022/2238/1357 12023/2240/1422 12024/2239/1422
f 12025/2239/1422 12026/2240/1447 12027/2241/1432
f 12028/2240/1422 12029/2242/1432 12030/2241/1441
f 12031/2241/1432 12032/2242/1432 12033/2243/1425
f 12034/2242/1432 12035/2244/1425 12036/2243/1425
f 12037/2229/1357 12038/2230/1357 12039/2231/1423
f 12040/2230/1357 12041/2232/1423 12042/2231/1423
f 12043/2231/1423 12044/2232/1448 12045/2233/1424
f 12046/2232/1423 12047/2234/1424 12048/2233/1424
f 12049/2233/1424 12050/2234/1424 12051/2235/1425
f 12052/2234/1424 12053/2236/1425 12054/2235/1425
f 12055/2199/1375 12056/2198/1380 12057/2197/1320
f 12058/2199/1375 12059/2197/1320 12060/2200/1377
f 12061/2200/1388 12062/2197/1360 12063/2201/1387
f 12064/2197/1320 12065/2195/1385 12066/2201/1386
f 12067/2195/1385 12068/2197/1320 12069/2196/1384
f 12070/2197/1320 12071/2198/1382 12072/2196/1383
f 12073/2193/1381 12074/2198/1382 12075/2194/1379
f 12076/2198/1380 12077/2199/1375 12078/2194/1379
f 12079/2188/1395 12080/2193/1394 12081/2183/1418
f 12082/2193/1394 12083/2192/1426 12084/2183/1418
f 12085/2183/1418 12086/2192/1426 12087/2190/1406
f 12088/2192/1426 12089/2191/1405 12090/2190/1406
f 12091/2191/1405 12092/2195/1445 12093/2192/1429
f 12094/2195/1385 12095/2196/1383 12096/2192/1429
f 12097/2198/1380 12098/2193/1398 12099/2196/1384
f 12100/2193/1398 12101/2192/1429 12102/2196/1384
f 12103/2193/1430 12104/2200/1377 12105/2192/1426
f 12106/2200/1388 12107/2201/1386 12108/2192/1426
f 12109/2192/1449 12110/2201/1386 12111/2191/1405
f 12112/2201/1386 12113/2195/1385 12114/2191/1407
f 12115/2194/1379 12116/2199/1375 12117/2193/1394
f 12118/2199/1375 12119/2200/1377 12120/2193/1378
f 12121/2193/1394 12122/2188/1395 12123/2194/1379
f 12124/2188/1395 12125/2187/1396 12126/2194/1374
f 12127/2194/1379 12128/2187/1396 12129/2193/1398
f 12130/2187/1397 12131/2185/1400 12132/2193/1381
f 12133/2193/1398 12134/2185/1400 12135/2192/1402
f 12136/2185/1436 12137/2183/1403 12138/2192/1428
f 12139/2192/1402 12140/2183/1403 12141/2191/1450
f 12142/2183/1403 12143/2190/1406 12144/2191/1407
f 12145/2188/1395 12146/2184/1410 12147/2187/1396
f 12148/2184/1409 12149/2186/1412 12150/2187/1396
f 12151/2187/1396 12152/2186/1412 12153/2185/1400
f 12154/2186/1411 12155/2184/1437 12156/2185/1400
f 12157/2185/1400 12158/2184/1413 12159/2183/1403
f 12160/2184/1413 12161/2182/1414 12162/2183/1403
f 12163/2183/1403 12164/2182/1414 12165/2190/1406
f 12166/2182/1414 12167/2189/1417 12168/2190/1406
f 12169/2190/1406 12170/2189/1417 12171/2183/1418
f 12172/2189/1417 12173/2182/1420 12174/2183/1418
f 12175/2183/1418 12176/2182/1420 12177/2188/1395
f 12178/2182/1419 12179/2184/1421 12180/2188/1395
f 12181/2237/1357 12182/2238/1357 12183/2239/1422
f 12184/2238/1357 12185/2240/1422 12186/2239/1422
f 12187/2239/1422 12188/2240/1422 12189/2241/1432
f 12190/2240/1422 12191/2242/1432 12192/2241/1441
f 12193/2241/1432 12194/2242/1432 12195/2243/1425
f 12196/2242/1432 12197/2244/1425 12198/2243/1425
f 12199/2229/1357 12200/2230/1357 12201/2231/1423
f 12202/2230/1357 12203/2232/1423 12204/2231/1423
f 12205/2231/1423 12206/2232/1448 12207/2233/1424
f 12208/2232/1423 12209/2234/1424 12210/2233/1424
f 12211/2233/1424 12212/2234/1424 12213/2235/1425
f 12214/2234/1424 12215/2236/1425 12216/2235/1425
f 12217/2199/1375 12218/2198/1380 12219/2197/1320
s 0
f 12220/2207/1350 12221/2209/1350 12222/2245/1350
f 12223/2245/1350 12224/2209/1350 12225/2246/1350
f 12226/2246/1350 12227/2209/1350 12228/2245/1350
f 12229/2209/1350 12230/2207/1350 12231/2245/1350
s 1
f 12232/2188/1395 12233/2193/1394 12234/2183/1418
f 12235/2193/1394 12236/2192/1426 12237/2183/1418
f 12238/2183/1418 12239/2192/1426 12240/2190/1451
f 12241/2192/1426 12242/2191/1405 12243/2190/1406
f 12244/2191/1405 12245/2195/1385 12246/2192/1429
f 12247/2195/1385 12248/2196/1383 12249/2192/1429
f 12250/2198/1380 12251/2193/1398 12252/2196/1383
f 12253/2193/1398 12254/2192/1429 12255/2196/1384
f 12256/2193/1430 12257/2200/1377 12258/2192/1426
f 12259/2200/1388 12260/2201/1386 12261/2192/1426
f 12262/2192/1449 12263/2201/1386 12264/2191/1405
f 12265/2201/1386 12266/2195/1385 12267/2191/1407
f 12268/2194/1374 12269/2199/1446 12270/2193/1394
f 12271/2199/1375 12272/2200/1377 12273/2193/1376
f 12274/2199/1375 12275/2194/1379 12276/2198/1380
f 12277/2194/1379 12278/2193/1401 12279/2198/1382
f 12280/2198/1382 12281/2196/1383 12282/2197/1321
f 12283/2197/1320 12284/2196/1383 12285/2195/1385
f 12286/2195/1385 12287/2201/1386 12288/2197/1320
f 12289/2201/1386 12290/2200/1388 12291/2197/1320
f 12292/2197/1320 12293/2200/1377 12294/2199/1375
s 0
f 12295/2207/1350 12296/2209/1350 12297/2245/1350
f 12298/2245/1350 12299/2209/1350 12300/2246/1350
f 12301/2246/1350 12302/2209/1350 12303/2245/1350
f 12304/2209/1350 12305/2207/1350 12306/2245/1350
s 1
f 12307/2193/1394 12308/2188/1395 12309/2194/1379
f 12310/2188/1408 12311/2187/1396 12312/2194/1374
f 12313/2194/1379 12314/2187/1396 12315/2193/1381
f 12316/2187/1396 12317/2185/1400 12318/2193/1398
f 12319/2193/1398 12320/2185/1400 12321/2192/1402
f 12322/2185/1400 12323/2183/1403 12324/2192/1402
f 12325/2192/1402 12326/2183/1404 12327/2191/1405
f 12328/2183/1403 12329/2190/1406 12330/2191/1405
f 12331/2188/1395 12332/2184/1410 12333/2187/1396
f 12334/2184/1410 12335/2186/1411 12336/2187/1396
f 12337/2187/1396 12338/2186/1411 12339/2185/1400
f 12340/2186/1412 12341/2184/1437 12342/2185/1400
f 12343/2185/1400 12344/2184/1437 12345/2183/1403
f 12346/2184/1413 12347/2182/1414 12348/2183/1403
f 12349/2183/1403 12350/2182/1414 12351/2190/1406
f 12352/2182/1414 12353/2189/1417 12354/2190/1406
f 12355/2190/1406 12356/2189/1416 12357/2183/1418
f 12358/2189/1417 12359/2182/1420 12360/2183/1418
f 12361/2183/1418 12362/2182/1420 12363/2188/1395
f 12364/2182/1419 12365/2184/1409 12366/2188/1395
f 12367/2237/1357 12368/2238/1357 12369/2239/1422
f 12370/2238/1357 12371/2240/1422 12372/2239/1422
f 12373/2239/1422 12374/2240/1422 12375/2241/1432
f 12376/2240/1422 12377/2242/1432 12378/2241/1441
f 12379/2241/1432 12380/2242/1432 12381/2243/1425
f 12382/2242/1432 12383/2244/1425 12384/2243/1425
f 12385/2229/1357 12386/2230/1357 12387/2231/1423
f 12388/2230/1357 12389/2232/1423 12390/2231/1423
f 12391/2231/1423 12392/2232/1448 12393/2233/1424
f 12394/2232/1423 12395/2234/1424 12396/2233/1424
f 12397/2233/1424 12398/2234/1424 12399/2235/1425
f 12400/2234/1424 12401/2236/1425 12402/2235/1425
f 12403/2199/1375 12404/2198/1380 12405/2197/1320
f 12406/2199/1375 12407/2197/1320 12408/2200/1377
f 12409/2200/1388 12410/2197/1320 12411/2201/1387
f 12412/2197/1346 12413/2195/1385 12414/2201/1387
f 12415/2195/1385 12416/2197/1320 12417/2196/1383
f 12418/2197/1321 12419/2198/1382 12420/2196/1383
f 12421/2193/1401 12422/2198/1380 12423/2194/1379
f 12424/2198/1380 12425/2199/1375 12426/2194/1374
f 12427/2188/1395 12428/2193/1394 12429/2183/1418
f 12430/2193/1394 12431/2192/1426 12432/2183/1418
f 12433/2183/1418 12434/2192/1426 12435/2190/1406
f 12436/2192/1426 12437/2191/1405 12438/2190/1406
f 12439/2191/1407 12440/2195/1445 12441/2192/1429
f 12442/2195/1385 12443/2196/1384 12444/2192/1402
f 12445/2198/1380 12446/2193/1398 12447/2196/1384
f 12448/2193/1398 12449/2192/1428 12450/2196/1384
f 12451/2193/1430 12452/2200/1377 12453/2192/1431
f 12454/2200/1388 12455/2201/1386 12456/2192/1431
f 12457/2192/1431 12458/2201/1386 12459/2191/1405
f 12460/2201/1386 12461/2195/1385 12462/2191/1407
f 12463/2194/1374 12464/2199/1375 12465/2193/1394
f 12466/2199/1375 12467/2200/1377 12468/2193/1394
f 12469/2193/1394 12470/2188/1395 12471/2194/1379
f 12472/2188/1408 12473/2187/1396 12474/2194/1374
f 12475/2194/1379 12476/2187/1396 12477/2193/1398
f 12478/2187/1396 12479/2185/1400 12480/2193/1398
f 12481/2193/1398 12482/2185/1400 12483/2192/1402
f 12484/2185/1400 12485/2183/1403 12486/2192/1402
f 12487/2192/1402 12488/2183/1403 12489/2191/1405
f 12490/2183/1403 12491/2190/1406 12492/2191/1405
f 12493/2188/1395 12494/2184/1410 12495/2187/1396
f 12496/2184/1421 12497/2186/1411 12498/2187/1396
f 12499/2187/1396 12500/2186/1411 12501/2185/1400
f 12502/2186/1412 12503/2184/1452 12504/2185/1400
f 12505/2185/1400 12506/2184/1437 12507/2183/1403
f 12508/2184/1413 12509/2182/1414 12510/2183/1403
f 12511/2183/1403 12512/2182/1414 12513/2190/1406
f 12514/2182/1414 12515/2189/1417 12516/2190/1406
f 12517/2190/1406 12518/2189/1416 12519/2183/1418
f 12520/2189/1416 12521/2182/1420 12522/2183/1418
f 12523/2183/1418 12524/2182/1419 12525/2188/1395
f 12526/2182/1419 12527/2184/1421 12528/2188/1395
f 12529/2237/1357 12530/2238/1357 12531/2239/1422
f 12532/2238/1357 12533/2240/1422 12534/2239/1422
f 12535/2239/1422 12536/2240/1422 12537/2241/1432
f 12538/2240/1422 12539/2242/1432 12540/2241/1441
f 12541/2241/1432 12542/2242/1432 12543/2243/1425
f 12544/2242/1432 12545/2244/1425 12546/2243/1425
f 12547/2229/1357 12548/2230/1357 12549/2231/1423
f 12550/2230/1357 12551/2232/1423 12552/2231/1423
f 12553/2231/1423 12554/2232/1423 12555/2233/1424
f 12556/2232/1423 12557/2234/1424 12558/2233/1440
f 12559/2233/1424 12560/2234/1424 12561/2235/1425
f 12562/2234/1424 12563/2236/1425 12564/2235/1425
f 12565/2199/1375 12566/2198/1380 12567/2197/1320
s 0
f 12568/2207/1350 12569/2209/1350 12570/2245/1350
f 12571/2245/1350 12572/2209/1350 12573/2246/1350
f 12574/2246/1350 12575/2209/1350 12576/2245/1350
f 12577/2209/1350 12578/2207/1350 12579/2245/1350
s 1
f 12580/2188/1395 12581/2193/1394 12582/2183/1418
f 12583/2193/1394 12584/2192/1426 12585/2183/1418
f 12586/2183/1418 12587/2192/1426 12588/2190/1406
f 12589/2192/1426 12590/2191/1405 12591/2190/1406
f 12592/2191/1407 12593/2195/1385 12594/2192/1453
f 12595/2195/1385 12596/2196/1383 12597/2192/1429
f 12598/2198/1380 12599/2193/1401 12600/2196/1383
f 12601/2193/1401 12602/2192/1429 12603/2196/1384
f 12604/2193/1430 12605/2200/1377 12606/2192/1426
f 12607/2200/1388 12608/2201/1386 12609/2192/1426
f 12610/2192/1449 12611/2201/1386 12612/2191/1405
f 12613/2201/1386 12614/2195/1385 12615/2191/1405
f 12616/2194/1374 12617/2199/1375 12618/2193/1394
f 12619/2199/1375 12620/2200/1388 12621/2193/1394
f 12622/2199/1375 12623/2194/1379 12624/2198/1380
f 12625/2194/1379 12626/2193/1398 12627/2198/1454
f 12628/2198/1382 12629/2196/1383 12630/2197/1321
f 12631/2197/1320 12632/2196/1384 12633/2195/1445
f 12634/2195/1445 12635/2201/1386 12636/2197/1320
f 12637/2201/1387 12638/2200/1388 12639/2197/1320
f 12640/2197/1320 12641/2200/1377 12642/2199/1375
f 12643/2198/1322 12644/2197/1345 12645/2199/1323
f 12646/2199/1323 12647/2197/1320 12648/2200/1324
f 12649/2200/1324 12650/2197/1320 12651/2201/1328
f 12652/2197/1320 12653/2195/1317 12654/2201/1328
f 12655/2193/1430 12656/2188/1455 12657/2194/1374
f 12658/2188/1395 12659/2187/1396 12660/2194/1379
f 12661/2194/1379 12662/2187/1396 12663/2193/1398
f 12664/2187/1396 12665/2185/1400 12666/2193/1381
f 12667/2193/1398 12668/2185/1400 12669/2192/1402
f 12670/2185/1400 12671/2183/1403 12672/2192/1402
f 12673/2192/1402 12674/2183/1403 12675/2191/1405
f 12676/2183/1403 12677/2190/1406 12678/2191/1407
f 12679/2188/1395 12680/2184/1410 12681/2187/1396
f 12682/2184/1410 12683/2186/1411 12684/2187/1396
f 12685/2187/1397 12686/2186/1411 12687/2185/1400
f 12688/2186/1411 12689/2184/1437 12690/2185/1400
f 12691/2185/1400 12692/2184/1413 12693/2183/1403
f 12694/2184/1413 12695/2182/1414 12696/2183/1403
f 12697/2183/1404 12698/2182/1438 12699/2190/1406
f 12700/2182/1438 12701/2189/1417 12702/2190/1406
f 12703/2190/1406 12704/2189/1416 12705/2183/1418
f 12706/2189/1416 12707/2182/1420 12708/2183/1418
f 12709/2183/1418 12710/2182/1420 12711/2188/1395
f 12712/2182/1419 12713/2184/1421 12714/2188/1395
f 12715/2237/1357 12716/2238/1357 12717/2239/1422
f 12718/2238/1357 12719/2240/1422 12720/2239/1422
f 12721/2229/1357 12722/2230/1357 12723/2231/1423
f 12724/2230/1357 12725/2232/1423 12726/2231/1423
f 12727/2231/1423 12728/2232/1423 12729/2233/1424
f 12730/2232/1423 12731/2234/1424 12732/2233/1440
f 12733/2233/1424 12734/2234/1424 12735/2235/1425
f 12736/2234/1424 12737/2236/1425 12738/2235/1425
f 12739/2199/1344 12740/2194/1312 12741/2198/1456
f 12742/2194/1313 12743/2193/1353 12744/2198/1343
f 12745/2198/1322 12746/2193/1311 12747/2196/1319
f 12748/2193/1311 12749/2192/1309 12750/2196/1457
f 12751/2196/1457 12752/2192/1309 12753/2195/1317
f 12754/2192/1309 12755/2191/1330 12756/2195/1317
f 12757/2195/1317 12758/2191/1307 12759/2201/1458
f 12760/2191/1330 12761/2192/1329 12762/2201/1328
f 12763/2192/1315 12764/2183/1299 12765/2193/1314
f 12766/2183/1299 12767/2188/1296 12768/2193/1314
f 12769/2193/1314 12770/2188/1296 12771/2194/1312
f 12772/2188/1296 12773/2187/1292 12774/2194/1312
f 12775/2194/1312 12776/2187/1459 12777/2193/1311
f 12778/2193/1311 12779/2187/1460 12780/2185/1288
f 12781/2187/1292 12782/2186/1333 12783/2185/1288
f 12784/2186/1293 12785/2184/1289 12786/2185/1288
f 12787/2185/1288 12788/2184/1289 12789/2183/1286
f 12790/2184/1339 12791/2182/1332 12792/2183/1286
f 12793/2183/1286 12794/2182/1285 12795/2190/1303
f 12796/2182/1285 12797/2189/1302 12798/2190/1303
f 12799/2190/1303 12800/2189/1302 12801/2183/1299
f 12802/2189/1338 12803/2182/1355 12804/2183/1299
f 12805/2183/1299 12806/2182/1335 12807/2188/1296
f 12808/2182/1298 12809/2184/1297 12810/2188/1296
f 12811/2188/1296 12812/2184/1295 12813/2187/1292
f 12814/2184/1295 12815/2186/1293 12816/2187/1292
f 12817/2199/1375 12818/2198/1380 12819/2197/1345
f 12820/2198/1343 12821/2196/1319 12822/2197/1320
f 12823/2197/1320 12824/2196/1319 12825/2195/1317
s 0
f 12826/2245/1357 12827/2246/1357 12828/2207/1357
f 12829/2207/1357 12830/2246/1357 12831/2209/1357
f 12832/2246/1357 12833/2245/1357 12834/2209/1357
f 12835/2209/1357 12836/2245/1357 12837/2207/1357
f 12838/2207/1425 12839/2209/1425 12840/2245/1425
f 12841/2245/1425 12842/2209/1425 12843/2246/1425
f 12844/2246/1425 12845/2209/1425 12846/2245/1425
f 12847/2209/1425 12848/2207/1425 12849/2245/1425
s 1
f 12850/2193/1311 12851/2185/1342 12852/2192/1308
f 12853/2185/1288 12854/2183/1286 12855/2192/1461
f 12856/2192/1308 12857/2183/1286 12858/2191/1307
f 12859/2183/1286 12860/2190/1303 12861/2191/1305
f 12862/2191/1330 12863/2190/1462 12864/2192/1329
f 12865/2190/1340 12866/2183/1299 12867/2192/1315
f 12868/2229/1364 12869/2230/1371 12870/2231/1365
f 12871/2230/1364 12872/2232/1365 12873/2231/1370
f 12874/2231/1365 12875/2232/1365 12876/2233/1366
f 12877/2232/1365 12878/2234/1366 12879/2233/1366
f 12880/2233/1366 12881/2234/1366 12882/2235/1368
f 12883/2234/1366 12884/2236/1368 12885/2235/1369
f 12886/2194/1337 12887/2199/1344 12888/2193/1326
f 12889/2199/1344 12890/2200/1324 12891/2193/1326
f 12892/2193/1326 12893/2200/1327 12894/2192/1316
f 12895/2200/1324 12896/2201/1328 12897/2192/1315
f 12898/2188/1395 12899/2193/1394 12900/2183/1418
f 12901/2193/1394 12902/2192/1426 12903/2183/1418
f 12904/2183/1418 12905/2192/1426 12906/2190/1451
f 12907/2192/1431 12908/2191/1407 12909/2190/1463
f 12910/2191/1405 12911/2195/1464 12912/2192/1402
f 12913/2195/1385 12914/2196/1384 12915/2192/1429
f 12916/2198/1380 12917/2193/1398 12918/2196/1384
f 12919/2193/1398 12920/2192/1429 12921/2196/1384
f 12922/2193/1378 12923/2200/1377 12924/2192/1426
f 12925/2200/1388 12926/2201/1386 12927/2192/1426
f 12928/2237/1364 12929/2238/1364 12930/2239/1350
f 12931/2238/1364 12932/2240/1350 12933/2239/1389
f 12934/2239/1350 12935/2240/1465 12936/2241/1390
f 12937/2240/1350 12938/2242/1390 12939/2241/1392
f 12940/2241/1390 12941/2242/1466 12942/2243/1368
f 12943/2242/1390 12944/2244/1368 12945/2243/1467
f 12946/2239/1422 12947/2240/1422 12948/2241/1432
f 12949/2240/1422 12950/2242/1432 12951/2241/1441
s 0
f 12952/2323/1320 12953/2324/1320 12954/2325/1320
f 12955/2324/1320 12956/2326/1320 12957/2325/1320
f 12958/2325/1320 12959/2326/1320 12960/2327/1320
f 12961/2326/1320 12962/2328/1320 12963/2327/1320
f 12964/2245/1357 12965/2246/1357 12966/2207/1357
f 12967/2246/1357 12968/2209/1357 12969/2207/1357
f 12970/2207/1425 12971/2209/1425 12972/2245/1425
f 12973/2209/1425 12974/2246/1425 12975/2245/1425
s 1
f 12976/2241/1432 12977/2242/1432 12978/2243/1425
f 12979/2242/1432 12980/2244/1425 12981/2243/1425
f 12982/2192/1431 12983/2201/1386 12984/2191/1407
f 12985/2201/1386 12986/2195/1385 12987/2191/1405
f 12988/2329/1468 12989/2214/1425 12990/2215/1443
f 12991/2215/1469 12992/2214/1425 12993/2216/1425
s 0
f 12994/2214/1425 12995/2218/1425 12996/2216/1425
f 12997/2216/1425 12998/2218/1425 12999/2217/1425
g Atomic32_meshId45_name
v 533.898560 245.530029 677.293030
v 524.651978 245.530029 667.292969
v 533.898560 443.101196 677.293030
v 524.651978 245.530029 667.292969
v 524.651978 443.101196 667.292969
v 533.898560 443.101196 677.293030
v 505.715637 443.101196 667.292969
v 505.715637 252.740295 667.292969
v 497.221313 443.101196 657.293030
v 505.715637 252.740295 667.292969
v 497.221313 252.740295 657.293030
v 497.221313 443.101196 657.293030
v 533.898560 443.101196 677.293030
v 408.022888 443.101196 677.293030
v 533.898560 245.530029 677.293030
v 408.022888 443.101196 677.293030
v 408.022888 245.530029 677.293030
v 533.898560 245.530029 677.293030
v 408.022888 245.530029 677.293030
v 408.022888 443.101196 677.293030
v 199.329117 245.530029 788.220886
v 408.022888 443.101196 677.293030
v 199.329117 443.101196 788.220886
v 199.329117 245.530029 788.220886
v 408.022888 245.530029 667.292969
v 199.329117 245.530029 778.220947
v 408.022888 252.740295 667.292969
v 199.329117 245.530029 778.220947
v 199.329117 252.740295 778.220947
v 408.022888 252.740295 667.292969
v 408.022888 252.740295 667.292969
v 199.329117 252.740295 778.220947
v 390.779053 252.740295 667.292969
v 199.329117 252.740295 778.220947
v 199.329117 252.740295 768.220886
v 390.779053 252.740295 667.292969
v 390.779053 252.740295 667.292969
v 199.329117 252.740295 768.220886
v 390.779053 260.214172 667.292969
v 199.329117 252.740295 768.220886
v 199.329117 260.214172 768.220886
v 390.779053 260.214172 667.292969
v 390.779053 252.740295 667.292969
v 390.779053 260.214172 667.292969
v 199.329132 252.740295 667.292969
v 390.779053 260.214172 667.292969
v 199.329132 260.214172 667.292969
v 199.329132 252.740295 667.292969
v 390.779053 260.214172 667.292969
v 199.329117 260.214172 768.220886
v 199.329132 260.214172 667.292969
v 533.898560 245.530029 677.293030
v 408.022888 245.530029 677.293030
v 524.651978 245.530029 667.292969
v 524.651978 245.530029 667.292969
v 408.022888 245.530029 677.293030
v 408.022888 245.530029 667.292969
v 408.022888 245.530029 677.293030
v 199.329117 245.530029 788.220886
v 408.022888 245.530029 667.292969
v 408.022888 245.530029 667.292969
v 199.329117 245.530029 788.220886
v 199.329117 245.530029 778.220947
v 505.715637 252.740295 667.292969
v 408.022888 252.740295 667.292969
v 497.221313 252.740295 657.293030
v 497.221313 252.740295 657.293030
v 408.022888 252.740295 667.292969
v 408.022888 252.740295 657.293030
v 408.022888 252.740295 667.292969
v 390.779053 252.740295 667.292969
v 408.022888 252.740295 657.293030
v 408.022888 252.740295 657.293030
v 390.779053 252.740295 667.292969
v 187.465652 252.740295 657.293030
v 390.779053 252.740295 667.292969
v 199.329132 252.740295 667.292969
v 187.465652 252.740295 657.293030
v 187.465652 252.740295 657.293030
v 199.329132 252.740295 667.292969
v 175.602188 252.740295 667.292969
v 212.121292 328.444397 599.202209
v 212.121292 328.444397 577.882568
v 212.121292 347.557739 599.202209
v 212.121292 347.557739 599.202209
v 212.121292 328.444397 577.882568
v 212.121292 347.557739 577.882568
v 212.121292 328.444397 577.882568
v 212.121292 334.782898 563.540894
v 212.121292 347.557739 577.882568
v 212.121292 347.557739 577.882568
v 212.121292 334.782898 563.540894
v 212.121292 347.557739 563.540894
v 212.121292 334.782898 563.540894
v 212.121292 338.805237 547.508606
v 212.121292 347.557739 563.540894
v 212.121292 347.557739 563.540894
v 212.121292 338.805237 547.508606
v 212.121292 347.557739 547.508606
v 212.121292 338.805237 547.508606
v 212.121292 338.805237 511.368500
v 212.121292 347.557739 547.508606
v 212.121292 347.557739 547.508606
v 212.121292 338.805237 511.368500
v 212.121292 347.557739 511.368500
v 212.121292 338.805237 547.508606
v 212.121292 334.782898 563.540894
v 187.279434 338.805237 547.508606
v 187.279434 338.805237 547.508606
v 212.121292 334.782898 563.540894
v 187.279434 334.782898 563.540894
v 212.121292 334.782898 563.540894
v 212.121292 328.444397 577.882568
v 187.279434 334.782898 563.540894
v 187.279434 334.782898 563.540894
v 212.121292 328.444397 577.882568
v 187.279434 328.444397 577.882568
v 187.279434 338.805237 547.508606
v 187.279434 334.782898 563.540894
v 162.437607 338.805237 547.508606
v 162.437607 338.805237 547.508606
v 187.279434 334.782898 563.540894
v 162.437607 334.782898 563.540894
v 187.279434 334.782898 563.540894
v 187.279434 328.444397 577.882568
v 162.437607 334.782898 563.540894
v 162.437607 334.782898 563.540894
v 187.279434 328.444397 577.882568
v 162.437607 328.444397 577.882568
v 162.437607 347.557739 599.202209
v 162.437607 347.557739 577.882568
v 162.437607 328.444397 599.202209
v 162.437607 328.444397 599.202209
v 162.437607 347.557739 577.882568
v 162.437607 328.444397 577.882568
v 162.437607 347.557739 577.882568
v 162.437607 347.557739 563.540894
v 162.437607 328.444397 577.882568
v 162.437607 328.444397 577.882568
v 162.437607 347.557739 563.540894
v 162.437607 334.782898 563.540894
v 162.437607 347.557739 563.540894
v 162.437607 347.557739 547.508606
v 162.437607 334.782898 563.540894
v 162.437607 334.782898 563.540894
v 162.437607 347.557739 547.508606
v 162.437607 338.805237 547.508606
v 162.437607 347.557739 547.508606
v 162.437607 347.557739 511.368500
v 162.437607 338.805237 547.508606
v 162.437607 338.805237 547.508606
v 162.437607 347.557739 511.368500
v 162.437607 338.805237 511.368500
v 175.602188 252.740295 667.292969
v -15.847610 252.740295 667.292969
v 187.465652 252.740295 657.293030
v 187.465652 252.740295 657.293030
v -15.847610 252.740295 667.292969
v -33.091446 252.740295 657.293030
v -15.847610 252.740295 667.292969
v -33.091446 252.740295 667.292969
v -33.091446 252.740295 657.293030
v -33.091446 252.740295 667.292969
v -130.784210 252.740295 667.292969
v -33.091446 252.740295 657.293030
v -33.091446 252.740295 657.293030
v -130.784210 252.740295 667.292969
v -122.289886 252.740295 657.293030
v 175.602234 245.530029 788.220886
v -33.091446 245.530029 677.293030
v 175.602188 245.530029 778.220947
v 175.602188 245.530029 778.220947
v -33.091446 245.530029 677.293030
v -33.091446 245.530029 667.292969
v -33.091446 245.530029 677.293030
v -158.967102 245.530029 677.293030
v -33.091446 245.530029 667.292969
v -33.091446 245.530029 667.292969
v -158.967102 245.530029 677.293030
v -149.720551 245.530029 667.292969
v 215.678635 347.557739 628.811218
v 215.677002 324.843323 628.811218
v 215.678635 347.557739 599.202209
v 215.677002 324.843323 628.811218
v 215.677002 324.843323 599.202209
v 215.678635 347.557739 599.202209
v 217.304672 239.535233 828.576721
v 204.680710 239.535217 749.018127
v 217.304672 278.738464 828.576721
v 204.680710 239.535217 749.018127
v 204.680710 278.738464 749.018127
v 217.304672 278.738464 828.576721
v 215.677002 324.843323 628.811218
v 187.279434 324.841736 628.811218
v 215.677002 324.843323 599.202209
v 187.279434 324.841736 628.811218
v 187.279434 324.841736 599.202209
v 215.677002 324.843323 599.202209
v 204.680710 239.535217 749.018127
v 204.680710 252.740295 667.292969
v 204.680710 278.738464 749.018127
v 204.680710 252.740295 667.292969
v 204.680695 278.738464 667.293091
v 204.680710 278.738464 749.018127
v 212.121292 328.444397 577.882568
v 212.121292 328.444397 599.202209
v 187.279434 328.444397 577.882568
v 212.121292 328.444397 599.202209
v 187.279434 328.444397 599.202209
v 187.279434 328.444397 577.882568
v 212.121292 338.805237 511.368500
v 212.121292 338.805237 547.508606
v 187.279434 338.805237 511.368500
v 212.121292 338.805237 547.508606
v 187.279434 338.805237 547.508606
v 187.279434 338.805237 511.368500
v 203.092667 278.432983 809.436096
v 203.092667 278.432983 784.376465
v 203.092667 443.469543 809.436157
v 203.092667 278.432983 784.376465
v 203.092667 443.469543 784.376465
v 203.092667 443.469543 809.436157
v 217.304672 278.738464 828.576721
v 158.628983 278.738464 828.576721
v 217.304672 239.535233 828.576721
v 158.628983 278.738464 828.576721
v 158.628983 239.535233 828.576721
v 217.304672 239.535233 828.576721
v 204.680710 239.535217 749.018127
v 217.304672 239.535233 828.576721
v 171.252960 239.535217 749.018127
v 217.304672 239.535233 828.576721
v 158.628983 239.535233 828.576721
v 171.252960 239.535217 749.018127
v 204.680710 252.740295 667.292969
v 204.680710 239.535217 749.018127
v 171.252960 252.740295 667.292969
v 204.680710 239.535217 749.018127
v 171.252960 239.535217 749.018127
v 171.252960 252.740295 667.292969
v 203.092667 443.469543 809.436157
v 172.840988 443.469543 809.436157
v 203.092667 278.432983 809.436096
v 172.840988 443.469543 809.436157
v 172.840973 278.432983 809.436096
v 203.092667 278.432983 809.436096
v -158.967102 443.101196 677.293030
v -149.720551 443.101196 667.292969
v -158.967102 245.530029 677.293030
v -149.720551 443.101196 667.292969
v -149.720551 245.530029 667.292969
v -158.967102 245.530029 677.293030
v 187.279434 328.444397 577.882568
v 187.279434 328.444397 599.202209
v 162.437607 328.444397 577.882568
v 187.279434 328.444397 599.202209
v 162.437607 328.444397 599.202209
v 162.437607 328.444397 577.882568
v 187.279434 338.805237 511.368500
v 187.279434 338.805237 547.508606
v 162.437607 338.805237 511.368500
v 187.279434 338.805237 547.508606
v 162.437607 338.805237 547.508606
v 162.437607 338.805237 511.368500
v 187.279434 324.841736 628.811218
v 158.881424 324.843323 628.811218
v 187.279434 324.841736 599.202209
v 158.881424 324.843323 628.811218
v 158.881424 324.843323 599.202209
v 187.279434 324.841736 599.202209
v 172.840988 443.469543 809.436157
v 172.840988 443.469543 784.376465
v 172.840973 278.432983 809.436096
v 172.840988 443.469543 784.376465
v 172.840973 278.432983 784.376465
v 172.840973 278.432983 809.436096
v 171.252960 278.738464 749.018127
v 171.252960 278.738464 667.293091
v 171.252960 239.535217 749.018127
v 171.252960 278.738464 667.293091
v 171.252960 252.740295 667.292969
v 171.252960 239.535217 749.018127
v 171.252960 239.535217 749.018127
v 158.628983 239.535233 828.576721
v 171.252960 278.738464 749.018127
v 158.628983 239.535233 828.576721
v 158.628983 278.738464 828.576721
v 171.252960 278.738464 749.018127
v 158.881424 324.843323 628.811218
v 158.880722 347.557739 628.811218
v 158.881424 324.843323 599.202209
v 158.880722 347.557739 628.811218
v 158.880722 347.557739 599.202209
v 158.881424 324.843323 599.202209
v 175.602188 260.214172 768.220886
v -15.847610 260.214172 667.292969
v 175.602188 260.214172 667.292969
v 175.602188 252.740295 667.292969
v 175.602188 260.214172 667.292969
v -15.847610 252.740295 667.292969
v 175.602188 260.214172 667.292969
v -15.847610 260.214172 667.292969
v -15.847610 252.740295 667.292969
v 175.602188 252.740295 768.220886
v -15.847610 252.740295 667.292969
v 175.602188 260.214172 768.220886
v -15.847610 252.740295 667.292969
v -15.847610 260.214172 667.292969
v 175.602188 260.214172 768.220886
v 175.602234 245.530029 788.220886
v 175.602264 443.101196 788.220886
v -33.091446 245.530029 677.293030
v 175.602264 443.101196 788.220886
v -33.091446 443.101196 677.293030
v -33.091446 245.530029 677.293030
v 175.602188 245.530029 778.220947
v -33.091446 245.530029 667.292969
v 175.602188 252.740295 778.220947
v -33.091446 245.530029 667.292969
v -33.091446 252.740295 667.292969
v 175.602188 252.740295 778.220947
v 175.602188 252.740295 778.220947
v -33.091446 252.740295 667.292969
v 175.602188 252.740295 768.220886
v -33.091446 252.740295 667.292969
v -15.847610 252.740295 667.292969
v 175.602188 252.740295 768.220886
v -33.091446 443.101196 677.293030
v -158.967102 443.101196 677.293030
v -33.091446 245.530029 677.293030
v -158.967102 443.101196 677.293030
v -158.967102 245.530029 677.293030
v -33.091446 245.530029 677.293030
v -122.289886 443.101196 657.293030
v -122.289886 252.740295 657.293030
v -130.784210 443.101196 667.292969
v -122.289886 252.740295 657.293030
v -130.784210 252.740295 667.292969
v -130.784210 443.101196 667.292969
vn 0.7342 -0.0000 -0.6789
vn 0.7621 -0.0000 -0.6474
vn -0.0000 -1.0000 -0.0000
vn 0.7622 -0.0000 -0.6474
vn 0.4693 -0.0000 0.8830
vn 0.4694 -0.0000 0.8830
vn -0.4694 -0.0000 -0.8830
vn -0.4693 -0.0000 -0.8830
vn 0.7342 -0.0000 -0.6790
vn 1.0000 -0.0000 -0.0000
vn -0.0000 -0.9699 -0.2433
vn -0.0000 -0.9147 -0.4042
vn 1.0000 -0.0000 0.0001
vn -1.0000 -0.0000 -0.0000
vn -0.0000 -1.0000 -0.0001
vn -0.0000 -0.9146 -0.4043
vn -0.0000 -0.9700 -0.2433
vn -0.0000 -0.9699 -0.2435
vn -0.4694 -0.0000 0.8830
vn -0.7343 -0.0000 -0.6788
vn -0.7342 -0.0000 -0.6789
vn 1.0000 -0.0001 -0.0000
vn 0.9876 -0.0000 -0.1567
vn 0.0001 -1.0000 -0.0000
vn -0.0000 -0.9872 -0.1596
vn -0.0000 -0.9872 -0.1594
vn -0.0000 -0.9872 -0.1595
vn -0.0000 -0.9699 -0.2434
vn -0.0000 -0.0000 1.0000
vn -0.0001 -1.0000 -0.0000
vn -0.9876 -0.0000 -0.1567
vn 0.4664 -0.0000 -0.8846
vn 0.4663 -0.0000 -0.8846
vn -0.4693 -0.0000 0.8830
vn -0.7622 -0.0000 -0.6474
vt 0.185088 0.504814
vt 0.185088 0.465191
vt 0.759864 0.504814
vt 0.759864 0.465191
vt 0.759864 0.504811
vt 0.185088 0.504811
vt 0.759864 0.465194
vt 0.185088 0.465194
vt 0.006020 0.568838
vt 0.258137 0.568838
vt 0.006020 0.976662
vt 0.258137 0.976662
vt 0.731510 0.976662
vt 0.731510 0.568838
vt 0.180903 0.525841
vt 0.755679 0.525841
vt 0.180903 0.545828
vt 0.755679 0.545828
vt 0.047938 0.079867
vt 0.756663 0.079867
vt 0.092747 0.053939
vt 0.741660 0.053939
vt 0.795379 0.136408
vt 0.018177 0.546131
vt 0.018177 0.136408
vt 0.806899 0.032653
vt 0.521403 0.032653
vt 0.785339 0.009336
vt 0.521403 0.009336
vt 0.034787 0.032653
vt 0.034787 0.009336
vt 0.803486 0.125334
vt 0.572663 0.125334
vt 0.782720 0.100431
vt 0.572663 0.100431
vt 0.530507 0.125334
vt 0.033460 0.100431
vt 0.062463 0.125334
vt 0.004457 0.125334
vt 0.979909 0.332101
vt 0.979909 0.254969
vt 0.910491 0.332101
vt 0.910491 0.254969
vt 0.956976 0.203082
vt 0.910491 0.203082
vt 0.942424 0.145079
vt 0.910491 0.145079
vt 0.942424 0.014327
vt 0.910491 0.014327
vt 0.910491 0.142557
vt 0.910491 0.201821
vt 0.820866 0.142557
vt 0.820866 0.201821
vt 0.910491 0.256456
vt 0.820866 0.256456
vt 0.820493 0.142557
vt 0.820493 0.201821
vt 0.910118 0.142557
vt 0.910118 0.201821
vt 0.820493 0.256456
vt 0.910118 0.256456
vt 0.979703 0.332101
vt 0.979703 0.254969
vt 0.956771 0.203082
vt 0.942219 0.145079
vt 0.942219 0.014327
vt 0.034127 0.125334
vt 0.519618 0.125334
vt 0.004042 0.100431
vt 0.563346 0.100431
vt 0.563346 0.125334
vt 0.803071 0.125334
vt 0.781531 0.100431
vt 0.034219 0.032653
vt 0.520835 0.032653
vt 0.034219 0.009336
vt 0.520835 0.009336
vt 0.806331 0.032653
vt 0.784771 0.009336
vt 0.992327 0.441619
vt 0.909511 0.441619
vt 0.992327 0.337799
vt 0.909511 0.337799
vt 0.891449 0.880437
vt 0.891449 0.675093
vt 0.987873 0.880437
vt 0.987873 0.675093
vt 0.811137 0.441619
vt 0.811137 0.337799
vt 0.921251 0.466763
vt 0.987873 0.466763
vt 0.820866 0.332101
vt 0.820866 0.014327
vt 0.468949 0.369885
vt 0.468949 0.319101
vt 0.803398 0.369885
vt 0.803398 0.319102
vt 0.881658 0.978243
vt 0.739618 0.978243
vt 0.881658 0.882002
vt 0.739618 0.882002
vt 0.852269 0.677711
vt 0.766816 0.677711
vt 0.852269 0.466763
vt 0.766816 0.466763
vt 0.803398 0.370814
vt 0.803398 0.432119
vt 0.468949 0.370814
vt 0.468949 0.432119
vt 0.185088 0.465191
vt 0.759864 0.465191
vt 0.820493 0.332101
vt 0.910118 0.332101
vt 0.820493 0.014327
vt 0.910118 0.014327
vt 0.811397 0.441619
vt 0.909772 0.441619
vt 0.811397 0.337799
vt 0.909772 0.337799
vt 0.468949 0.369885
vt 0.468949 0.319102
vt 0.803398 0.319101
vt 0.921536 0.466763
vt 0.018177 0.546131
vt 0.018177 0.136408
vt 0.755409 0.079867
vt 0.046684 0.079867
vt 0.740407 0.053939
vt 0.091493 0.053939
s 0
usemtl Material__76
f 13000/2330/1470 13001/2331/1470 13002/2332/1470
f 13003/2331/1470 13004/2333/1470 13005/2332/1470
s 1
f 13006/2334/1471 13007/2335/1472 13008/2336/1471
f 13009/2335/1472 13010/2337/1472 13011/2336/1473
f 13012/2338/1470 13013/2339/1474 13014/2340/1470
f 13015/2339/1474 13016/2341/1474 13017/2340/1470
s 0
f 13018/2341/1475 13019/2339/1475 13020/2342/1475
f 13021/2339/1475 13022/2343/1475 13023/2342/1475
f 13024/2344/1472 13025/2345/1472 13026/2346/1472
s 1
f 13027/2345/1472 13028/2347/1476 13029/2346/1472
f 13030/2348/1472 13031/2349/1476 13032/2350/1472
f 13033/2349/1477 13034/2351/1472 13035/2350/1472
s 0
f 13036/2344/1472 13037/2345/1472 13038/2346/1472
f 13039/2345/1472 13040/2347/1472 13041/2346/1472
f 13042/2345/1472 13043/2347/1472 13044/2344/1472
f 13045/2347/1472 13046/2346/1472 13047/2344/1472
f 13048/2352/1472 13049/2353/1472 13050/2354/1472
s 1
f 13051/2355/1470 13052/2356/1474 13053/2357/1478
f 13054/2357/1470 13055/2356/1474 13056/2358/1472
f 13057/2356/1475 13058/2359/1474 13059/2358/1472
f 13060/2358/1472 13061/2359/1475 13062/2360/1472
s 0
f 13063/2361/1472 13064/2362/1472 13065/2363/1472
f 13066/2363/1472 13067/2362/1472 13068/2364/1472
f 13069/2362/1472 13070/2365/1472 13071/2364/1472
f 13072/2364/1472 13073/2365/1472 13074/2366/1472
f 13075/2365/1472 13076/2367/1472 13077/2366/1472
f 13078/2366/1472 13079/2367/1472 13080/2368/1472
f 13081/2369/1479 13082/2370/1479 13083/2371/1479
f 13084/2371/1479 13085/2370/1479 13086/2372/1479
f 13087/2370/1479 13088/2373/1479 13089/2372/1479
f 13090/2372/1479 13091/2373/1479 13092/2374/1479
f 13093/2373/1479 13094/2375/1479 13095/2374/1479
f 13096/2374/1479 13097/2375/1479 13098/2376/1479
f 13099/2375/1479 13100/2377/1479 13101/2376/1479
f 13102/2376/1479 13103/2377/1479 13104/2378/1479
s 1
f 13105/2379/1479 13106/2380/1479 13107/2381/1480
f 13108/2381/1480 13109/2380/1479 13110/2382/1481
f 13111/2380/1479 13112/2383/1482 13113/2382/1481
f 13114/2382/1481 13115/2383/1479 13116/2384/1472
f 13117/2385/1480 13118/2386/1481 13119/2387/1480
f 13120/2387/1480 13121/2386/1481 13122/2388/1481
f 13123/2386/1481 13124/2389/1472 13125/2388/1481
f 13126/2388/1481 13127/2389/1472 13128/2390/1472
f 13129/2371/1483 13130/2372/1483 13131/2391/1484
f 13132/2391/1472 13133/2372/1483 13134/2392/1472
f 13135/2372/1483 13136/2374/1483 13137/2392/1472
f 13138/2392/1472 13139/2374/1483 13140/2393/1481
f 13141/2374/1483 13142/2376/1483 13143/2393/1485
f 13144/2393/1485 13145/2376/1483 13146/2394/1486
f 13147/2376/1483 13148/2378/1483 13149/2394/1480
f 13150/2394/1487 13151/2378/1483 13152/2395/1472
s 0
f 13153/2396/1472 13154/2397/1472 13155/2398/1472
f 13156/2398/1472 13157/2397/1472 13158/2399/1472
f 13159/2397/1472 13160/2400/1472 13161/2399/1472
f 13162/2400/1472 13163/2401/1472 13164/2399/1472
f 13165/2399/1472 13166/2401/1472 13167/2402/1472
s 1
f 13168/2403/1488 13169/2404/1488 13170/2405/1472
f 13171/2405/1472 13172/2404/1488 13173/2406/1472
f 13174/2404/1488 13175/2407/1489 13176/2406/1472
f 13177/2406/1472 13178/2407/1490 13179/2408/1490
s 0
f 13180/2409/1491 13181/2410/1491 13182/2411/1491
f 13183/2410/1491 13184/2412/1491 13185/2411/1491
f 13186/2413/1492 13187/2414/1492 13188/2415/1492
f 13189/2414/1492 13190/2416/1492 13191/2415/1492
f 13192/2410/1493 13193/2417/1493 13194/2412/1493
f 13195/2417/1493 13196/2418/1493 13197/2412/1493
s 1
f 13198/2414/1494 13199/2419/1495 13200/2416/1492
f 13201/2419/1496 13202/2420/1479 13203/2416/1492
f 13204/2383/1479 13205/2371/1482 13206/2384/1472
f 13207/2371/1482 13208/2421/1472 13209/2384/1472
f 13210/2378/1479 13211/2379/1479 13212/2422/1472
f 13213/2379/1482 13214/2381/1497 13215/2422/1472
f 13216/2423/1498 13217/2424/1479 13218/2425/1498
f 13219/2424/1479 13220/2426/1479 13221/2425/1498
s 0
f 13222/2427/1498 13223/2428/1498 13224/2429/1498
f 13225/2428/1498 13226/2430/1498 13227/2429/1498
f 13228/2431/1472 13229/2429/1472 13230/2432/1472
f 13231/2429/1472 13232/2430/1472 13233/2432/1472
f 13234/2433/1496 13235/2431/1496 13236/2434/1496
f 13237/2431/1496 13238/2432/1496 13239/2434/1496
f 13240/2435/1498 13241/2436/1498 13242/2437/1498
f 13243/2436/1498 13244/2438/1498 13245/2437/1498
f 13246/2330/1490 13247/2439/1490 13248/2332/1490
f 13249/2439/1490 13250/2440/1490 13251/2332/1490
f 13252/2389/1472 13253/2441/1472 13254/2390/1472
f 13255/2441/1472 13256/2442/1472 13257/2390/1472
s 1
f 13258/2443/1472 13259/2385/1497 13260/2444/1472
f 13261/2385/1497 13262/2387/1497 13263/2444/1472
s 0
f 13264/2445/1499 13265/2446/1499 13266/2447/1499
f 13267/2446/1499 13268/2448/1499 13269/2447/1499
s 1
f 13270/2449/1498 13271/2450/1483 13272/2425/1498
f 13273/2450/1483 13274/2451/1483 13275/2425/1498
f 13276/2416/1500 13277/2420/1483 13278/2414/1496
f 13279/2420/1483 13280/2452/1494 13281/2414/1496
s 0
f 13282/2414/1500 13283/2413/1500 13284/2416/1500
f 13285/2413/1500 13286/2415/1500 13287/2416/1500
f 13288/2409/1483 13289/2410/1483 13290/2411/1483
f 13291/2410/1483 13292/2412/1483 13293/2411/1483
s 1
f 13294/2453/1501 13295/2352/1501 13296/2454/1472
s 0
f 13297/2345/1472 13298/2347/1472 13299/2344/1472
s 1
f 13300/2347/1472 13301/2346/1502 13302/2344/1472
f 13303/2347/1472 13304/2346/1472 13305/2345/1502
f 13306/2346/1472 13307/2344/1502 13308/2345/1502
s 0
f 13309/2342/1488 13310/2343/1488 13311/2341/1488
f 13312/2343/1488 13313/2339/1488 13314/2341/1488
f 13315/2347/1472 13316/2346/1472 13317/2345/1472
f 13318/2346/1472 13319/2344/1472 13320/2345/1472
f 13321/2455/1472 13322/2456/1472 13323/2457/1472
f 13324/2456/1472 13325/2458/1472 13326/2457/1472
s 1
f 13327/2339/1503 13328/2338/1490 13329/2341/1503
f 13330/2338/1490 13331/2340/1490 13332/2341/1503
f 13333/2337/1504 13334/2336/1472 13335/2335/1504
f 13336/2336/1472 13337/2334/1472 13338/2335/1504
g Atomic33_meshId46_name
v 837.257324 332.754883 657.292969
v 807.350891 363.809570 647.292969
v 837.257446 524.727722 657.292969
v 807.350891 363.809570 647.292969
v 807.350891 524.727722 647.292969
v 837.257446 524.727722 657.292969
v 837.257446 524.727722 657.292969
v 807.350891 524.727722 647.292969
v 837.257385 698.335449 657.292969
v 807.350891 524.727722 647.292969
v 807.350891 698.335449 647.292969
v 837.257385 698.335449 657.292969
v 837.257385 698.335449 657.292969
v 807.350891 698.335449 647.292969
v 837.257385 871.943115 657.292969
v 807.350891 698.335449 647.292969
v 807.350891 871.943115 647.292969
v 837.257385 871.943115 657.292969
v 807.350891 871.943115 647.292969
v 807.350891 1045.550537 647.292969
v 837.257385 871.943115 657.292969
v 837.257385 871.943115 657.292969
v 807.350891 1045.550537 647.292969
v 837.257385 1045.550537 657.292969
v 807.350891 1045.550537 647.292969
v 807.350891 1219.158203 647.292908
v 837.257385 1045.550537 657.292969
v 837.257385 1045.550537 657.292969
v 807.350891 1219.158203 647.292908
v 837.257385 1219.158203 657.292908
v 807.350891 1219.158203 647.292908
v 807.350891 1392.765747 647.292847
v 837.257385 1219.158203 657.292908
v 837.257385 1219.158203 657.292908
v 807.350891 1392.765747 647.292847
v 837.257385 1392.765747 657.292847
v 807.350891 1392.765747 647.292847
v 807.350891 1566.373535 647.292847
v 837.257385 1392.765747 657.292847
v 837.257385 1392.765747 657.292847
v 807.350891 1566.373535 647.292847
v 837.257385 1566.373291 657.292847
v 837.257324 332.754883 657.292969
v 837.257446 524.727722 657.292969
v 837.257324 332.754883 667.292969
v 837.257324 332.754883 667.292969
v 837.257446 524.727722 657.292969
v 837.257446 524.727722 667.292969
v 837.257446 524.727722 657.292969
v 837.257385 698.335449 657.292969
v 837.257446 524.727722 667.292969
v 837.257446 524.727722 667.292969
v 837.257385 698.335449 657.292969
v 837.257385 698.335449 667.292969
v 837.257385 698.335449 657.292969
v 837.257385 871.943115 657.292969
v 837.257385 698.335449 667.292969
v 837.257385 698.335449 667.292969
v 837.257385 871.943115 657.292969
v 837.257385 871.943115 667.292969
v 837.257385 871.943115 657.292969
v 837.257385 1045.550537 657.292969
v 837.257385 871.943115 667.292969
v 837.257385 871.943115 667.292969
v 837.257385 1045.550537 657.292969
v 837.257385 1045.550537 667.292969
v 837.257385 1045.550537 657.292969
v 837.257385 1219.158203 657.292908
v 837.257385 1045.550537 667.292969
v 837.257385 1045.550537 667.292969
v 837.257385 1219.158203 657.292908
v 837.257385 1219.158203 667.292908
v 837.257385 1219.158203 657.292908
v 837.257385 1392.765747 657.292847
v 837.257385 1219.158203 667.292908
v 837.257385 1219.158203 667.292908
v 837.257385 1392.765747 657.292847
v 837.257385 1392.765747 667.292908
v 837.257385 1392.765747 657.292847
v 837.257385 1566.373291 657.292847
v 837.257385 1392.765747 667.292908
v 837.257385 1392.765747 667.292908
v 837.257385 1566.373291 657.292847
v 837.257385 1566.373535 667.292847
v 822.304138 344.515869 628.811218
v 822.304199 524.727722 628.811218
v 822.304138 344.515869 637.292969
v 822.304138 344.515869 637.292969
v 822.304199 524.727722 628.811218
v 822.304199 524.727722 637.292969
v 822.304199 524.727722 628.811218
v 822.304199 698.335449 628.811218
v 822.304199 524.727722 637.292969
v 822.304199 524.727722 637.292969
v 822.304199 698.335449 628.811218
v 822.304199 698.335449 637.292969
v 822.304199 698.335449 628.811218
v 822.304199 871.943115 628.811218
v 822.304199 698.335449 637.292969
v 822.304199 698.335449 637.292969
v 822.304199 871.943115 628.811218
v 822.304199 871.943115 637.292969
v 822.304199 871.943115 628.811218
v 822.304199 1045.550537 628.811218
v 822.304199 871.943115 637.292969
v 822.304199 871.943115 637.292969
v 822.304199 1045.550537 628.811218
v 822.304199 1045.550537 637.292969
v 822.304199 1045.550537 628.811218
v 822.304199 1219.158203 628.811096
v 822.304199 1045.550537 637.292969
v 822.304199 1045.550537 637.292969
v 822.304199 1219.158203 628.811096
v 822.304199 1219.158203 637.292908
v 822.304199 1219.158203 628.811096
v 822.304199 1392.765747 628.811096
v 822.304199 1219.158203 637.292908
v 822.304199 1219.158203 637.292908
v 822.304199 1392.765747 628.811096
v 822.304199 1392.765747 637.292847
v 822.304199 1392.765747 628.811096
v 822.304138 1566.373535 628.811096
v 822.304199 1392.765747 637.292847
v 822.304199 1392.765747 637.292847
v 822.304138 1566.373535 628.811096
v 822.304138 1566.373535 637.292847
v 822.304138 344.515869 637.292969
v 822.304199 524.727722 637.292969
v 807.350891 363.809570 647.292969
v 807.350891 363.809570 647.292969
v 822.304199 524.727722 637.292969
v 807.350891 524.727722 647.292969
v 807.350891 524.727722 647.292969
v 822.304199 524.727722 637.292969
v 807.350891 698.335449 647.292969
v 822.304199 524.727722 637.292969
v 822.304199 698.335449 637.292969
v 807.350891 698.335449 647.292969
v 822.304199 698.335449 637.292969
v 822.304199 871.943115 637.292969
v 807.350891 698.335449 647.292969
v 807.350891 698.335449 647.292969
v 822.304199 871.943115 637.292969
v 807.350891 871.943115 647.292969
v 822.304199 871.943115 637.292969
v 822.304199 1045.550537 637.292969
v 807.350891 871.943115 647.292969
v 807.350891 871.943115 647.292969
v 822.304199 1045.550537 637.292969
v 807.350891 1045.550537 647.292969
v 807.350891 1045.550537 647.292969
v 822.304199 1045.550537 637.292969
v 807.350891 1219.158203 647.292908
v 822.304199 1045.550537 637.292969
v 822.304199 1219.158203 637.292908
v 807.350891 1219.158203 647.292908
v 807.350891 1219.158203 647.292908
v 822.304199 1219.158203 637.292908
v 807.350891 1392.765747 647.292847
v 822.304199 1219.158203 637.292908
v 822.304199 1392.765747 637.292847
v 807.350891 1392.765747 647.292847
v 807.350891 1392.765747 647.292847
v 822.304199 1392.765747 637.292847
v 807.350891 1566.373535 647.292847
v 822.304199 1392.765747 637.292847
v 822.304138 1566.373535 637.292847
v 807.350891 1566.373535 647.292847
v 837.257324 332.754883 667.292969
v 837.257446 524.727722 667.292969
v 685.197510 332.754883 667.292969
v 837.257446 524.727722 667.292969
v 685.197510 524.727722 667.292969
v 685.197510 332.754883 667.292969
v 685.197510 332.754883 667.292969
v 685.197510 524.727722 667.292969
v 540.614258 332.754883 667.292969
v 685.197510 524.727722 667.292969
v 540.614258 524.727722 667.292969
v 540.614258 332.754883 667.292969
v 540.614258 332.754883 667.292969
v 540.614258 524.727722 667.292969
v 469.228455 332.754944 667.292969
v 540.614258 524.727722 667.292969
v 469.228546 524.727722 667.292969
v 469.228455 332.754944 667.292969
v 469.228455 332.754944 667.292969
v 469.228546 524.727722 667.292969
v 251.447571 332.754944 667.292969
v 469.228546 524.727722 667.292969
v 251.447571 524.727722 667.292969
v 251.447571 332.754944 667.292969
v 822.304138 344.515869 637.292969
v 807.350891 363.809570 647.292969
v 685.197510 344.515869 637.292969
v 807.350891 363.809570 647.292969
v 685.197510 363.809570 647.292969
v 685.197510 344.515869 637.292969
v 685.197510 344.515869 637.292969
v 685.197510 363.809570 647.292969
v 540.614258 344.515869 637.292969
v 685.197510 363.809570 647.292969
v 540.614258 363.809570 647.292969
v 540.614258 344.515869 637.292969
v 540.614258 344.515869 637.292969
v 540.614258 363.809570 647.292969
v 458.780975 344.515869 637.292969
v 540.614258 363.809570 647.292969
v 441.641907 363.809570 647.292969
v 458.780975 344.515869 637.292969
v 469.230652 265.374451 657.293030
v 469.228455 332.755005 657.292969
v 469.230652 265.374390 667.292969
v 469.228455 332.755005 657.292969
v 469.228455 332.754944 667.292969
v 469.230652 265.374390 667.292969
v 458.783234 277.135254 628.811218
v 458.780975 344.515869 628.811218
v 458.783234 277.135254 637.293030
v 458.780975 344.515869 628.811218
v 458.780975 344.515869 637.292969
v 458.783234 277.135254 637.293030
v 458.783234 277.135254 637.293030
v 458.780975 344.515869 637.292969
v 441.644104 296.429077 647.292969
v 458.780975 344.515869 637.292969
v 441.641907 363.809570 647.292969
v 441.644104 296.429077 647.292969
v 469.230652 265.374390 667.292969
v 469.228455 332.754944 667.292969
v 251.449341 265.374390 667.292969
v 469.228455 332.754944 667.292969
v 251.447571 332.754944 667.292969
v 251.449341 265.374390 667.292969
v 251.449341 265.374390 667.292969
v 251.447571 332.754944 667.292969
v 106.866081 265.374390 667.292969
v 251.447571 332.754944 667.292969
v 106.864311 332.754944 667.292969
v 106.866081 265.374390 667.292969
v 106.866081 265.374390 667.292969
v 106.864311 332.754944 667.292969
v -95.072937 265.374390 667.292969
v 106.864311 332.754944 667.292969
v -95.075165 332.754944 667.292969
v -95.072937 265.374390 667.292969
v 458.783234 277.135254 637.293030
v 441.644104 296.429077 647.292969
v 251.449341 277.135254 637.292969
v 441.644104 296.429077 647.292969
v 251.449341 296.429077 647.292969
v 251.449341 277.135254 637.292969
v 251.449341 277.135254 637.292969
v 251.449341 296.429077 647.292969
v 106.866058 277.135254 637.292969
v 251.449341 296.429077 647.292969
v 106.866058 296.429077 647.292969
v 106.866058 277.135254 637.292969
v 106.866058 296.429077 647.292969
v -67.486366 296.429077 647.292969
v 106.866058 277.135254 637.292969
v 106.866058 277.135254 637.292969
v -67.486366 296.429077 647.292969
v -84.625458 276.887634 637.292969
v 837.257446 524.727722 667.292969
v 837.257385 698.335449 667.292969
v 685.197510 524.727722 667.292969
v 685.197510 524.727722 667.292969
v 837.257385 698.335449 667.292969
v 685.197510 698.335449 667.292969
v 837.257385 698.335449 667.292969
v 837.257385 871.943115 667.292969
v 685.197510 698.335449 667.292969
v 685.197510 698.335449 667.292969
v 837.257385 871.943115 667.292969
v 685.197510 871.943115 667.292969
v 837.257385 871.943115 667.292969
v 837.257385 1045.550537 667.292969
v 685.197510 871.943115 667.292969
v 685.197510 871.943115 667.292969
v 837.257385 1045.550537 667.292969
v 685.197510 1045.550537 667.292969
v 837.257385 1045.550537 667.292969
v 837.257385 1219.158203 667.292908
v 685.197510 1045.550537 667.292969
v 685.197510 1045.550537 667.292969
v 837.257385 1219.158203 667.292908
v 685.197510 1219.158203 667.292908
v 837.257385 1219.158203 667.292908
v 837.257385 1392.765747 667.292908
v 685.197510 1219.158203 667.292908
v 685.197510 1219.158203 667.292908
v 837.257385 1392.765747 667.292908
v 685.197510 1392.765747 667.292908
v 837.257385 1392.765747 667.292908
v 837.257385 1566.373535 667.292847
v 685.197510 1392.765747 667.292908
v 685.197510 1392.765747 667.292908
v 837.257385 1566.373535 667.292847
v 685.197510 1566.373535 667.292847
v 837.257324 332.754883 667.292969
v 685.197510 332.754883 667.292969
v 837.257324 332.754883 657.292969
v 837.257324 332.754883 657.292969
v 685.197510 332.754883 667.292969
v 685.197510 332.754883 657.292969
v 685.197510 332.754883 667.292969
v 540.614258 332.754883 667.292969
v 685.197510 332.754883 657.292969
v 685.197510 332.754883 657.292969
v 540.614258 332.754883 667.292969
v 540.614258 332.754883 657.292969
v 540.614258 332.754883 667.292969
v 469.228455 332.754944 667.292969
v 540.614258 332.754883 657.292969
v 540.614258 332.754883 657.292969
v 469.228455 332.754944 667.292969
v 469.228455 332.755005 657.292969
v 837.257324 332.754883 657.292969
v 685.197510 332.754883 657.292969
v 807.350891 363.809570 647.292969
v 807.350891 363.809570 647.292969
v 685.197510 332.754883 657.292969
v 685.197510 363.809570 647.292969
v 685.197510 332.754883 657.292969
v 540.614258 332.754883 657.292969
v 685.197510 363.809570 647.292969
v 685.197510 363.809570 647.292969
v 540.614258 332.754883 657.292969
v 540.614258 363.809570 647.292969
v 540.614258 332.754883 657.292969
v 469.228455 332.755005 657.292969
v 540.614258 363.809570 647.292969
v 540.614258 363.809570 647.292969
v 469.228455 332.755005 657.292969
v 441.641907 363.809570 647.292969
v 469.228455 332.755005 657.292969
v 469.230652 265.374451 657.293030
v 441.641907 363.809570 647.292969
v 441.641907 363.809570 647.292969
v 469.230652 265.374451 657.293030
v 441.644104 296.429077 647.292969
v 469.230652 265.374451 657.293030
v 251.449341 265.374390 657.293030
v 441.644104 296.429077 647.292969
v 441.644104 296.429077 647.292969
v 251.449341 265.374390 657.293030
v 251.449341 296.429077 647.292969
v 251.449341 265.374390 657.293030
v 106.866081 265.374390 657.293030
v 251.449341 296.429077 647.292969
v 251.449341 296.429077 647.292969
v 106.866081 265.374390 657.293030
v 106.866058 296.429077 647.292969
v 106.866081 265.374390 657.293030
v -95.072937 265.374390 657.293030
v 106.866058 296.429077 647.292969
v 106.866058 296.429077 647.292969
v -95.072937 265.374390 657.293030
v -67.486366 296.429077 647.292969
v -95.072937 265.374390 657.293030
v -95.075165 332.754944 657.292969
v -67.486366 296.429077 647.292969
v -67.486366 296.429077 647.292969
v -95.075165 332.754944 657.292969
v -67.488579 363.809570 647.292969
v -67.488579 363.809570 647.292969
v -95.075165 332.754944 657.292969
v -182.302307 363.809570 647.292969
v -95.075165 332.754944 657.292969
v -182.302307 332.754944 657.292969
v -182.302307 363.809570 647.292969
v -182.302307 363.809570 647.292969
v -182.302307 332.754944 657.292969
v -326.885620 363.809570 647.292969
v -182.302307 332.754944 657.292969
v -326.885620 332.754944 657.292969
v -326.885620 363.809570 647.292969
v -326.885620 363.809570 647.292969
v -326.885620 332.754944 657.292969
v -471.468872 363.809570 647.292969
v -326.885620 332.754944 657.292969
v -471.468872 332.754883 657.292969
v -471.468872 363.809570 647.292969
v -471.468872 363.809570 647.292969
v -471.468872 332.754883 657.292969
v -615.501648 363.809570 647.292969
v -471.468872 332.754883 657.292969
v -616.235779 332.754883 657.292969
v -615.501648 363.809570 647.292969
v -615.501648 363.809570 647.292969
v -616.235779 332.754883 657.292969
v -738.205627 363.809570 647.292969
v -616.235779 332.754883 657.292969
v -768.112122 332.754883 657.292969
v -738.205627 363.809570 647.292969
v 106.864311 332.754944 667.292969
v 106.864296 524.727722 667.292969
v -95.075165 332.754944 667.292969
v 106.864296 524.727722 667.292969
v -95.075165 524.727722 667.292969
v -95.075165 332.754944 667.292969
v -95.075165 332.754944 667.292969
v -95.075165 524.727722 667.292969
v -182.302307 332.754944 667.292969
v -95.075165 524.727722 667.292969
v -182.302307 524.727722 667.292969
v -182.302307 332.754944 667.292969
v -182.302307 332.754944 667.292969
v -182.302307 524.727722 667.292969
v -326.885620 332.754883 667.292969
v -182.302307 524.727722 667.292969
v -326.885620 524.727722 667.292969
v -326.885620 332.754883 667.292969
v -326.885620 332.754883 667.292969
v -326.885620 524.727722 667.292969
v -471.468872 332.754883 667.292969
v -326.885620 524.727722 667.292969
v -471.468872 524.727722 667.292969
v -471.468872 332.754883 667.292969
v -471.468872 332.754883 667.292969
v -471.468872 524.727722 667.292969
v -616.235779 332.754883 667.292969
v -471.468872 524.727722 667.292969
v -616.235779 524.727722 667.292969
v -616.235779 332.754883 667.292969
v -616.235779 332.754883 667.292969
v -616.235779 524.727722 667.292969
v -768.112122 332.754883 667.292969
v -616.235779 524.727722 667.292969
v -768.112122 524.727722 667.292969
v -768.112122 332.754883 667.292969
v -67.486366 296.429077 647.292969
v -67.488579 363.809570 647.292969
v -84.625458 276.887634 637.292969
v -67.488579 363.809570 647.292969
v -84.627716 344.515869 637.292969
v -84.625458 276.887634 637.292969
v -84.625458 276.887634 637.292969
v -84.627716 344.515869 637.292969
v -84.625458 276.887634 628.811218
v -84.627716 344.515869 637.292969
v -84.627716 344.515869 628.811218
v -84.625458 276.887634 628.811218
v -95.072937 265.374390 667.292969
v -95.075165 332.754944 667.292969
v -95.072937 265.374390 657.293030
v -95.075165 332.754944 667.292969
v -95.075165 332.754944 657.292969
v -95.072937 265.374390 657.293030
v -738.205627 1566.373535 647.292847
v -753.158936 1566.373535 637.292847
v -738.205627 1392.765747 647.292847
v -753.158936 1566.373535 637.292847
v -753.158936 1392.765747 637.292847
v -738.205627 1392.765747 647.292847
v -738.205627 1392.765747 647.292847
v -753.158936 1392.765747 637.292847
v -738.205627 1219.158203 647.292908
v -753.158936 1392.765747 637.292847
v -753.158936 1219.158203 637.292908
v -738.205627 1219.158203 647.292908
v -753.158936 1219.158203 637.292908
v -753.158936 1045.550537 637.292969
v -738.205627 1219.158203 647.292908
v -738.205627 1219.158203 647.292908
v -753.158936 1045.550537 637.292969
v -738.205627 1045.550537 647.292969
v -753.158936 1045.550537 637.292969
v -753.158936 871.943115 637.292969
v -738.205627 1045.550537 647.292969
v -738.205627 1045.550537 647.292969
v -753.158936 871.943115 637.292969
v -738.205627 871.943115 647.292969
v -738.205627 871.943115 647.292969
v -753.158936 871.943115 637.292969
v -738.205627 698.335449 647.292969
v -753.158936 871.943115 637.292969
v -753.158936 698.335449 637.292969
v -738.205627 698.335449 647.292969
v -738.205627 698.335449 647.292969
v -753.158936 698.335449 637.292969
v -738.205627 524.727722 647.292969
v -753.158936 698.335449 637.292969
v -753.158936 524.727722 637.292969
v -738.205627 524.727722 647.292969
v -738.205627 524.727722 647.292969
v -753.158936 524.727722 637.292969
v -738.205627 363.809570 647.292969
v -753.158936 524.727722 637.292969
v -753.158936 344.515869 637.292969
v -738.205627 363.809570 647.292969
v -753.158936 1566.373535 637.292847
v -753.158936 1566.373535 628.811096
v -753.158936 1392.765747 637.292847
v -753.158936 1566.373535 628.811096
v -753.158936 1392.765747 628.811096
v -753.158936 1392.765747 637.292847
v -753.158936 1392.765747 637.292847
v -753.158936 1392.765747 628.811096
v -753.158936 1219.158203 637.292908
v -753.158936 1392.765747 628.811096
v -753.158936 1219.158203 628.811096
v -753.158936 1219.158203 637.292908
v -753.158936 1219.158203 628.811096
v -753.158936 1045.550537 628.811218
v -753.158936 1219.158203 637.292908
v -753.158936 1219.158203 637.292908
v -753.158936 1045.550537 628.811218
v -753.158936 1045.550537 637.292969
v -753.158936 1045.550537 628.811218
v -753.158936 871.943115 628.811218
v -753.158936 1045.550537 637.292969
v -753.158936 1045.550537 637.292969
v -753.158936 871.943115 628.811218
v -753.158936 871.943115 637.292969
v -753.158936 871.943115 628.811218
v -753.158936 698.335449 628.811218
v -753.158936 871.943115 637.292969
v -753.158936 871.943115 637.292969
v -753.158936 698.335449 628.811218
v -753.158936 698.335449 637.292969
v -753.158936 698.335449 628.811218
v -753.158936 524.727722 628.811218
v -753.158936 698.335449 637.292969
v -753.158936 698.335449 637.292969
v -753.158936 524.727722 628.811218
v -753.158936 524.727722 637.292969
v -753.158936 524.727722 628.811218
v -753.158936 344.515869 628.811218
v -753.158936 524.727722 637.292969
v -753.158936 524.727722 637.292969
v -753.158936 344.515869 628.811218
v -753.158936 344.515869 637.292969
v 822.304138 344.515869 637.292969
v 685.197510 344.515869 637.292969
v 822.304138 344.515869 628.811218
v 822.304138 344.515869 628.811218
v 685.197510 344.515869 637.292969
v 685.197510 344.515869 628.811218
v 685.197510 344.515869 637.292969
v 540.614258 344.515869 637.292969
v 685.197510 344.515869 628.811218
v 685.197510 344.515869 628.811218
v 540.614258 344.515869 637.292969
v 540.614258 344.515869 628.811218
v 540.614258 344.515869 637.292969
v 458.780975 344.515869 637.292969
v 540.614258 344.515869 628.811218
v 540.614258 344.515869 628.811218
v 458.780975 344.515869 637.292969
v 458.780975 344.515869 628.811218
v 469.230652 265.374390 667.292969
v 251.449341 265.374390 667.292969
v 469.230652 265.374451 657.293030
v 469.230652 265.374451 657.293030
v 251.449341 265.374390 667.292969
v 251.449341 265.374390 657.293030
v 251.449341 265.374390 667.292969
v 106.866081 265.374390 667.292969
v 251.449341 265.374390 657.293030
v 251.449341 265.374390 657.293030
v 106.866081 265.374390 667.292969
v 106.866081 265.374390 657.293030
v 106.866081 265.374390 667.292969
v -95.072937 265.374390 667.292969
v 106.866081 265.374390 657.293030
v 106.866081 265.374390 657.293030
v -95.072937 265.374390 667.292969
v -95.072937 265.374390 657.293030
v 458.783234 277.135254 637.293030
v 251.449341 277.135254 637.292969
v 458.783234 277.135254 628.811218
v 458.783234 277.135254 628.811218
v 251.449341 277.135254 637.292969
v 251.449341 277.135254 628.811218
v 251.449341 277.135254 637.292969
v 106.866058 277.135254 637.292969
v 251.449341 277.135254 628.811218
v 251.449341 277.135254 628.811218
v 106.866058 277.135254 637.292969
v 106.866058 277.135254 628.811218
v 106.866058 277.135254 637.292969
v -84.625458 276.887634 637.292969
v 106.866058 277.135254 628.811218
v 106.866058 277.135254 628.811218
v -84.625458 276.887634 637.292969
v -84.625458 276.887634 628.811218
v -768.112122 1566.373291 657.292847
v -768.112122 1392.765747 657.292847
v -768.112122 1566.373535 667.292847
v -768.112122 1566.373535 667.292847
v -768.112122 1392.765747 657.292847
v -768.112122 1392.765747 667.292908
v -768.112122 1392.765747 657.292847
v -768.112122 1219.158203 657.292908
v -768.112122 1392.765747 667.292908
v -768.112122 1392.765747 667.292908
v -768.112122 1219.158203 657.292908
v -768.112122 1219.158203 667.292908
v -768.112122 1219.158203 657.292908
v -768.112122 1045.550537 657.292969
v -768.112122 1219.158203 667.292908
v -768.112122 1219.158203 667.292908
v -768.112122 1045.550537 657.292969
v -768.112122 1045.550537 667.292969
v -768.112122 1045.550537 657.292969
v -768.112122 871.943115 657.292969
v -768.112122 1045.550537 667.292969
v -768.112122 1045.550537 667.292969
v -768.112122 871.943115 657.292969
v -768.112122 871.943115 667.292969
v -768.112122 871.943115 657.292969
v -768.112122 698.335449 657.292969
v -768.112122 871.943115 667.292969
v -768.112122 871.943115 667.292969
v -768.112122 698.335449 657.292969
v -768.112122 698.335449 667.292969
v -768.112122 698.335449 657.292969
v -768.112122 524.727722 657.292969
v -768.112122 698.335449 667.292969
v -768.112122 698.335449 667.292969
v -768.112122 524.727722 657.292969
v -768.112122 524.727722 667.292969
v -768.112122 524.727722 657.292969
v -768.112122 332.754883 657.292969
v -768.112122 524.727722 667.292969
v -768.112122 524.727722 667.292969
v -768.112122 332.754883 657.292969
v -768.112122 332.754883 667.292969
v -67.488579 363.809570 647.292969
v -182.302307 363.809570 647.292969
v -84.627716 344.515869 637.292969
v -84.627716 344.515869 637.292969
v -182.302307 363.809570 647.292969
v -182.302307 344.515869 637.292969
v -182.302307 363.809570 647.292969
v -326.885620 363.809570 647.292969
v -182.302307 344.515869 637.292969
v -182.302307 344.515869 637.292969
v -326.885620 363.809570 647.292969
v -326.885620 344.515869 637.292969
v -326.885620 363.809570 647.292969
v -471.468872 363.809570 647.292969
v -326.885620 344.515869 637.292969
v -326.885620 344.515869 637.292969
v -471.468872 363.809570 647.292969
v -471.468872 344.515869 637.292969
v -471.468872 363.809570 647.292969
v -615.501648 363.809570 647.292969
v -471.468872 344.515869 637.292969
v -471.468872 344.515869 637.292969
v -615.501648 363.809570 647.292969
v -615.868713 344.515869 637.292969
v -615.501648 363.809570 647.292969
v -738.205627 363.809570 647.292969
v -615.868713 344.515869 637.292969
v -615.868713 344.515869 637.292969
v -738.205627 363.809570 647.292969
v -753.158936 344.515869 637.292969
v -84.627716 344.515869 637.292969
v -182.302307 344.515869 637.292969
v -84.627716 344.515869 628.811218
v -84.627716 344.515869 628.811218
v -182.302307 344.515869 637.292969
v -182.302307 344.515869 628.811218
v -182.302307 344.515869 637.292969
v -326.885620 344.515869 637.292969
v -182.302307 344.515869 628.811218
v -182.302307 344.515869 628.811218
v -326.885620 344.515869 637.292969
v -326.885620 344.515869 628.811218
v -326.885620 344.515869 637.292969
v -471.468872 344.515869 637.292969
v -326.885620 344.515869 628.811218
v -326.885620 344.515869 628.811218
v -471.468872 344.515869 637.292969
v -471.468872 344.515869 628.811218
v -471.468872 344.515869 637.292969
v -615.868713 344.515869 637.292969
v -471.468872 344.515869 628.811218
v -471.468872 344.515869 628.811218
v -615.868713 344.515869 637.292969
v -615.868713 344.515869 628.811218
v -615.868713 344.515869 637.292969
v -753.158936 344.515869 637.292969
v -615.868713 344.515869 628.811218
v -615.868713 344.515869 628.811218
v -753.158936 344.515869 637.292969
v -753.158936 344.515869 628.811218
v -95.075165 332.754944 667.292969
v -182.302307 332.754944 667.292969
v -95.075165 332.754944 657.292969
v -95.075165 332.754944 657.292969
v -182.302307 332.754944 667.292969
v -182.302307 332.754944 657.292969
v -182.302307 332.754944 667.292969
v -326.885620 332.754883 667.292969
v -182.302307 332.754944 657.292969
v -182.302307 332.754944 657.292969
v -326.885620 332.754883 667.292969
v -326.885620 332.754944 657.292969
v -326.885620 332.754883 667.292969
v -471.468872 332.754883 667.292969
v -326.885620 332.754944 657.292969
v -326.885620 332.754944 657.292969
v -471.468872 332.754883 667.292969
v -471.468872 332.754883 657.292969
v -471.468872 332.754883 667.292969
v -616.235779 332.754883 667.292969
v -471.468872 332.754883 657.292969
v -471.468872 332.754883 657.292969
v -616.235779 332.754883 667.292969
v -616.235779 332.754883 657.292969
v -616.235779 332.754883 667.292969
v -768.112122 332.754883 667.292969
v -616.235779 332.754883 657.292969
v -616.235779 332.754883 657.292969
v -768.112122 332.754883 667.292969
v -768.112122 332.754883 657.292969
v -616.235779 524.727722 667.292969
v -616.235779 698.335449 667.292969
v -768.112122 524.727722 667.292969
v -768.112122 524.727722 667.292969
v -616.235779 698.335449 667.292969
v -768.112122 698.335449 667.292969
v -616.235779 698.335449 667.292969
v -616.235779 871.943115 667.292969
v -768.112122 698.335449 667.292969
v -768.112122 698.335449 667.292969
v -616.235779 871.943115 667.292969
v -768.112122 871.943115 667.292969
v -616.235779 871.943115 667.292969
v -616.235779 1045.550537 667.292969
v -768.112122 871.943115 667.292969
v -768.112122 871.943115 667.292969
v -616.235779 1045.550537 667.292969
v -768.112122 1045.550537 667.292969
v -616.235779 1045.550537 667.292969
v -616.235779 1219.158203 667.292908
v -768.112122 1045.550537 667.292969
v -768.112122 1045.550537 667.292969
v -616.235779 1219.158203 667.292908
v -768.112122 1219.158203 667.292908
v -616.235779 1219.158203 667.292908
v -616.235779 1392.765747 667.292908
v -768.112122 1219.158203 667.292908
v -768.112122 1219.158203 667.292908
v -616.235779 1392.765747 667.292908
v -768.112122 1392.765747 667.292908
v -616.235779 1392.765747 667.292908
v -616.235779 1566.373535 667.292847
v -768.112122 1392.765747 667.292908
v -768.112122 1392.765747 667.292908
v -616.235779 1566.373535 667.292847
v -768.112122 1566.373535 667.292847
v -768.112122 332.754883 657.292969
v -768.112122 524.727722 657.292969
v -738.205627 363.809570 647.292969
v -738.205627 363.809570 647.292969
v -768.112122 524.727722 657.292969
v -738.205627 524.727722 647.292969
v -768.112122 524.727722 657.292969
v -768.112122 698.335449 657.292969
v -738.205627 524.727722 647.292969
v -738.205627 524.727722 647.292969
v -768.112122 698.335449 657.292969
v -738.205627 698.335449 647.292969
v -738.205627 698.335449 647.292969
v -768.112122 698.335449 657.292969
v -738.205627 871.943115 647.292969
v -768.112122 698.335449 657.292969
v -768.112122 871.943115 657.292969
v -738.205627 871.943115 647.292969
v -768.112122 871.943115 657.292969
v -768.112122 1045.550537 657.292969
v -738.205627 871.943115 647.292969
v -738.205627 871.943115 647.292969
v -768.112122 1045.550537 657.292969
v -738.205627 1045.550537 647.292969
v -738.205627 1045.550537 647.292969
v -768.112122 1045.550537 657.292969
v -738.205627 1219.158203 647.292908
v -768.112122 1045.550537 657.292969
v -768.112122 1219.158203 657.292908
v -738.205627 1219.158203 647.292908
v -738.205627 1219.158203 647.292908
v -768.112122 1219.158203 657.292908
v -738.205627 1392.765747 647.292847
v -768.112122 1219.158203 657.292908
v -768.112122 1392.765747 657.292847
v -738.205627 1392.765747 647.292847
v -738.205627 1392.765747 647.292847
v -768.112122 1392.765747 657.292847
v -738.205627 1566.373535 647.292847
v -768.112122 1392.765747 657.292847
v -768.112122 1566.373291 657.292847
v -738.205627 1566.373535 647.292847
vn -0.0000 -0.3065 -0.9519
vn -0.0000 -0.4602 0.8878
vn 0.2953 -0.0000 -0.9554
vn 0.0001 -0.4602 0.8878
vn 0.5258 -0.0000 0.8506
vn 0.5258 0.0001 0.8506
vn -0.0000 -0.3064 -0.9519
vn -0.0000 -1.0000 -0.0000
vn -0.0000 -1.0000 0.0001
vn 1.0000 -0.0000 -0.0000
vn 0.2953 -0.0001 -0.9554
vn 0.2953 -0.0004 -0.9554
vn 1.0000 0.0001 -0.0000
vn -0.0000 -0.4601 0.8878
vn 1.0000 -0.0001 -0.0000
vn -0.0000 -0.0000 1.0000
vn -0.0001 -1.0000 -0.0000
vn 0.0001 -1.0000 -0.0000
vn -0.0000 -0.3066 -0.9518
vn 0.0007 -1.0000 -0.0000
vn 0.0006 -1.0000 -0.0000
vn 0.0005 -0.4560 0.8900
vn 0.0008 -1.0000 -0.0000
vn 0.0006 -0.4560 0.8900
vn 0.0012 -1.0000 -0.0000
vn 0.0001 -0.3065 -0.9519
vn -0.0001 -0.3065 -0.9519
vn 0.0013 -1.0000 0.0001
vn 0.0012 -1.0000 -0.0001
vn -0.5258 -0.0000 0.8506
vn -1.0000 -0.0000 -0.0000
vn -1.0000 0.0001 -0.0000
vn -1.0000 -0.0001 -0.0000
vn 0.0003 -0.3065 -0.9519
vn -0.0003 -0.3065 -0.9519
vn 0.0005 -1.0000 -0.0000
vn 0.0013 -1.0000 -0.0000
vn -0.2953 -0.0001 -0.9554
vn -0.2953 0.0001 -0.9554
vn -0.2953 -0.0000 -0.9554
vn -0.2953 0.0004 -0.9554
vn -0.2953 -0.0003 -0.9554
vn -0.0002 -0.3065 -0.9519
vn -0.0004 -0.3065 -0.9519
vn -0.0001 -0.4602 0.8878
vn -0.5258 -0.0001 0.8506
vt 2.914498 0.182514
vt 2.841266 0.327883
vt 2.461793 0.182514
vt 2.461793 0.327883
vt 2.052396 0.182514
vt 2.052396 0.327883
vt 1.642999 0.182514
vt 1.642999 0.327883
vt 1.233602 0.327883
vt 1.233602 0.182514
vt 0.824205 0.327883
vt 0.824205 0.182514
vt 0.414808 0.327883
vt 0.414808 0.182514
vt 0.005410 0.327883
vt 0.005411 0.182514
vt 4.816363 0.131792
vt 4.068862 0.131792
vt 4.816363 0.040065
vt 4.068862 0.040065
vt 3.392871 0.131792
vt 3.392871 0.040065
vt 2.716880 0.131792
vt 2.716880 0.040065
vt 2.040890 0.131792
vt 2.040890 0.040065
vt 1.364900 0.131792
vt 1.364900 0.040065
vt 0.688909 0.131792
vt 0.688909 0.040065
vt 0.012919 0.131792
vt 0.012919 0.040065
vt 4.107902 0.131792
vt 4.107902 0.040065
vt 3.425405 0.131792
vt 3.425405 0.040065
vt 2.742907 0.131792
vt 2.742907 0.040065
vt 2.060410 0.131792
vt 2.060410 0.040065
vt 1.377913 0.131792
vt 1.377913 0.040065
vt 0.695416 0.131792
vt 0.695416 0.040065
vt 0.012918 0.131792
vt 0.012918 0.040065
vt 2.914498 0.327883
vt 2.485437 0.327883
vt 2.868562 0.182514
vt 2.485437 0.182514
vt 2.072099 0.182514
vt 2.072099 0.327883
vt 1.658761 0.327883
vt 1.658761 0.182514
vt 1.245424 0.327883
vt 1.245424 0.182514
vt 0.832086 0.182514
vt 0.832086 0.327883
vt 0.418748 0.182514
vt 0.418748 0.327883
vt 0.005410 0.182514
vt 0.015547 0.841786
vt 0.015547 0.457643
vt 0.340795 0.841786
vt 0.340795 0.457643
vt 0.650051 0.841786
vt 0.650051 0.457643
vt 0.802741 0.841786
vt 0.802741 0.457643
vt 1.268563 0.841786
vt 1.268563 0.457643
vt 2.892314 0.327699
vt 2.865207 0.181146
vt 2.643767 0.327699
vt 2.643767 0.181146
vt 2.381667 0.327699
vt 2.381666 0.181146
vt 2.230764 0.327699
vt 2.114494 0.181146
vt 0.247578 0.131859
vt 0.012987 0.131859
vt 0.247578 0.039998
vt 0.012987 0.039998
vt 2.230764 0.437050
vt 2.114494 0.290498
vt 0.802736 0.982655
vt 1.268559 0.982655
vt 1.577815 0.982655
vt 1.577819 0.841786
vt 2.009752 0.982655
vt 2.009756 0.841786
vt 1.857468 0.437050
vt 1.857468 0.290498
vt 1.595368 0.437050
vt 1.595368 0.290498
vt 1.352532 0.290498
vt 1.236262 0.437050
vt 2.928739 0.841786
vt 2.518262 0.841786
vt 2.928739 0.457643
vt 2.518262 0.457643
vt 2.107785 0.841786
vt 2.107785 0.457643
vt 1.697308 0.841786
vt 1.697308 0.457643
vt 1.286831 0.841786
vt 1.286831 0.457643
vt 0.876354 0.841786
vt 0.876354 0.457643
vt 0.465876 0.841786
vt 0.465876 0.457643
vt 4.816363 0.131792
vt 4.361383 0.131792
vt 4.816363 0.040065
vt 4.361383 0.040065
vt 3.928773 0.131792
vt 3.928773 0.040065
vt 3.715179 0.131792
vt 3.715179 0.040065
vt 2.882939 0.327699
vt 2.612420 0.327699
vt 2.829735 0.181146
vt 2.612420 0.181146
vt 2.355202 0.327699
vt 2.355202 0.181146
vt 1.840769 0.437050
vt 1.840769 0.290498
vt 1.583552 0.437050
vt 1.583552 0.290498
vt 1.236262 0.327708
vt 1.352532 0.181158
vt 1.069112 0.181158
vt 1.069112 0.327708
vt 0.811894 0.181158
vt 0.811894 0.327708
vt 0.554676 0.181158
vt 0.554676 0.327708
vt 0.291816 0.181158
vt 0.291816 0.327708
vt 0.080144 0.181158
vt 0.026939 0.327708
vt 1.577819 0.457643
vt 2.009756 0.457643
vt 2.196331 0.841786
vt 2.196331 0.457643
vt 2.505587 0.841786
vt 2.505587 0.457643
vt 2.814842 0.841786
vt 2.814842 0.457643
vt 3.124491 0.841786
vt 3.124491 0.457643
vt 3.449346 0.841786
vt 3.449346 0.457643
vt 2.868562 0.327883
vt 4.398337 0.131792
vt 4.398337 0.040065
vt 3.957515 0.131792
vt 3.957515 0.040065
vt 3.708013 0.131792
vt 3.708013 0.040065
vt 3.715186 0.131792
vt 3.063560 0.131792
vt 3.715186 0.040065
vt 3.063560 0.040065
vt 2.630950 0.131792
vt 2.630950 0.040065
vt 2.026727 0.131792
vt 2.026727 0.040065
vt 3.708021 0.131792
vt 3.075878 0.131792
vt 3.708021 0.040065
vt 3.075878 0.040065
vt 2.635057 0.131792
vt 2.635057 0.040065
vt 2.051217 0.131792
vt 2.051217 0.040065
vt 0.012919 0.040065
vt 0.012919 0.131792
vt 1.071163 0.181158
vt 1.071164 0.327708
vt 0.809063 0.181158
vt 0.809063 0.327708
vt 0.546962 0.181158
vt 0.546963 0.327708
vt 0.063422 0.181158
vt 0.036315 0.327708
vt 2.051210 0.131792
vt 1.753409 0.131792
vt 2.051210 0.040065
vt 1.753409 0.040065
vt 1.312587 0.131792
vt 1.312587 0.040065
vt 0.871766 0.131792
vt 0.871766 0.040065
vt 0.431504 0.131792
vt 0.431504 0.040065
vt 2.026720 0.131792
vt 1.765727 0.131792
vt 2.026720 0.040065
vt 1.765727 0.040065
vt 1.333117 0.131792
vt 1.333117 0.040065
vt 0.900508 0.131792
vt 0.900508 0.040065
vt 0.467349 0.131792
vt 0.467349 0.040065
vt 2.841266 0.182514
vt 0.005411 0.327883
s 1
usemtl Material__75
f 13339/2459/1505 13340/2460/1506 13341/2461/1507
f 13342/2460/1508 13343/2462/1509 13344/2461/1507
f 13345/2461/1507 13346/2462/1509 13347/2463/1507
f 13348/2462/1510 13349/2464/1509 13350/2463/1507
f 13351/2463/1507 13352/2464/1509 13353/2465/1507
f 13354/2464/1510 13355/2466/1509 13356/2465/1507
f 13357/2466/1509 13358/2467/1509 13359/2465/1507
f 13360/2465/1507 13361/2467/1509 13362/2468/1507
f 13363/2467/1509 13364/2469/1509 13365/2468/1507
f 13366/2468/1507 13367/2469/1509 13368/2470/1507
f 13369/2469/1509 13370/2471/1509 13371/2470/1507
f 13372/2470/1507 13373/2471/1509 13374/2472/1507
f 13375/2471/1509 13376/2473/1509 13377/2472/1507
f 13378/2472/1507 13379/2473/1509 13380/2474/1507
f 13381/2475/1511 13382/2476/1507 13383/2477/1512
f 13384/2477/1513 13385/2476/1507 13386/2478/1514
f 13387/2476/1507 13388/2479/1515 13389/2478/1514
f 13390/2478/1514 13391/2479/1516 13392/2480/1514
f 13393/2479/1507 13394/2481/1515 13395/2480/1514
f 13396/2480/1514 13397/2481/1516 13398/2482/1514
f 13399/2481/1507 13400/2483/1515 13401/2482/1514
f 13402/2482/1514 13403/2483/1516 13404/2484/1514
f 13405/2483/1507 13406/2485/1515 13407/2484/1514
f 13408/2484/1514 13409/2485/1516 13410/2486/1514
f 13411/2485/1507 13412/2487/1515 13413/2486/1514
f 13414/2486/1514 13415/2487/1516 13416/2488/1514
f 13417/2487/1507 13418/2489/1515 13419/2488/1514
f 13420/2488/1514 13421/2489/1507 13422/2490/1514
s 0
f 13423/2475/1514 13424/2491/1514 13425/2477/1514
f 13426/2477/1514 13427/2491/1514 13428/2492/1514
f 13429/2491/1514 13430/2493/1514 13431/2492/1514
f 13432/2492/1514 13433/2493/1514 13434/2494/1514
f 13435/2493/1514 13436/2495/1514 13437/2494/1514
f 13438/2494/1514 13439/2495/1514 13440/2496/1514
f 13441/2495/1514 13442/2497/1514 13443/2496/1514
f 13444/2496/1514 13445/2497/1514 13446/2498/1514
f 13447/2497/1514 13448/2499/1514 13449/2498/1514
f 13450/2498/1514 13451/2499/1514 13452/2500/1514
f 13453/2499/1514 13454/2501/1514 13455/2500/1514
f 13456/2500/1514 13457/2501/1514 13458/2502/1514
f 13459/2501/1514 13460/2503/1514 13461/2502/1514
f 13462/2502/1514 13463/2503/1514 13464/2504/1514
s 1
f 13465/2505/1509 13466/2506/1517 13467/2507/1518
f 13468/2507/1506 13469/2506/1514 13470/2508/1509
f 13471/2508/1509 13472/2506/1514 13473/2509/1509
f 13474/2506/1519 13475/2510/1514 13476/2509/1509
f 13477/2510/1514 13478/2511/1514 13479/2509/1509
f 13480/2509/1509 13481/2511/1517 13482/2512/1509
f 13483/2511/1514 13484/2513/1514 13485/2512/1509
f 13486/2512/1509 13487/2513/1517 13488/2514/1509
f 13489/2514/1509 13490/2513/1514 13491/2515/1509
f 13492/2513/1519 13493/2516/1514 13494/2515/1509
f 13495/2515/1509 13496/2516/1514 13497/2517/1509
f 13498/2516/1519 13499/2518/1514 13500/2517/1509
f 13501/2517/1509 13502/2518/1514 13503/2519/1509
f 13504/2518/1519 13505/2473/1514 13506/2519/1509
s 0
f 13507/2520/1520 13508/2521/1520 13509/2522/1520
f 13510/2521/1520 13511/2523/1520 13512/2522/1520
f 13513/2522/1520 13514/2523/1520 13515/2524/1520
f 13516/2523/1520 13517/2525/1520 13518/2524/1520
f 13519/2524/1520 13520/2525/1520 13521/2526/1520
f 13522/2525/1520 13523/2527/1520 13524/2526/1520
f 13525/2526/1520 13526/2527/1520 13527/2528/1520
f 13528/2527/1520 13529/2529/1520 13530/2528/1520
s 1
f 13531/2530/1509 13532/2531/1506 13533/2532/1512
f 13534/2531/1506 13535/2533/1506 13536/2532/1512
f 13537/2532/1512 13538/2533/1506 13539/2534/1512
f 13540/2533/1506 13541/2535/1506 13542/2534/1512
f 13543/2534/1512 13544/2535/1506 13545/2536/1521
f 13546/2535/1506 13547/2537/1506 13548/2536/1522
f 13549/2538/1523 13550/2539/1505 13551/2540/1512
f 13552/2539/1505 13553/2541/1512 13554/2540/1512
s 0
f 13555/2538/1512 13556/2539/1512 13557/2540/1512
f 13558/2539/1512 13559/2541/1512 13560/2540/1512
s 1
f 13561/2542/1512 13562/2536/1512 13563/2543/1506
f 13564/2536/1522 13565/2537/1506 13566/2543/1506
s 0
f 13567/2544/1512 13568/2526/1512 13569/2545/1521
s 1
f 13570/2526/1521 13571/2528/1520 13572/2545/1512
f 13573/2545/1512 13574/2528/1520 13575/2546/1521
f 13576/2528/1520 13577/2547/1520 13578/2546/1512
f 13579/2546/1512 13580/2547/1520 13581/2548/1512
f 13582/2547/1520 13583/2549/1512 13584/2548/1512
f 13585/2542/1522 13586/2543/1506 13587/2550/1512
f 13588/2543/1506 13589/2551/1506 13590/2550/1512
f 13591/2550/1512 13592/2551/1506 13593/2552/1524
f 13594/2551/1506 13595/2553/1506 13596/2552/1525
f 13597/2553/1506 13598/2554/1526 13599/2552/1527
f 13600/2552/1525 13601/2554/1528 13602/2555/1529
s 0
f 13603/2556/1520 13604/2557/1520 13605/2558/1520
f 13606/2558/1520 13607/2557/1520 13608/2559/1520
f 13609/2557/1520 13610/2560/1520 13611/2559/1520
f 13612/2559/1520 13613/2560/1520 13614/2561/1520
f 13615/2560/1520 13616/2562/1520 13617/2561/1520
f 13618/2561/1520 13619/2562/1520 13620/2563/1520
f 13621/2562/1520 13622/2564/1520 13623/2563/1520
f 13624/2563/1520 13625/2564/1520 13626/2565/1520
f 13627/2564/1520 13628/2566/1520 13629/2565/1520
f 13630/2565/1520 13631/2566/1520 13632/2567/1520
f 13633/2566/1520 13634/2568/1520 13635/2567/1520
f 13636/2567/1520 13637/2568/1520 13638/2569/1520
s 1
f 13639/2570/1512 13640/2571/1512 13641/2572/1530
f 13642/2572/1531 13643/2571/1512 13644/2573/1505
f 13645/2571/1512 13646/2574/1512 13647/2573/1530
f 13648/2573/1505 13649/2574/1512 13650/2575/1505
f 13651/2574/1512 13652/2576/1512 13653/2575/1505
f 13654/2575/1531 13655/2576/1512 13656/2577/1505
f 13657/2578/1505 13658/2579/1505 13659/2580/1506
f 13660/2580/1506 13661/2579/1505 13662/2581/1506
f 13663/2579/1505 13664/2582/1505 13665/2581/1506
f 13666/2581/1506 13667/2582/1505 13668/2583/1506
f 13669/2582/1505 13670/2536/1505 13671/2583/1506
f 13672/2583/1506 13673/2536/1505 13674/2537/1506
f 13675/2536/1505 13676/2542/1505 13677/2537/1506
f 13678/2537/1506 13679/2542/1505 13680/2543/1518
f 13681/2542/1505 13682/2584/1505 13683/2543/1506
f 13684/2543/1506 13685/2584/1505 13686/2585/1506
f 13687/2584/1505 13688/2586/1505 13689/2585/1506
f 13690/2585/1506 13691/2586/1505 13692/2587/1506
f 13693/2586/1505 13694/2555/1505 13695/2587/1506
f 13696/2587/1506 13697/2555/1505 13698/2554/1528
f 13699/2555/1505 13700/2588/1505 13701/2554/1526
f 13702/2554/1526 13703/2588/1505 13704/2589/1518
f 13705/2589/1506 13706/2588/1505 13707/2590/1508
f 13708/2588/1505 13709/2591/1505 13710/2590/1506
f 13711/2590/1506 13712/2591/1505 13713/2592/1506
f 13714/2591/1505 13715/2593/1505 13716/2592/1506
f 13717/2592/1506 13718/2593/1505 13719/2594/1506
f 13720/2593/1505 13721/2595/1505 13722/2594/1506
f 13723/2594/1506 13724/2595/1505 13725/2596/1508
f 13726/2595/1505 13727/2597/1505 13728/2596/1506
f 13729/2596/1506 13730/2597/1505 13731/2598/1506
f 13732/2597/1505 13733/2599/1505 13734/2598/1506
s 0
f 13735/2547/1520 13736/2600/1520 13737/2549/1520
f 13738/2600/1520 13739/2601/1520 13740/2549/1520
f 13741/2549/1520 13742/2601/1520 13743/2602/1520
f 13744/2601/1520 13745/2603/1520 13746/2602/1520
f 13747/2602/1520 13748/2603/1520 13749/2604/1520
f 13750/2603/1520 13751/2605/1520 13752/2604/1520
f 13753/2604/1520 13754/2605/1520 13755/2606/1520
f 13756/2605/1520 13757/2607/1520 13758/2606/1520
f 13759/2606/1520 13760/2607/1520 13761/2608/1520
f 13762/2607/1520 13763/2609/1520 13764/2608/1520
f 13765/2608/1520 13766/2609/1520 13767/2610/1520
f 13768/2609/1520 13769/2611/1520 13770/2610/1520
s 1
f 13771/2554/1528 13772/2589/1506 13773/2555/1532
f 13774/2589/1506 13775/2588/1512 13776/2555/1529
s 0
f 13777/2538/1529 13778/2539/1512 13779/2540/1529
f 13780/2539/1512 13781/2541/1512 13782/2540/1533
s 1
f 13783/2538/1512 13784/2539/1512 13785/2540/1505
f 13786/2539/1512 13787/2541/1505 13788/2540/1505
f 13789/2473/1534 13790/2519/1535 13791/2518/1534
f 13792/2519/1536 13793/2517/1535 13794/2518/1534
f 13795/2518/1534 13796/2517/1535 13797/2516/1534
f 13798/2517/1536 13799/2515/1535 13800/2516/1534
f 13801/2515/1535 13802/2514/1535 13803/2516/1534
f 13804/2516/1534 13805/2514/1537 13806/2513/1534
f 13807/2514/1535 13808/2512/1535 13809/2513/1534
f 13810/2513/1534 13811/2512/1537 13812/2511/1534
f 13813/2511/1534 13814/2512/1535 13815/2510/1534
f 13816/2512/1536 13817/2509/1535 13818/2510/1534
f 13819/2510/1534 13820/2509/1535 13821/2506/1534
f 13822/2509/1536 13823/2508/1535 13824/2506/1534
f 13825/2506/1534 13826/2508/1537 13827/2612/1506
f 13828/2508/1536 13829/2459/1534 13830/2612/1506
s 0
f 13831/2503/1535 13832/2504/1535 13833/2501/1535
f 13834/2504/1535 13835/2502/1535 13836/2501/1535
f 13837/2501/1535 13838/2502/1535 13839/2499/1535
f 13840/2502/1535 13841/2500/1535 13842/2499/1535
f 13843/2500/1535 13844/2498/1535 13845/2499/1535
f 13846/2499/1535 13847/2498/1535 13848/2497/1535
f 13849/2498/1535 13850/2496/1535 13851/2497/1535
f 13852/2497/1535 13853/2496/1535 13854/2495/1535
f 13855/2496/1535 13856/2494/1535 13857/2495/1535
f 13858/2495/1535 13859/2494/1535 13860/2493/1535
f 13861/2494/1535 13862/2492/1535 13863/2493/1535
f 13864/2493/1535 13865/2492/1535 13866/2491/1535
f 13867/2492/1535 13868/2477/1535 13869/2491/1535
f 13870/2491/1535 13871/2477/1535 13872/2475/1535
f 13873/2570/1512 13874/2613/1512 13875/2572/1512
f 13876/2572/1512 13877/2613/1512 13878/2614/1512
f 13879/2613/1512 13880/2615/1512 13881/2614/1512
f 13882/2614/1512 13883/2615/1512 13884/2616/1512
f 13885/2615/1512 13886/2617/1512 13887/2616/1512
f 13888/2616/1512 13889/2617/1512 13890/2618/1512
s 1
f 13891/2619/1512 13892/2620/1512 13893/2621/1538
f 13894/2621/1505 13895/2620/1512 13896/2622/1505
f 13897/2620/1512 13898/2623/1512 13899/2622/1538
f 13900/2622/1505 13901/2623/1512 13902/2624/1505
f 13903/2623/1512 13904/2625/1512 13905/2624/1539
f 13906/2624/1505 13907/2625/1512 13908/2626/1505
s 0
f 13909/2627/1512 13910/2628/1512 13911/2629/1512
f 13912/2629/1512 13913/2628/1512 13914/2630/1512
f 13915/2628/1512 13916/2631/1524 13917/2630/1512
f 13918/2630/1512 13919/2631/1525 13920/2632/1525
f 13921/2631/1540 13922/2633/1541 13923/2632/1540
f 13924/2632/1525 13925/2633/1541 13926/2634/1541
s 1
f 13927/2635/1542 13928/2488/1543 13929/2636/1535
f 13930/2636/1535 13931/2488/1544 13932/2487/1535
f 13933/2488/1544 13934/2486/1543 13935/2487/1535
f 13936/2487/1535 13937/2486/1545 13938/2485/1535
f 13939/2486/1544 13940/2484/1543 13941/2485/1535
f 13942/2485/1535 13943/2484/1546 13944/2483/1535
f 13945/2484/1544 13946/2482/1543 13947/2483/1535
f 13948/2483/1535 13949/2482/1544 13950/2481/1535
f 13951/2482/1544 13952/2480/1543 13953/2481/1535
f 13954/2481/1535 13955/2480/1544 13956/2479/1535
f 13957/2480/1544 13958/2478/1543 13959/2479/1535
f 13960/2479/1535 13961/2478/1546 13962/2476/1535
f 13963/2478/1544 13964/2477/1511 13965/2476/1535
f 13966/2476/1535 13967/2477/1505 13968/2475/1512
f 13969/2589/1506 13970/2637/1506 13971/2588/1512
f 13972/2588/1521 13973/2637/1506 13974/2638/1512
f 13975/2637/1506 13976/2639/1506 13977/2638/1522
f 13978/2638/1512 13979/2639/1506 13980/2640/1512
f 13981/2639/1506 13982/2641/1506 13983/2640/1522
f 13984/2640/1512 13985/2641/1506 13986/2642/1512
f 13987/2641/1506 13988/2596/1506 13989/2642/1512
f 13990/2642/1512 13991/2596/1506 13992/2597/1512
f 13993/2596/1506 13994/2643/1506 13995/2597/1522
f 13996/2597/1512 13997/2643/1506 13998/2644/1534
s 0
f 13999/2645/1512 14000/2646/1512 14001/2647/1512
f 14002/2647/1512 14003/2646/1512 14004/2648/1512
f 14005/2646/1512 14006/2649/1512 14007/2648/1512
f 14008/2648/1512 14009/2649/1512 14010/2650/1512
f 14011/2649/1512 14012/2651/1512 14013/2650/1512
f 14014/2650/1512 14015/2651/1512 14016/2652/1512
f 14017/2651/1512 14018/2653/1512 14019/2652/1512
f 14020/2652/1512 14021/2653/1512 14022/2654/1512
f 14023/2653/1512 14024/2636/1512 14025/2654/1512
f 14026/2654/1512 14027/2636/1512 14028/2490/1512
s 1
f 14029/2655/1512 14030/2656/1512 14031/2657/1547
f 14032/2657/1531 14033/2656/1512 14034/2658/1505
f 14035/2656/1512 14036/2659/1512 14037/2658/1530
f 14038/2658/1505 14039/2659/1512 14040/2660/1505
f 14041/2659/1512 14042/2661/1512 14043/2660/1548
f 14044/2660/1505 14045/2661/1512 14046/2662/1505
f 14047/2661/1512 14048/2663/1512 14049/2662/1505
f 14050/2662/1505 14051/2663/1512 14052/2664/1505
f 14053/2663/1512 14054/2636/1512 14055/2664/1505
f 14056/2664/1531 14057/2636/1512 14058/2490/1505
s 0
f 14059/2556/1520 14060/2557/1520 14061/2558/1520
f 14062/2558/1520 14063/2557/1520 14064/2559/1520
f 14065/2557/1520 14066/2560/1520 14067/2559/1520
f 14068/2559/1520 14069/2560/1520 14070/2561/1520
f 14071/2560/1520 14072/2562/1520 14073/2561/1520
f 14074/2561/1520 14075/2562/1520 14076/2563/1520
f 14077/2562/1520 14078/2564/1520 14079/2563/1520
f 14080/2563/1520 14081/2564/1520 14082/2565/1520
f 14083/2564/1520 14084/2566/1520 14085/2565/1520
f 14086/2565/1520 14087/2566/1520 14088/2567/1520
f 14089/2566/1520 14090/2568/1520 14091/2567/1520
f 14092/2567/1520 14093/2568/1520 14094/2569/1520
s 1
f 14095/2505/1505 14096/2462/1544 14097/2665/1506
f 14098/2665/1549 14099/2462/1544 14100/2461/1534
f 14101/2462/1544 14102/2464/1544 14103/2461/1534
f 14104/2461/1534 14105/2464/1544 14106/2463/1534
f 14107/2463/1534 14108/2464/1544 14109/2465/1550
f 14110/2464/1544 14111/2466/1544 14112/2465/1534
f 14113/2466/1544 14114/2467/1544 14115/2465/1534
f 14116/2465/1534 14117/2467/1544 14118/2468/1534
f 14119/2468/1534 14120/2467/1544 14121/2470/1550
f 14122/2467/1544 14123/2469/1544 14124/2470/1534
f 14125/2470/1534 14126/2469/1544 14127/2472/1550
f 14128/2469/1544 14129/2471/1544 14130/2472/1534
f 14131/2472/1534 14132/2471/1544 14133/2519/1550
f 14134/2471/1544 14135/2666/1544 14136/2519/1534
g Atomic34_meshId47_name
v -1635.040039 44.609406 12.389465
v -1307.105347 44.609406 12.389465
v -1635.040039 44.609406 275.045013
v -1307.105347 44.609406 12.389465
v -1307.105347 44.609406 275.045013
v -1635.040039 44.609406 275.045013
v -1635.040039 44.609406 275.045013
v -1307.105347 44.609406 275.045013
v -1635.040039 44.609436 537.700684
v -1307.105347 44.609406 275.045013
v -1307.105347 44.609436 537.700684
v -1635.040039 44.609436 537.700684
v -1635.040039 44.609436 537.700684
v -1307.105347 44.609436 537.700684
v -1635.040039 44.609467 800.356201
v -1307.105347 44.609436 537.700684
v -1307.105347 44.609467 800.356201
v -1635.040039 44.609467 800.356201
v -1635.040039 44.609467 800.356201
v -1307.105347 44.609467 800.356201
v -1635.040039 44.609406 1063.011841
v -1307.105347 44.609467 800.356201
v -1307.105347 44.609406 1063.011841
v -1635.040039 44.609406 1063.011841
v -1962.974976 44.609406 12.389465
v -1635.040039 44.609406 12.389465
v -1962.974976 44.609406 275.045013
v -1635.040039 44.609406 12.389465
v -1635.040039 44.609406 275.045013
v -1962.974976 44.609406 275.045013
v -1635.040039 44.609406 275.045013
v -1635.040039 44.609436 537.700684
v -1962.974976 44.609406 275.045013
v -1962.974976 44.609406 275.045013
v -1635.040039 44.609436 537.700684
v -1962.974976 44.609436 537.700684
v -1635.040039 44.609436 537.700684
v -1635.040039 44.609467 800.356201
v -1962.974976 44.609436 537.700684
v -1962.974976 44.609436 537.700684
v -1635.040039 44.609467 800.356201
v -1962.974976 44.609467 800.356201
v -1635.040039 44.609467 800.356201
v -1635.040039 44.609406 1063.011841
v -1962.974976 44.609467 800.356201
v -1962.974976 44.609467 800.356201
v -1635.040039 44.609406 1063.011841
v -1962.974976 44.609406 1063.011841
v -1962.974976 44.609406 1063.011841
v -2290.909668 44.609406 1063.011841
v -1962.974976 44.609467 800.356201
v -2290.909668 44.609406 1063.011841
v -2290.909668 44.609467 800.356201
v -1962.974976 44.609467 800.356201
v -1962.974976 44.609467 800.356201
v -2290.909668 44.609467 800.356201
v -1962.974976 44.609436 537.700684
v -2290.909668 44.609467 800.356201
v -2290.909668 44.609436 537.700684
v -1962.974976 44.609436 537.700684
v -1962.974976 44.609436 537.700684
v -2290.909668 44.609436 537.700684
v -1962.974976 44.609406 275.045013
v -2290.909668 44.609436 537.700684
v -2290.909668 44.609406 275.045013
v -1962.974976 44.609406 275.045013
v -1962.974976 44.609406 275.045013
v -2290.909668 44.609406 275.045013
v -1962.974976 44.609406 12.389465
v -2290.909668 44.609406 275.045013
v -2290.909668 44.609406 12.389465
v -1962.974976 44.609406 12.389465
v -2618.844482 44.609406 12.389465
v -2290.909668 44.609406 12.389465
v -2618.844482 44.609406 275.045013
v -2290.909668 44.609406 12.389465
v -2290.909668 44.609406 275.045013
v -2618.844482 44.609406 275.045013
v -2618.844482 44.609406 275.045013
v -2290.909668 44.609406 275.045013
v -2618.844482 44.609436 537.700684
v -2290.909668 44.609406 275.045013
v -2290.909668 44.609436 537.700684
v -2618.844482 44.609436 537.700684
v -2618.844482 44.609436 537.700684
v -2290.909668 44.609436 537.700684
v -2618.844482 44.609467 800.356201
v -2290.909668 44.609436 537.700684
v -2290.909668 44.609467 800.356201
v -2618.844482 44.609467 800.356201
v -2618.844482 44.609467 800.356201
v -2290.909668 44.609467 800.356201
v -2618.844482 44.609406 1063.011841
v -2290.909668 44.609467 800.356201
v -2290.909668 44.609406 1063.011841
v -2618.844482 44.609406 1063.011841
v -979.170410 1149.105835 1063.011719
v -979.170410 823.684448 1063.011719
v -979.170410 1149.105713 800.356079
v -979.170410 823.684448 1063.011719
v -979.170410 823.684448 800.356079
v -979.170410 1149.105713 800.356079
v -979.170410 1149.105713 800.356079
v -979.170410 823.684448 800.356079
v -979.170410 1149.105713 537.700500
v -979.170410 823.684448 800.356079
v -979.170410 823.684387 537.700623
v -979.170410 1149.105713 537.700500
v -979.170410 1149.105713 537.700500
v -979.170410 823.684387 537.700623
v -979.170410 1149.105713 275.044922
v -979.170410 823.684387 537.700623
v -979.170410 823.684326 275.044952
v -979.170410 1149.105713 275.044922
v -979.170410 1149.105713 275.044922
v -979.170410 823.684326 275.044952
v -979.170410 1149.105713 12.389282
v -979.170410 823.684326 275.044952
v -979.170410 823.684326 12.389343
v -979.170410 1149.105713 12.389282
v -979.170410 498.262726 12.389404
v -979.170410 823.684326 12.389343
v -979.170410 498.262726 275.044983
v -979.170410 823.684326 12.389343
v -979.170410 823.684326 275.044952
v -979.170410 498.262726 275.044983
v -979.170410 498.262726 275.044983
v -979.170410 823.684326 275.044952
v -979.170410 498.262756 537.700623
v -979.170410 823.684326 275.044952
v -979.170410 823.684387 537.700623
v -979.170410 498.262756 537.700623
v -979.170410 498.262756 537.700623
v -979.170410 823.684387 537.700623
v -979.170410 498.262787 800.356201
v -979.170410 823.684387 537.700623
v -979.170410 823.684448 800.356079
v -979.170410 498.262787 800.356201
v -979.170410 498.262787 800.356201
v -979.170410 823.684448 800.356079
v -979.170410 498.262726 1063.011719
v -979.170410 823.684448 800.356079
v -979.170410 823.684448 1063.011719
v -979.170410 498.262726 1063.011719
v -979.170410 498.262726 1063.011719
v -979.170410 172.841278 1063.011719
v -979.170410 498.262787 800.356201
v -979.170410 172.841278 1063.011719
v -979.170410 172.841339 800.356201
v -979.170410 498.262787 800.356201
v -979.170410 498.262787 800.356201
v -979.170410 172.841339 800.356201
v -979.170410 498.262756 537.700623
v -979.170410 172.841339 800.356201
v -979.170410 172.841309 537.700623
v -979.170410 498.262756 537.700623
v -979.170410 498.262756 537.700623
v -979.170410 172.841309 537.700623
v -979.170410 498.262726 275.044983
v -979.170410 172.841309 537.700623
v -979.170410 172.841278 275.045013
v -979.170410 498.262726 275.044983
v -979.170410 498.262726 275.044983
v -979.170410 172.841278 275.045013
v -979.170410 498.262726 12.389404
v -979.170410 172.841278 275.045013
v -979.170410 172.841278 12.389404
v -979.170410 498.262726 12.389404
v -979.170410 1799.948975 1063.011719
v -979.170410 1474.527466 1063.011719
v -979.170410 1799.948975 800.356079
v -979.170410 1474.527466 1063.011719
v -979.170410 1474.527344 800.356079
v -979.170410 1799.948975 800.356079
v -979.170410 1799.948975 800.356079
v -979.170410 1474.527344 800.356079
v -979.170410 1799.948975 537.700500
v -979.170410 1474.527344 800.356079
v -979.170410 1474.527344 537.700562
v -979.170410 1799.948975 537.700500
v -979.170410 1799.948975 537.700500
v -979.170410 1474.527344 537.700562
v -979.170410 1799.948975 275.044891
v -979.170410 1474.527344 537.700562
v -979.170410 1474.527344 275.044922
v -979.170410 1799.948975 275.044891
v -979.170410 1799.948975 275.044891
v -979.170410 1474.527344 275.044922
v -979.170410 1799.948975 12.389282
v -979.170410 1474.527344 275.044922
v -979.170410 1474.527344 12.389343
v -979.170410 1799.948975 12.389282
v -979.170410 1149.105713 12.389282
v -979.170410 1474.527344 12.389343
v -979.170410 1149.105713 275.044922
v -979.170410 1474.527344 12.389343
v -979.170410 1474.527344 275.044922
v -979.170410 1149.105713 275.044922
v -979.170410 1149.105713 275.044922
v -979.170410 1474.527344 275.044922
v -979.170410 1149.105713 537.700500
v -979.170410 1474.527344 275.044922
v -979.170410 1474.527344 537.700562
v -979.170410 1149.105713 537.700500
v -979.170410 1149.105713 537.700500
v -979.170410 1474.527344 537.700562
v -979.170410 1149.105713 800.356079
v -979.170410 1474.527344 537.700562
v -979.170410 1474.527344 800.356079
v -979.170410 1149.105713 800.356079
v -979.170410 1149.105713 800.356079
v -979.170410 1474.527344 800.356079
v -979.170410 1149.105835 1063.011719
v -979.170410 1474.527344 800.356079
v -979.170410 1474.527466 1063.011719
v -979.170410 1149.105835 1063.011719
v -1307.105347 172.841278 12.389404
v -979.170410 172.841278 12.389404
v -1307.105347 172.841278 275.045013
v -979.170410 172.841278 12.389404
v -979.170410 172.841278 275.045013
v -1307.105347 172.841278 275.045013
v -979.170410 172.841278 275.045013
v -979.170410 172.841309 537.700623
v -1307.105347 172.841278 275.045013
v -1307.105347 172.841278 275.045013
v -979.170410 172.841309 537.700623
v -1307.105347 172.841309 537.700623
v -979.170410 172.841309 537.700623
v -979.170410 172.841339 800.356201
v -1307.105347 172.841309 537.700623
v -1307.105347 172.841309 537.700623
v -979.170410 172.841339 800.356201
v -1307.105347 172.841339 800.356201
v -979.170410 172.841339 800.356201
v -979.170410 172.841278 1063.011719
v -1307.105347 172.841339 800.356201
v -1307.105347 172.841339 800.356201
v -979.170410 172.841278 1063.011719
v -1307.105347 172.841278 1063.011719
v -1307.105347 172.841278 1063.011719
v -1307.105347 44.609406 1063.011841
v -1307.105347 172.841339 800.356201
v -1307.105347 44.609406 1063.011841
v -1307.105347 44.609467 800.356201
v -1307.105347 172.841339 800.356201
v -1307.105347 172.841339 800.356201
v -1307.105347 44.609467 800.356201
v -1307.105347 172.841309 537.700623
v -1307.105347 44.609467 800.356201
v -1307.105347 44.609436 537.700684
v -1307.105347 172.841309 537.700623
v -1307.105347 172.841309 537.700623
v -1307.105347 44.609436 537.700684
v -1307.105347 172.841278 275.045013
v -1307.105347 44.609436 537.700684
v -1307.105347 44.609406 275.045013
v -1307.105347 172.841278 275.045013
v -1307.105347 172.841278 275.045013
v -1307.105347 44.609406 275.045013
v -1307.105347 172.841278 12.389404
v -1307.105347 44.609406 275.045013
v -1307.105347 44.609406 12.389465
v -1307.105347 172.841278 12.389404
vn -0.0000 -1.0000 -0.0000
vn 1.0000 -0.0000 -0.0000
vn -0.0000 -1.0000 0.0001
vt 2.957785 -1.995741
vt 3.937585 -1.995741
vt 2.957785 -1.207951
vt 3.937585 -1.207951
vt 2.957785 -0.420161
vt 3.937585 -0.420161
vt 2.957785 0.367629
vt 3.937585 0.367629
vt 2.957785 1.155418
vt 3.937585 1.155418
vt 1.977986 -1.995741
vt 1.977986 -1.207951
vt 1.977986 -0.420161
vt 1.977986 0.367629
vt 1.977986 1.155418
vt 0.998185 1.155418
vt 0.998185 0.367629
vt 0.998185 -0.420161
vt 0.998185 -1.207951
vt 0.998185 -1.995741
vt 0.008211 -1.995741
vt 0.008211 -1.207951
vt 0.008211 -0.420161
vt 0.008211 0.367629
vt 0.008211 1.155418
vt 0.998186 -1.995741
vt 0.998186 -1.207951
vt 0.998186 -0.420161
vt 0.998186 0.367629
vt 0.998186 1.155418
vt 4.917386 1.155418
vt 3.937586 1.155418
vt 4.917386 0.367629
vt 3.937586 0.367629
vt 4.917386 -0.420161
vt 3.937586 -0.420161
vt 4.917386 -1.207951
vt 3.937586 -1.207951
vt 4.917386 -1.995741
vt 3.937586 -1.995741
vt 3.993547 -1.995741
vt 4.973347 -1.995741
vt 3.993547 -1.207951
vt 4.973347 -1.207951
vt 4.973347 -0.420161
vt 3.993547 -0.420161
vt 4.973347 0.367629
vt 3.993547 0.367629
vt 4.973347 1.155418
vt 3.993547 1.155418
vt 0.737292 1.155418
vt 0.241793 1.155418
vt 0.737292 0.367629
vt 0.241793 0.367629
vt 0.737292 -0.420161
vt 0.241793 -0.420161
vt 0.737292 -1.207951
vt 0.241793 -1.207951
vt 0.737292 -1.995741
vt 0.241793 -1.995741
s 0
usemtl Material__85
f 14137/2667/1551 14138/2668/1551 14139/2669/1551
f 14140/2668/1551 14141/2670/1551 14142/2669/1551
f 14143/2669/1551 14144/2670/1551 14145/2671/1551
f 14146/2670/1551 14147/2672/1551 14148/2671/1551
f 14149/2671/1551 14150/2672/1551 14151/2673/1551
f 14152/2672/1551 14153/2674/1551 14154/2673/1551
f 14155/2673/1551 14156/2674/1551 14157/2675/1551
f 14158/2674/1551 14159/2676/1551 14160/2675/1551
f 14161/2677/1551 14162/2667/1551 14163/2678/1551
f 14164/2667/1551 14165/2669/1551 14166/2678/1551
f 14167/2669/1551 14168/2671/1551 14169/2678/1551
f 14170/2678/1551 14171/2671/1551 14172/2679/1551
f 14173/2671/1551 14174/2673/1551 14175/2679/1551
f 14176/2679/1551 14177/2673/1551 14178/2680/1551
f 14179/2673/1551 14180/2675/1551 14181/2680/1551
f 14182/2680/1551 14183/2675/1551 14184/2681/1551
f 14185/2681/1551 14186/2682/1551 14187/2680/1551
f 14188/2682/1551 14189/2683/1551 14190/2680/1551
f 14191/2680/1551 14192/2683/1551 14193/2679/1551
f 14194/2683/1551 14195/2684/1551 14196/2679/1551
f 14197/2679/1551 14198/2684/1551 14199/2678/1551
f 14200/2684/1551 14201/2685/1551 14202/2678/1551
f 14203/2678/1551 14204/2685/1551 14205/2677/1551
f 14206/2685/1551 14207/2686/1551 14208/2677/1551
f 14209/2687/1551 14210/2686/1551 14211/2688/1551
f 14212/2686/1551 14213/2685/1551 14214/2688/1551
f 14215/2688/1551 14216/2685/1551 14217/2689/1551
f 14218/2685/1551 14219/2684/1551 14220/2689/1551
f 14221/2689/1551 14222/2684/1551 14223/2690/1551
f 14224/2684/1551 14225/2683/1551 14226/2690/1551
f 14227/2690/1551 14228/2683/1551 14229/2691/1551
f 14230/2683/1551 14231/2682/1551 14232/2691/1551
f 14233/2675/1552 14234/2681/1552 14235/2673/1552
f 14236/2681/1552 14237/2680/1552 14238/2673/1552
f 14239/2673/1552 14240/2680/1552 14241/2671/1552
f 14242/2680/1552 14243/2679/1552 14244/2671/1552
f 14245/2671/1552 14246/2679/1552 14247/2669/1552
f 14248/2679/1552 14249/2678/1552 14250/2669/1552
f 14251/2669/1552 14252/2678/1552 14253/2667/1552
f 14254/2678/1552 14255/2677/1552 14256/2667/1552
f 14257/2692/1552 14258/2677/1552 14259/2693/1552
f 14260/2677/1552 14261/2678/1552 14262/2693/1552
f 14263/2693/1552 14264/2678/1552 14265/2694/1552
f 14266/2678/1552 14267/2679/1552 14268/2694/1552
f 14269/2694/1552 14270/2679/1552 14271/2695/1552
f 14272/2679/1552 14273/2680/1552 14274/2695/1552
f 14275/2695/1552 14276/2680/1552 14277/2696/1552
f 14278/2680/1552 14279/2681/1552 14280/2696/1552
f 14281/2696/1552 14282/2691/1552 14283/2695/1552
f 14284/2691/1552 14285/2690/1552 14286/2695/1552
f 14287/2695/1552 14288/2690/1552 14289/2694/1552
f 14290/2690/1552 14291/2689/1552 14292/2694/1552
f 14293/2694/1552 14294/2689/1552 14295/2693/1552
f 14296/2689/1552 14297/2688/1552 14298/2693/1552
f 14299/2693/1552 14300/2688/1552 14301/2692/1552
f 14302/2688/1552 14303/2687/1552 14304/2692/1552
f 14305/2697/1552 14306/2698/1552 14307/2699/1552
f 14308/2698/1552 14309/2700/1552 14310/2699/1552
f 14311/2699/1552 14312/2700/1552 14313/2701/1552
f 14314/2700/1552 14315/2702/1552 14316/2701/1552
f 14317/2701/1552 14318/2702/1552 14319/2703/1552
f 14320/2702/1552 14321/2704/1552 14322/2703/1552
f 14323/2703/1552 14324/2704/1552 14325/2705/1552
f 14326/2704/1552 14327/2706/1552 14328/2705/1552
f 14329/2667/1552 14330/2706/1552 14331/2669/1552
f 14332/2706/1552 14333/2704/1552 14334/2669/1552
f 14335/2669/1552 14336/2704/1552 14337/2671/1552
f 14338/2704/1552 14339/2702/1552 14340/2671/1552
f 14341/2671/1552 14342/2702/1552 14343/2673/1552
f 14344/2702/1552 14345/2700/1552 14346/2673/1552
f 14347/2673/1552 14348/2700/1552 14349/2675/1552
f 14350/2700/1552 14351/2698/1552 14352/2675/1552
f 14353/2707/1551 14354/2708/1551 14355/2709/1551
f 14356/2708/1551 14357/2710/1551 14358/2709/1551
f 14359/2710/1551 14360/2711/1551 14361/2709/1551
f 14362/2709/1551 14363/2711/1551 14364/2712/1551
f 14365/2711/1551 14366/2713/1551 14367/2712/1551
f 14368/2712/1551 14369/2713/1551 14370/2714/1551
f 14371/2713/1551 14372/2715/1551 14373/2714/1551
f 14374/2714/1551 14375/2715/1551 14376/2716/1551
f 14377/2717/1551 14378/2718/1553 14379/2719/1551
f 14380/2718/1551 14381/2720/1551 14382/2719/1551
f 14383/2719/1551 14384/2720/1553 14385/2721/1551
f 14386/2720/1551 14387/2722/1551 14388/2721/1551
f 14389/2721/1551 14390/2722/1553 14391/2723/1551
f 14392/2722/1551 14393/2724/1551 14394/2723/1551
f 14395/2723/1551 14396/2724/1553 14397/2725/1551
f 14398/2724/1551 14399/2726/1551 14400/2725/1551
g Atomic34.001_meshId48_name
v 1121.405273 1330.745361 12.389343
v 1121.405273 1005.323730 12.389343
v 1121.405273 1330.745361 275.044922
v 1121.405273 1005.323730 12.389343
v 1121.405273 1005.323730 275.044952
v 1121.405273 1330.745361 275.044922
v 1121.405273 1330.745361 275.044922
v 1121.405273 1005.323730 275.044952
v 1121.405273 1330.745361 537.700562
v 1121.405273 1005.323730 275.044952
v 1121.405273 1005.323730 537.700562
v 1121.405273 1330.745361 537.700562
v 1121.405273 1330.745361 537.700562
v 1121.405273 1005.323730 537.700562
v 1121.405273 1330.745361 800.356079
v 1121.405273 1005.323730 537.700562
v 1121.405273 1005.323730 800.356079
v 1121.405273 1330.745361 800.356079
v 1121.405273 1330.745361 800.356079
v 1121.405273 1005.323730 800.356079
v 1121.405273 1330.745361 1063.011841
v 1121.405273 1330.745361 1063.011841
v 1121.405273 1005.323730 800.356079
v 1121.405273 1005.323730 1063.011719
v 1121.405273 1005.323730 800.356079
v 1121.405273 679.902344 800.356140
v 1121.405273 1005.323730 1063.011719
v 1121.405273 1005.323730 1063.011719
v 1121.405273 679.902344 800.356140
v 1121.405273 679.902405 1063.011719
v 1121.405273 679.902344 800.356140
v 1121.405273 354.480774 800.356201
v 1121.405273 679.902405 1063.011719
v 1121.405273 679.902405 1063.011719
v 1121.405273 354.480774 800.356201
v 1121.405273 354.480743 1063.011841
v 1449.339966 29.059265 275.045013
v 1449.339966 29.059265 537.700684
v 1121.405273 29.059265 275.045013
v 1121.405273 29.059265 275.045013
v 1449.339966 29.059265 537.700684
v 1121.405273 29.059265 537.700684
v 1449.339966 29.059265 537.700684
v 1449.339966 29.059265 800.356262
v 1121.405273 29.059265 537.700684
v 1121.405273 29.059265 537.700684
v 1449.339966 29.059265 800.356262
v 1121.405273 29.059265 800.356262
v 1449.339966 29.059265 800.356262
v 1121.405273 29.059265 1063.011841
v 1121.405273 29.059265 800.356262
v 1121.405273 29.059265 1063.011841
v 1449.339966 29.059265 800.356262
v 1449.339966 29.059265 1063.011841
v 1449.339966 29.059265 800.356262
v 1613.307373 29.059265 800.356262
v 1449.339966 29.059265 1063.011841
v 1449.339966 29.059265 1063.011841
v 1613.307373 29.059265 800.356262
v 1613.307373 29.059265 1063.011841
v 1613.307373 29.059265 1063.011841
v 1613.307373 29.059265 800.356262
v 1777.274780 29.059265 1063.011841
v 1613.307373 29.059265 800.356262
v 1777.274780 29.059265 800.356262
v 1777.274780 29.059265 1063.011841
v 1777.274780 29.059265 800.356262
v 2105.209717 29.059265 800.356262
v 1777.274780 29.059265 1063.011841
v 1777.274780 29.059265 1063.011841
v 2105.209717 29.059265 800.356262
v 2105.209717 29.059265 1063.011841
v 2105.209717 29.059265 1063.011841
v 2105.209717 29.059265 800.356262
v 2433.144531 29.059265 1063.011841
v 2105.209717 29.059265 800.356262
v 2433.144531 29.059265 800.356262
v 2433.144531 29.059265 1063.011841
v 2433.144531 29.059265 537.700684
v 2433.144531 29.059265 800.356262
v 2105.209717 29.059265 537.700684
v 2433.144531 29.059265 800.356262
v 2105.209717 29.059265 800.356262
v 2105.209717 29.059265 537.700684
v 2105.209717 29.059265 537.700684
v 2105.209717 29.059265 800.356262
v 1777.274780 29.059265 537.700684
v 2105.209717 29.059265 800.356262
v 1777.274780 29.059265 800.356262
v 1777.274780 29.059265 537.700684
v 1777.274780 29.059265 537.700684
v 1777.274780 29.059265 800.356262
v 1613.307373 29.059265 537.700684
v 1777.274780 29.059265 800.356262
v 1613.307373 29.059265 800.356262
v 1613.307373 29.059265 537.700684
v 1613.307373 29.059265 537.700684
v 1613.307373 29.059265 800.356262
v 1449.339966 29.059265 800.356262
v 1449.339966 29.059265 800.356262
v 1449.339966 29.059265 537.700684
v 1613.307373 29.059265 537.700684
v 1613.307373 29.059265 537.700684
v 1449.339966 29.059265 537.700684
v 1613.307373 29.059265 275.045013
v 1449.339966 29.059265 537.700684
v 1449.339966 29.059265 275.045013
v 1613.307373 29.059265 275.045013
v 1613.307373 29.059265 275.045013
v 1449.339966 29.059265 275.045013
v 1613.307373 29.059204 12.389465
v 1613.307373 29.059204 12.389465
v 1449.339966 29.059265 275.045013
v 1449.339966 29.059204 12.389465
v 1449.339966 29.059265 275.045013
v 1121.405273 29.059265 275.045013
v 1449.339966 29.059204 12.389465
v 1449.339966 29.059204 12.389465
v 1121.405273 29.059265 275.045013
v 1121.405273 29.059204 12.389465
v 1613.307373 242.509094 537.700623
v 1613.307373 29.059265 537.700684
v 1613.307373 242.509064 275.045013
v 1613.307373 29.059265 537.700684
v 1613.307373 29.059265 275.045013
v 1613.307373 242.509064 275.045013
v 1613.307373 242.509064 275.045013
v 1613.307373 29.059265 275.045013
v 1613.307373 242.509064 12.389404
v 1613.307373 29.059265 275.045013
v 1613.307373 29.059204 12.389465
v 1613.307373 242.509064 12.389404
v 1121.405273 29.059265 1063.011841
v 1121.405273 354.480743 1063.011841
v 1121.405273 29.059265 800.356262
v 1121.405273 354.480743 1063.011841
v 1121.405273 354.480774 800.356201
v 1121.405273 29.059265 800.356262
v 1121.405273 29.059265 800.356262
v 1121.405273 354.480774 800.356201
v 1121.405273 29.059265 537.700684
v 1121.405273 354.480774 800.356201
v 1121.405273 354.480774 537.700623
v 1121.405273 29.059265 537.700684
v 1121.405273 29.059265 537.700684
v 1121.405273 354.480774 537.700623
v 1121.405273 29.059265 275.045013
v 1121.405273 354.480774 537.700623
v 1121.405273 354.480774 275.045013
v 1121.405273 29.059265 275.045013
v 1121.405273 29.059265 275.045013
v 1121.405273 354.480774 275.045013
v 1121.405273 29.059204 12.389465
v 1121.405273 354.480774 275.045013
v 1121.405273 354.480713 12.389404
v 1121.405273 29.059204 12.389465
v 1121.405273 679.902283 12.389404
v 1121.405273 354.480713 12.389404
v 1121.405273 679.902344 275.044983
v 1121.405273 354.480713 12.389404
v 1121.405273 354.480774 275.045013
v 1121.405273 679.902344 275.044983
v 1121.405273 679.902344 275.044983
v 1121.405273 354.480774 275.045013
v 1121.405273 679.902344 537.700623
v 1121.405273 354.480774 275.045013
v 1121.405273 354.480774 537.700623
v 1121.405273 679.902344 537.700623
v 1121.405273 679.902344 537.700623
v 1121.405273 354.480774 537.700623
v 1121.405273 354.480774 800.356201
v 1121.405273 354.480774 800.356201
v 1121.405273 679.902344 800.356140
v 1121.405273 679.902344 537.700623
v 1121.405273 679.902344 800.356140
v 1121.405273 1005.323730 800.356079
v 1121.405273 679.902344 537.700623
v 1121.405273 1005.323730 800.356079
v 1121.405273 1005.323730 537.700562
v 1121.405273 679.902344 537.700623
v 1121.405273 679.902344 537.700623
v 1121.405273 1005.323730 537.700562
v 1121.405273 679.902344 275.044983
v 1121.405273 1005.323730 537.700562
v 1121.405273 1005.323730 275.044952
v 1121.405273 679.902344 275.044983
v 1121.405273 679.902344 275.044983
v 1121.405273 1005.323730 275.044952
v 1121.405273 679.902283 12.389404
v 1121.405273 1005.323730 275.044952
v 1121.405273 1005.323730 12.389343
v 1121.405273 679.902283 12.389404
v 747.472534 1590.240479 12.389343
v 1072.894165 1590.240479 12.389343
v 747.472534 1590.240479 275.044983
v 1072.894165 1590.240479 12.389343
v 1072.894165 1590.240479 275.044922
v 747.472534 1590.240479 275.044983
v 747.472534 1590.240479 275.044983
v 1072.894165 1590.240479 275.044922
v 747.472534 1590.240479 537.700562
v 1072.894165 1590.240479 275.044922
v 1072.894165 1590.240479 537.700562
v 747.472534 1590.240479 537.700562
v 747.472534 1590.240479 537.700562
v 1072.894165 1590.240479 537.700562
v 747.472534 1590.240479 800.356140
v 1072.894165 1590.240479 537.700562
v 1072.894165 1590.240479 800.356079
v 747.472534 1590.240479 800.356140
v 747.472534 1590.240479 800.356140
v 1072.894165 1590.240479 800.356079
v 747.472534 1590.240479 1063.011719
v 1072.894165 1590.240479 800.356079
v 1072.894165 1590.240479 1063.011841
v 747.472534 1590.240479 1063.011719
v 1121.405273 1330.745361 1063.011841
v 1121.405273 1656.166992 1063.011719
v 1121.405273 1330.745361 800.356079
v 1121.405273 1656.166992 1063.011719
v 1121.405273 1656.166992 800.356140
v 1121.405273 1330.745361 800.356079
v 1121.405273 1330.745361 800.356079
v 1121.405273 1656.166992 800.356140
v 1121.405273 1330.745361 537.700562
v 1121.405273 1656.166992 800.356140
v 1121.405273 1656.166992 537.700562
v 1121.405273 1330.745361 537.700562
v 1121.405273 1330.745361 537.700562
v 1121.405273 1656.166992 537.700562
v 1121.405273 1330.745361 275.044922
v 1121.405273 1656.166992 537.700562
v 1121.405273 1656.166992 275.044952
v 1121.405273 1330.745361 275.044922
v 1121.405273 1330.745361 275.044922
v 1121.405273 1656.166992 275.044952
v 1121.405273 1330.745361 12.389343
v 1121.405273 1656.166992 275.044952
v 1121.405273 1656.166992 12.389343
v 1121.405273 1330.745361 12.389343
vn -1.0000 -0.0000 -0.0000
vn -0.0000 -1.0000 -0.0000
vn 1.0000 -0.0000 -0.0000
vn -0.0000 -1.0000 0.0001
vt 0.926648 -1.999775
vt 1.853448 -1.999775
vt 0.926648 -1.254611
vt 1.853448 -1.254611
vt 0.926648 -0.510637
vt 1.853448 -0.510637
vt 0.926648 0.235717
vt 1.853448 0.235717
vt 0.926648 0.980881
vt 1.853448 0.980881
vt 2.780246 0.235717
vt 2.780246 0.980881
vt 3.707046 0.235717
vt 3.707046 0.980881
vt -0.000151 -1.254611
vt -0.000151 -0.510637
vt -0.000151 0.235717
vt -0.000151 0.980881
vt 1.398345 0.235717
vt 1.398345 0.980881
vt 3.707046 -0.510637
vt 2.780246 -0.510637
vt 1.398345 -0.510637
vt 1.398345 -1.254611
vt 1.398345 -1.999775
vt -0.000151 -1.999775
vt 2.003595 -0.510637
vt 2.003595 -1.254611
vt 2.003595 -2.000304
vt 1.398345 -2.000304
vt 4.615032 0.980881
vt 4.615032 0.235717
vt 4.615032 -0.510637
vt 4.615032 -1.254611
vt 3.707046 -1.254611
vt 4.615032 -1.999775
vt 3.707046 -1.999775
vt 2.780246 -1.999775
vt 2.780246 -1.254611
s 0
usemtl Material__87
f 14401/2727/1554 14402/2728/1554 14403/2729/1554
f 14404/2728/1554 14405/2730/1554 14406/2729/1554
f 14407/2729/1554 14408/2730/1554 14409/2731/1554
f 14410/2730/1554 14411/2732/1554 14412/2731/1554
f 14413/2731/1554 14414/2732/1554 14415/2733/1554
f 14416/2732/1554 14417/2734/1554 14418/2733/1554
f 14419/2733/1554 14420/2734/1554 14421/2735/1554
f 14422/2735/1554 14423/2734/1554 14424/2736/1554
f 14425/2734/1554 14426/2737/1554 14427/2736/1554
f 14428/2736/1554 14429/2737/1554 14430/2738/1554
f 14431/2737/1554 14432/2739/1554 14433/2738/1554
f 14434/2738/1554 14435/2739/1554 14436/2740/1554
f 14437/2729/1555 14438/2731/1555 14439/2741/1555
f 14440/2741/1555 14441/2731/1555 14442/2742/1555
f 14443/2731/1555 14444/2733/1555 14445/2742/1555
f 14446/2742/1555 14447/2733/1555 14448/2743/1555
f 14449/2733/1555 14450/2744/1555 14451/2743/1555
f 14452/2744/1555 14453/2733/1555 14454/2735/1555
f 14455/2733/1555 14456/2745/1555 14457/2735/1555
f 14458/2735/1555 14459/2745/1555 14460/2746/1555
f 14461/2746/1555 14462/2745/1555 14463/2736/1555
f 14464/2745/1555 14465/2734/1555 14466/2736/1555
f 14467/2734/1555 14468/2737/1555 14469/2736/1555
f 14470/2736/1555 14471/2737/1555 14472/2738/1555
f 14473/2738/1555 14474/2737/1555 14475/2740/1555
f 14476/2737/1555 14477/2739/1555 14478/2740/1555
f 14479/2747/1555 14480/2739/1555 14481/2748/1555
f 14482/2739/1555 14483/2737/1555 14484/2748/1555
f 14485/2748/1555 14486/2737/1555 14487/2732/1555
f 14488/2737/1555 14489/2734/1555 14490/2732/1555
f 14491/2732/1555 14492/2734/1555 14493/2749/1555
f 14494/2734/1555 14495/2745/1555 14496/2749/1555
f 14497/2749/1555 14498/2745/1555 14499/2733/1555
f 14500/2733/1555 14501/2731/1555 14502/2749/1555
f 14503/2749/1555 14504/2731/1555 14505/2750/1555
f 14506/2731/1555 14507/2729/1555 14508/2750/1555
f 14509/2750/1555 14510/2729/1555 14511/2751/1555
f 14512/2751/1555 14513/2729/1555 14514/2727/1555
f 14515/2729/1555 14516/2741/1555 14517/2727/1555
f 14518/2727/1555 14519/2741/1555 14520/2752/1555
s 1
f 14521/2753/1556 14522/2749/1557 14523/2754/1556
f 14524/2749/1555 14525/2750/1555 14526/2754/1556
f 14527/2754/1556 14528/2750/1557 14529/2755/1556
f 14530/2750/1555 14531/2756/1555 14532/2755/1556
s 0
f 14533/2757/1554 14534/2740/1554 14535/2758/1554
f 14536/2740/1554 14537/2739/1554 14538/2758/1554
f 14539/2758/1554 14540/2739/1554 14541/2759/1554
f 14542/2739/1554 14543/2747/1554 14544/2759/1554
f 14545/2759/1554 14546/2747/1554 14547/2760/1554
f 14548/2747/1554 14549/2761/1554 14550/2760/1554
f 14551/2760/1554 14552/2761/1554 14553/2762/1554
f 14554/2761/1554 14555/2763/1554 14556/2762/1554
f 14557/2764/1554 14558/2763/1554 14559/2765/1554
f 14560/2763/1554 14561/2761/1554 14562/2765/1554
f 14563/2765/1554 14564/2761/1554 14565/2748/1554
f 14566/2761/1554 14567/2747/1554 14568/2748/1554
f 14569/2748/1554 14570/2747/1554 14571/2739/1554
f 14572/2739/1554 14573/2737/1554 14574/2748/1554
f 14575/2737/1554 14576/2734/1554 14577/2748/1554
f 14578/2734/1554 14579/2732/1554 14580/2748/1554
f 14581/2748/1554 14582/2732/1554 14583/2765/1554
f 14584/2732/1554 14585/2730/1554 14586/2765/1554
f 14587/2765/1554 14588/2730/1554 14589/2764/1554
f 14590/2730/1554 14591/2728/1554 14592/2764/1554
f 14593/2752/1555 14594/2727/1555 14595/2741/1555
f 14596/2727/1555 14597/2729/1555 14598/2741/1555
f 14599/2741/1555 14600/2729/1555 14601/2742/1555
f 14602/2729/1555 14603/2731/1555 14604/2742/1555
f 14605/2742/1555 14606/2731/1555 14607/2743/1555
f 14608/2731/1555 14609/2733/1555 14610/2743/1555
f 14611/2743/1555 14612/2733/1555 14613/2744/1555
f 14614/2733/1555 14615/2735/1555 14616/2744/1555
f 14617/2735/1554 14618/2744/1554 14619/2733/1554
f 14620/2744/1554 14621/2743/1554 14622/2733/1554
f 14623/2733/1554 14624/2743/1554 14625/2731/1554
f 14626/2743/1554 14627/2742/1554 14628/2731/1554
f 14629/2731/1554 14630/2742/1554 14631/2729/1554
f 14632/2742/1554 14633/2741/1554 14634/2729/1554
f 14635/2729/1554 14636/2741/1554 14637/2727/1554
f 14638/2741/1554 14639/2752/1554 14640/2727/1554
g BB_Enemy_Plane.002
v 12.626228 -40.058609 -11.115585
v -180.994629 -37.973797 -11.117687
v 12.632935 -39.636284 116.761879
v -180.987915 -37.551468 116.759743
vn 0.0108 0.9999 -0.0033
vt 0.000000 0.000000
vt 1.000000 0.000000
vt 1.000000 1.000000
vt 0.000000 1.000000
s 0
usemtl Material.001
f 14641/2766/1558 14642/2767/1558 14644/2768/1558 14643/2769/1558
